file,file_name,folder,graph_type,seed,n,p_positive,p_delete,cluster_sizes,ego_id,complete_pivot_best_cost,complete_pivot_average_cost,complete_ilp_cost,complete_lp_cost,complete_bad_triangles_total,complete_bad_triangles_min_disjoint,complete_bad_triangles_max_disjoint,num_edges_deleted,edge_pivot_best_cost,edge_pivot_average_cost,edge_ilp_without4_cost,edge_ilp_with4_cost,edge_lp_without4_cost,edge_lp_with4_cost,edge_bad_4_cycles_count,same_clustering_4_cycle,edge_bad_triangles_total,edge_bad_triangles_min_disjoint,edge_bad_triangles_max_disjoint,complete_best_pivot_approx,complete_avg_pivot_approx,complete_lp_ratio,complete_min_disjoint_ratio,complete_max_disjoint_ratio,edge_best_pivot_approx_with4,edge_avg_pivot_approx_with4,edge_lp_ratio_with4,edge_min_disjoint_ratio,edge_max_disjoint_ratio,runtime_seconds,total_runtime_seconds
results/experiments_results_facebook/full/fb_ego698_full.json,fb_ego698_full.json,results/experiments_results_facebook/full,facebook_full_ego,1,64,,0.15,,698,119,166.0,97.0,94.0,1039,76,86,290,119,149.5,82.0,82.0,79.0,79.0,110,true,704,65,71,1.2268041237113403,1.711340206185567,0.9690721649484536,0.7835051546391752,0.8865979381443299,1.451219512195122,1.8231707317073171,0.9634146341463414,0.7926829268292683,0.8658536585365854,55.34868407249451,
results/experiments_results_facebook/full/fb_ego3980_full.json,fb_ego3980_full.json,results/experiments_results_facebook/full,facebook_full_ego,1,58,,0.15,,3980,88,108.5,75.0,68.5,616,56,61,236,93,101.6,67.0,67.0,60.5,60.5,62,false,411,49,53,1.1733333333333333,1.4466666666666668,0.9133333333333333,0.7466666666666667,0.8133333333333334,1.3880597014925373,1.516417910447761,0.9029850746268657,0.7313432835820896,0.7910447761194029,25.49323272705078,
results/experiments_results_facebook/full/fb_ego686_full_without_ilp.json,fb_ego686_full_without_ilp.json,results/experiments_results_facebook/full,facebook_full_ego,1,170,,0.15,,686,1487,1617.6,,826.5,28716,741,799,2190,1267,1390.3,,,711.0,711.0,,,17975,627,686,,,,,,,,,,,470.58933210372925,
results/experiments_results_facebook/full/fb_ego414_full.json,fb_ego414_full.json,results/experiments_results_facebook/full,facebook_full_ego,1,155,,0.15,,414,1095,1214.0,797.0,739.0000000000091,17471,612,675,1794,991,1101.1,669.0,670.0,628.5000000000045,628.4999999999973,6433,false,10769,517,569,1.3739021329987453,1.5232120451693851,0.9272271016311281,0.767879548306148,0.8469259723964868,1.4791044776119402,1.6434328358208954,0.9380597014925333,0.7716417910447761,0.8492537313432836,2576.461215019226,
results/experiments_results_random/n15/random_n15_p07.json,random_n15_p07.json,results/experiments_results_random/n15,random,1,15,0.7,0.15,,,43,47.5,35.0,35.0,220,25,33,13,34,38.7,29.0,29.0,28.5,28.5,10,true,149,22,25,1.2285714285714286,1.3571428571428572,1.0,0.7142857142857143,0.9428571428571428,1.1724137931034482,1.3344827586206898,0.9827586206896551,0.7586206896551724,0.8620689655172413,0.21962809562683105,
results/experiments_results_random/n15/random_n15_p07.json,random_n15_p07.json,results/experiments_results_random/n15,random,2,15,0.7,0.15,,,37,43.2,25.0,25.0,204,22,24,17,31,37.1,25.0,25.0,25.0,25.0,27,true,120,19,24,1.48,1.7280000000000002,1.0,0.88,0.96,1.24,1.484,1.0,0.76,0.96,0.14002394676208496,
results/experiments_results_random/n15/random_n15_p07.json,random_n15_p07.json,results/experiments_results_random/n15,random,3,15,0.7,0.15,,,35,40.8,29.0,29.0,189,25,28,14,36,38.8,27.0,27.0,27.0,27.0,28,false,124,21,22,1.206896551724138,1.4068965517241379,1.0,0.8620689655172413,0.9655172413793104,1.3333333333333333,1.437037037037037,1.0,0.7777777777777778,0.8148148148148148,0.17732000350952148,
results/experiments_results_random/n15/random_n15_p07.json,random_n15_p07.json,results/experiments_results_random/n15,random,4,15,0.7,0.15,,,35,41.1,31.0,31.0,201,22,30,12,34,39.5,29.0,29.0,29.0,29.0,15,false,141,21,25,1.1290322580645162,1.3258064516129033,1.0,0.7096774193548387,0.967741935483871,1.1724137931034482,1.3620689655172413,1.0,0.7241379310344828,0.8620689655172413,0.19084906578063965,
results/experiments_results_random/n15/random_n15_p07.json,random_n15_p07.json,results/experiments_results_random/n15,random,5,15,0.7,0.15,,,41,49.6,35.0,35.0,220,28,33,14,35,42.4,28.0,28.0,28.0,28.0,19,false,139,22,25,1.1714285714285715,1.4171428571428573,1.0,0.8,0.9428571428571428,1.25,1.5142857142857142,1.0,0.7857142857142857,0.8928571428571429,0.20294404029846191,
results/experiments_results_random/n15/random_n15_p07.json,random_n15_p07.json,results/experiments_results_random/n15,random,6,15,0.7,0.15,,,45,47.7,35.0,34.0,222,25,31,14,36,39.0,30.0,30.0,27.0,27.0,14,false,136,21,25,1.2857142857142858,1.362857142857143,0.9714285714285714,0.7142857142857143,0.8857142857142857,1.2,1.3,0.9,0.7,0.8333333333333334,0.3791680335998535,
results/experiments_results_random/n15/random_n15_p07.json,random_n15_p07.json,results/experiments_results_random/n15,random,7,15,0.7,0.15,,,35,41.7,27.0,27.0,214,21,27,14,41,43.2,27.0,27.0,27.0,27.0,20,true,151,20,27,1.2962962962962963,1.5444444444444445,1.0,0.7777777777777778,1.0,1.5185185185185186,1.6,1.0,0.7407407407407407,1.0,0.19885802268981934,
results/experiments_results_random/n15/random_n15_p07.json,random_n15_p07.json,results/experiments_results_random/n15,random,8,15,0.7,0.15,,,32,35.8,22.0,22.0,196,18,22,12,30,36.4,22.0,22.0,22.0,22.0,17,true,139,20,22,1.4545454545454546,1.6272727272727272,1.0,0.8181818181818182,1.0,1.3636363636363635,1.6545454545454545,1.0,0.9090909090909091,1.0,0.1631159782409668,
results/experiments_results_random/n15/random_n15_p07.json,random_n15_p07.json,results/experiments_results_random/n15,random,9,15,0.7,0.15,,,37,41.7,29.0,29.0,193,22,27,16,33,36.2,26.0,26.0,25.0,25.0,14,true,110,20,22,1.2758620689655173,1.4379310344827587,1.0,0.7586206896551724,0.9310344827586207,1.2692307692307692,1.3923076923076925,0.9615384615384616,0.7692307692307693,0.8461538461538461,0.21101593971252441,
results/experiments_results_random/n15/random_n15_p07.json,random_n15_p07.json,results/experiments_results_random/n15,random,10,15,0.7,0.15,,,31,38.0,29.0,29.0,190,22,29,15,27,36.8,26.0,26.0,26.0,26.0,30,false,115,17,24,1.0689655172413792,1.3103448275862069,1.0,0.7586206896551724,1.0,1.0384615384615385,1.4153846153846152,1.0,0.6538461538461539,0.9230769230769231,0.1918010711669922,
results/experiments_results_random/n15/random_n15_p07.json,random_n15_p07.json,results/experiments_results_random/n15,random,11,15,0.7,0.15,,,34,43.2,28.0,28.0,211,24,27,24,32,38.5,25.0,25.0,25.0,25.0,31,true,108,18,21,1.2142857142857142,1.542857142857143,1.0,0.8571428571428571,0.9642857142857143,1.28,1.54,1.0,0.72,0.84,0.1612567901611328,
results/experiments_results_random/n15/random_n15_p07.json,random_n15_p07.json,results/experiments_results_random/n15,random,12,15,0.7,0.15,,,36,41.0,31.0,31.0,190,24,29,15,30,36.7,25.0,25.0,24.75,24.75,19,true,114,19,23,1.1612903225806452,1.3225806451612903,1.0,0.7741935483870968,0.9354838709677419,1.2,1.4680000000000002,0.99,0.76,0.92,0.18497467041015625,
results/experiments_results_random/n15/random_n15_p07.json,random_n15_p07.json,results/experiments_results_random/n15,random,13,15,0.7,0.15,,,42,44.9,35.0,33.0,211,26,30,13,34,38.3,28.0,28.0,26.5,26.5,8,true,129,21,23,1.2,1.282857142857143,0.9428571428571428,0.7428571428571429,0.8571428571428571,1.2142857142857142,1.3678571428571427,0.9464285714285714,0.75,0.8214285714285714,0.2651548385620117,
results/experiments_results_random/n15/random_n15_p07.json,random_n15_p07.json,results/experiments_results_random/n15,random,14,15,0.7,0.15,,,31,40.4,31.0,31.0,208,23,30,14,33,37.7,28.0,28.0,27.25,27.25,21,false,129,19,22,1.0,1.303225806451613,1.0,0.7419354838709677,0.967741935483871,1.1785714285714286,1.3464285714285715,0.9732142857142857,0.6785714285714286,0.7857142857142857,0.2637341022491455,
results/experiments_results_random/n15/random_n15_p07.json,random_n15_p07.json,results/experiments_results_random/n15,random,15,15,0.7,0.15,,,36,41.3,32.0,32.0,205,22,31,10,34,37.5,30.0,30.0,30.0,30.0,13,false,146,22,27,1.125,1.290625,1.0,0.6875,0.96875,1.1333333333333333,1.25,1.0,0.7333333333333333,0.9,0.20664000511169434,
results/experiments_results_random/n15/random_n15_p07.json,random_n15_p07.json,results/experiments_results_random/n15,random,16,15,0.7,0.15,,,34,42.1,30.0,30.0,199,25,29,17,33,38.8,27.0,27.0,27.0,27.0,22,true,119,20,25,1.1333333333333333,1.4033333333333333,1.0,0.8333333333333334,0.9666666666666667,1.2222222222222223,1.437037037037037,1.0,0.7407407407407407,0.9259259259259259,0.22049307823181152,
results/experiments_results_random/n15/random_n15_p07.json,random_n15_p07.json,results/experiments_results_random/n15,random,17,15,0.7,0.15,,,25,35.5,21.0,21.0,180,19,21,12,27,35.9,21.0,21.0,21.0,21.0,16,true,126,19,20,1.1904761904761905,1.6904761904761905,1.0,0.9047619047619048,1.0,1.2857142857142858,1.7095238095238094,1.0,0.9047619047619048,0.9523809523809523,0.15415310859680176,
results/experiments_results_random/n15/random_n15_p07.json,random_n15_p07.json,results/experiments_results_random/n15,random,18,15,0.7,0.15,,,36,46.3,30.0,30.0,205,25,29,20,34,37.4,27.0,27.0,26.0,26.0,13,false,113,18,23,1.2,1.5433333333333332,1.0,0.8333333333333334,0.9666666666666667,1.2592592592592593,1.385185185185185,0.9629629629629629,0.6666666666666666,0.8518518518518519,0.2613809108734131,
results/experiments_results_random/n15/random_n15_p07.json,random_n15_p07.json,results/experiments_results_random/n15,random,19,15,0.7,0.15,,,38,41.3,32.0,32.0,185,24,29,19,33,37.6,24.0,24.0,24.0,24.0,19,false,109,21,21,1.1875,1.290625,1.0,0.75,0.90625,1.375,1.5666666666666667,1.0,0.875,0.875,0.17444109916687012,
results/experiments_results_random/n15/random_n15_p07.json,random_n15_p07.json,results/experiments_results_random/n15,random,20,15,0.7,0.15,,,28,41.4,24.0,24.0,205,24,24,17,34,40.9,24.0,24.0,24.0,24.0,27,true,132,21,23,1.1666666666666667,1.7249999999999999,1.0,1.0,1.0,1.4166666666666667,1.7041666666666666,1.0,0.875,0.9583333333333334,0.15387201309204102,
results/experiments_results_random/n15/random_n15_p07.json,random_n15_p07.json,results/experiments_results_random/n15,random,21,15,0.7,0.15,,,40,44.4,35.0,35.0,204,24,32,16,36,40.6,27.0,27.0,26.785714285714285,26.785714285714285,12,true,124,20,26,1.1428571428571428,1.2685714285714285,1.0,0.6857142857142857,0.9142857142857143,1.3333333333333333,1.5037037037037038,0.992063492063492,0.7407407407407407,0.9629629629629629,0.21645593643188477,
results/experiments_results_random/n15/random_n15_p07.json,random_n15_p07.json,results/experiments_results_random/n15,random,22,15,0.7,0.15,,,41,46.4,31.0,31.0,204,26,29,13,33,41.4,28.0,28.0,28.0,28.0,16,true,138,21,26,1.3225806451612903,1.4967741935483871,1.0,0.8387096774193549,0.9354838709677419,1.1785714285714286,1.4785714285714284,1.0,0.75,0.9285714285714286,0.1962890625,
results/experiments_results_random/n15/random_n15_p07.json,random_n15_p07.json,results/experiments_results_random/n15,random,23,15,0.7,0.15,,,42,46.1,28.0,28.0,200,26,27,17,34,37.0,23.0,23.0,23.0,23.0,15,true,113,18,21,1.5,1.6464285714285716,1.0,0.9285714285714286,0.9642857142857143,1.4782608695652173,1.608695652173913,1.0,0.782608695652174,0.9130434782608695,0.16202282905578613,
results/experiments_results_random/n15/random_n15_p07.json,random_n15_p07.json,results/experiments_results_random/n15,random,24,15,0.7,0.15,,,38,46.4,34.0,34.0,213,24,30,14,33,37.4,28.0,28.0,28.0,28.0,16,false,128,20,25,1.1176470588235294,1.3647058823529412,1.0,0.7058823529411765,0.8823529411764706,1.1785714285714286,1.3357142857142856,1.0,0.7142857142857143,0.8928571428571429,0.20260095596313477,
results/experiments_results_random/n15/random_n15_p07.json,random_n15_p07.json,results/experiments_results_random/n15,random,25,15,0.7,0.15,,,36,43.1,26.0,26.0,194,21,26,20,31,36.3,26.0,26.0,26.0,26.0,24,true,109,18,24,1.3846153846153846,1.6576923076923078,1.0,0.8076923076923077,1.0,1.1923076923076923,1.396153846153846,1.0,0.6923076923076923,0.9230769230769231,0.15878510475158691,
results/experiments_results_random/n15/random_n15_p07.json,random_n15_p07.json,results/experiments_results_random/n15,random,26,15,0.7,0.15,,,34,42.5,30.0,30.0,199,20,28,9,39,40.1,29.0,29.0,29.0,29.0,3,true,155,22,27,1.1333333333333333,1.4166666666666667,1.0,0.6666666666666666,0.9333333333333333,1.3448275862068966,1.3827586206896552,1.0,0.7586206896551724,0.9310344827586207,0.2744770050048828,
results/experiments_results_random/n15/random_n15_p07.json,random_n15_p07.json,results/experiments_results_random/n15,random,27,15,0.7,0.15,,,37,47.5,33.0,33.0,215,26,32,16,35,38.7,29.0,29.0,26.0,26.0,24,true,125,18,22,1.121212121212121,1.4393939393939394,1.0,0.7878787878787878,0.9696969696969697,1.206896551724138,1.3344827586206898,0.896551724137931,0.6206896551724138,0.7586206896551724,0.40259504318237305,
results/experiments_results_random/n15/random_n15_p07.json,random_n15_p07.json,results/experiments_results_random/n15,random,28,15,0.7,0.15,,,40,44.1,34.0,31.5,205,20,27,15,35,39.5,26.0,26.0,24.0,24.0,17,true,127,19,22,1.1764705882352942,1.2970588235294118,0.9264705882352942,0.5882352941176471,0.7941176470588235,1.3461538461538463,1.5192307692307692,0.9230769230769231,0.7307692307692307,0.8461538461538461,0.25455212593078613,
results/experiments_results_random/n15/random_n15_p07.json,random_n15_p07.json,results/experiments_results_random/n15,random,29,15,0.7,0.15,,,30,38.2,27.0,27.0,191,24,27,16,27,32.1,25.0,25.0,25.0,25.0,27,false,116,18,21,1.1111111111111112,1.414814814814815,1.0,0.8888888888888888,1.0,1.08,1.284,1.0,0.72,0.84,0.19884014129638672,
results/experiments_results_random/n15/random_n15_p07.json,random_n15_p07.json,results/experiments_results_random/n15,random,30,15,0.7,0.15,,,36,41.7,29.0,29.0,188,25,27,6,36,40.9,28.0,28.0,28.0,28.0,8,true,161,20,26,1.2413793103448276,1.4379310344827587,1.0,0.8620689655172413,0.9310344827586207,1.2857142857142858,1.4607142857142856,1.0,0.7142857142857143,0.9285714285714286,0.2011110782623291,
results/experiments_results_random/n15/random_n15_p07.json,random_n15_p07.json,results/experiments_results_random/n15,random,31,15,0.7,0.15,,,32,39.3,26.0,26.0,204,19,26,17,35,41.8,24.0,24.0,24.0,24.0,31,true,122,18,23,1.2307692307692308,1.5115384615384615,1.0,0.7307692307692307,1.0,1.4583333333333333,1.7416666666666665,1.0,0.75,0.9583333333333334,0.13823986053466797,
results/experiments_results_random/n15/random_n15_p07.json,random_n15_p07.json,results/experiments_results_random/n15,random,32,15,0.7,0.15,,,38,49.2,31.0,31.0,212,22,30,12,33,41.6,29.0,29.0,28.0,28.0,16,false,141,18,24,1.2258064516129032,1.5870967741935484,1.0,0.7096774193548387,0.967741935483871,1.1379310344827587,1.4344827586206896,0.9655172413793104,0.6206896551724138,0.8275862068965517,0.20021295547485352,
results/experiments_results_random/n15/random_n15_p07.json,random_n15_p07.json,results/experiments_results_random/n15,random,33,15,0.7,0.15,,,37,41.5,31.0,31.0,207,24,31,16,34,36.7,27.0,27.0,27.0,27.0,20,true,119,20,24,1.1935483870967742,1.3387096774193548,1.0,0.7741935483870968,1.0,1.2592592592592593,1.3592592592592594,1.0,0.7407407407407407,0.8888888888888888,0.15860509872436523,
results/experiments_results_random/n15/random_n15_p07.json,random_n15_p07.json,results/experiments_results_random/n15,random,34,15,0.7,0.15,,,35,40.9,29.0,29.0,206,20,29,12,32,39.8,28.0,28.0,28.0,28.0,9,false,152,20,27,1.206896551724138,1.410344827586207,1.0,0.6896551724137931,1.0,1.1428571428571428,1.4214285714285713,1.0,0.7142857142857143,0.9642857142857143,0.1537771224975586,
results/experiments_results_random/n15/random_n15_p07.json,random_n15_p07.json,results/experiments_results_random/n15,random,35,15,0.7,0.15,,,36,41.3,28.0,28.0,199,23,28,16,34,39.5,26.0,26.0,26.0,26.0,13,true,136,19,25,1.2857142857142858,1.4749999999999999,1.0,0.8214285714285714,1.0,1.3076923076923077,1.5192307692307692,1.0,0.7307692307692307,0.9615384615384616,0.14425015449523926,
results/experiments_results_random/n15/random_n15_p07.json,random_n15_p07.json,results/experiments_results_random/n15,random,36,15,0.7,0.15,,,33,38.1,27.0,27.0,193,22,26,11,30,41.7,25.0,25.0,25.0,25.0,18,true,146,21,24,1.2222222222222223,1.4111111111111112,1.0,0.8148148148148148,0.9629629629629629,1.2,1.6680000000000001,1.0,0.84,0.96,0.14664411544799805,
results/experiments_results_random/n15/random_n15_p07.json,random_n15_p07.json,results/experiments_results_random/n15,random,37,15,0.7,0.15,,,37,41.5,29.0,29.0,190,23,28,19,32,38.0,24.0,24.0,24.0,24.0,25,true,101,18,22,1.2758620689655173,1.4310344827586208,1.0,0.7931034482758621,0.9655172413793104,1.3333333333333333,1.5833333333333333,1.0,0.75,0.9166666666666666,0.13405704498291016,
results/experiments_results_random/n15/random_n15_p07.json,random_n15_p07.json,results/experiments_results_random/n15,random,38,15,0.7,0.15,,,37,41.0,25.0,25.0,203,20,25,20,35,40.2,24.0,24.0,24.0,24.0,45,true,109,17,22,1.48,1.64,1.0,0.8,1.0,1.4583333333333333,1.675,1.0,0.7083333333333334,0.9166666666666666,0.13496804237365723,
results/experiments_results_random/n15/random_n15_p07.json,random_n15_p07.json,results/experiments_results_random/n15,random,39,15,0.7,0.15,,,38,43.1,31.0,31.0,201,23,31,15,35,39.6,27.0,27.0,27.0,27.0,14,true,124,19,23,1.2258064516129032,1.3903225806451613,1.0,0.7419354838709677,1.0,1.2962962962962963,1.4666666666666668,1.0,0.7037037037037037,0.8518518518518519,0.16194629669189453,
results/experiments_results_random/n15/random_n15_p07.json,random_n15_p07.json,results/experiments_results_random/n15,random,40,15,0.7,0.15,,,28,39.4,22.0,22.0,174,17,22,19,27,33.4,19.0,19.0,19.0,19.0,26,true,97,17,19,1.2727272727272727,1.7909090909090908,1.0,0.7727272727272727,1.0,1.4210526315789473,1.7578947368421052,1.0,0.8947368421052632,1.0,0.12652182579040527,
results/experiments_results_random/n15/random_n15_p07.json,random_n15_p07.json,results/experiments_results_random/n15,random,41,15,0.7,0.15,,,41,44.5,33.0,31.0,196,21,29,14,29,34.0,24.0,24.0,23.42857142857142,23.42857142857142,18,true,102,20,19,1.2424242424242424,1.3484848484848484,0.9393939393939394,0.6363636363636364,0.8787878787878788,1.2083333333333333,1.4166666666666667,0.9761904761904758,0.8333333333333334,0.7916666666666666,0.22244811058044434,
results/experiments_results_random/n15/random_n15_p07.json,random_n15_p07.json,results/experiments_results_random/n15,random,42,15,0.7,0.15,,,42,45.3,30.0,30.0,208,20,30,15,37,41.3,27.0,27.0,27.0,27.0,24,true,129,18,24,1.4,1.51,1.0,0.6666666666666666,1.0,1.3703703703703705,1.5296296296296295,1.0,0.6666666666666666,0.8888888888888888,0.15237092971801758,
results/experiments_results_random/n15/random_n15_p07.json,random_n15_p07.json,results/experiments_results_random/n15,random,43,15,0.7,0.15,,,37,45.8,29.0,29.0,207,23,29,15,34,39.2,29.0,29.0,29.0,29.0,16,true,136,21,25,1.2758620689655173,1.579310344827586,1.0,0.7931034482758621,1.0,1.1724137931034482,1.3517241379310345,1.0,0.7241379310344828,0.8620689655172413,0.15677285194396973,
results/experiments_results_random/n15/random_n15_p07.json,random_n15_p07.json,results/experiments_results_random/n15,random,44,15,0.7,0.15,,,38,42.5,33.0,33.0,203,23,31,11,37,41.6,28.0,28.0,28.0,28.0,16,true,148,19,25,1.1515151515151516,1.2878787878787878,1.0,0.696969696969697,0.9393939393939394,1.3214285714285714,1.4857142857142858,1.0,0.6785714285714286,0.8928571428571429,0.17884588241577148,
results/experiments_results_random/n15/random_n15_p07.json,random_n15_p07.json,results/experiments_results_random/n15,random,45,15,0.7,0.15,,,36,40.4,32.0,32.0,201,24,31,15,31,35.9,28.0,28.0,28.0,28.0,14,true,133,20,24,1.125,1.2625,1.0,0.75,0.96875,1.1071428571428572,1.282142857142857,1.0,0.7142857142857143,0.8571428571428571,0.167618989944458,
results/experiments_results_random/n15/random_n15_p07.json,random_n15_p07.json,results/experiments_results_random/n15,random,46,15,0.7,0.15,,,32,38.9,24.0,24.0,185,20,24,16,32,36.5,23.0,23.0,23.0,23.0,24,true,118,17,23,1.3333333333333333,1.6208333333333333,1.0,0.8333333333333334,1.0,1.391304347826087,1.5869565217391304,1.0,0.7391304347826086,1.0,0.13318490982055664,
results/experiments_results_random/n15/random_n15_p07.json,random_n15_p07.json,results/experiments_results_random/n15,random,47,15,0.7,0.15,,,39,41.2,33.0,33.0,202,23,32,14,33,37.2,27.0,27.0,27.0,27.0,14,true,128,21,25,1.1818181818181819,1.2484848484848485,1.0,0.696969696969697,0.9696969696969697,1.2222222222222223,1.377777777777778,1.0,0.7777777777777778,0.9259259259259259,0.1661529541015625,
results/experiments_results_random/n15/random_n15_p07.json,random_n15_p07.json,results/experiments_results_random/n15,random,48,15,0.7,0.15,,,38,44.3,28.0,28.0,192,23,25,19,35,38.6,22.0,22.0,22.0,22.0,43,true,102,16,21,1.3571428571428572,1.582142857142857,1.0,0.8214285714285714,0.8928571428571429,1.5909090909090908,1.7545454545454546,1.0,0.7272727272727273,0.9545454545454546,0.1359858512878418,
results/experiments_results_random/n15/random_n15_p07.json,random_n15_p07.json,results/experiments_results_random/n15,random,49,15,0.7,0.15,,,35,41.5,29.0,29.0,187,22,28,19,36,38.4,24.0,24.0,24.0,24.0,24,true,102,18,21,1.206896551724138,1.4310344827586208,1.0,0.7586206896551724,0.9655172413793104,1.5,1.5999999999999999,1.0,0.75,0.875,0.1391310691833496,
results/experiments_results_random/n15/random_n15_p07.json,random_n15_p07.json,results/experiments_results_random/n15,random,50,15,0.7,0.15,,,28,40.6,28.0,28.0,194,19,28,17,29,37.6,27.0,27.0,27.0,27.0,28,true,116,18,23,1.0,1.45,1.0,0.6785714285714286,1.0,1.0740740740740742,1.3925925925925926,1.0,0.6666666666666666,0.8518518518518519,0.1462700366973877,
results/experiments_results_random/n15/random_n15_p06.json,random_n15_p06.json,results/experiments_results_random/n15,random,1,15,0.6,0.15,,,41,47.2,31.0,29.0,200,22,26,13,31,34.9,24.0,24.0,22.5,22.5,4,true,123,18,19,1.3225806451612903,1.5225806451612904,0.9354838709677419,0.7096774193548387,0.8387096774193549,1.2916666666666667,1.4541666666666666,0.9375,0.75,0.7916666666666666,0.22502994537353516,
results/experiments_results_random/n15/random_n15_p06.json,random_n15_p06.json,results/experiments_results_random/n15,random,2,15,0.6,0.15,,,42,45.5,36.0,32.5,212,23,30,17,30,34.1,27.0,27.0,24.0,24.0,9,true,111,19,21,1.1666666666666667,1.2638888888888888,0.9027777777777778,0.6388888888888888,0.8333333333333334,1.1111111111111112,1.262962962962963,0.8888888888888888,0.7037037037037037,0.7777777777777778,0.30291199684143066,
results/experiments_results_random/n15/random_n15_p06.json,random_n15_p06.json,results/experiments_results_random/n15,random,3,15,0.6,0.15,,,36,40.0,30.0,30.0,173,23,27,14,30,33.9,23.0,23.0,23.0,23.0,25,false,98,15,18,1.2,1.3333333333333333,1.0,0.7666666666666667,0.9,1.3043478260869565,1.4739130434782608,1.0,0.6521739130434783,0.782608695652174,0.18180418014526367,
results/experiments_results_random/n15/random_n15_p06.json,random_n15_p06.json,results/experiments_results_random/n15,random,4,15,0.6,0.15,,,41,43.4,33.0,31.0,193,24,29,12,35,39.4,27.0,27.0,25.0,25.0,7,true,127,21,22,1.2424242424242424,1.3151515151515152,0.9393939393939394,0.7272727272727273,0.8787878787878788,1.2962962962962963,1.4592592592592593,0.9259259259259259,0.7777777777777778,0.8148148148148148,0.23318004608154297,
results/experiments_results_random/n15/random_n15_p06.json,random_n15_p06.json,results/experiments_results_random/n15,random,5,15,0.6,0.15,,,43,46.5,34.0,29.5,199,21,28,14,35,36.8,27.0,27.0,22.5,22.5,12,false,116,18,20,1.2647058823529411,1.3676470588235294,0.8676470588235294,0.6176470588235294,0.8235294117647058,1.2962962962962963,1.362962962962963,0.8333333333333334,0.6666666666666666,0.7407407407407407,0.30143189430236816,
results/experiments_results_random/n15/random_n15_p06.json,random_n15_p06.json,results/experiments_results_random/n15,random,6,15,0.6,0.15,,,44,47.8,37.0,30.0,212,27,29,14,35,37.1,28.0,28.0,23.0,23.0,14,true,124,18,21,1.1891891891891893,1.2918918918918918,0.8108108108108109,0.7297297297297297,0.7837837837837838,1.25,1.325,0.8214285714285714,0.6428571428571429,0.75,0.3955729007720947,
results/experiments_results_random/n15/random_n15_p06.json,random_n15_p06.json,results/experiments_results_random/n15,random,7,15,0.6,0.15,,,35,44.3,34.0,32.5,207,24,31,14,35,38.1,29.0,29.0,25.5,25.5,17,false,131,21,24,1.0294117647058822,1.302941176470588,0.9558823529411765,0.7058823529411765,0.9117647058823529,1.206896551724138,1.313793103448276,0.8793103448275862,0.7241379310344828,0.8275862068965517,0.3130979537963867,
results/experiments_results_random/n15/random_n15_p06.json,random_n15_p06.json,results/experiments_results_random/n15,random,8,15,0.6,0.15,,,36,46.6,34.0,34.0,218,26,33,12,34,39.8,31.0,31.0,29.5,29.5,17,false,146,20,27,1.0588235294117647,1.3705882352941177,1.0,0.7647058823529411,0.9705882352941176,1.096774193548387,1.2838709677419353,0.9516129032258065,0.6451612903225806,0.8709677419354839,0.2592928409576416,
results/experiments_results_random/n15/random_n15_p06.json,random_n15_p06.json,results/experiments_results_random/n15,random,9,15,0.6,0.15,,,33,42.0,30.0,27.0,171,22,25,16,23,27.8,18.0,18.0,18.0,18.0,7,false,74,12,16,1.1,1.4,0.9,0.7333333333333333,0.8333333333333334,1.2777777777777777,1.5444444444444445,1.0,0.6666666666666666,0.8888888888888888,0.1933290958404541,
results/experiments_results_random/n15/random_n15_p06.json,random_n15_p06.json,results/experiments_results_random/n15,random,10,15,0.6,0.15,,,34,44.1,33.0,32.5,198,22,27,15,31,36.5,28.0,28.0,25.0,25.0,26,false,110,19,21,1.0303030303030303,1.3363636363636364,0.9848484848484849,0.6666666666666666,0.8181818181818182,1.1071428571428572,1.3035714285714286,0.8928571428571429,0.6785714285714286,0.75,0.23345494270324707,
results/experiments_results_random/n15/random_n15_p06.json,random_n15_p06.json,results/experiments_results_random/n15,random,11,15,0.6,0.15,,,42,48.8,36.0,33.5,221,23,32,24,30,36.1,25.0,25.0,21.0,21.0,24,false,102,16,19,1.1666666666666667,1.3555555555555554,0.9305555555555556,0.6388888888888888,0.8888888888888888,1.2,1.444,0.84,0.64,0.76,0.29669809341430664,
results/experiments_results_random/n15/random_n15_p06.json,random_n15_p06.json,results/experiments_results_random/n15,random,12,15,0.6,0.15,,,38,43.3,34.0,27.0,191,22,25,15,28,31.4,24.0,24.0,19.5,19.5,7,false,99,16,19,1.1176470588235294,1.2735294117647058,0.7941176470588235,0.6470588235294118,0.7352941176470589,1.1666666666666667,1.3083333333333333,0.8125,0.6666666666666666,0.7916666666666666,0.2943859100341797,
results/experiments_results_random/n15/random_n15_p06.json,random_n15_p06.json,results/experiments_results_random/n15,random,13,15,0.6,0.15,,,39,43.4,33.0,30.0,203,23,28,13,31,34.8,26.0,26.0,23.5,23.5,6,true,116,19,22,1.1818181818181819,1.3151515151515152,0.9090909090909091,0.696969696969697,0.8484848484848485,1.1923076923076923,1.3384615384615384,0.9038461538461539,0.7307692307692307,0.8461538461538461,0.22821402549743652,
results/experiments_results_random/n15/random_n15_p06.json,random_n15_p06.json,results/experiments_results_random/n15,random,14,15,0.6,0.15,,,37,46.4,32.0,29.5,197,23,26,14,31,37.0,25.0,25.0,22.5,22.5,11,true,109,17,19,1.15625,1.45,0.921875,0.71875,0.8125,1.24,1.48,0.9,0.68,0.76,0.21976089477539062,
results/experiments_results_random/n15/random_n15_p06.json,random_n15_p06.json,results/experiments_results_random/n15,random,15,15,0.6,0.15,,,37,43.1,35.0,32.0,206,25,29,10,35,37.4,29.0,29.0,27.0,27.0,9,true,138,20,25,1.0571428571428572,1.2314285714285715,0.9142857142857143,0.7142857142857143,0.8285714285714286,1.206896551724138,1.289655172413793,0.9310344827586207,0.6896551724137931,0.8620689655172413,0.3282508850097656,
results/experiments_results_random/n15/random_n15_p06.json,random_n15_p06.json,results/experiments_results_random/n15,random,16,15,0.6,0.15,,,39,44.0,31.0,29.0,177,23,26,17,29,31.6,22.0,22.0,20.5,20.5,11,true,89,15,18,1.2580645161290323,1.4193548387096775,0.9354838709677419,0.7419354838709677,0.8387096774193549,1.3181818181818181,1.4363636363636365,0.9318181818181818,0.6818181818181818,0.8181818181818182,0.2138371467590332,
results/experiments_results_random/n15/random_n15_p06.json,random_n15_p06.json,results/experiments_results_random/n15,random,17,15,0.6,0.15,,,35,41.9,31.0,30.5,197,23,29,12,35,38.8,27.0,27.0,27.0,27.0,13,false,131,19,24,1.1290322580645162,1.3516129032258064,0.9838709677419355,0.7419354838709677,0.9354838709677419,1.2962962962962963,1.437037037037037,1.0,0.7037037037037037,0.8888888888888888,0.17518997192382812,
results/experiments_results_random/n15/random_n15_p06.json,random_n15_p06.json,results/experiments_results_random/n15,random,18,15,0.6,0.15,,,40,45.9,33.0,28.5,186,19,26,20,26,31.3,22.0,22.0,18.5,18.5,8,false,79,14,16,1.2121212121212122,1.3909090909090909,0.8636363636363636,0.5757575757575758,0.7878787878787878,1.1818181818181819,1.4227272727272728,0.8409090909090909,0.6363636363636364,0.7272727272727273,0.25340795516967773,
results/experiments_results_random/n15/random_n15_p06.json,random_n15_p06.json,results/experiments_results_random/n15,random,19,15,0.6,0.15,,,36,44.2,30.0,30.0,186,23,27,19,31,34.2,22.0,22.0,21.875,21.875,15,true,90,16,20,1.2,1.4733333333333334,1.0,0.7666666666666667,0.9,1.4090909090909092,1.5545454545454547,0.9943181818181818,0.7272727272727273,0.9090909090909091,0.17789697647094727,
results/experiments_results_random/n15/random_n15_p06.json,random_n15_p06.json,results/experiments_results_random/n15,random,20,15,0.6,0.15,,,39,46.2,31.0,31.0,209,23,29,17,38,40.8,28.0,28.0,26.5,26.5,22,true,126,17,24,1.2580645161290323,1.4903225806451614,1.0,0.7419354838709677,0.9354838709677419,1.3571428571428572,1.457142857142857,0.9464285714285714,0.6071428571428571,0.8571428571428571,0.22519493103027344,
results/experiments_results_random/n15/random_n15_p06.json,random_n15_p06.json,results/experiments_results_random/n15,random,21,15,0.6,0.15,,,42,45.6,34.0,27.5,190,23,26,16,29,33.6,22.0,22.0,19.5,19.5,2,true,97,15,18,1.2352941176470589,1.3411764705882354,0.8088235294117647,0.6764705882352942,0.7647058823529411,1.3181818181818181,1.5272727272727273,0.8863636363636364,0.6818181818181818,0.8181818181818182,0.2624471187591553,
results/experiments_results_random/n15/random_n15_p06.json,random_n15_p06.json,results/experiments_results_random/n15,random,22,15,0.6,0.15,,,38,42.2,34.0,30.5,185,23,28,13,31,34.9,27.0,27.0,24.0,24.0,8,false,116,18,22,1.1176470588235294,1.2411764705882353,0.8970588235294118,0.6764705882352942,0.8235294117647058,1.1481481481481481,1.2925925925925925,0.8888888888888888,0.6666666666666666,0.8148148148148148,0.2953019142150879,
results/experiments_results_random/n15/random_n15_p06.json,random_n15_p06.json,results/experiments_results_random/n15,random,23,15,0.6,0.15,,,38,45.5,34.0,29.5,197,23,27,17,32,34.3,25.0,25.0,21.0,21.0,7,false,106,16,19,1.1176470588235294,1.338235294117647,0.8676470588235294,0.6764705882352942,0.7941176470588235,1.28,1.3719999999999999,0.84,0.64,0.76,0.3026397228240967,
results/experiments_results_random/n15/random_n15_p06.json,random_n15_p06.json,results/experiments_results_random/n15,random,24,15,0.6,0.15,,,38,46.3,34.0,30.5,195,23,29,14,31,34.7,26.0,26.0,23.5,23.5,8,false,113,19,21,1.1176470588235294,1.3617647058823528,0.8970588235294118,0.6764705882352942,0.8529411764705882,1.1923076923076923,1.3346153846153848,0.9038461538461539,0.7307692307692307,0.8076923076923077,0.22954702377319336,
results/experiments_results_random/n15/random_n15_p06.json,random_n15_p06.json,results/experiments_results_random/n15,random,25,15,0.6,0.15,,,41,46.1,35.0,35.0,218,23,32,20,29,36.8,26.0,26.0,25.0,25.0,18,true,115,17,21,1.1714285714285715,1.3171428571428572,1.0,0.6571428571428571,0.9142857142857143,1.1153846153846154,1.4153846153846152,0.9615384615384616,0.6538461538461539,0.8076923076923077,0.1996760368347168,
results/experiments_results_random/n15/random_n15_p06.json,random_n15_p06.json,results/experiments_results_random/n15,random,26,15,0.6,0.15,,,36,45.5,33.0,30.0,190,23,28,9,36,38.5,28.0,28.0,25.5,25.5,2,true,140,21,24,1.0909090909090908,1.378787878787879,0.9090909090909091,0.696969696969697,0.8484848484848485,1.2857142857142858,1.375,0.9107142857142857,0.75,0.8571428571428571,0.24520611763000488,
results/experiments_results_random/n15/random_n15_p06.json,random_n15_p06.json,results/experiments_results_random/n15,random,27,15,0.6,0.15,,,39,43.2,31.0,27.5,183,21,25,16,31,32.8,21.0,21.0,19.5,19.75,13,true,93,14,18,1.2580645161290323,1.3935483870967742,0.8870967741935484,0.6774193548387096,0.8064516129032258,1.4761904761904763,1.5619047619047617,0.9404761904761905,0.6666666666666666,0.8571428571428571,0.20944714546203613,
results/experiments_results_random/n15/random_n15_p06.json,random_n15_p06.json,results/experiments_results_random/n15,random,28,15,0.6,0.15,,,39,42.3,30.0,25.5,174,20,24,15,28,32.7,22.0,22.0,18.0,18.0,15,true,93,14,16,1.3,1.41,0.85,0.6666666666666666,0.8,1.2727272727272727,1.4863636363636366,0.8181818181818182,0.6363636363636364,0.7272727272727273,0.3273301124572754,
results/experiments_results_random/n15/random_n15_p06.json,random_n15_p06.json,results/experiments_results_random/n15,random,29,15,0.6,0.15,,,37,41.4,32.0,32.0,188,23,30,16,28,30.4,24.0,24.0,23.0,23.0,22,true,102,16,19,1.15625,1.29375,1.0,0.71875,0.9375,1.1666666666666667,1.2666666666666666,0.9583333333333334,0.6666666666666666,0.7916666666666666,0.16427969932556152,
results/experiments_results_random/n15/random_n15_p06.json,random_n15_p06.json,results/experiments_results_random/n15,random,30,15,0.6,0.15,,,38,44.5,31.0,31.0,196,23,29,6,36,41.9,29.0,29.0,28.5,28.5,6,true,162,22,25,1.2258064516129032,1.435483870967742,1.0,0.7419354838709677,0.9354838709677419,1.2413793103448276,1.4448275862068964,0.9827586206896551,0.7586206896551724,0.8620689655172413,0.1921980381011963,
results/experiments_results_random/n15/random_n15_p06.json,random_n15_p06.json,results/experiments_results_random/n15,random,31,15,0.6,0.15,,,43,46.1,36.0,29.0,207,23,27,17,31,33.4,24.0,25.0,20.5,20.5,23,false,96,18,17,1.1944444444444444,1.2805555555555557,0.8055555555555556,0.6388888888888888,0.75,1.24,1.3359999999999999,0.82,0.72,0.68,0.3302042484283447,
results/experiments_results_random/n15/random_n15_p06.json,random_n15_p06.json,results/experiments_results_random/n15,random,32,15,0.6,0.15,,,42,46.4,35.0,29.5,198,24,28,12,34,38.6,27.0,27.0,23.5,23.5,12,true,125,18,21,1.2,1.3257142857142856,0.8428571428571429,0.6857142857142857,0.8,1.2592592592592593,1.4296296296296296,0.8703703703703703,0.6666666666666666,0.7777777777777778,0.3729209899902344,
results/experiments_results_random/n15/random_n15_p06.json,random_n15_p06.json,results/experiments_results_random/n15,random,33,15,0.6,0.15,,,40,42.6,31.0,31.0,195,22,28,16,30,35.4,25.0,25.0,24.0,24.0,14,true,109,17,21,1.2903225806451613,1.3741935483870968,1.0,0.7096774193548387,0.9032258064516129,1.2,1.416,0.96,0.68,0.84,0.19982099533081055,
results/experiments_results_random/n15/random_n15_p06.json,random_n15_p06.json,results/experiments_results_random/n15,random,34,15,0.6,0.15,,,36,41.3,32.0,31.75,190,23,28,12,32,36.5,27.0,27.0,26.0,26.0,8,true,126,17,23,1.125,1.290625,0.9921875,0.71875,0.875,1.1851851851851851,1.3518518518518519,0.9629629629629629,0.6296296296296297,0.8518518518518519,0.26801300048828125,
results/experiments_results_random/n15/random_n15_p06.json,random_n15_p06.json,results/experiments_results_random/n15,random,35,15,0.6,0.15,,,38,43.5,35.0,32.5,206,22,30,16,34,36.5,28.0,28.0,24.5,24.5,19,false,129,18,23,1.0857142857142856,1.2428571428571429,0.9285714285714286,0.6285714285714286,0.8571428571428571,1.2142857142857142,1.3035714285714286,0.875,0.6428571428571429,0.8214285714285714,0.34690403938293457,
results/experiments_results_random/n15/random_n15_p06.json,random_n15_p06.json,results/experiments_results_random/n15,random,36,15,0.6,0.15,,,37,43.7,29.0,29.0,193,23,29,11,31,40.4,26.0,26.0,26.0,26.0,15,true,133,19,24,1.2758620689655173,1.506896551724138,1.0,0.7931034482758621,1.0,1.1923076923076923,1.5538461538461539,1.0,0.7307692307692307,0.9230769230769231,0.1893749237060547,
results/experiments_results_random/n15/random_n15_p06.json,random_n15_p06.json,results/experiments_results_random/n15,random,37,15,0.6,0.15,,,39,43.9,33.0,31.0,196,25,27,19,27,34.0,21.0,21.0,21.0,21.0,17,true,87,16,19,1.1818181818181819,1.3303030303030303,0.9393939393939394,0.7575757575757576,0.8181818181818182,1.2857142857142858,1.619047619047619,1.0,0.7619047619047619,0.9047619047619048,0.23375582695007324,
results/experiments_results_random/n15/random_n15_p06.json,random_n15_p06.json,results/experiments_results_random/n15,random,38,15,0.6,0.15,,,40,43.4,33.0,33.0,211,24,32,20,29,35.9,25.0,25.0,25.0,25.0,31,true,105,17,21,1.2121212121212122,1.3151515151515152,1.0,0.7272727272727273,0.9696969696969697,1.16,1.436,1.0,0.68,0.84,0.18551993370056152,
results/experiments_results_random/n15/random_n15_p06.json,random_n15_p06.json,results/experiments_results_random/n15,random,39,15,0.6,0.15,,,36,44.7,29.0,29.0,188,22,27,15,31,34.8,21.0,21.0,21.0,21.0,11,true,103,16,18,1.2413793103448276,1.5413793103448277,1.0,0.7586206896551724,0.9310344827586207,1.4761904761904763,1.657142857142857,1.0,0.7619047619047619,0.8571428571428571,0.1752641201019287,
results/experiments_results_random/n15/random_n15_p06.json,random_n15_p06.json,results/experiments_results_random/n15,random,40,15,0.6,0.15,,,35,41.3,31.0,31.0,196,23,29,19,26,29.8,23.0,23.0,22.25,22.25,21,false,93,16,20,1.1290322580645162,1.332258064516129,1.0,0.7419354838709677,0.9354838709677419,1.1304347826086956,1.2956521739130435,0.967391304347826,0.6956521739130435,0.8695652173913043,0.1987171173095703,
results/experiments_results_random/n15/random_n15_p06.json,random_n15_p06.json,results/experiments_results_random/n15,random,41,15,0.6,0.15,,,39,45.3,31.0,27.0,181,20,25,14,25,31.1,23.0,23.0,20.0,20.0,7,false,92,15,17,1.2580645161290323,1.461290322580645,0.8709677419354839,0.6451612903225806,0.8064516129032258,1.0869565217391304,1.3521739130434782,0.8695652173913043,0.6521739130434783,0.7391304347826086,0.35080599784851074,
results/experiments_results_random/n15/random_n15_p06.json,random_n15_p06.json,results/experiments_results_random/n15,random,42,15,0.6,0.15,,,41,44.7,34.0,30.5,200,23,27,15,33,36.8,27.0,27.0,23.0,23.0,12,false,108,17,21,1.2058823529411764,1.3147058823529412,0.8970588235294118,0.6764705882352942,0.7941176470588235,1.2222222222222223,1.362962962962963,0.8518518518518519,0.6296296296296297,0.7777777777777778,0.3339700698852539,
results/experiments_results_random/n15/random_n15_p06.json,random_n15_p06.json,results/experiments_results_random/n15,random,43,15,0.6,0.15,,,40,46.6,35.0,32.0,211,24,30,15,34,37.7,30.0,30.0,24.5,24.5,19,false,124,20,24,1.1428571428571428,1.3314285714285714,0.9142857142857143,0.6857142857142857,0.8571428571428571,1.1333333333333333,1.2566666666666668,0.8166666666666667,0.6666666666666666,0.8,0.4597358703613281,
results/experiments_results_random/n15/random_n15_p06.json,random_n15_p06.json,results/experiments_results_random/n15,random,44,15,0.6,0.15,,,34,41.8,32.0,28.5,180,23,27,11,33,37.3,26.0,26.0,23.0,23.0,12,false,120,18,21,1.0625,1.30625,0.890625,0.71875,0.84375,1.2692307692307692,1.4346153846153844,0.8846153846153846,0.6923076923076923,0.8076923076923077,0.2850780487060547,
results/experiments_results_random/n15/random_n15_p06.json,random_n15_p06.json,results/experiments_results_random/n15,random,45,15,0.6,0.15,,,38,41.4,34.0,30.5,187,24,26,15,30,33.6,26.0,26.0,23.0,23.0,13,true,107,18,20,1.1176470588235294,1.2176470588235293,0.8970588235294118,0.7058823529411765,0.7647058823529411,1.1538461538461537,1.2923076923076924,0.8846153846153846,0.6923076923076923,0.7692307692307693,0.2662501335144043,
results/experiments_results_random/n15/random_n15_p06.json,random_n15_p06.json,results/experiments_results_random/n15,random,46,15,0.6,0.15,,,40,45.4,34.0,32.5,201,25,30,16,29,36.8,27.0,27.0,24.5,24.5,15,true,116,18,22,1.1764705882352942,1.3352941176470587,0.9558823529411765,0.7352941176470589,0.8823529411764706,1.0740740740740742,1.362962962962963,0.9074074074074074,0.6666666666666666,0.8148148148148148,0.345020055770874,
results/experiments_results_random/n15/random_n15_p06.json,random_n15_p06.json,results/experiments_results_random/n15,random,47,15,0.6,0.15,,,37,42.1,31.0,29.0,173,23,25,14,27,33.1,25.0,25.0,22.0,22.0,12,false,96,17,19,1.1935483870967742,1.3580645161290323,0.9354838709677419,0.7419354838709677,0.8064516129032258,1.08,1.324,0.88,0.68,0.76,0.2988278865814209,
results/experiments_results_random/n15/random_n15_p06.json,random_n15_p06.json,results/experiments_results_random/n15,random,48,15,0.6,0.15,,,41,44.8,35.0,33.0,200,24,31,19,30,33.1,26.0,26.0,23.5,23.5,28,true,97,16,20,1.1714285714285715,1.28,0.9428571428571428,0.6857142857142857,0.8857142857142857,1.1538461538461537,1.2730769230769232,0.9038461538461539,0.6153846153846154,0.7692307692307693,0.5194461345672607,
results/experiments_results_random/n15/random_n15_p06.json,random_n15_p06.json,results/experiments_results_random/n15,random,49,15,0.6,0.15,,,36,40.2,31.0,31.0,181,26,27,19,27,32.5,22.0,22.0,21.0,21.0,14,false,88,14,18,1.1612903225806452,1.2967741935483872,1.0,0.8387096774193549,0.8709677419354839,1.2272727272727273,1.4772727272727273,0.9545454545454546,0.6363636363636364,0.8181818181818182,0.2616591453552246,
results/experiments_results_random/n15/random_n15_p06.json,random_n15_p06.json,results/experiments_results_random/n15,random,50,15,0.6,0.15,,,35,45.2,35.0,35.0,202,25,32,17,34,38.4,28.0,28.0,26.25,26.25,18,false,114,20,23,1.0,1.2914285714285716,1.0,0.7142857142857143,0.9142857142857143,1.2142857142857142,1.3714285714285714,0.9375,0.7142857142857143,0.8214285714285714,0.2797720432281494,
results/experiments_results_random/n15/random_n15_p05.json,random_n15_p05.json,results/experiments_results_random/n15,random,1,15,0.5,0.15,,,33,41.8,28.0,24.0,159,21,22,13,24,28.6,20.0,20.0,17.5,17.5,2,true,90,15,16,1.1785714285714286,1.4928571428571427,0.8571428571428571,0.75,0.7857142857142857,1.2,1.4300000000000002,0.875,0.75,0.8,0.23584604263305664,
results/experiments_results_random/n15/random_n15_p05.json,random_n15_p05.json,results/experiments_results_random/n15,random,2,15,0.5,0.15,,,34,40.6,31.0,27.0,186,21,25,17,25,28.9,21.0,21.0,18.5,18.5,3,true,91,15,17,1.096774193548387,1.3096774193548388,0.8709677419354839,0.6774193548387096,0.8064516129032258,1.1904761904761905,1.3761904761904762,0.8809523809523809,0.7142857142857143,0.8095238095238095,0.2142791748046875,
results/experiments_results_random/n15/random_n15_p05.json,random_n15_p05.json,results/experiments_results_random/n15,random,3,15,0.5,0.15,,,35,40.4,29.0,25.0,160,20,23,14,22,28.5,20.0,20.0,18.0,18.0,8,false,80,14,16,1.206896551724138,1.393103448275862,0.8620689655172413,0.6896551724137931,0.7931034482758621,1.1,1.425,0.9,0.7,0.8,0.21944499015808105,
results/experiments_results_random/n15/random_n15_p05.json,random_n15_p05.json,results/experiments_results_random/n15,random,4,15,0.5,0.15,,,37,40.9,31.0,25.0,166,21,23,12,28,31.6,23.0,23.0,19.0,19.0,4,false,93,15,18,1.1935483870967742,1.3193548387096774,0.8064516129032258,0.6774193548387096,0.7419354838709677,1.2173913043478262,1.373913043478261,0.8260869565217391,0.6521739130434783,0.782608695652174,0.31064701080322266,
results/experiments_results_random/n15/random_n15_p05.json,random_n15_p05.json,results/experiments_results_random/n15,random,5,15,0.5,0.15,,,39,42.3,31.0,25.5,175,22,23,14,28,30.4,22.0,22.0,18.5,18.5,12,true,88,16,17,1.2580645161290323,1.364516129032258,0.8225806451612904,0.7096774193548387,0.7419354838709677,1.2727272727272727,1.3818181818181818,0.8409090909090909,0.7272727272727273,0.7727272727272727,0.26433300971984863,
results/experiments_results_random/n15/random_n15_p05.json,random_n15_p05.json,results/experiments_results_random/n15,random,6,15,0.5,0.15,,,38,41.6,31.0,25.0,166,20,24,14,24,28.2,20.0,20.0,18.0,18.0,8,true,80,14,16,1.2258064516129032,1.3419354838709678,0.8064516129032258,0.6451612903225806,0.7741935483870968,1.2,1.41,0.9,0.7,0.8,0.2283949851989746,
results/experiments_results_random/n15/random_n15_p05.json,random_n15_p05.json,results/experiments_results_random/n15,random,7,15,0.5,0.15,,,35,41.2,29.0,25.5,166,21,24,14,23,27.5,18.0,18.0,18.0,18.0,9,false,78,14,17,1.206896551724138,1.420689655172414,0.8793103448275862,0.7241379310344828,0.8275862068965517,1.2777777777777777,1.5277777777777777,1.0,0.7777777777777778,0.9444444444444444,0.17697691917419434,
results/experiments_results_random/n15/random_n15_p05.json,random_n15_p05.json,results/experiments_results_random/n15,random,8,15,0.5,0.15,,,39,47.5,36.0,33.0,208,26,31,12,37,41.5,31.0,31.0,27.0,27.0,16,true,140,20,24,1.0833333333333333,1.3194444444444444,0.9166666666666666,0.7222222222222222,0.8611111111111112,1.1935483870967742,1.3387096774193548,0.8709677419354839,0.6451612903225806,0.7741935483870968,0.3682088851928711,
results/experiments_results_random/n15/random_n15_p05.json,random_n15_p05.json,results/experiments_results_random/n15,random,9,15,0.5,0.15,,,35,38.7,26.0,22.0,147,19,20,16,21,22.9,15.0,15.0,14.0,14.0,3,false,55,11,12,1.3461538461538463,1.4884615384615385,0.8461538461538461,0.7307692307692307,0.7692307692307693,1.4,1.5266666666666666,0.9333333333333333,0.7333333333333333,0.8,0.18796801567077637,
results/experiments_results_random/n15/random_n15_p05.json,random_n15_p05.json,results/experiments_results_random/n15,random,10,15,0.5,0.15,,,36,41.9,31.0,27.5,173,22,25,15,28,31.9,24.0,24.0,20.0,20.0,26,false,89,17,18,1.1612903225806452,1.3516129032258064,0.8870967741935484,0.7096774193548387,0.8064516129032258,1.1666666666666667,1.3291666666666666,0.8333333333333334,0.7083333333333334,0.75,0.27688121795654297,
results/experiments_results_random/n15/random_n15_p05.json,random_n15_p05.json,results/experiments_results_random/n15,random,11,15,0.5,0.15,,,38,43.6,34.0,29.5,199,23,28,24,24,29.6,18.0,19.0,17.5,17.5,17,false,76,14,16,1.1176470588235294,1.2823529411764707,0.8676470588235294,0.6764705882352942,0.8235294117647058,1.263157894736842,1.5578947368421054,0.9210526315789473,0.7368421052631579,0.8421052631578947,0.18822383880615234,
results/experiments_results_random/n15/random_n15_p05.json,random_n15_p05.json,results/experiments_results_random/n15,random,12,15,0.5,0.15,,,35,40.9,28.0,24.0,161,19,20,15,22,27.4,19.0,19.0,16.5,16.5,3,false,78,13,15,1.25,1.4607142857142856,0.8571428571428571,0.6785714285714286,0.7142857142857143,1.1578947368421053,1.4421052631578946,0.868421052631579,0.6842105263157895,0.7894736842105263,0.20012283325195312,
results/experiments_results_random/n15/random_n15_p05.json,random_n15_p05.json,results/experiments_results_random/n15,random,13,15,0.5,0.15,,,34,39.8,28.0,23.0,155,18,22,13,22,28.8,19.0,19.0,16.5,16.5,4,true,84,13,15,1.2142857142857142,1.4214285714285713,0.8214285714285714,0.6428571428571429,0.7857142857142857,1.1578947368421053,1.5157894736842106,0.868421052631579,0.6842105263157895,0.7894736842105263,0.21990418434143066,
results/experiments_results_random/n15/random_n15_p05.json,random_n15_p05.json,results/experiments_results_random/n15,random,14,15,0.5,0.15,,,35,42.0,26.0,25.5,162,19,21,14,24,30.1,20.0,20.0,18.5,18.5,8,false,80,15,16,1.3461538461538463,1.6153846153846154,0.9807692307692307,0.7307692307692307,0.8076923076923077,1.2,1.5050000000000001,0.925,0.75,0.8,0.1943502426147461,
results/experiments_results_random/n15/random_n15_p05.json,random_n15_p05.json,results/experiments_results_random/n15,random,15,15,0.5,0.15,,,39,41.7,33.0,28.0,186,24,25,10,32,35.1,26.0,26.0,23.0,23.0,6,true,120,17,22,1.1818181818181819,1.2636363636363637,0.8484848484848485,0.7272727272727273,0.7575757575757576,1.2307692307692308,1.35,0.8846153846153846,0.6538461538461539,0.8461538461538461,0.2441701889038086,
results/experiments_results_random/n15/random_n15_p05.json,random_n15_p05.json,results/experiments_results_random/n15,random,16,15,0.5,0.15,,,31,38.1,26.0,24.0,134,20,22,17,18,22.6,15.0,15.0,15.0,15.000000000000007,6,false,53,11,12,1.1923076923076923,1.4653846153846155,0.9230769230769231,0.7692307692307693,0.8461538461538461,1.2,1.5066666666666668,1.0000000000000004,0.7333333333333333,0.8,0.16248607635498047,
results/experiments_results_random/n15/random_n15_p05.json,random_n15_p05.json,results/experiments_results_random/n15,random,17,15,0.5,0.15,,,40,43.2,31.0,27.0,176,20,25,12,31,33.6,24.0,24.0,21.0,21.0,5,false,105,15,19,1.2903225806451613,1.3935483870967742,0.8709677419354839,0.6451612903225806,0.8064516129032258,1.2916666666666667,1.4000000000000001,0.875,0.625,0.7916666666666666,0.24324774742126465,
results/experiments_results_random/n15/random_n15_p05.json,random_n15_p05.json,results/experiments_results_random/n15,random,18,15,0.5,0.15,,,34,39.2,28.0,23.5,152,21,21,20,18,22.9,15.0,15.0,13.5,13.5,6,false,49,11,12,1.2142857142857142,1.4000000000000001,0.8392857142857143,0.75,0.75,1.2,1.5266666666666666,0.9,0.7333333333333333,0.8,0.18100404739379883,
results/experiments_results_random/n15/random_n15_p05.json,random_n15_p05.json,results/experiments_results_random/n15,random,19,15,0.5,0.15,,,34,38.2,29.0,24.0,149,20,23,19,17,21.0,16.0,16.0,14.5,14.5,8,false,50,12,13,1.1724137931034482,1.317241379310345,0.8275862068965517,0.6896551724137931,0.7931034482758621,1.0625,1.3125,0.90625,0.75,0.8125,0.20119500160217285,
results/experiments_results_random/n15/random_n15_p05.json,random_n15_p05.json,results/experiments_results_random/n15,random,20,15,0.5,0.15,,,35,42.3,30.0,29.5,179,24,27,17,30,34.7,25.0,25.0,21.0,21.0,20,true,97,17,19,1.1666666666666667,1.41,0.9833333333333333,0.8,0.9,1.2,1.3880000000000001,0.84,0.68,0.76,0.20363402366638184,
results/experiments_results_random/n15/random_n15_p05.json,random_n15_p05.json,results/experiments_results_random/n15,random,21,15,0.5,0.15,,,41,42.9,31.0,25.0,167,22,24,16,25,27.7,20.0,20.0,17.0,17.0,2,true,79,13,16,1.3225806451612903,1.3838709677419354,0.8064516129032258,0.7096774193548387,0.7741935483870968,1.25,1.385,0.85,0.65,0.8,0.22516202926635742,
results/experiments_results_random/n15/random_n15_p05.json,random_n15_p05.json,results/experiments_results_random/n15,random,22,15,0.5,0.15,,,36,40.4,30.0,25.0,164,20,23,13,26,29.1,21.0,21.0,18.5,18.5,6,true,88,13,17,1.2,1.3466666666666667,0.8333333333333334,0.6666666666666666,0.7666666666666667,1.2380952380952381,1.3857142857142857,0.8809523809523809,0.6190476190476191,0.8095238095238095,0.2354581356048584,
results/experiments_results_random/n15/random_n15_p05.json,random_n15_p05.json,results/experiments_results_random/n15,random,23,15,0.5,0.15,,,33,40.9,28.0,26.0,165,20,23,17,25,28.8,19.0,19.0,17.5,17.5,4,true,81,13,15,1.1785714285714286,1.4607142857142856,0.9285714285714286,0.7142857142857143,0.8214285714285714,1.3157894736842106,1.5157894736842106,0.9210526315789473,0.6842105263157895,0.7894736842105263,0.19515585899353027,
results/experiments_results_random/n15/random_n15_p05.json,random_n15_p05.json,results/experiments_results_random/n15,random,24,15,0.5,0.15,,,39,43.7,32.0,25.5,167,23,24,14,25,30.1,20.0,20.0,18.5,18.5,3,false,85,15,17,1.21875,1.365625,0.796875,0.71875,0.75,1.25,1.5050000000000001,0.925,0.75,0.85,0.2507948875427246,
results/experiments_results_random/n15/random_n15_p05.json,random_n15_p05.json,results/experiments_results_random/n15,random,25,15,0.5,0.15,,,38,42.9,34.0,30.0,199,24,28,20,26,31.2,23.0,23.0,20.0,20.0,13,true,89,14,17,1.1176470588235294,1.261764705882353,0.8823529411764706,0.7058823529411765,0.8235294117647058,1.1304347826086956,1.3565217391304347,0.8695652173913043,0.6086956521739131,0.7391304347826086,0.3156440258026123,
results/experiments_results_random/n15/random_n15_p05.json,random_n15_p05.json,results/experiments_results_random/n15,random,26,15,0.5,0.15,,,37,42.1,31.0,25.5,166,19,22,9,31,37.4,24.0,24.0,21.0,21.0,1,true,115,15,16,1.1935483870967742,1.3580645161290323,0.8225806451612904,0.6129032258064516,0.7096774193548387,1.2916666666666667,1.5583333333333333,0.875,0.625,0.6666666666666666,0.28134584426879883,
results/experiments_results_random/n15/random_n15_p05.json,random_n15_p05.json,results/experiments_results_random/n15,random,27,15,0.5,0.15,,,32,36.4,29.0,24.0,151,21,23,16,23,25.9,19.0,19.0,16.0,16.0,10,false,67,13,13,1.103448275862069,1.2551724137931033,0.8275862068965517,0.7241379310344828,0.7931034482758621,1.2105263157894737,1.3631578947368421,0.8421052631578947,0.6842105263157895,0.6842105263157895,0.24402379989624023,
results/experiments_results_random/n15/random_n15_p05.json,random_n15_p05.json,results/experiments_results_random/n15,random,28,15,0.5,0.15,,,33,36.0,24.0,20.0,126,16,18,15,17,20.7,15.0,15.0,12.5,12.5,2,false,48,10,12,1.375,1.5,0.8333333333333334,0.6666666666666666,0.75,1.1333333333333333,1.38,0.8333333333333334,0.6666666666666666,0.8,0.17183303833007812,
results/experiments_results_random/n15/random_n15_p05.json,random_n15_p05.json,results/experiments_results_random/n15,random,29,15,0.5,0.15,,,39,43.9,31.0,28.0,178,22,26,16,28,30.6,23.0,23.0,20.0,20.0,9,true,90,14,18,1.2580645161290323,1.4161290322580644,0.9032258064516129,0.7096774193548387,0.8387096774193549,1.2173913043478262,1.3304347826086957,0.8695652173913043,0.6086956521739131,0.782608695652174,0.23789715766906738,
results/experiments_results_random/n15/random_n15_p05.json,random_n15_p05.json,results/experiments_results_random/n15,random,30,15,0.5,0.15,,,37,43.6,33.0,28.0,186,22,25,6,35,39.7,29.0,29.0,25.0,25.0,3,false,144,19,22,1.121212121212121,1.3212121212121213,0.8484848484848485,0.6666666666666666,0.7575757575757576,1.206896551724138,1.3689655172413795,0.8620689655172413,0.6551724137931034,0.7586206896551724,0.2762460708618164,
results/experiments_results_random/n15/random_n15_p05.json,random_n15_p05.json,results/experiments_results_random/n15,random,31,15,0.5,0.15,,,38,41.7,31.0,25.5,173,21,23,17,24,27.8,20.0,20.0,17.0,17.0,12,false,69,14,16,1.2258064516129032,1.3451612903225807,0.8225806451612904,0.6774193548387096,0.7419354838709677,1.2,1.3900000000000001,0.85,0.7,0.8,0.34099388122558594,
results/experiments_results_random/n15/random_n15_p05.json,random_n15_p05.json,results/experiments_results_random/n15,random,32,15,0.5,0.15,,,36,39.8,29.0,24.0,161,20,22,12,25,29.3,20.0,20.0,18.0,18.0,7,true,88,15,16,1.2413793103448276,1.3724137931034481,0.8275862068965517,0.6896551724137931,0.7586206896551724,1.25,1.465,0.9,0.75,0.8,0.22479701042175293,
results/experiments_results_random/n15/random_n15_p05.json,random_n15_p05.json,results/experiments_results_random/n15,random,33,15,0.5,0.15,,,33,38.2,28.0,26.0,162,19,22,16,25,27.0,19.0,19.0,18.0,18.0,8,false,81,12,15,1.1785714285714286,1.3642857142857143,0.9285714285714286,0.6785714285714286,0.7857142857142857,1.3157894736842106,1.4210526315789473,0.9473684210526315,0.631578947368421,0.7894736842105263,0.19848418235778809,
results/experiments_results_random/n15/random_n15_p05.json,random_n15_p05.json,results/experiments_results_random/n15,random,34,15,0.5,0.15,,,34,43.9,29.0,26.0,177,18,24,12,28,33.9,21.0,21.0,20.0,20.0,2,false,110,15,18,1.1724137931034482,1.513793103448276,0.896551724137931,0.6206896551724138,0.8275862068965517,1.3333333333333333,1.6142857142857143,0.9523809523809523,0.7142857142857143,0.8571428571428571,0.2242729663848877,
results/experiments_results_random/n15/random_n15_p05.json,random_n15_p05.json,results/experiments_results_random/n15,random,35,15,0.5,0.15,,,39,44.9,34.0,28.5,199,24,26,16,31,34.3,26.0,26.0,20.5,20.5,9,true,112,16,17,1.1470588235294117,1.3205882352941176,0.8382352941176471,0.7058823529411765,0.7647058823529411,1.1923076923076923,1.3192307692307692,0.7884615384615384,0.6153846153846154,0.6538461538461539,0.31471729278564453,
results/experiments_results_random/n15/random_n15_p05.json,random_n15_p05.json,results/experiments_results_random/n15,random,36,15,0.5,0.15,,,38,42.9,31.0,30.75,177,21,28,11,30,37.1,24.0,24.0,24.0,24.0,12,true,117,18,21,1.2258064516129032,1.3838709677419354,0.9919354838709677,0.6774193548387096,0.9032258064516129,1.25,1.5458333333333334,1.0,0.75,0.875,0.17808914184570312,
results/experiments_results_random/n15/random_n15_p05.json,random_n15_p05.json,results/experiments_results_random/n15,random,37,15,0.5,0.15,,,34,40.7,30.0,27.5,173,20,24,19,23,28.4,17.0,17.0,16.5,16.5,8,true,65,14,15,1.1333333333333333,1.3566666666666667,0.9166666666666666,0.6666666666666666,0.8,1.3529411764705883,1.6705882352941175,0.9705882352941176,0.8235294117647058,0.8823529411764706,0.1912062168121338,
results/experiments_results_random/n15/random_n15_p05.json,random_n15_p05.json,results/experiments_results_random/n15,random,38,15,0.5,0.15,,,42,45.8,34.0,31.0,199,24,29,20,29,33.3,23.0,23.0,21.0,21.0,25,false,87,16,17,1.2352941176470589,1.3470588235294116,0.9117647058823529,0.7058823529411765,0.8529411764705882,1.2608695652173914,1.4478260869565216,0.9130434782608695,0.6956521739130435,0.7391304347826086,0.2405850887298584,
results/experiments_results_random/n15/random_n15_p05.json,random_n15_p05.json,results/experiments_results_random/n15,random,39,15,0.5,0.15,,,31,38.3,28.0,25.0,166,21,23,15,21,27.8,19.0,19.0,17.5,17.5,7,false,79,15,16,1.1071428571428572,1.3678571428571427,0.8928571428571429,0.75,0.8214285714285714,1.105263157894737,1.4631578947368422,0.9210526315789473,0.7894736842105263,0.8421052631578947,0.19614195823669434,
results/experiments_results_random/n15/random_n15_p05.json,random_n15_p05.json,results/experiments_results_random/n15,random,40,15,0.5,0.15,,,39,45.4,34.0,29.5,194,24,27,19,25,27.5,23.0,23.0,20.0,20.0,10,true,84,15,18,1.1470588235294117,1.3352941176470587,0.8676470588235294,0.7058823529411765,0.7941176470588235,1.0869565217391304,1.1956521739130435,0.8695652173913043,0.6521739130434783,0.782608695652174,0.3130171298980713,
results/experiments_results_random/n15/random_n15_p05.json,random_n15_p05.json,results/experiments_results_random/n15,random,41,15,0.5,0.15,,,35,39.7,24.0,22.0,142,19,20,14,18,22.5,16.0,16.0,15.0,15.0,1,true,59,12,13,1.4583333333333333,1.6541666666666668,0.9166666666666666,0.7916666666666666,0.8333333333333334,1.125,1.40625,0.9375,0.75,0.8125,0.17703676223754883,
results/experiments_results_random/n15/random_n15_p05.json,random_n15_p05.json,results/experiments_results_random/n15,random,42,15,0.5,0.15,,,37,41.0,30.0,27.0,176,19,24,15,29,32.6,22.0,22.0,19.5,19.5,11,true,90,14,16,1.2333333333333334,1.3666666666666667,0.9,0.6333333333333333,0.8,1.3181818181818181,1.481818181818182,0.8863636363636364,0.6363636363636364,0.7272727272727273,0.21741700172424316,
results/experiments_results_random/n15/random_n15_p05.json,random_n15_p05.json,results/experiments_results_random/n15,random,43,15,0.5,0.15,,,37,40.0,28.0,25.0,159,21,24,15,26,29.8,21.0,21.0,17.5,17.5,7,false,81,13,15,1.3214285714285714,1.4285714285714286,0.8928571428571429,0.75,0.8571428571428571,1.2380952380952381,1.4190476190476191,0.8333333333333334,0.6190476190476191,0.7142857142857143,0.19410371780395508,
results/experiments_results_random/n15/random_n15_p05.json,random_n15_p05.json,results/experiments_results_random/n15,random,44,15,0.5,0.15,,,35,39.7,27.0,25.5,160,19,22,11,28,32.2,21.0,21.0,20.0,20.0,4,true,98,16,16,1.2962962962962963,1.4703703703703705,0.9444444444444444,0.7037037037037037,0.8148148148148148,1.3333333333333333,1.5333333333333334,0.9523809523809523,0.7619047619047619,0.7619047619047619,0.21063899993896484,
results/experiments_results_random/n15/random_n15_p05.json,random_n15_p05.json,results/experiments_results_random/n15,random,45,15,0.5,0.15,,,32,35.9,28.0,25.0,146,19,22,15,21,25.8,19.0,19.0,17.5,17.5,14,false,69,12,13,1.1428571428571428,1.282142857142857,0.8928571428571429,0.6785714285714286,0.7857142857142857,1.105263157894737,1.3578947368421053,0.9210526315789473,0.631578947368421,0.6842105263157895,0.19869780540466309,
results/experiments_results_random/n15/random_n15_p05.json,random_n15_p05.json,results/experiments_results_random/n15,random,46,15,0.5,0.15,,,37,41.9,32.0,27.5,178,21,25,16,23,28.3,22.0,22.0,19.25,19.25,12,false,89,15,17,1.15625,1.309375,0.859375,0.65625,0.78125,1.0454545454545454,1.2863636363636364,0.875,0.6818181818181818,0.7727272727272727,0.23363614082336426,
results/experiments_results_random/n15/random_n15_p05.json,random_n15_p05.json,results/experiments_results_random/n15,random,47,15,0.5,0.15,,,39,42.4,29.0,24.0,159,21,21,14,25,29.4,20.0,21.0,17.0,17.0,6,false,76,13,15,1.3448275862068966,1.4620689655172414,0.8275862068965517,0.7241379310344828,0.7241379310344828,1.1904761904761905,1.4,0.8095238095238095,0.6190476190476191,0.7142857142857143,0.22120094299316406,
results/experiments_results_random/n15/random_n15_p05.json,random_n15_p05.json,results/experiments_results_random/n15,random,48,15,0.5,0.15,,,37,42.4,32.0,27.5,183,20,27,19,25,27.3,20.0,20.0,17.5,17.5,17,true,80,14,15,1.15625,1.325,0.859375,0.625,0.84375,1.25,1.365,0.875,0.7,0.75,0.2273252010345459,
results/experiments_results_random/n15/random_n15_p05.json,random_n15_p05.json,results/experiments_results_random/n15,random,49,15,0.5,0.15,,,36,39.7,30.0,24.0,155,19,23,19,19,25.1,17.0,17.0,14.5,14.5,6,false,60,10,12,1.2,1.3233333333333335,0.8,0.6333333333333333,0.7666666666666667,1.1176470588235294,1.4764705882352942,0.8529411764705882,0.5882352941176471,0.7058823529411765,0.2797889709472656,
results/experiments_results_random/n15/random_n15_p05.json,random_n15_p05.json,results/experiments_results_random/n15,random,50,15,0.5,0.15,,,37,41.6,34.0,29.0,178,22,26,17,25,30.7,22.0,22.0,19.75,20.0,13,false,84,14,17,1.088235294117647,1.223529411764706,0.8529411764705882,0.6470588235294118,0.7647058823529411,1.1363636363636365,1.3954545454545455,0.9090909090909091,0.6363636363636364,0.7727272727272727,0.2795090675354004,
results/experiments_results_random/n15/random_n15_p08.json,random_n15_p08.json,results/experiments_results_random/n15,random,1,15,0.8,0.15,,,43,44.7,25.0,25.0,211,22,25,13,36,40.1,25.0,25.0,25.0,25.0,19,true,145,21,23,1.72,1.788,1.0,0.88,1.0,1.44,1.604,1.0,0.84,0.92,0.14806509017944336,
results/experiments_results_random/n15/random_n15_p08.json,random_n15_p08.json,results/experiments_results_random/n15,random,2,15,0.8,0.15,,,29,34.6,19.0,19.0,178,18,19,17,27,32.1,19.0,19.0,19.0,19.0,27,true,105,18,19,1.5263157894736843,1.8210526315789475,1.0,0.9473684210526315,1.0,1.4210526315789473,1.6894736842105265,1.0,0.9473684210526315,1.0,0.133897066116333,
results/experiments_results_random/n15/random_n15_p08.json,random_n15_p08.json,results/experiments_results_random/n15,random,3,15,0.8,0.15,,,19,27.8,17.0,17.0,143,15,17,14,30,36.7,17.0,17.0,17.0,17.0,20,true,110,17,16,1.1176470588235294,1.6352941176470588,1.0,0.8823529411764706,1.0,1.7647058823529411,2.158823529411765,1.0,1.0,0.9411764705882353,0.14847683906555176,
results/experiments_results_random/n15/random_n15_p08.json,random_n15_p08.json,results/experiments_results_random/n15,random,4,15,0.8,0.15,,,29,32.0,23.0,23.0,179,18,23,12,30,36.3,23.0,23.0,23.0,23.0,12,true,137,20,23,1.2608695652173914,1.391304347826087,1.0,0.782608695652174,1.0,1.3043478260869565,1.5782608695652172,1.0,0.8695652173913043,1.0,0.14151287078857422,
results/experiments_results_random/n15/random_n15_p08.json,random_n15_p08.json,results/experiments_results_random/n15,random,5,15,0.8,0.15,,,38,43.0,26.0,26.0,200,21,26,14,33,39.1,26.0,26.0,26.0,26.0,19,true,133,19,24,1.4615384615384615,1.6538461538461537,1.0,0.8076923076923077,1.0,1.2692307692307692,1.5038461538461538,1.0,0.7307692307692307,0.9230769230769231,0.14924311637878418,
results/experiments_results_random/n15/random_n15_p08.json,random_n15_p08.json,results/experiments_results_random/n15,random,6,15,0.8,0.15,,,42,45.9,29.0,29.0,215,24,29,14,34,39.3,28.0,28.0,28.0,28.0,25,true,138,20,27,1.4482758620689655,1.5827586206896551,1.0,0.8275862068965517,1.0,1.2142857142857142,1.4035714285714285,1.0,0.7142857142857143,0.9642857142857143,0.1586611270904541,
results/experiments_results_random/n15/random_n15_p08.json,random_n15_p08.json,results/experiments_results_random/n15,random,7,15,0.8,0.15,,,26,37.0,22.0,22.0,188,21,22,14,41,43.8,22.0,22.0,22.0,22.0,22,true,137,18,22,1.1818181818181819,1.6818181818181819,1.0,0.9545454545454546,1.0,1.8636363636363635,1.9909090909090907,1.0,0.8181818181818182,1.0,0.1387038230895996,
results/experiments_results_random/n15/random_n15_p08.json,random_n15_p08.json,results/experiments_results_random/n15,random,8,15,0.8,0.15,,,22,26.8,14.0,14.0,148,14,14,12,21,32.7,14.0,14.0,14.0,14.0,15,true,113,14,14,1.5714285714285714,1.9142857142857144,1.0,1.0,1.0,1.5,2.335714285714286,1.0,1.0,1.0,0.13588786125183105,
results/experiments_results_random/n15/random_n15_p08.json,random_n15_p08.json,results/experiments_results_random/n15,random,9,15,0.8,0.15,,,20,24.2,18.0,18.0,145,16,18,16,21,32.2,18.0,18.0,18.0,18.0,11,true,97,16,18,1.1111111111111112,1.3444444444444443,1.0,0.8888888888888888,1.0,1.1666666666666667,1.788888888888889,1.0,0.8888888888888888,1.0,0.12875604629516602,
results/experiments_results_random/n15/random_n15_p08.json,random_n15_p08.json,results/experiments_results_random/n15,random,10,15,0.8,0.15,,,20,25.8,20.0,20.0,156,18,20,15,23,30.3,20.0,20.0,20.0,20.0,37,true,97,17,20,1.0,1.29,1.0,0.9,1.0,1.15,1.5150000000000001,1.0,0.85,1.0,0.13484787940979004,
results/experiments_results_random/n15/random_n15_p08.json,random_n15_p08.json,results/experiments_results_random/n15,random,11,15,0.8,0.15,,,24,35.8,20.0,20.0,186,19,20,24,28,36.2,20.0,20.0,20.0,20.0,36,true,103,17,19,1.2,1.7899999999999998,1.0,0.95,1.0,1.4,1.81,1.0,0.85,0.95,0.12254595756530762,
results/experiments_results_random/n15/random_n15_p08.json,random_n15_p08.json,results/experiments_results_random/n15,random,12,15,0.8,0.15,,,26,34.8,26.0,26.0,178,23,26,15,33,37.8,24.0,24.0,24.0,24.0,23,true,118,18,23,1.0,1.3384615384615384,1.0,0.8846153846153846,1.0,1.375,1.575,1.0,0.75,0.9583333333333334,0.19059300422668457,
results/experiments_results_random/n15/random_n15_p08.json,random_n15_p08.json,results/experiments_results_random/n15,random,13,15,0.8,0.15,,,29,34.4,25.0,25.0,192,17,25,13,27,33.4,22.0,22.0,22.0,22.0,12,true,127,15,21,1.16,1.376,1.0,0.68,1.0,1.2272727272727273,1.518181818181818,1.0,0.6818181818181818,0.9545454545454546,0.14079880714416504,
results/experiments_results_random/n15/random_n15_p08.json,random_n15_p08.json,results/experiments_results_random/n15,random,14,15,0.8,0.15,,,21,31.2,21.0,21.0,184,20,21,14,32,38.4,21.0,21.0,21.0,21.0,26,true,128,20,21,1.0,1.4857142857142858,1.0,0.9523809523809523,1.0,1.5238095238095237,1.8285714285714285,1.0,0.9523809523809523,1.0,0.13891816139221191,
results/experiments_results_random/n15/random_n15_p08.json,random_n15_p08.json,results/experiments_results_random/n15,random,15,15,0.8,0.15,,,32,36.9,24.0,24.0,196,19,24,10,30,36.3,24.0,24.0,24.0,24.0,14,true,147,18,24,1.3333333333333333,1.5374999999999999,1.0,0.7916666666666666,1.0,1.25,1.5125,1.0,0.75,1.0,0.15986108779907227,
results/experiments_results_random/n15/random_n15_p08.json,random_n15_p08.json,results/experiments_results_random/n15,random,16,15,0.8,0.15,,,29,34.6,21.0,21.0,174,20,21,17,28,37.4,21.0,21.0,21.0,21.0,25,true,107,16,20,1.380952380952381,1.6476190476190478,1.0,0.9523809523809523,1.0,1.3333333333333333,1.7809523809523808,1.0,0.7619047619047619,0.9523809523809523,0.13355588912963867,
results/experiments_results_random/n15/random_n15_p08.json,random_n15_p08.json,results/experiments_results_random/n15,random,17,15,0.8,0.15,,,15,28.4,15.0,15.0,150,14,15,12,23,31.2,15.0,15.0,15.0,15.0,15,true,105,15,15,1.0,1.8933333333333333,1.0,0.9333333333333333,1.0,1.5333333333333334,2.08,1.0,1.0,1.0,0.13545775413513184,
results/experiments_results_random/n15/random_n15_p08.json,random_n15_p08.json,results/experiments_results_random/n15,random,18,15,0.8,0.15,,,17,34.0,17.0,17.0,156,17,17,20,26,36.8,17.0,17.0,17.0,17.0,23,true,98,15,17,1.0,2.0,1.0,1.0,1.0,1.5294117647058822,2.164705882352941,1.0,0.8823529411764706,1.0,0.1246941089630127,
results/experiments_results_random/n15/random_n15_p08.json,random_n15_p08.json,results/experiments_results_random/n15,random,19,15,0.8,0.15,,,36,37.8,22.0,22.0,175,20,22,19,36,39.4,22.0,22.0,22.0,22.0,22,true,115,17,20,1.6363636363636365,1.718181818181818,1.0,0.9090909090909091,1.0,1.6363636363636365,1.7909090909090908,1.0,0.7727272727272727,0.9090909090909091,0.1339578628540039,
results/experiments_results_random/n15/random_n15_p08.json,random_n15_p08.json,results/experiments_results_random/n15,random,20,15,0.8,0.15,,,26,32.7,16.0,16.0,167,15,16,17,33,36.2,16.0,16.0,16.0,16.0,28,true,113,15,16,1.625,2.04375,1.0,0.9375,1.0,2.0625,2.2625,1.0,0.9375,1.0,0.12922191619873047,
results/experiments_results_random/n15/random_n15_p08.json,random_n15_p08.json,results/experiments_results_random/n15,random,21,15,0.8,0.15,,,26,35.2,20.0,20.0,174,18,20,16,37,39.7,20.0,20.0,20.0,20.0,11,true,122,18,18,1.3,1.7600000000000002,1.0,0.9,1.0,1.85,1.985,1.0,0.9,0.9,0.13299083709716797,
results/experiments_results_random/n15/random_n15_p08.json,random_n15_p08.json,results/experiments_results_random/n15,random,22,15,0.8,0.15,,,33,39.9,19.0,19.0,169,17,19,13,30,39.0,19.0,19.0,19.0,19.0,17,true,120,16,19,1.736842105263158,2.1,1.0,0.8947368421052632,1.0,1.5789473684210527,2.0526315789473686,1.0,0.8421052631578947,1.0,0.13540315628051758,
results/experiments_results_random/n15/random_n15_p08.json,random_n15_p08.json,results/experiments_results_random/n15,random,23,15,0.8,0.15,,,26,38.0,18.0,18.0,164,18,18,17,33,36.9,18.0,18.0,18.0,18.0,25,true,102,16,18,1.4444444444444444,2.111111111111111,1.0,1.0,1.0,1.8333333333333333,2.05,1.0,0.8888888888888888,1.0,0.13012027740478516,
results/experiments_results_random/n15/random_n15_p08.json,random_n15_p08.json,results/experiments_results_random/n15,random,24,15,0.8,0.15,,,24,34.6,20.0,20.0,183,17,19,14,27,33.0,20.0,20.0,20.0,20.0,24,true,119,18,19,1.2,1.73,1.0,0.85,0.95,1.35,1.65,1.0,0.9,0.95,0.13732409477233887,
results/experiments_results_random/n15/random_n15_p08.json,random_n15_p08.json,results/experiments_results_random/n15,random,25,15,0.8,0.15,,,19,33.1,13.0,13.0,125,13,13,20,31,36.2,13.0,13.0,13.0,13.0,17,true,87,13,13,1.4615384615384615,2.5461538461538464,1.0,1.0,1.0,2.3846153846153846,2.784615384615385,1.0,1.0,1.0,0.12090611457824707,
results/experiments_results_random/n15/random_n15_p08.json,random_n15_p08.json,results/experiments_results_random/n15,random,26,15,0.8,0.15,,,27,35.6,21.0,21.0,169,20,21,9,31,38.3,21.0,21.0,21.0,21.0,5,true,140,17,21,1.2857142857142858,1.6952380952380952,1.0,0.9523809523809523,1.0,1.4761904761904763,1.8238095238095238,1.0,0.8095238095238095,1.0,0.14680790901184082,
results/experiments_results_random/n15/random_n15_p08.json,random_n15_p08.json,results/experiments_results_random/n15,random,27,15,0.8,0.15,,,27,37.1,23.0,23.0,195,19,23,16,33,37.1,23.0,23.0,23.0,23.0,26,true,125,18,23,1.173913043478261,1.6130434782608696,1.0,0.8260869565217391,1.0,1.434782608695652,1.6130434782608696,1.0,0.782608695652174,1.0,0.13410735130310059,
results/experiments_results_random/n15/random_n15_p08.json,random_n15_p08.json,results/experiments_results_random/n15,random,28,15,0.8,0.15,,,32,40.5,29.0,29.0,199,23,28,15,28,36.3,27.0,27.0,27.0,27.0,22,false,124,20,25,1.103448275862069,1.396551724137931,1.0,0.7931034482758621,0.9655172413793104,1.037037037037037,1.3444444444444443,1.0,0.7407407407407407,0.9259259259259259,0.15666604042053223,
results/experiments_results_random/n15/random_n15_p08.json,random_n15_p08.json,results/experiments_results_random/n15,random,29,15,0.8,0.15,,,22,33.9,22.0,22.0,177,20,22,16,28,34.5,22.0,22.0,22.0,22.0,26,true,118,16,20,1.0,1.5409090909090908,1.0,0.9090909090909091,1.0,1.2727272727272727,1.5681818181818181,1.0,0.7272727272727273,0.9090909090909091,0.13604521751403809,
results/experiments_results_random/n15/random_n15_p08.json,random_n15_p08.json,results/experiments_results_random/n15,random,30,15,0.8,0.15,,,39,42.9,23.0,23.0,191,22,23,6,37,43.2,23.0,23.0,23.0,23.0,6,true,167,20,23,1.6956521739130435,1.8652173913043477,1.0,0.9565217391304348,1.0,1.608695652173913,1.8782608695652174,1.0,0.8695652173913043,1.0,0.15442991256713867,
results/experiments_results_random/n15/random_n15_p08.json,random_n15_p08.json,results/experiments_results_random/n15,random,31,15,0.8,0.15,,,26,33.2,20.0,20.0,175,17,20,17,37,39.7,20.0,20.0,20.0,20.0,31,true,108,18,19,1.3,1.6600000000000001,1.0,0.85,1.0,1.85,1.985,1.0,0.9,0.95,0.1298840045928955,
results/experiments_results_random/n15/random_n15_p08.json,random_n15_p08.json,results/experiments_results_random/n15,random,32,15,0.8,0.15,,,35,44.4,29.0,29.0,215,22,28,12,35,41.9,28.0,28.0,28.0,28.0,20,true,151,22,26,1.206896551724138,1.5310344827586206,1.0,0.7586206896551724,0.9655172413793104,1.25,1.4964285714285714,1.0,0.7857142857142857,0.9285714285714286,0.16455698013305664,
results/experiments_results_random/n15/random_n15_p08.json,random_n15_p08.json,results/experiments_results_random/n15,random,33,15,0.8,0.15,,,25,30.0,19.0,19.0,174,18,19,16,29,36.9,19.0,19.0,19.0,19.0,29,true,110,16,19,1.3157894736842106,1.5789473684210527,1.0,0.9473684210526315,1.0,1.5263157894736843,1.9421052631578946,1.0,0.8421052631578947,1.0,0.13344883918762207,
results/experiments_results_random/n15/random_n15_p08.json,random_n15_p08.json,results/experiments_results_random/n15,random,34,15,0.8,0.15,,,30,39.0,24.0,24.0,198,18,24,12,31,39.6,24.0,24.0,24.0,24.0,9,true,148,19,24,1.25,1.625,1.0,0.75,1.0,1.2916666666666667,1.6500000000000001,1.0,0.7916666666666666,1.0,0.14368009567260742,
results/experiments_results_random/n15/random_n15_p08.json,random_n15_p08.json,results/experiments_results_random/n15,random,35,15,0.8,0.15,,,34,41.1,26.0,26.0,193,19,25,16,31,40.4,24.0,24.0,24.0,24.0,12,true,138,19,23,1.3076923076923077,1.580769230769231,1.0,0.7307692307692307,0.9615384615384616,1.2916666666666667,1.6833333333333333,1.0,0.7916666666666666,0.9583333333333334,0.14044189453125,
results/experiments_results_random/n15/random_n15_p08.json,random_n15_p08.json,results/experiments_results_random/n15,random,36,15,0.8,0.15,,,18,28.6,18.0,18.0,160,16,18,11,33,37.2,18.0,18.0,18.0,18.0,15,true,124,16,18,1.0,1.588888888888889,1.0,0.8888888888888888,1.0,1.8333333333333333,2.066666666666667,1.0,0.8888888888888888,1.0,0.13768887519836426,
results/experiments_results_random/n15/random_n15_p08.json,random_n15_p08.json,results/experiments_results_random/n15,random,37,15,0.8,0.15,,,23,29.8,15.0,15.0,140,15,15,19,26,34.8,15.0,15.0,15.0,15.0,29,true,84,14,14,1.5333333333333334,1.9866666666666668,1.0,1.0,1.0,1.7333333333333334,2.32,1.0,0.9333333333333333,0.9333333333333333,0.12336301803588867,
results/experiments_results_random/n15/random_n15_p08.json,random_n15_p08.json,results/experiments_results_random/n15,random,38,15,0.8,0.15,,,24,31.8,16.0,16.0,161,15,16,20,32,40.5,16.0,16.0,16.0,16.0,43,true,93,14,16,1.5,1.9875,1.0,0.9375,1.0,2.0,2.53125,1.0,0.875,1.0,0.125532865524292,
results/experiments_results_random/n15/random_n15_p08.json,random_n15_p08.json,results/experiments_results_random/n15,random,39,15,0.8,0.15,,,19,37.2,19.0,19.0,175,18,19,15,27,38.0,19.0,19.0,19.0,19.0,24,true,113,18,19,1.0,1.9578947368421054,1.0,0.9473684210526315,1.0,1.4210526315789473,2.0,1.0,0.9473684210526315,1.0,0.13302993774414062,
results/experiments_results_random/n15/random_n15_p08.json,random_n15_p08.json,results/experiments_results_random/n15,random,40,15,0.8,0.15,,,21,30.8,15.0,15.0,136,15,15,19,28,34.7,15.0,15.0,15.0,15.0,16,true,88,15,15,1.4,2.0533333333333332,1.0,1.0,1.0,1.8666666666666667,2.3133333333333335,1.0,1.0,1.0,0.1353468894958496,
results/experiments_results_random/n15/random_n15_p08.json,random_n15_p08.json,results/experiments_results_random/n15,random,41,15,0.8,0.15,,,33,40.4,29.0,29.0,203,23,27,14,34,39.2,26.0,26.0,26.0,26.0,25,true,128,17,24,1.1379310344827587,1.393103448275862,1.0,0.7931034482758621,0.9310344827586207,1.3076923076923077,1.5076923076923079,1.0,0.6538461538461539,0.9230769230769231,0.159224271774292,
results/experiments_results_random/n15/random_n15_p08.json,random_n15_p08.json,results/experiments_results_random/n15,random,42,15,0.8,0.15,,,31,37.1,16.0,16.0,154,14,16,15,31,37.3,16.0,16.0,16.0,16.0,23,true,104,14,16,1.9375,2.31875,1.0,0.875,1.0,1.9375,2.33125,1.0,0.875,1.0,0.13390016555786133,
results/experiments_results_random/n15/random_n15_p08.json,random_n15_p08.json,results/experiments_results_random/n15,random,43,15,0.8,0.15,,,29,40.7,23.0,23.0,182,20,23,15,28,38.1,23.0,23.0,23.0,23.0,18,true,130,18,23,1.2608695652173914,1.7695652173913046,1.0,0.8695652173913043,1.0,1.2173913043478262,1.6565217391304348,1.0,0.782608695652174,1.0,0.13632607460021973,
results/experiments_results_random/n15/random_n15_p08.json,random_n15_p08.json,results/experiments_results_random/n15,random,44,15,0.8,0.15,,,26,38.3,22.0,22.0,185,18,22,11,38,43.9,22.0,22.0,22.0,22.0,13,true,145,19,22,1.1818181818181819,1.7409090909090907,1.0,0.8181818181818182,1.0,1.7272727272727273,1.9954545454545454,1.0,0.8636363636363636,1.0,0.1419990062713623,
results/experiments_results_random/n15/random_n15_p08.json,random_n15_p08.json,results/experiments_results_random/n15,random,45,15,0.8,0.15,,,18,28.3,18.0,18.0,161,17,18,15,24,30.3,18.0,18.0,18.0,18.0,19,true,111,16,18,1.0,1.5722222222222222,1.0,0.9444444444444444,1.0,1.3333333333333333,1.6833333333333333,1.0,0.8888888888888888,1.0,0.13815975189208984,
results/experiments_results_random/n15/random_n15_p08.json,random_n15_p08.json,results/experiments_results_random/n15,random,46,15,0.8,0.15,,,22,32.2,14.0,14.0,141,13,14,16,27,34.7,14.0,14.0,14.0,14.0,21,true,94,14,14,1.5714285714285714,2.3000000000000003,1.0,0.9285714285714286,1.0,1.9285714285714286,2.4785714285714286,1.0,1.0,1.0,0.12865591049194336,
results/experiments_results_random/n15/random_n15_p08.json,random_n15_p08.json,results/experiments_results_random/n15,random,47,15,0.8,0.15,,,22,32.4,22.0,22.0,182,21,22,14,31,34.0,22.0,22.0,22.0,22.0,14,true,124,16,22,1.0,1.4727272727272727,1.0,0.9545454545454546,1.0,1.4090909090909092,1.5454545454545454,1.0,0.7272727272727273,1.0,0.13880228996276855,
results/experiments_results_random/n15/random_n15_p08.json,random_n15_p08.json,results/experiments_results_random/n15,random,48,15,0.8,0.15,,,24,37.4,18.0,18.0,158,17,18,19,31,38.4,18.0,18.0,18.0,18.0,48,true,86,15,17,1.3333333333333333,2.0777777777777775,1.0,0.9444444444444444,1.0,1.7222222222222223,2.1333333333333333,1.0,0.8333333333333334,0.9444444444444444,0.1289501190185547,
results/experiments_results_random/n15/random_n15_p08.json,random_n15_p08.json,results/experiments_results_random/n15,random,49,15,0.8,0.15,,,22,32.7,20.0,20.0,168,20,20,19,33,39.7,20.0,20.0,20.0,20.0,27,true,101,17,19,1.1,1.6350000000000002,1.0,1.0,1.0,1.65,1.985,1.0,0.85,0.95,0.12839293479919434,
results/experiments_results_random/n15/random_n15_p08.json,random_n15_p08.json,results/experiments_results_random/n15,random,50,15,0.8,0.15,,,21,32.1,21.0,21.0,164,20,21,17,22,33.5,21.0,21.0,21.0,21.0,29,true,101,16,19,1.0,1.5285714285714287,1.0,0.9523809523809523,1.0,1.0476190476190477,1.5952380952380953,1.0,0.7619047619047619,0.9047619047619048,0.1362597942352295,
results/experiments_results_random/n15/random_n15_p04.json,random_n15_p04.json,results/experiments_results_random/n15,random,1,15,0.4,0.15,,,31,35.2,22.0,18.5,115,16,17,13,18,20.6,15.0,15.0,12.0,12.0,1,true,53,10,11,1.4090909090909092,1.6,0.8409090909090909,0.7272727272727273,0.7727272727272727,1.2,1.3733333333333335,0.8,0.6666666666666666,0.7333333333333333,0.1938762664794922,
results/experiments_results_random/n15/random_n15_p04.json,random_n15_p04.json,results/experiments_results_random/n15,random,2,15,0.4,0.15,,,31,34.1,24.0,21.0,124,16,20,17,15,18.3,12.0,12.0,11.5,11.5,1,true,43,9,10,1.2916666666666667,1.4208333333333334,0.875,0.6666666666666666,0.8333333333333334,1.25,1.5250000000000001,0.9583333333333334,0.75,0.8333333333333334,0.1630539894104004,
results/experiments_results_random/n15/random_n15_p04.json,random_n15_p04.json,results/experiments_results_random/n15,random,3,15,0.4,0.15,,,28,32.5,23.0,20.5,114,15,18,14,17,20.2,13.0,13.0,13.0,13.0,4,false,47,10,10,1.2173913043478262,1.4130434782608696,0.8913043478260869,0.6521739130434783,0.782608695652174,1.3076923076923077,1.5538461538461539,1.0,0.7692307692307693,0.7692307692307693,0.17023587226867676,
results/experiments_results_random/n15/random_n15_p04.json,random_n15_p04.json,results/experiments_results_random/n15,random,4,15,0.4,0.15,,,29,31.7,24.0,19.0,113,15,18,12,16,18.5,14.0,14.0,12.5,12.5,0,true,49,12,12,1.2083333333333333,1.3208333333333333,0.7916666666666666,0.625,0.75,1.1428571428571428,1.3214285714285714,0.8928571428571429,0.8571428571428571,0.8571428571428571,0.19768905639648438,
results/experiments_results_random/n15/random_n15_p04.json,random_n15_p04.json,results/experiments_results_random/n15,random,5,15,0.4,0.15,,,34,36.9,26.0,20.0,130,16,18,14,17,20.8,16.0,16.0,13.0,13.0,2,true,48,9,12,1.3076923076923077,1.419230769230769,0.7692307692307693,0.6153846153846154,0.6923076923076923,1.0625,1.3,0.8125,0.5625,0.75,0.19213318824768066,
results/experiments_results_random/n15/random_n15_p04.json,random_n15_p04.json,results/experiments_results_random/n15,random,6,15,0.4,0.15,,,27,33.5,25.0,19.5,119,17,17,14,16,19.0,14.0,14.0,12.5,12.5,6,false,39,10,12,1.08,1.34,0.78,0.68,0.68,1.1428571428571428,1.3571428571428572,0.8928571428571429,0.7142857142857143,0.8571428571428571,0.1885387897491455,
results/experiments_results_random/n15/random_n15_p04.json,random_n15_p04.json,results/experiments_results_random/n15,random,7,15,0.4,0.15,,,34,40.0,27.0,21.0,150,19,20,14,20,22.5,17.0,17.0,14.0,14.0,3,true,64,12,13,1.2592592592592593,1.4814814814814814,0.7777777777777778,0.7037037037037037,0.7407407407407407,1.1764705882352942,1.3235294117647058,0.8235294117647058,0.7058823529411765,0.7647058823529411,0.2173750400543213,
results/experiments_results_random/n15/random_n15_p04.json,random_n15_p04.json,results/experiments_results_random/n15,random,8,15,0.4,0.15,,,32,40.2,29.0,25.0,159,22,23,12,25,28.2,20.0,20.0,19.0,19.0,10,true,84,16,15,1.103448275862069,1.3862068965517242,0.8620689655172413,0.7586206896551724,0.7931034482758621,1.25,1.41,0.95,0.8,0.75,0.22308135032653809,
results/experiments_results_random/n15/random_n15_p04.json,random_n15_p04.json,results/experiments_results_random/n15,random,9,15,0.4,0.15,,,26,32.9,22.0,19.0,114,15,18,16,13,16.7,12.0,12.0,11.0,11.0,0,true,36,8,9,1.1818181818181819,1.4954545454545454,0.8636363636363636,0.6818181818181818,0.8181818181818182,1.0833333333333333,1.3916666666666666,0.9166666666666666,0.6666666666666666,0.75,0.17404603958129883,
results/experiments_results_random/n15/random_n15_p04.json,random_n15_p04.json,results/experiments_results_random/n15,random,10,15,0.4,0.15,,,32,37.8,27.0,22.0,141,18,19,15,21,23.6,17.0,17.0,14.5,14.5,9,false,61,12,13,1.1851851851851851,1.4,0.8148148148148148,0.6666666666666666,0.7037037037037037,1.2352941176470589,1.3882352941176472,0.8529411764705882,0.7058823529411765,0.7647058823529411,0.1840219497680664,
results/experiments_results_random/n15/random_n15_p04.json,random_n15_p04.json,results/experiments_results_random/n15,random,11,15,0.4,0.15,,,33,39.3,30.0,24.0,157,20,21,24,16,19.5,14.0,14.0,11.5,11.5,9,false,39,10,10,1.1,1.3099999999999998,0.8,0.6666666666666666,0.7,1.1428571428571428,1.3928571428571428,0.8214285714285714,0.7142857142857143,0.7142857142857143,0.1879439353942871,
results/experiments_results_random/n15/random_n15_p04.json,random_n15_p04.json,results/experiments_results_random/n15,random,12,15,0.4,0.15,,,27,33.2,23.0,18.5,121,15,18,15,14,19.2,12.0,12.0,10.5,10.5,2,false,44,9,9,1.173913043478261,1.4434782608695653,0.8043478260869565,0.6521739130434783,0.782608695652174,1.1666666666666667,1.5999999999999999,0.875,0.75,0.75,0.18574881553649902,
results/experiments_results_random/n15/random_n15_p04.json,random_n15_p04.json,results/experiments_results_random/n15,random,13,15,0.4,0.15,,,23,27.6,21.0,17.0,96,14,14,13,12,15.1,11.0,11.0,10.5,10.5,4,false,39,8,9,1.0952380952380953,1.3142857142857143,0.8095238095238095,0.6666666666666666,0.6666666666666666,1.0909090909090908,1.3727272727272728,0.9545454545454546,0.7272727272727273,0.8181818181818182,0.1616208553314209,
results/experiments_results_random/n15/random_n15_p04.json,random_n15_p04.json,results/experiments_results_random/n15,random,14,15,0.4,0.15,,,34,36.5,25.0,21.0,130,17,19,14,20,22.2,16.0,16.0,14.0,14.0,6,false,53,11,12,1.36,1.46,0.84,0.68,0.76,1.25,1.3875,0.875,0.6875,0.75,0.17761898040771484,
results/experiments_results_random/n15/random_n15_p04.json,random_n15_p04.json,results/experiments_results_random/n15,random,15,15,0.4,0.15,,,31,35.6,24.0,20.5,132,17,20,10,18,25.7,17.0,17.0,15.5,15.5,1,true,72,11,14,1.2916666666666667,1.4833333333333334,0.8541666666666666,0.7083333333333334,0.8333333333333334,1.0588235294117647,1.511764705882353,0.9117647058823529,0.6470588235294118,0.8235294117647058,0.18203496932983398,
results/experiments_results_random/n15/random_n15_p04.json,random_n15_p04.json,results/experiments_results_random/n15,random,16,15,0.4,0.15,,,31,37.8,24.0,21.0,120,17,20,17,15,17.6,11.0,11.0,11.0,11.0,3,true,39,9,11,1.2916666666666667,1.575,0.875,0.7083333333333334,0.8333333333333334,1.3636363636363635,1.6,1.0,0.8181818181818182,1.0,0.15230107307434082,
results/experiments_results_random/n15/random_n15_p04.json,random_n15_p04.json,results/experiments_results_random/n15,random,17,15,0.4,0.15,,,31,35.2,25.0,20.5,131,17,18,12,21,25.1,17.0,17.0,14.5,14.5,2,true,70,12,13,1.24,1.4080000000000001,0.82,0.68,0.72,1.2352941176470589,1.4764705882352942,0.8529411764705882,0.7058823529411765,0.7647058823529411,0.19652819633483887,
results/experiments_results_random/n15/random_n15_p04.json,random_n15_p04.json,results/experiments_results_random/n15,random,18,15,0.4,0.15,,,31,37.1,27.0,22.0,141,19,20,20,16,20.5,13.0,13.0,12.0,12.0,1,false,43,8,11,1.1481481481481481,1.3740740740740742,0.8148148148148148,0.7037037037037037,0.7407407407407407,1.2307692307692308,1.5769230769230769,0.9230769230769231,0.6153846153846154,0.8461538461538461,0.16111493110656738,
results/experiments_results_random/n15/random_n15_p04.json,random_n15_p04.json,results/experiments_results_random/n15,random,19,15,0.4,0.15,,,21,25.5,19.0,16.5,90,14,15,19,5,7.5,5.0,5.0,5.0,5.0,0,true,12,5,5,1.105263157894737,1.3421052631578947,0.868421052631579,0.7368421052631579,0.7894736842105263,1.0,1.5,1.0,1.0,1.0,0.15729999542236328,
results/experiments_results_random/n15/random_n15_p04.json,random_n15_p04.json,results/experiments_results_random/n15,random,20,15,0.4,0.15,,,30,37.5,26.0,24.0,147,19,19,17,20,24.6,17.0,17.0,15.5,15.5,10,false,57,11,13,1.1538461538461537,1.4423076923076923,0.9230769230769231,0.7307692307692307,0.7307692307692307,1.1764705882352942,1.447058823529412,0.9117647058823529,0.6470588235294118,0.7647058823529411,0.1938948631286621,
results/experiments_results_random/n15/random_n15_p04.json,random_n15_p04.json,results/experiments_results_random/n15,random,21,15,0.4,0.15,,,36,37.8,25.0,20.5,131,17,18,16,18,19.9,14.0,14.0,12.5,12.5,1,true,47,11,11,1.44,1.5119999999999998,0.82,0.68,0.72,1.2857142857142858,1.4214285714285713,0.8928571428571429,0.7857142857142857,0.7857142857142857,0.21604204177856445,
results/experiments_results_random/n15/random_n15_p04.json,random_n15_p04.json,results/experiments_results_random/n15,random,22,15,0.4,0.15,,,25,27.9,21.0,18.0,99,14,16,13,12,15.9,11.0,11.0,11.0,11.0,2,false,35,8,10,1.1904761904761905,1.3285714285714285,0.8571428571428571,0.6666666666666666,0.7619047619047619,1.0909090909090908,1.4454545454545455,1.0,0.7272727272727273,0.9090909090909091,0.15589118003845215,
results/experiments_results_random/n15/random_n15_p04.json,random_n15_p04.json,results/experiments_results_random/n15,random,23,15,0.4,0.15,,,32,36.3,24.0,20.0,119,17,19,17,13,15.9,11.0,11.0,10.5,10.5,3,false,40,8,9,1.3333333333333333,1.5125,0.8333333333333334,0.7083333333333334,0.7916666666666666,1.1818181818181819,1.4454545454545455,0.9545454545454546,0.7272727272727273,0.8181818181818182,0.15889215469360352,
results/experiments_results_random/n15/random_n15_p04.json,random_n15_p04.json,results/experiments_results_random/n15,random,24,15,0.4,0.15,,,35,37.5,25.0,20.5,137,17,20,14,19,23.0,16.0,17.0,13.5,13.5,2,false,61,11,11,1.4,1.5,0.82,0.68,0.8,1.1176470588235294,1.3529411764705883,0.7941176470588235,0.6470588235294118,0.6470588235294118,0.1834728717803955,
results/experiments_results_random/n15/random_n15_p04.json,random_n15_p04.json,results/experiments_results_random/n15,random,25,15,0.4,0.15,,,35,37.6,29.0,24.0,166,18,21,20,17,22.1,15.0,15.0,13.5,13.5,3,false,56,10,12,1.206896551724138,1.2965517241379312,0.8275862068965517,0.6206896551724138,0.7241379310344828,1.1333333333333333,1.4733333333333334,0.9,0.6666666666666666,0.8,0.17812895774841309,
results/experiments_results_random/n15/random_n15_p04.json,random_n15_p04.json,results/experiments_results_random/n15,random,26,15,0.4,0.15,,,30,33.7,26.0,22.0,134,19,21,9,26,29.5,21.0,21.0,17.5,17.5,1,true,91,13,16,1.1538461538461537,1.2961538461538462,0.8461538461538461,0.7307692307692307,0.8076923076923077,1.2380952380952381,1.4047619047619047,0.8333333333333334,0.6190476190476191,0.7619047619047619,0.23095703125,
results/experiments_results_random/n15/random_n15_p04.json,random_n15_p04.json,results/experiments_results_random/n15,random,27,15,0.4,0.15,,,25,31.2,23.0,19.5,111,16,18,16,14,17.9,12.0,13.0,11.5,11.5,7,false,40,9,10,1.0869565217391304,1.3565217391304347,0.8478260869565217,0.6956521739130435,0.782608695652174,1.0769230769230769,1.376923076923077,0.8846153846153846,0.6923076923076923,0.7692307692307693,0.162139892578125,
results/experiments_results_random/n15/random_n15_p04.json,random_n15_p04.json,results/experiments_results_random/n15,random,28,15,0.4,0.15,,,28,32.5,22.0,18.0,106,16,16,15,13,15.1,11.0,11.0,10.0,10.0,1,false,31,8,9,1.2727272727272727,1.4772727272727273,0.8181818181818182,0.7272727272727273,0.7272727272727273,1.1818181818181819,1.3727272727272728,0.9090909090909091,0.7272727272727273,0.8181818181818182,0.1569070816040039,
results/experiments_results_random/n15/random_n15_p04.json,random_n15_p04.json,results/experiments_results_random/n15,random,29,15,0.4,0.15,,,34,39.3,28.0,23.5,150,21,22,16,21,23.5,16.0,16.0,15.5,15.5,3,true,65,11,14,1.2142857142857142,1.4035714285714285,0.8392857142857143,0.75,0.7857142857142857,1.3125,1.46875,0.96875,0.6875,0.875,0.18606066703796387,
results/experiments_results_random/n15/random_n15_p04.json,random_n15_p04.json,results/experiments_results_random/n15,random,30,15,0.4,0.15,,,28,33.7,25.0,21.0,127,17,20,6,24,28.7,20.0,20.0,18.0,18.0,1,false,92,14,16,1.12,1.348,0.84,0.68,0.8,1.2,1.435,0.9,0.7,0.8,0.22159528732299805,
results/experiments_results_random/n15/random_n15_p04.json,random_n15_p04.json,results/experiments_results_random/n15,random,31,15,0.4,0.15,,,27,32.6,22.0,18.5,114,13,17,17,9,13.3,8.0,8.0,8.0,8.0,3,true,27,7,7,1.2272727272727273,1.481818181818182,0.8409090909090909,0.5909090909090909,0.7727272727272727,1.125,1.6625,1.0,0.875,0.875,0.15296101570129395,
results/experiments_results_random/n15/random_n15_p04.json,random_n15_p04.json,results/experiments_results_random/n15,random,32,15,0.4,0.15,,,31,36.2,25.0,19.5,125,16,17,12,19,24.0,17.0,17.0,13.5,13.5,5,false,65,11,12,1.24,1.4480000000000002,0.78,0.64,0.68,1.1176470588235294,1.411764705882353,0.7941176470588235,0.6470588235294118,0.7058823529411765,0.23389101028442383,
results/experiments_results_random/n15/random_n15_p04.json,random_n15_p04.json,results/experiments_results_random/n15,random,33,15,0.4,0.15,,,28,34.6,24.0,19.5,117,15,17,16,17,19.0,13.0,13.0,11.5,11.5,2,true,42,9,10,1.1666666666666667,1.4416666666666667,0.8125,0.625,0.7083333333333334,1.3076923076923077,1.4615384615384615,0.8846153846153846,0.6923076923076923,0.7692307692307693,0.17442727088928223,
results/experiments_results_random/n15/random_n15_p04.json,random_n15_p04.json,results/experiments_results_random/n15,random,34,15,0.4,0.15,,,30,34.9,25.0,21.5,137,18,20,12,24,27.2,18.0,18.0,15.5,15.5,2,true,84,10,15,1.2,1.396,0.86,0.72,0.8,1.3333333333333333,1.511111111111111,0.8611111111111112,0.5555555555555556,0.8333333333333334,0.19123101234436035,
results/experiments_results_random/n15/random_n15_p04.json,random_n15_p04.json,results/experiments_results_random/n15,random,35,15,0.4,0.15,,,35,39.4,28.0,23.5,160,19,23,16,22,25.0,17.0,17.0,15.5,15.5,2,true,71,12,14,1.25,1.407142857142857,0.8392857142857143,0.6785714285714286,0.8214285714285714,1.2941176470588236,1.4705882352941178,0.9117647058823529,0.7058823529411765,0.8235294117647058,0.18859100341796875,
results/experiments_results_random/n15/random_n15_p04.json,random_n15_p04.json,results/experiments_results_random/n15,random,36,15,0.4,0.15,,,27,34.3,25.0,23.0,143,16,19,11,23,27.2,19.0,19.0,17.5,17.5,8,false,88,13,14,1.08,1.3719999999999999,0.92,0.64,0.76,1.2105263157894737,1.431578947368421,0.9210526315789473,0.6842105263157895,0.7368421052631579,0.21010684967041016,
results/experiments_results_random/n15/random_n15_p04.json,random_n15_p04.json,results/experiments_results_random/n15,random,37,15,0.4,0.15,,,35,38.9,30.0,25.0,163,21,23,19,18,22.8,16.0,16.0,15.0,15.0,4,false,52,13,13,1.1666666666666667,1.2966666666666666,0.8333333333333334,0.7,0.7666666666666667,1.125,1.425,0.9375,0.8125,0.8125,0.3696770668029785,
results/experiments_results_random/n15/random_n15_p04.json,random_n15_p04.json,results/experiments_results_random/n15,random,38,15,0.4,0.15,,,40,45.3,32.0,25.0,176,22,24,20,21,24.1,18.0,18.0,15.0,15.0,11,false,56,13,14,1.25,1.415625,0.78125,0.6875,0.75,1.1666666666666667,1.338888888888889,0.8333333333333334,0.7222222222222222,0.7777777777777778,0.26223063468933105,
results/experiments_results_random/n15/random_n15_p04.json,random_n15_p04.json,results/experiments_results_random/n15,random,39,15,0.4,0.15,,,25,29.0,23.0,19.0,113,16,17,15,17,19.6,15.0,15.0,12.0,12.0,2,false,47,10,10,1.0869565217391304,1.2608695652173914,0.8260869565217391,0.6956521739130435,0.7391304347826086,1.1333333333333333,1.3066666666666669,0.8,0.6666666666666666,0.6666666666666666,0.1895439624786377,
results/experiments_results_random/n15/random_n15_p04.json,random_n15_p04.json,results/experiments_results_random/n15,random,40,15,0.4,0.15,,,33,38.2,28.0,24.5,158,22,23,19,19,21.0,16.0,16.0,15.0,15.0,8,true,56,12,13,1.1785714285714286,1.3642857142857143,0.875,0.7857142857142857,0.8214285714285714,1.1875,1.3125,0.9375,0.75,0.8125,0.18996000289916992,
results/experiments_results_random/n15/random_n15_p04.json,random_n15_p04.json,results/experiments_results_random/n15,random,41,15,0.4,0.15,,,28,31.8,22.0,18.0,113,15,17,14,14,15.7,12.0,12.0,11.0,11.0,1,false,39,8,9,1.2727272727272727,1.4454545454545455,0.8181818181818182,0.6818181818181818,0.7727272727272727,1.1666666666666667,1.3083333333333333,0.9166666666666666,0.6666666666666666,0.75,0.16632795333862305,
results/experiments_results_random/n15/random_n15_p04.json,random_n15_p04.json,results/experiments_results_random/n15,random,42,15,0.4,0.15,,,32,37.8,26.0,20.0,135,17,19,15,20,21.8,15.0,15.0,12.5,12.5,3,true,54,10,12,1.2307692307692308,1.4538461538461538,0.7692307692307693,0.6538461538461539,0.7307692307692307,1.3333333333333333,1.4533333333333334,0.8333333333333334,0.6666666666666666,0.8,0.20330309867858887,
results/experiments_results_random/n15/random_n15_p04.json,random_n15_p04.json,results/experiments_results_random/n15,random,43,15,0.4,0.15,,,28,31.7,22.0,19.0,110,16,18,15,16,17.2,13.0,13.0,11.5,11.5,0,true,41,9,11,1.2727272727272727,1.440909090909091,0.8636363636363636,0.7272727272727273,0.8181818181818182,1.2307692307692308,1.323076923076923,0.8846153846153846,0.6923076923076923,0.8461538461538461,0.18339276313781738,
results/experiments_results_random/n15/random_n15_p04.json,random_n15_p04.json,results/experiments_results_random/n15,random,44,15,0.4,0.15,,,30,36.2,26.0,20.0,133,16,18,11,24,25.8,17.0,18.0,14.5,14.5,5,false,63,13,14,1.1538461538461537,1.3923076923076925,0.7692307692307693,0.6153846153846154,0.6923076923076923,1.3333333333333333,1.4333333333333333,0.8055555555555556,0.7222222222222222,0.7777777777777778,0.22957205772399902,
results/experiments_results_random/n15/random_n15_p04.json,random_n15_p04.json,results/experiments_results_random/n15,random,45,15,0.4,0.15,,,28,33.4,22.0,20.0,117,17,19,15,17,19.6,13.0,13.0,12.0,12.0,4,true,43,8,10,1.2727272727272727,1.518181818181818,0.9090909090909091,0.7727272727272727,0.8636363636363636,1.3076923076923077,1.5076923076923079,0.9230769230769231,0.6153846153846154,0.7692307692307693,0.17333722114562988,
results/experiments_results_random/n15/random_n15_p04.json,random_n15_p04.json,results/experiments_results_random/n15,random,46,15,0.4,0.15,,,26,30.5,23.0,20.0,116,16,20,16,14,16.8,13.0,13.0,11.5,11.499999999999993,7,false,42,8,9,1.1304347826086956,1.326086956521739,0.8695652173913043,0.6956521739130435,0.8695652173913043,1.0769230769230769,1.2923076923076924,0.884615384615384,0.6153846153846154,0.6923076923076923,0.16454815864562988,
results/experiments_results_random/n15/random_n15_p04.json,random_n15_p04.json,results/experiments_results_random/n15,random,47,15,0.4,0.15,,,21,27.9,19.0,16.5,92,12,15,14,11,12.7,9.0,9.0,8.0,8.0,0,true,26,7,7,1.105263157894737,1.4684210526315788,0.868421052631579,0.631578947368421,0.7894736842105263,1.2222222222222223,1.411111111111111,0.8888888888888888,0.7777777777777778,0.7777777777777778,0.15871310234069824,
results/experiments_results_random/n15/random_n15_p04.json,random_n15_p04.json,results/experiments_results_random/n15,random,48,15,0.4,0.15,,,36,38.5,27.0,22.0,147,18,22,19,15,17.8,12.0,12.0,12.0,12.0,2,false,42,9,11,1.3333333333333333,1.4259259259259258,0.8148148148148148,0.6666666666666666,0.8148148148148148,1.25,1.4833333333333334,1.0,0.75,0.9166666666666666,0.17353200912475586,
results/experiments_results_random/n15/random_n15_p04.json,random_n15_p04.json,results/experiments_results_random/n15,random,49,15,0.4,0.15,,,28,34.2,24.0,20.0,124,17,17,19,14,18.1,12.0,12.0,10.0,10.0,2,false,39,8,9,1.1666666666666667,1.425,0.8333333333333334,0.7083333333333334,0.7083333333333334,1.1666666666666667,1.5083333333333335,0.8333333333333334,0.6666666666666666,0.75,0.17478299140930176,
results/experiments_results_random/n15/random_n15_p04.json,random_n15_p04.json,results/experiments_results_random/n15,random,50,15,0.4,0.15,,,31,36.0,26.0,21.5,135,17,20,17,15,20.2,14.0,14.0,12.5,12.5,6,false,49,10,11,1.1923076923076923,1.3846153846153846,0.8269230769230769,0.6538461538461539,0.7692307692307693,1.0714285714285714,1.4428571428571428,0.8928571428571429,0.7142857142857143,0.7857142857142857,0.19295310974121094,
results/experiments_results_random/n15/random_n15_p03.json,random_n15_p03.json,results/experiments_results_random/n15,random,1,15,0.3,0.15,,,24,27.2,19.0,15.0,81,13,13,13,11,13.7,10.0,11.0,8.5,8.5,2,false,29,7,7,1.263157894736842,1.431578947368421,0.7894736842105263,0.6842105263157895,0.6842105263157895,1.0,1.2454545454545454,0.7727272727272727,0.6363636363636364,0.6363636363636364,0.21152591705322266,
results/experiments_results_random/n15/random_n15_p03.json,random_n15_p03.json,results/experiments_results_random/n15,random,2,15,0.3,0.15,,,23,27.2,20.0,16.5,93,13,16,17,9,12.2,8.0,8.0,7.5,7.5,1,true,25,6,6,1.15,1.3599999999999999,0.825,0.65,0.8,1.125,1.525,0.9375,0.75,0.75,0.14200496673583984,
results/experiments_results_random/n15/random_n15_p03.json,random_n15_p03.json,results/experiments_results_random/n15,random,3,15,0.3,0.15,,,25,28.2,21.0,16.5,93,15,15,14,13,15.6,12.0,12.0,9.5,9.5,2,false,31,8,9,1.1904761904761905,1.3428571428571427,0.7857142857142857,0.7142857142857143,0.7142857142857143,1.0833333333333333,1.3,0.7916666666666666,0.6666666666666666,0.75,0.187514066696167,
results/experiments_results_random/n15/random_n15_p03.json,random_n15_p03.json,results/experiments_results_random/n15,random,4,15,0.3,0.15,,,18,22.2,14.0,12.0,55,8,11,12,8,8.6,6.0,6.0,5.5,5.5,0,true,12,4,4,1.2857142857142858,1.5857142857142856,0.8571428571428571,0.5714285714285714,0.7857142857142857,1.3333333333333333,1.4333333333333333,0.9166666666666666,0.6666666666666666,0.6666666666666666,0.14312386512756348,
results/experiments_results_random/n15/random_n15_p03.json,random_n15_p03.json,results/experiments_results_random/n15,random,5,15,0.3,0.15,,,21,25.4,17.0,14.0,70,11,13,14,6,9.0,6.0,6.0,5.5,5.5,0,true,14,4,5,1.2352941176470589,1.4941176470588236,0.8235294117647058,0.6470588235294118,0.7647058823529411,1.0,1.5,0.9166666666666666,0.6666666666666666,0.8333333333333334,0.13576507568359375,
results/experiments_results_random/n15/random_n15_p03.json,random_n15_p03.json,results/experiments_results_random/n15,random,6,15,0.3,0.15,,,18,23.6,17.0,14.0,66,12,14,14,8,9.2,6.0,6.0,6.0,6.0,1,true,15,4,5,1.0588235294117647,1.3882352941176472,0.8235294117647058,0.7058823529411765,0.8235294117647058,1.3333333333333333,1.5333333333333332,1.0,0.6666666666666666,0.8333333333333334,0.13728904724121094,
results/experiments_results_random/n15/random_n15_p03.json,random_n15_p03.json,results/experiments_results_random/n15,random,7,15,0.3,0.15,,,26,30.8,20.0,15.5,91,14,14,14,11,12.3,9.0,9.0,8.5,8.5,0,true,24,7,8,1.3,1.54,0.775,0.7,0.7,1.2222222222222223,1.3666666666666667,0.9444444444444444,0.7777777777777778,0.8888888888888888,0.14860224723815918,
results/experiments_results_random/n15/random_n15_p03.json,random_n15_p03.json,results/experiments_results_random/n15,random,8,15,0.3,0.15,,,25,30.8,20.0,17.0,98,14,16,12,15,18.7,11.0,11.0,9.5,9.5,2,true,39,8,8,1.25,1.54,0.85,0.7,0.8,1.3636363636363635,1.7,0.8636363636363636,0.7272727272727273,0.7272727272727273,0.16061735153198242,
results/experiments_results_random/n15/random_n15_p03.json,random_n15_p03.json,results/experiments_results_random/n15,random,9,15,0.3,0.15,,,19,22.1,16.0,14.5,73,10,12,16,8,9.3,7.0,7.0,5.5,5.5,0,true,16,4,5,1.1875,1.38125,0.90625,0.625,0.75,1.1428571428571428,1.3285714285714287,0.7857142857142857,0.5714285714285714,0.7142857142857143,0.13662290573120117,
results/experiments_results_random/n15/random_n15_p03.json,random_n15_p03.json,results/experiments_results_random/n15,random,10,15,0.3,0.15,,,25,28.0,19.0,16.0,87,12,15,15,9,10.4,9.0,9.0,8.0,8.0,2,true,20,6,7,1.3157894736842106,1.4736842105263157,0.8421052631578947,0.631578947368421,0.7894736842105263,1.0,1.1555555555555557,0.8888888888888888,0.6666666666666666,0.7777777777777778,0.15987014770507812,
results/experiments_results_random/n15/random_n15_p03.json,random_n15_p03.json,results/experiments_results_random/n15,random,11,15,0.3,0.15,,,27,31.0,23.0,19.5,116,14,18,24,8,9.6,7.0,7.0,7.0,7.0,0,true,16,6,6,1.173913043478261,1.3478260869565217,0.8478260869565217,0.6086956521739131,0.782608695652174,1.1428571428571428,1.3714285714285714,1.0,0.8571428571428571,0.8571428571428571,0.13716363906860352,
results/experiments_results_random/n15/random_n15_p03.json,random_n15_p03.json,results/experiments_results_random/n15,random,12,15,0.3,0.15,,,24,29.6,21.0,17.0,100,13,15,15,12,15.3,9.0,9.0,9.0,9.0,2,true,29,7,9,1.1428571428571428,1.4095238095238096,0.8095238095238095,0.6190476190476191,0.7142857142857143,1.3333333333333333,1.7000000000000002,1.0,0.7777777777777778,1.0,0.14077281951904297,
results/experiments_results_random/n15/random_n15_p03.json,random_n15_p03.json,results/experiments_results_random/n15,random,13,15,0.3,0.15,,,16,18.5,14.0,11.5,50,9,10,13,3,4.1,3.0,3.0,3.0,3.0,0,true,5,3,3,1.1428571428571428,1.3214285714285714,0.8214285714285714,0.6428571428571429,0.7142857142857143,1.0,1.3666666666666665,1.0,1.0,1.0,0.1335291862487793,
results/experiments_results_random/n15/random_n15_p03.json,random_n15_p03.json,results/experiments_results_random/n15,random,14,15,0.3,0.15,,,27,30.6,22.0,16.5,96,15,15,14,12,16.0,11.0,11.0,9.5,9.5,2,false,31,9,8,1.2272727272727273,1.3909090909090909,0.75,0.6818181818181818,0.6818181818181818,1.0909090909090908,1.4545454545454546,0.8636363636363636,0.8181818181818182,0.7272727272727273,0.1691441535949707,
results/experiments_results_random/n15/random_n15_p03.json,random_n15_p03.json,results/experiments_results_random/n15,random,15,15,0.3,0.15,,,20,24.2,17.0,14.5,83,13,14,10,10,15.1,10.0,10.0,9.5,9.5,0,true,36,8,8,1.1764705882352942,1.423529411764706,0.8529411764705882,0.7647058823529411,0.8235294117647058,1.0,1.51,0.95,0.8,0.8,0.17247223854064941,
results/experiments_results_random/n15/random_n15_p03.json,random_n15_p03.json,results/experiments_results_random/n15,random,16,15,0.3,0.15,,,16,20.4,15.0,13.5,52,11,12,17,4,5.0,4.0,4.0,4.0,4.0,0,true,8,4,4,1.0666666666666667,1.3599999999999999,0.9,0.7333333333333333,0.8,1.0,1.25,1.0,1.0,1.0,0.1292400360107422,
results/experiments_results_random/n15/random_n15_p03.json,random_n15_p03.json,results/experiments_results_random/n15,random,17,15,0.3,0.15,,,20,25.9,19.0,16.0,85,13,14,12,14,16.6,11.0,11.0,10.0,10.0,0,true,37,8,9,1.0526315789473684,1.3631578947368421,0.8421052631578947,0.6842105263157895,0.7368421052631579,1.2727272727272727,1.5090909090909093,0.9090909090909091,0.7272727272727273,0.8181818181818182,0.17317581176757812,
results/experiments_results_random/n15/random_n15_p03.json,random_n15_p03.json,results/experiments_results_random/n15,random,18,15,0.3,0.15,,,23,28.2,20.0,15.5,93,14,15,20,7,9.3,7.0,7.0,5.0,5.0,0,true,16,4,4,1.15,1.41,0.775,0.7,0.75,1.0,1.3285714285714287,0.7142857142857143,0.5714285714285714,0.5714285714285714,0.14363908767700195,
results/experiments_results_random/n15/random_n15_p03.json,random_n15_p03.json,results/experiments_results_random/n15,random,19,15,0.3,0.15,,,17,20.8,16.0,13.5,65,10,12,19,1,1.7,1.0,1.0,1.0,1.0,0,true,3,1,1,1.0625,1.3,0.84375,0.625,0.75,1.0,1.7,1.0,1.0,1.0,0.12807106971740723,
results/experiments_results_random/n15/random_n15_p03.json,random_n15_p03.json,results/experiments_results_random/n15,random,20,15,0.3,0.15,,,22,26.3,20.0,16.5,88,13,15,17,10,11.3,8.0,8.0,7.5,7.5,1,true,21,6,7,1.1,1.315,0.825,0.65,0.75,1.25,1.4125,0.9375,0.75,0.875,0.14489102363586426,
results/experiments_results_random/n15/random_n15_p03.json,random_n15_p03.json,results/experiments_results_random/n15,random,21,15,0.3,0.15,,,32,34.5,22.0,17.5,109,15,17,16,14,16.3,11.0,11.0,9.5,9.5,0,true,33,9,9,1.4545454545454546,1.5681818181818181,0.7954545454545454,0.6818181818181818,0.7727272727272727,1.2727272727272727,1.481818181818182,0.8636363636363636,0.8181818181818182,0.8181818181818182,0.1589069366455078,
results/experiments_results_random/n15/random_n15_p03.json,random_n15_p03.json,results/experiments_results_random/n15,random,22,15,0.3,0.15,,,19,20.5,16.0,12.0,58,11,11,13,5,6.0,5.0,5.0,5.0,5.0,0,true,11,5,5,1.1875,1.28125,0.75,0.6875,0.6875,1.0,1.2,1.0,1.0,1.0,0.1704120635986328,
results/experiments_results_random/n15/random_n15_p03.json,random_n15_p03.json,results/experiments_results_random/n15,random,23,15,0.3,0.15,,,23,27.2,18.0,14.5,72,12,13,17,6,7.0,5.0,5.0,5.0,5.0,0,true,12,4,5,1.2777777777777777,1.511111111111111,0.8055555555555556,0.6666666666666666,0.7222222222222222,1.2,1.4,1.0,0.8,1.0,0.13954615592956543,
results/experiments_results_random/n15/random_n15_p03.json,random_n15_p03.json,results/experiments_results_random/n15,random,24,15,0.3,0.15,,,25,30.1,19.0,15.0,84,12,14,14,10,13.0,9.0,9.0,8.0,8.0,0,true,26,6,6,1.3157894736842106,1.5842105263157895,0.7894736842105263,0.631578947368421,0.7368421052631579,1.1111111111111112,1.4444444444444444,0.8888888888888888,0.6666666666666666,0.6666666666666666,0.15021705627441406,
results/experiments_results_random/n15/random_n15_p03.json,random_n15_p03.json,results/experiments_results_random/n15,random,25,15,0.3,0.15,,,29,30.9,24.0,20.5,128,16,18,20,11,14.7,10.0,10.0,10.0,10.0,1,false,30,7,9,1.2083333333333333,1.2874999999999999,0.8541666666666666,0.6666666666666666,0.75,1.1,1.47,1.0,0.7,0.9,0.14195990562438965,
results/experiments_results_random/n15/random_n15_p03.json,random_n15_p03.json,results/experiments_results_random/n15,random,26,15,0.3,0.15,,,26,27.9,22.0,17.0,100,14,16,9,19,21.5,14.0,14.0,12.5,12.5,1,true,53,9,11,1.1818181818181819,1.268181818181818,0.7727272727272727,0.6363636363636364,0.7272727272727273,1.3571428571428572,1.5357142857142858,0.8928571428571429,0.6428571428571429,0.7857142857142857,0.1872236728668213,
results/experiments_results_random/n15/random_n15_p03.json,random_n15_p03.json,results/experiments_results_random/n15,random,27,15,0.3,0.15,,,20,23.1,17.0,15.0,75,13,14,16,7,8.3,6.0,6.0,6.0,6.0,0,true,17,5,5,1.1764705882352942,1.3588235294117648,0.8823529411764706,0.7647058823529411,0.8235294117647058,1.1666666666666667,1.3833333333333335,1.0,0.8333333333333334,0.8333333333333334,0.1360149383544922,
results/experiments_results_random/n15/random_n15_p03.json,random_n15_p03.json,results/experiments_results_random/n15,random,28,15,0.3,0.15,,,20,22.8,16.0,13.0,59,10,12,15,6,6.7,5.0,5.0,5.0,5.0,0,true,10,4,5,1.25,1.425,0.8125,0.625,0.75,1.2,1.34,1.0,0.8,1.0,0.14098310470581055,
results/experiments_results_random/n15/random_n15_p03.json,random_n15_p03.json,results/experiments_results_random/n15,random,29,15,0.3,0.15,,,27,29.8,22.0,17.5,102,15,17,16,11,13.4,10.0,10.0,9.0,9.0,1,false,27,6,8,1.2272727272727273,1.3545454545454545,0.7954545454545454,0.6818181818181818,0.7727272727272727,1.1,1.34,0.9,0.6,0.8,0.16098308563232422,
results/experiments_results_random/n15/random_n15_p03.json,random_n15_p03.json,results/experiments_results_random/n15,random,30,15,0.3,0.15,,,17,20.4,15.0,13.0,66,11,12,6,11,13.5,11.0,11.0,10.0,10.0,0,true,37,9,9,1.1333333333333333,1.3599999999999999,0.8666666666666667,0.7333333333333333,0.8,1.0,1.2272727272727273,0.9090909090909091,0.8181818181818182,0.8181818181818182,0.1757199764251709,
results/experiments_results_random/n15/random_n15_p03.json,random_n15_p03.json,results/experiments_results_random/n15,random,31,15,0.3,0.15,,,22,25.7,19.0,14.0,77,11,12,17,5,6.4,4.0,4.0,4.0,4.0,1,false,9,4,4,1.1578947368421053,1.3526315789473684,0.7368421052631579,0.5789473684210527,0.631578947368421,1.25,1.6,1.0,1.0,1.0,0.14780020713806152,
results/experiments_results_random/n15/random_n15_p03.json,random_n15_p03.json,results/experiments_results_random/n15,random,32,15,0.3,0.15,,,21,25.9,17.0,13.0,66,11,12,12,9,11.5,8.0,8.0,7.0,7.0,0,true,21,5,5,1.2352941176470589,1.5235294117647058,0.7647058823529411,0.6470588235294118,0.7058823529411765,1.125,1.4375,0.875,0.625,0.625,0.16063880920410156,
results/experiments_results_random/n15/random_n15_p03.json,random_n15_p03.json,results/experiments_results_random/n15,random,33,15,0.3,0.15,,,24,29.3,20.0,17.0,93,12,15,16,10,12.6,10.0,10.0,8.5,8.5,1,false,27,6,7,1.2,1.465,0.85,0.6,0.75,1.0,1.26,0.85,0.6,0.7,0.14962100982666016,
results/experiments_results_random/n15/random_n15_p03.json,random_n15_p03.json,results/experiments_results_random/n15,random,34,15,0.3,0.15,,,21,23.5,16.0,14.5,68,12,14,12,11,13.0,8.0,9.0,7.5,7.5,3,false,26,6,7,1.3125,1.46875,0.90625,0.75,0.875,1.2222222222222223,1.4444444444444444,0.8333333333333334,0.6666666666666666,0.7777777777777778,0.15125012397766113,
results/experiments_results_random/n15/random_n15_p03.json,random_n15_p03.json,results/experiments_results_random/n15,random,35,15,0.3,0.15,,,25,30.4,21.0,17.5,101,14,17,16,10,13.3,9.0,9.0,9.0,9.0,0,true,26,7,8,1.1904761904761905,1.4476190476190476,0.8333333333333334,0.6666666666666666,0.8095238095238095,1.1111111111111112,1.4777777777777779,1.0,0.7777777777777778,0.8888888888888888,0.14566993713378906,
results/experiments_results_random/n15/random_n15_p03.json,random_n15_p03.json,results/experiments_results_random/n15,random,36,15,0.3,0.15,,,25,30.2,20.0,17.5,102,13,16,11,14,18.6,12.0,12.0,11.5,11.5,2,false,46,6,9,1.25,1.51,0.875,0.65,0.8,1.1666666666666667,1.55,0.9583333333333334,0.5,0.75,0.15618085861206055,
results/experiments_results_random/n15/random_n15_p03.json,random_n15_p03.json,results/experiments_results_random/n15,random,37,15,0.3,0.15,,,32,35.3,25.0,19.0,119,15,18,19,12,14.6,10.0,10.0,9.5,9.5,0,true,31,8,9,1.28,1.412,0.76,0.6,0.72,1.2,1.46,0.95,0.8,0.9,0.16423583030700684,
results/experiments_results_random/n15/random_n15_p03.json,random_n15_p03.json,results/experiments_results_random/n15,random,38,15,0.3,0.15,,,33,39.7,26.0,19.5,136,16,18,20,13,15.2,10.0,10.0,9.0,9.0,1,false,30,7,8,1.2692307692307692,1.526923076923077,0.75,0.6153846153846154,0.6923076923076923,1.3,1.52,0.9,0.7,0.8,0.16531896591186523,
results/experiments_results_random/n15/random_n15_p03.json,random_n15_p03.json,results/experiments_results_random/n15,random,39,15,0.3,0.15,,,21,26.5,19.0,15.5,93,12,14,15,11,12.8,9.0,9.0,8.0,8.0,0,true,29,6,7,1.105263157894737,1.394736842105263,0.8157894736842105,0.631578947368421,0.7368421052631579,1.2222222222222223,1.4222222222222223,0.8888888888888888,0.6666666666666666,0.7777777777777778,0.1520857810974121,
results/experiments_results_random/n15/random_n15_p03.json,random_n15_p03.json,results/experiments_results_random/n15,random,40,15,0.3,0.15,,,27,31.0,21.0,16.5,105,14,15,19,9,10.2,9.0,9.0,7.0,7.0,0,true,26,5,5,1.2857142857142858,1.4761904761904763,0.7857142857142857,0.6666666666666666,0.7142857142857143,1.0,1.1333333333333333,0.7777777777777778,0.5555555555555556,0.5555555555555556,0.15596699714660645,
results/experiments_results_random/n15/random_n15_p03.json,random_n15_p03.json,results/experiments_results_random/n15,random,41,15,0.3,0.15,,,19,22.9,16.0,13.0,64,12,12,14,6,7.0,5.0,5.0,5.0,5.0,0,true,11,4,5,1.1875,1.43125,0.8125,0.75,0.75,1.2,1.4,1.0,0.8,1.0,0.2620837688446045,
results/experiments_results_random/n15/random_n15_p03.json,random_n15_p03.json,results/experiments_results_random/n15,random,42,15,0.3,0.15,,,23,26.8,19.0,15.0,79,12,14,15,9,10.8,7.0,7.0,7.0,7.0,0,true,19,5,7,1.2105263157894737,1.4105263157894736,0.7894736842105263,0.631578947368421,0.7368421052631579,1.2857142857142858,1.542857142857143,1.0,0.7142857142857143,1.0,0.16341900825500488,
results/experiments_results_random/n15/random_n15_p03.json,random_n15_p03.json,results/experiments_results_random/n15,random,43,15,0.3,0.15,,,18,21.9,16.0,13.5,63,11,13,15,7,8.8,6.0,6.0,5.5,5.5,0,true,16,4,4,1.125,1.36875,0.84375,0.6875,0.8125,1.1666666666666667,1.4666666666666668,0.9166666666666666,0.6666666666666666,0.6666666666666666,0.14046788215637207,
results/experiments_results_random/n15/random_n15_p03.json,random_n15_p03.json,results/experiments_results_random/n15,random,44,15,0.3,0.15,,,26,29.6,21.0,16.5,98,14,15,11,16,17.6,13.0,13.0,11.0,11.0,3,false,38,9,10,1.2380952380952381,1.4095238095238096,0.7857142857142857,0.6666666666666666,0.7142857142857143,1.2307692307692308,1.353846153846154,0.8461538461538461,0.6923076923076923,0.7692307692307693,0.17682623863220215,
results/experiments_results_random/n15/random_n15_p03.json,random_n15_p03.json,results/experiments_results_random/n15,random,45,15,0.3,0.15,,,21,24.6,16.0,14.5,75,10,13,15,7,8.7,6.0,6.0,6.0,6.0,0,true,15,4,6,1.3125,1.5375,0.90625,0.625,0.8125,1.1666666666666667,1.45,1.0,0.6666666666666666,1.0,0.14318585395812988,
results/experiments_results_random/n15/random_n15_p03.json,random_n15_p03.json,results/experiments_results_random/n15,random,46,15,0.3,0.15,,,19,24.8,17.0,15.0,71,11,13,16,7,8.6,5.0,6.0,5.0,6.0,3,false,11,5,5,1.1176470588235294,1.4588235294117649,0.8823529411764706,0.6470588235294118,0.7647058823529411,1.1666666666666667,1.4333333333333333,1.0,0.8333333333333334,0.8333333333333334,0.13647794723510742,
results/experiments_results_random/n15/random_n15_p03.json,random_n15_p03.json,results/experiments_results_random/n15,random,47,15,0.3,0.15,,,16,19.9,15.0,12.5,61,11,12,14,6,7.2,5.0,5.0,5.0,5.0,0,true,12,4,4,1.0666666666666667,1.3266666666666667,0.8333333333333334,0.7333333333333333,0.8,1.2,1.44,1.0,0.8,0.8,0.1411299705505371,
results/experiments_results_random/n15/random_n15_p03.json,random_n15_p03.json,results/experiments_results_random/n15,random,48,15,0.3,0.15,,,24,26.8,19.0,15.0,83,14,15,19,5,6.3,5.0,5.0,4.5,4.5,1,true,12,4,4,1.263157894736842,1.4105263157894736,0.7894736842105263,0.7368421052631579,0.7894736842105263,1.0,1.26,0.9,0.8,0.8,0.1330890655517578,
results/experiments_results_random/n15/random_n15_p03.json,random_n15_p03.json,results/experiments_results_random/n15,random,49,15,0.3,0.15,,,22,30.8,21.0,17.0,96,14,16,19,10,12.9,9.0,9.0,7.5,7.5,0,true,26,6,6,1.0476190476190477,1.4666666666666668,0.8095238095238095,0.6666666666666666,0.7619047619047619,1.1111111111111112,1.4333333333333333,0.8333333333333334,0.6666666666666666,0.6666666666666666,0.1547400951385498,
results/experiments_results_random/n15/random_n15_p03.json,random_n15_p03.json,results/experiments_results_random/n15,random,50,15,0.3,0.15,,,26,28.6,19.0,16.0,86,12,15,17,10,11.7,7.0,8.0,6.5,6.75,2,false,19,5,6,1.368421052631579,1.5052631578947369,0.8421052631578947,0.631578947368421,0.7894736842105263,1.25,1.4625,0.84375,0.625,0.75,0.13909292221069336,
results/experiments_results_random/n15/random_n15_p02.json,random_n15_p02.json,results/experiments_results_random/n15,random,1,15,0.2,0.15,,,12,15.0,10.0,9.5,38,8,8,13,3,3.4,2.0,2.0,2.0,2.0,0,true,4,2,2,1.2,1.5,0.95,0.8,0.8,1.5,1.7,1.0,1.0,1.0,0.16833710670471191,
results/experiments_results_random/n15/random_n15_p02.json,random_n15_p02.json,results/experiments_results_random/n15,random,2,15,0.2,0.15,,,18,20.3,15.0,11.5,59,8,11,17,2,2.9,2.0,2.0,2.0,2.0,0,true,5,1,2,1.2,1.3533333333333333,0.7666666666666667,0.5333333333333333,0.7333333333333333,1.0,1.45,1.0,0.5,1.0,0.13620615005493164,
results/experiments_results_random/n15/random_n15_p02.json,random_n15_p02.json,results/experiments_results_random/n15,random,3,15,0.2,0.15,,,14,16.7,11.0,10.0,37,8,9,14,2,2.1,2.0,2.0,2.0,2.0,0,true,3,2,2,1.2727272727272727,1.518181818181818,0.9090909090909091,0.7272727272727273,0.8181818181818182,1.0,1.05,1.0,1.0,1.0,0.14436912536621094,
results/experiments_results_random/n15/random_n15_p02.json,random_n15_p02.json,results/experiments_results_random/n15,random,4,15,0.2,0.15,,,11,12.1,9.0,7.5,26,6,7,12,1,1.0,1.0,1.0,1.0,1.0,0,true,1,1,1,1.2222222222222223,1.3444444444444443,0.8333333333333334,0.6666666666666666,0.7777777777777778,1.0,1.0,1.0,1.0,1.0,0.1273360252380371,
results/experiments_results_random/n15/random_n15_p02.json,random_n15_p02.json,results/experiments_results_random/n15,random,5,15,0.2,0.15,,,13,16.0,12.0,9.0,36,7,8,14,2,2.8,2.0,2.0,2.0,2.0,0,true,4,2,2,1.0833333333333333,1.3333333333333333,0.75,0.5833333333333334,0.6666666666666666,1.0,1.4,1.0,1.0,1.0,0.1306149959564209,
results/experiments_results_random/n15/random_n15_p02.json,random_n15_p02.json,results/experiments_results_random/n15,random,6,15,0.2,0.15,,,14,18.6,12.0,10.0,42,8,9,14,2,2.2,2.0,2.0,2.0,2.0,0,true,2,2,2,1.1666666666666667,1.55,0.8333333333333334,0.6666666666666666,0.75,1.0,1.1,1.0,1.0,1.0,0.134749174118042,
results/experiments_results_random/n15/random_n15_p02.json,random_n15_p02.json,results/experiments_results_random/n15,random,7,15,0.2,0.15,,,14,18.2,12.0,10.5,42,9,9,14,4,4.3,4.0,4.0,3.5,3.5,0,true,5,3,3,1.1666666666666667,1.5166666666666666,0.875,0.75,0.75,1.0,1.075,0.875,0.75,0.75,0.12942004203796387,
results/experiments_results_random/n15/random_n15_p02.json,random_n15_p02.json,results/experiments_results_random/n15,random,8,15,0.2,0.15,,,15,17.3,12.0,10.5,43,9,10,12,5,5.3,4.0,4.0,4.0,4.0,0,true,11,3,3,1.25,1.4416666666666667,0.875,0.75,0.8333333333333334,1.25,1.325,1.0,0.75,0.75,0.17211318016052246,
results/experiments_results_random/n15/random_n15_p02.json,random_n15_p02.json,results/experiments_results_random/n15,random,9,15,0.2,0.15,,,11,15.2,11.0,10.0,42,8,9,16,2,2.0,2.0,2.0,2.0,2.0,0,true,2,2,2,1.0,1.3818181818181818,0.9090909090909091,0.7272727272727273,0.8181818181818182,1.0,1.0,1.0,1.0,1.0,0.12879514694213867,
results/experiments_results_random/n15/random_n15_p02.json,random_n15_p02.json,results/experiments_results_random/n15,random,10,15,0.2,0.15,,,13,16.9,11.0,9.5,37,8,9,15,2,2.1,2.0,2.0,2.0,2.0,0,true,3,1,2,1.1818181818181819,1.5363636363636362,0.8636363636363636,0.7272727272727273,0.8181818181818182,1.0,1.05,1.0,0.5,1.0,0.13009381294250488,
results/experiments_results_random/n15/random_n15_p02.json,random_n15_p02.json,results/experiments_results_random/n15,random,11,15,0.2,0.15,,,20,23.5,17.0,14.0,71,11,12,24,0,0.0,0.0,0.0,0.0,0.0,0,true,0,0,0,1.1764705882352942,1.3823529411764706,0.8235294117647058,0.6470588235294118,0.7058823529411765,,,,,,0.12053418159484863,
results/experiments_results_random/n15/random_n15_p02.json,random_n15_p02.json,results/experiments_results_random/n15,random,12,15,0.2,0.15,,,17,20.9,15.0,11.0,56,10,11,15,3,4.0,3.0,3.0,3.0,3.0,0,true,6,2,3,1.1333333333333333,1.3933333333333333,0.7333333333333333,0.6666666666666666,0.7333333333333333,1.0,1.3333333333333333,1.0,0.6666666666666666,1.0,0.13555192947387695,
results/experiments_results_random/n15/random_n15_p02.json,random_n15_p02.json,results/experiments_results_random/n15,random,13,15,0.2,0.15,,,11,12.4,10.0,8.5,28,6,7,13,0,0.0,0.0,0.0,0.0,0.0,0,true,0,0,0,1.1,1.24,0.85,0.6,0.7,,,,,,0.1133430004119873,
results/experiments_results_random/n15/random_n15_p02.json,random_n15_p02.json,results/experiments_results_random/n15,random,14,15,0.2,0.15,,,18,19.4,13.0,11.5,48,9,10,14,3,3.9,3.0,3.0,3.0,3.0,0,true,4,3,3,1.3846153846153846,1.4923076923076921,0.8846153846153846,0.6923076923076923,0.7692307692307693,1.0,1.3,1.0,1.0,1.0,0.13095712661743164,
results/experiments_results_random/n15/random_n15_p02.json,random_n15_p02.json,results/experiments_results_random/n15,random,15,15,0.2,0.15,,,5,6.2,5.0,4.5,12,3,4,10,0,0.0,0.0,0.0,0.0,0.0,0,true,0,0,0,1.0,1.24,0.9,0.6,0.8,,,,,,0.11259102821350098,
results/experiments_results_random/n15/random_n15_p02.json,random_n15_p02.json,results/experiments_results_random/n15,random,16,15,0.2,0.15,,,12,15.6,10.0,10.0,38,7,9,17,3,3.0,2.0,2.0,2.0,2.0,0,true,4,2,2,1.2,1.56,1.0,0.7,0.9,1.5,1.5,1.0,1.0,1.0,0.14084291458129883,
results/experiments_results_random/n15/random_n15_p02.json,random_n15_p02.json,results/experiments_results_random/n15,random,17,15,0.2,0.15,,,13,16.7,11.0,9.5,39,7,9,12,3,3.3,3.0,3.0,2.5,2.5,0,true,4,2,2,1.1818181818181819,1.518181818181818,0.8636363636363636,0.6363636363636364,0.8181818181818182,1.0,1.0999999999999999,0.8333333333333334,0.6666666666666666,0.6666666666666666,0.16464781761169434,
results/experiments_results_random/n15/random_n15_p02.json,random_n15_p02.json,results/experiments_results_random/n15,random,18,15,0.2,0.15,,,16,19.2,14.0,11.5,51,10,10,20,0,0.0,0.0,0.0,0.0,0.0,0,true,0,0,0,1.1428571428571428,1.3714285714285714,0.8214285714285714,0.7142857142857143,0.7142857142857143,,,,,,0.12059497833251953,
results/experiments_results_random/n15/random_n15_p02.json,random_n15_p02.json,results/experiments_results_random/n15,random,19,15,0.2,0.15,,,15,18.3,14.0,11.5,49,9,10,19,1,1.2,1.0,1.0,1.0,1.0,0,true,1,1,1,1.0714285714285714,1.3071428571428572,0.8214285714285714,0.6428571428571429,0.7142857142857143,1.0,1.2,1.0,1.0,1.0,0.12572383880615234,
results/experiments_results_random/n15/random_n15_p02.json,random_n15_p02.json,results/experiments_results_random/n15,random,20,15,0.2,0.15,,,17,18.5,13.0,10.5,45,8,10,17,2,2.0,2.0,2.0,2.0,2.0,0,true,2,2,2,1.3076923076923077,1.4230769230769231,0.8076923076923077,0.6153846153846154,0.7692307692307693,1.0,1.0,1.0,1.0,1.0,0.1255779266357422,
results/experiments_results_random/n15/random_n15_p02.json,random_n15_p02.json,results/experiments_results_random/n15,random,21,15,0.2,0.15,,,15,19.2,14.0,12.0,50,10,11,16,4,4.5,4.0,4.0,4.0,4.0,0,true,7,4,4,1.0714285714285714,1.3714285714285714,0.8571428571428571,0.7142857142857143,0.7857142857142857,1.0,1.125,1.0,1.0,1.0,0.12910699844360352,
results/experiments_results_random/n15/random_n15_p02.json,random_n15_p02.json,results/experiments_results_random/n15,random,22,15,0.2,0.15,,,12,13.9,10.0,9.0,33,7,8,13,2,2.0,2.0,2.0,2.0,2.0,0,true,2,2,2,1.2,1.3900000000000001,0.9,0.7,0.8,1.0,1.0,1.0,1.0,1.0,0.1298999786376953,
results/experiments_results_random/n15/random_n15_p02.json,random_n15_p02.json,results/experiments_results_random/n15,random,23,15,0.2,0.15,,,15,17.2,12.0,10.0,39,8,10,17,0,0.0,0.0,0.0,0.0,0.0,0,true,0,0,0,1.25,1.4333333333333333,0.8333333333333334,0.6666666666666666,0.8333333333333334,,,,,,0.11680173873901367,
results/experiments_results_random/n15/random_n15_p02.json,random_n15_p02.json,results/experiments_results_random/n15,random,24,15,0.2,0.15,,,13,14.0,10.0,8.5,28,7,7,14,0,0.0,0.0,0.0,0.0,0.0,0,true,0,0,0,1.3,1.4,0.85,0.7,0.7,,,,,,0.1236419677734375,
results/experiments_results_random/n15/random_n15_p02.json,random_n15_p02.json,results/experiments_results_random/n15,random,25,15,0.2,0.15,,,19,21.8,16.0,13.0,65,10,11,20,3,3.8,3.0,3.0,2.5,2.5,0,true,4,2,2,1.1875,1.3625,0.8125,0.625,0.6875,1.0,1.2666666666666666,0.8333333333333334,0.6666666666666666,0.6666666666666666,0.1277480125427246,
results/experiments_results_random/n15/random_n15_p02.json,random_n15_p02.json,results/experiments_results_random/n15,random,26,15,0.2,0.15,,,10,12.3,9.0,7.0,27,6,7,9,3,3.2,3.0,3.0,2.5,2.5,0,true,4,2,2,1.1111111111111112,1.3666666666666667,0.7777777777777778,0.6666666666666666,0.7777777777777778,1.0,1.0666666666666667,0.8333333333333334,0.6666666666666666,0.6666666666666666,0.13863492012023926,
results/experiments_results_random/n15/random_n15_p02.json,random_n15_p02.json,results/experiments_results_random/n15,random,27,15,0.2,0.15,,,12,14.8,11.0,10.0,36,9,9,16,1,1.0,1.0,1.0,1.0,1.0,0,true,1,1,1,1.0909090909090908,1.3454545454545455,0.9090909090909091,0.8181818181818182,0.8181818181818182,1.0,1.0,1.0,1.0,1.0,0.12488102912902832,
results/experiments_results_random/n15/random_n15_p02.json,random_n15_p02.json,results/experiments_results_random/n15,random,28,15,0.2,0.15,,,12,15.5,11.0,10.0,36,8,8,15,2,2.0,2.0,2.0,2.0,2.0,0,true,2,2,2,1.0909090909090908,1.4090909090909092,0.9090909090909091,0.7272727272727273,0.7272727272727273,1.0,1.0,1.0,1.0,1.0,0.11649298667907715,
results/experiments_results_random/n15/random_n15_p02.json,random_n15_p02.json,results/experiments_results_random/n15,random,29,15,0.2,0.15,,,18,20.3,15.0,11.5,57,10,11,16,4,4.4,4.0,4.0,3.5,3.5,0,true,7,3,3,1.2,1.3533333333333333,0.7666666666666667,0.6666666666666666,0.7333333333333333,1.0,1.1,0.875,0.75,0.75,0.13445210456848145,
results/experiments_results_random/n15/random_n15_p02.json,random_n15_p02.json,results/experiments_results_random/n15,random,30,15,0.2,0.15,,,11,11.3,9.0,7.0,23,6,6,6,5,5.0,4.0,4.0,4.0,4.0,0,true,8,3,3,1.2222222222222223,1.2555555555555555,0.7777777777777778,0.6666666666666666,0.6666666666666666,1.25,1.25,1.0,0.75,0.75,0.16958999633789062,
results/experiments_results_random/n15/random_n15_p02.json,random_n15_p02.json,results/experiments_results_random/n15,random,31,15,0.2,0.15,,,11,13.0,10.0,8.5,29,7,7,17,0,0.0,0.0,0.0,0.0,0.0,0,true,0,0,0,1.1,1.3,0.85,0.7,0.7,,,,,,0.11278295516967773,
results/experiments_results_random/n15/random_n15_p02.json,random_n15_p02.json,results/experiments_results_random/n15,random,32,15,0.2,0.15,,,13,16.8,11.0,9.0,36,8,8,12,3,3.9,3.0,3.0,3.0,3.0,0,true,6,2,2,1.1818181818181819,1.5272727272727273,0.8181818181818182,0.7272727272727273,0.7272727272727273,1.0,1.3,1.0,0.6666666666666666,0.6666666666666666,0.13726377487182617,
results/experiments_results_random/n15/random_n15_p02.json,random_n15_p02.json,results/experiments_results_random/n15,random,33,15,0.2,0.15,,,15,18.4,12.0,11.0,43,8,9,16,2,2.9,2.0,2.0,2.0,2.0,0,true,4,2,2,1.25,1.5333333333333332,0.9166666666666666,0.6666666666666666,0.75,1.0,1.45,1.0,1.0,1.0,0.125809907913208,
results/experiments_results_random/n15/random_n15_p02.json,random_n15_p02.json,results/experiments_results_random/n15,random,34,15,0.2,0.15,,,9,11.2,9.0,8.5,30,8,8,12,2,2.4,2.0,2.0,2.0,2.0,0,true,3,2,2,1.0,1.2444444444444445,0.9444444444444444,0.8888888888888888,0.8888888888888888,1.0,1.2,1.0,1.0,1.0,0.12883520126342773,
results/experiments_results_random/n15/random_n15_p02.json,random_n15_p02.json,results/experiments_results_random/n15,random,35,15,0.2,0.15,,,15,18.5,13.0,11.0,48,9,10,16,0,0.0,0.0,0.0,0.0,0.0,0,true,0,0,0,1.1538461538461537,1.4230769230769231,0.8461538461538461,0.6923076923076923,0.7692307692307693,,,,,,0.1253499984741211,
results/experiments_results_random/n15/random_n15_p02.json,random_n15_p02.json,results/experiments_results_random/n15,random,36,15,0.2,0.15,,,16,19.3,12.0,11.0,47,8,10,11,5,6.6,5.0,5.0,5.0,5.0,0,true,10,3,5,1.3333333333333333,1.6083333333333334,0.9166666666666666,0.6666666666666666,0.8333333333333334,1.0,1.3199999999999998,1.0,0.6,1.0,0.13721108436584473,
results/experiments_results_random/n15/random_n15_p02.json,random_n15_p02.json,results/experiments_results_random/n15,random,37,15,0.2,0.15,,,13,16.1,11.0,11.0,41,8,9,19,0,0.0,0.0,0.0,0.0,0.0,0,true,0,0,0,1.1818181818181819,1.4636363636363638,1.0,0.7272727272727273,0.8181818181818182,,,,,,0.10707688331604004,
results/experiments_results_random/n15/random_n15_p02.json,random_n15_p02.json,results/experiments_results_random/n15,random,38,15,0.2,0.15,,,20,22.2,15.0,12.0,52,8,11,20,1,1.0,1.0,1.0,1.0,1.0,0,true,1,1,1,1.3333333333333333,1.48,0.8,0.5333333333333333,0.7333333333333333,1.0,1.0,1.0,1.0,1.0,0.12450790405273438,
results/experiments_results_random/n15/random_n15_p02.json,random_n15_p02.json,results/experiments_results_random/n15,random,39,15,0.2,0.15,,,11,14.4,10.0,9.0,30,8,8,15,0,0.0,0.0,0.0,0.0,0.0,0,true,0,0,0,1.1,1.44,0.9,0.8,0.8,,,,,,0.11937594413757324,
results/experiments_results_random/n15/random_n15_p02.json,random_n15_p02.json,results/experiments_results_random/n15,random,40,15,0.2,0.15,,,17,19.0,13.0,11.0,49,9,11,19,1,1.5,1.0,1.0,1.0,1.0,0,true,2,1,1,1.3076923076923077,1.4615384615384615,0.8461538461538461,0.6923076923076923,0.8461538461538461,1.0,1.5,1.0,1.0,1.0,0.1351010799407959,
results/experiments_results_random/n15/random_n15_p02.json,random_n15_p02.json,results/experiments_results_random/n15,random,41,15,0.2,0.15,,,12,14.3,10.0,9.5,34,7,9,14,1,1.0,1.0,1.0,1.0,1.0,0,true,1,1,1,1.2,1.4300000000000002,0.95,0.7,0.9,1.0,1.0,1.0,1.0,1.0,0.12476277351379395,
results/experiments_results_random/n15/random_n15_p02.json,random_n15_p02.json,results/experiments_results_random/n15,random,42,15,0.2,0.15,,,14,17.5,13.0,11.0,46,9,10,15,2,2.4,2.0,2.0,2.0,2.0,0,true,3,2,2,1.0769230769230769,1.3461538461538463,0.8461538461538461,0.6923076923076923,0.7692307692307693,1.0,1.2,1.0,1.0,1.0,0.13091802597045898,
results/experiments_results_random/n15/random_n15_p02.json,random_n15_p02.json,results/experiments_results_random/n15,random,43,15,0.2,0.15,,,11,13.7,10.0,8.5,33,8,7,15,1,1.0,1.0,1.0,1.0,1.0,0,true,1,1,1,1.1,1.3699999999999999,0.85,0.8,0.7,1.0,1.0,1.0,1.0,1.0,0.12472200393676758,
results/experiments_results_random/n15/random_n15_p02.json,random_n15_p02.json,results/experiments_results_random/n15,random,44,15,0.2,0.15,,,9,11.4,9.0,8.0,27,7,6,11,2,2.0,2.0,2.0,2.0,2.0,0,true,2,2,2,1.0,1.2666666666666666,0.8888888888888888,0.7777777777777778,0.6666666666666666,1.0,1.0,1.0,1.0,1.0,0.15346312522888184,
results/experiments_results_random/n15/random_n15_p02.json,random_n15_p02.json,results/experiments_results_random/n15,random,45,15,0.2,0.15,,,13,16.4,11.0,10.5,41,7,9,15,2,2.7,2.0,2.0,2.0,2.0,0,true,2,2,2,1.1818181818181819,1.4909090909090907,0.9545454545454546,0.6363636363636364,0.8181818181818182,1.0,1.35,1.0,1.0,1.0,0.1813061237335205,
results/experiments_results_random/n15/random_n15_p02.json,random_n15_p02.json,results/experiments_results_random/n15,random,46,15,0.2,0.15,,,13,18.2,12.0,11.0,45,8,9,16,1,1.4,1.0,1.0,1.0,1.0,0,true,1,1,1,1.0833333333333333,1.5166666666666666,0.9166666666666666,0.6666666666666666,0.75,1.0,1.4,1.0,1.0,1.0,0.12650275230407715,
results/experiments_results_random/n15/random_n15_p02.json,random_n15_p02.json,results/experiments_results_random/n15,random,47,15,0.2,0.15,,,11,13.0,11.0,9.5,35,8,9,14,1,1.3,1.0,1.0,1.0,1.0,0,true,2,1,1,1.0,1.1818181818181819,0.8636363636363636,0.7272727272727273,0.8181818181818182,1.0,1.3,1.0,1.0,1.0,0.12665510177612305,
results/experiments_results_random/n15/random_n15_p02.json,random_n15_p02.json,results/experiments_results_random/n15,random,48,15,0.2,0.15,,,14,17.0,12.0,11.0,42,10,11,19,1,1.0,1.0,1.0,1.0,1.0,0,true,1,1,1,1.1666666666666667,1.4166666666666667,0.9166666666666666,0.8333333333333334,0.9166666666666666,1.0,1.0,1.0,1.0,1.0,0.16708922386169434,
results/experiments_results_random/n15/random_n15_p02.json,random_n15_p02.json,results/experiments_results_random/n15,random,49,15,0.2,0.15,,,17,19.0,13.0,11.5,46,10,11,19,1,2.0,1.0,1.0,1.0,1.0,0,true,2,1,1,1.3076923076923077,1.4615384615384615,0.8846153846153846,0.7692307692307693,0.8461538461538461,1.0,2.0,1.0,1.0,1.0,0.13083910942077637,
results/experiments_results_random/n15/random_n15_p02.json,random_n15_p02.json,results/experiments_results_random/n15,random,50,15,0.2,0.15,,,17,21.0,14.0,11.5,53,9,10,17,2,2.0,2.0,2.0,2.0,2.0,0,true,2,2,2,1.2142857142857142,1.5,0.8214285714285714,0.6428571428571429,0.7142857142857143,1.0,1.0,1.0,1.0,1.0,0.13442397117614746,
results/experiments_results_random/n25/random_n25_p03.json,random_n25_p03.json,results/experiments_results_random/n25,random,1,25,0.3,0.15,,,91,98.4,65.0,48.0,470,42,47,48,37,41.6,30.0,30.0,24.0,24.0,7,false,109,20,22,1.4,1.5138461538461538,0.7384615384615385,0.6461538461538462,0.7230769230769231,1.2333333333333334,1.3866666666666667,0.8,0.6666666666666666,0.7333333333333333,1.4940910339355469,
results/experiments_results_random/n25/random_n25_p03.json,random_n25_p03.json,results/experiments_results_random/n25,random,2,25,0.3,0.15,,,89,98.3,71.0,52.0,520,44,49,43,46,54.3,40.0,40.0,30.5,30.5,14,false,185,24,27,1.2535211267605635,1.384507042253521,0.7323943661971831,0.6197183098591549,0.6901408450704225,1.15,1.3575,0.7625,0.6,0.675,4.2561609745025635,
results/experiments_results_random/n25/random_n25_p03.json,random_n25_p03.json,results/experiments_results_random/n25,random,3,25,0.3,0.15,,,69,78.4,55.0,40.0,370,36,35,36,30,39.4,27.0,27.0,22.0,22.0,2,false,115,20,20,1.2545454545454546,1.4254545454545455,0.7272727272727273,0.6545454545454545,0.6363636363636364,1.1111111111111112,1.4592592592592593,0.8148148148148148,0.7407407407407407,0.7407407407407407,2.5874476432800293,
results/experiments_results_random/n25/random_n25_p03.json,random_n25_p03.json,results/experiments_results_random/n25,random,4,25,0.3,0.15,,,67,73.9,47.0,35.5,289,32,35,33,29,35.3,22.0,22.0,19.0,19.0,0,true,84,15,18,1.425531914893617,1.572340425531915,0.7553191489361702,0.6808510638297872,0.7446808510638298,1.3181818181818181,1.6045454545454545,0.8636363636363636,0.6818181818181818,0.8181818181818182,1.7835609912872314,
results/experiments_results_random/n25/random_n25_p03.json,random_n25_p03.json,results/experiments_results_random/n25,random,5,25,0.3,0.15,,,77,88.4,63.0,44.5,437,41,44,44,32,35.6,26.0,26.0,22.5,22.5,17,false,98,19,19,1.2222222222222223,1.4031746031746033,0.7063492063492064,0.6507936507936508,0.6984126984126984,1.2307692307692308,1.3692307692307693,0.8653846153846154,0.7307692307692307,0.7307692307692307,5.706892728805542,
results/experiments_results_random/n25/random_n25_p03.json,random_n25_p03.json,results/experiments_results_random/n25,random,6,25,0.3,0.15,,,82,90.4,61.0,44.5,431,41,42,43,31,40.4,27.0,27.0,23.0,23.0,10,false,113,18,20,1.3442622950819672,1.481967213114754,0.7295081967213115,0.6721311475409836,0.6885245901639344,1.1481481481481481,1.4962962962962962,0.8518518518518519,0.6666666666666666,0.7407407407407407,3.125901699066162,
results/experiments_results_random/n25/random_n25_p03.json,random_n25_p03.json,results/experiments_results_random/n25,random,7,25,0.3,0.15,,,75,90.7,61.0,43.5,413,39,43,44,33,39.1,27.0,27.0,21.5,21.5,7,false,97,17,19,1.2295081967213115,1.4868852459016393,0.7131147540983607,0.639344262295082,0.7049180327868853,1.2222222222222223,1.4481481481481482,0.7962962962962963,0.6296296296296297,0.7037037037037037,4.19032096862793,
results/experiments_results_random/n25/random_n25_p03.json,random_n25_p03.json,results/experiments_results_random/n25,random,8,25,0.3,0.15,,,69,82.0,60.0,44.0,421,37,43,40,36,43.2,28.0,28.0,24.0,24.0,6,true,124,19,22,1.15,1.3666666666666667,0.7333333333333333,0.6166666666666667,0.7166666666666667,1.2857142857142858,1.542857142857143,0.8571428571428571,0.6785714285714286,0.7857142857142857,4.707263946533203,
results/experiments_results_random/n25/random_n25_p03.json,random_n25_p03.json,results/experiments_results_random/n25,random,9,25,0.3,0.15,,,72,77.5,54.0,39.5,355,34,38,43,26,31.2,23.0,23.0,18.0,18.0,4,false,84,14,17,1.3333333333333333,1.4351851851851851,0.7314814814814815,0.6296296296296297,0.7037037037037037,1.1304347826086956,1.3565217391304347,0.782608695652174,0.6086956521739131,0.7391304347826086,2.8273751735687256,
results/experiments_results_random/n25/random_n25_p03.json,random_n25_p03.json,results/experiments_results_random/n25,random,10,25,0.3,0.15,,,79,94.2,66.0,46.0,471,39,45,47,35,40.3,29.0,29.0,22.5,22.5,5,false,111,18,20,1.196969696969697,1.4272727272727272,0.696969696969697,0.5909090909090909,0.6818181818181818,1.206896551724138,1.389655172413793,0.7758620689655172,0.6206896551724138,0.6896551724137931,5.767060041427612,
results/experiments_results_random/n25/random_n25_p03.json,random_n25_p03.json,results/experiments_results_random/n25,random,11,25,0.3,0.15,,,86,92.2,67.0,48.5,498,42,45,57,29,32.0,22.0,23.0,20.0,20.0,12,false,73,13,18,1.2835820895522387,1.3761194029850747,0.7238805970149254,0.6268656716417911,0.6716417910447762,1.2608695652173914,1.391304347826087,0.8695652173913043,0.5652173913043478,0.782608695652174,4.1371002197265625,
results/experiments_results_random/n25/random_n25_p03.json,random_n25_p03.json,results/experiments_results_random/n25,random,12,25,0.3,0.15,,,88,99.9,72.0,50.5,527,45,49,52,36,45.0,30.0,30.0,24.5,24.5,17,false,111,21,22,1.2222222222222223,1.3875000000000002,0.7013888888888888,0.625,0.6805555555555556,1.2,1.5,0.8166666666666667,0.7,0.7333333333333333,5.543371915817261,
results/experiments_results_random/n25/random_n25_p03.json,random_n25_p03.json,results/experiments_results_random/n25,random,13,25,0.3,0.15,,,72,79.5,56.0,40.5,372,37,39,40,30,36.2,25.0,26.0,20.5,20.5,4,false,94,16,20,1.2857142857142858,1.4196428571428572,0.7232142857142857,0.6607142857142857,0.6964285714285714,1.1538461538461537,1.3923076923076925,0.7884615384615384,0.6153846153846154,0.7692307692307693,4.34322190284729,
results/experiments_results_random/n25/random_n25_p03.json,random_n25_p03.json,results/experiments_results_random/n25,random,14,25,0.3,0.15,,,82,87.9,62.0,45.5,426,41,42,45,35,42.3,28.0,28.0,23.0,23.0,7,true,119,19,20,1.3225806451612903,1.417741935483871,0.7338709677419355,0.6612903225806451,0.6774193548387096,1.25,1.5107142857142857,0.8214285714285714,0.6785714285714286,0.7142857142857143,4.342977046966553,
results/experiments_results_random/n25/random_n25_p03.json,random_n25_p03.json,results/experiments_results_random/n25,random,15,25,0.3,0.15,,,65,71.7,47.0,35.5,281,33,34,25,37,42.4,28.0,28.0,23.0,23.0,2,true,120,19,20,1.3829787234042554,1.525531914893617,0.7553191489361702,0.7021276595744681,0.723404255319149,1.3214285714285714,1.5142857142857142,0.8214285714285714,0.6785714285714286,0.7142857142857143,2.231440782546997,
results/experiments_results_random/n25/random_n25_p03.json,random_n25_p03.json,results/experiments_results_random/n25,random,16,25,0.3,0.15,,,76,88.9,62.0,43.0,436,38,41,50,27,32.5,22.0,22.0,18.5,18.5,7,false,82,14,17,1.2258064516129032,1.4338709677419357,0.6935483870967742,0.6129032258064516,0.6612903225806451,1.2272727272727273,1.4772727272727273,0.8409090909090909,0.6363636363636364,0.7727272727272727,4.01833701133728,
results/experiments_results_random/n25/random_n25_p03.json,random_n25_p03.json,results/experiments_results_random/n25,random,17,25,0.3,0.15,,,86,91.6,62.0,45.0,428,38,43,42,36,44.9,31.0,31.0,24.0,24.0,10,false,132,19,22,1.3870967741935485,1.4774193548387096,0.7258064516129032,0.6129032258064516,0.6935483870967742,1.1612903225806452,1.4483870967741934,0.7741935483870968,0.6129032258064516,0.7096774193548387,3.8868658542633057,
results/experiments_results_random/n25/random_n25_p03.json,random_n25_p03.json,results/experiments_results_random/n25,random,18,25,0.3,0.15,,,80,92.8,63.0,45.5,459,39,44,46,35,38.5,25.0,25.0,22.5,22.5,5,true,96,17,20,1.2698412698412698,1.473015873015873,0.7222222222222222,0.6190476190476191,0.6984126984126984,1.4,1.54,0.9,0.68,0.8,3.3087542057037354,
results/experiments_results_random/n25/random_n25_p03.json,random_n25_p03.json,results/experiments_results_random/n25,random,19,25,0.3,0.15,,,77,86.1,58.0,45.0,417,38,42,47,34,38.2,26.0,26.0,21.5,21.5,5,false,103,16,20,1.3275862068965518,1.4844827586206895,0.7758620689655172,0.6551724137931034,0.7241379310344828,1.3076923076923077,1.4692307692307693,0.8269230769230769,0.6153846153846154,0.7692307692307693,2.7070820331573486,
results/experiments_results_random/n25/random_n25_p03.json,random_n25_p03.json,results/experiments_results_random/n25,random,20,25,0.3,0.15,,,87,94.2,69.0,49.0,492,39,46,42,46,51.8,34.0,34.0,28.0,28.0,8,false,162,22,26,1.2608695652173914,1.365217391304348,0.7101449275362319,0.5652173913043478,0.6666666666666666,1.3529411764705883,1.5235294117647058,0.8235294117647058,0.6470588235294118,0.7647058823529411,5.837230920791626,
results/experiments_results_random/n25/random_n25_p03.json,random_n25_p03.json,results/experiments_results_random/n25,random,21,25,0.3,0.15,,,85,91.5,63.0,45.5,457,38,44,44,37,42.6,29.0,29.0,23.5,23.5,6,false,120,20,21,1.3492063492063493,1.4523809523809523,0.7222222222222222,0.6031746031746031,0.6984126984126984,1.2758620689655173,1.4689655172413794,0.8103448275862069,0.6896551724137931,0.7241379310344828,3.249318838119507,
results/experiments_results_random/n25/random_n25_p03.json,random_n25_p03.json,results/experiments_results_random/n25,random,22,25,0.3,0.15,,,77,86.0,59.0,44.0,403,39,41,51,26,31.8,23.0,23.0,18.5,18.5,3,false,71,14,14,1.305084745762712,1.4576271186440677,0.7457627118644068,0.6610169491525424,0.6949152542372882,1.1304347826086956,1.382608695652174,0.8043478260869565,0.6086956521739131,0.6086956521739131,2.257046937942505,
results/experiments_results_random/n25/random_n25_p03.json,random_n25_p03.json,results/experiments_results_random/n25,random,23,25,0.3,0.15,,,78,90.0,62.0,44.0,429,39,42,42,34,42.3,27.0,27.0,22.5,22.5,8,false,106,19,19,1.2580645161290323,1.4516129032258065,0.7096774193548387,0.6290322580645161,0.6774193548387096,1.2592592592592593,1.5666666666666667,0.8333333333333334,0.7037037037037037,0.7037037037037037,3.7457351684570312,
results/experiments_results_random/n25/random_n25_p03.json,random_n25_p03.json,results/experiments_results_random/n25,random,24,25,0.3,0.15,,,80,90.1,62.0,45.5,441,40,44,47,33,38.4,26.0,26.0,22.0,22.0,1,false,101,17,19,1.2903225806451613,1.4532258064516128,0.7338709677419355,0.6451612903225806,0.7096774193548387,1.2692307692307692,1.4769230769230768,0.8461538461538461,0.6538461538461539,0.7307692307692307,2.048013925552368,
results/experiments_results_random/n25/random_n25_p03.json,random_n25_p03.json,results/experiments_results_random/n25,random,25,25,0.3,0.15,,,74,86.5,63.0,44.5,448,40,42,45,34,39.7,29.0,29.0,22.0,22.0,9,false,104,20,20,1.1746031746031746,1.373015873015873,0.7063492063492064,0.6349206349206349,0.6666666666666666,1.1724137931034482,1.3689655172413795,0.7586206896551724,0.6896551724137931,0.6896551724137931,3.9825477600097656,
results/experiments_results_random/n25/random_n25_p03.json,random_n25_p03.json,results/experiments_results_random/n25,random,26,25,0.3,0.15,,,76,87.8,62.0,45.5,457,39,43,33,46,50.3,35.0,35.0,29.0,29.0,19,true,169,24,25,1.2258064516129032,1.4161290322580644,0.7338709677419355,0.6290322580645161,0.6935483870967742,1.3142857142857143,1.437142857142857,0.8285714285714286,0.6857142857142857,0.7142857142857143,2.388932228088379,
results/experiments_results_random/n25/random_n25_p03.json,random_n25_p03.json,results/experiments_results_random/n25,random,27,25,0.3,0.15,,,67,78.6,54.0,40.0,344,34,38,47,22,26.4,19.0,19.0,16.0,16.0,6,false,54,15,15,1.2407407407407407,1.4555555555555555,0.7407407407407407,0.6296296296296297,0.7037037037037037,1.1578947368421053,1.3894736842105262,0.8421052631578947,0.7894736842105263,0.7894736842105263,1.6352272033691406,
results/experiments_results_random/n25/random_n25_p03.json,random_n25_p03.json,results/experiments_results_random/n25,random,28,25,0.3,0.15,,,65,72.8,49.0,36.5,298,33,35,47,17,18.4,13.0,13.0,12.0,12.0,4,false,32,10,10,1.3265306122448979,1.4857142857142858,0.7448979591836735,0.673469387755102,0.7142857142857143,1.3076923076923077,1.4153846153846152,0.9230769230769231,0.7692307692307693,0.7692307692307693,1.5340030193328857,
results/experiments_results_random/n25/random_n25_p03.json,random_n25_p03.json,results/experiments_results_random/n25,random,29,25,0.3,0.15,,,82,92.0,63.0,45.0,450,41,44,37,43,48.8,31.0,31.0,26.5,26.5,5,false,152,21,25,1.3015873015873016,1.4603174603174602,0.7142857142857143,0.6507936507936508,0.6984126984126984,1.3870967741935485,1.5741935483870966,0.8548387096774194,0.6774193548387096,0.8064516129032258,2.912755250930786,
results/experiments_results_random/n25/random_n25_p03.json,random_n25_p03.json,results/experiments_results_random/n25,random,30,25,0.3,0.15,,,78,93.2,60.0,45.5,435,39,43,46,34,38.7,25.0,25.0,22.5,22.5,13,true,102,17,21,1.3,1.5533333333333335,0.7583333333333333,0.65,0.7166666666666667,1.36,1.548,0.9,0.68,0.84,3.258012056350708,
results/experiments_results_random/n25/random_n25_p03.json,random_n25_p03.json,results/experiments_results_random/n25,random,31,25,0.3,0.15,,,71,78.5,56.0,40.0,356,36,38,42,27,32.2,23.0,23.0,19.0,19.0,3,false,77,17,17,1.2678571428571428,1.4017857142857142,0.7142857142857143,0.6428571428571429,0.6785714285714286,1.173913043478261,1.4000000000000001,0.8260869565217391,0.7391304347826086,0.7391304347826086,2.4514081478118896,
results/experiments_results_random/n25/random_n25_p03.json,random_n25_p03.json,results/experiments_results_random/n25,random,32,25,0.3,0.15,,,98,109.2,75.0,55.0,584,45,53,55,46,52.1,34.0,34.0,27.5,27.5,22,false,142,22,24,1.3066666666666666,1.456,0.7333333333333333,0.6,0.7066666666666667,1.3529411764705883,1.5323529411764707,0.8088235294117647,0.6470588235294118,0.7058823529411765,2.753380060195923,
results/experiments_results_random/n25/random_n25_p03.json,random_n25_p03.json,results/experiments_results_random/n25,random,33,25,0.3,0.15,,,88,92.4,64.0,46.0,452,42,45,40,41,46.7,33.0,33.0,26.0,26.0,9,false,137,22,24,1.375,1.44375,0.71875,0.65625,0.703125,1.2424242424242424,1.4151515151515153,0.7878787878787878,0.6666666666666666,0.7272727272727273,3.421963930130005,
results/experiments_results_random/n25/random_n25_p03.json,random_n25_p03.json,results/experiments_results_random/n25,random,34,25,0.3,0.15,,,80,89.2,62.0,45.0,443,39,44,40,38,44.2,30.0,30.0,25.0,25.0,7,false,141,21,22,1.2903225806451613,1.4387096774193548,0.7258064516129032,0.6290322580645161,0.7096774193548387,1.2666666666666666,1.4733333333333334,0.8333333333333334,0.7,0.7333333333333333,2.6537790298461914,
results/experiments_results_random/n25/random_n25_p03.json,random_n25_p03.json,results/experiments_results_random/n25,random,35,25,0.3,0.15,,,81,92.8,64.0,46.5,474,40,44,47,36,44.7,29.0,30.0,23.0,23.0,10,false,130,18,21,1.265625,1.45,0.7265625,0.625,0.6875,1.2,1.49,0.7666666666666667,0.6,0.7,2.4733128547668457,
results/experiments_results_random/n25/random_n25_p03.json,random_n25_p03.json,results/experiments_results_random/n25,random,36,25,0.3,0.15,,,83,91.4,66.0,48.0,458,44,44,39,45,51.2,35.0,36.0,28.5,28.5,12,false,157,24,26,1.2575757575757576,1.384848484848485,0.7272727272727273,0.6666666666666666,0.6666666666666666,1.25,1.4222222222222223,0.7916666666666666,0.6666666666666666,0.7222222222222222,4.2667577266693115,
results/experiments_results_random/n25/random_n25_p03.json,random_n25_p03.json,results/experiments_results_random/n25,random,37,25,0.3,0.15,,,86,98.5,71.0,51.0,529,45,48,52,35,42.2,29.0,30.0,24.5,24.5,12,false,118,21,23,1.2112676056338028,1.3873239436619718,0.7183098591549296,0.6338028169014085,0.676056338028169,1.1666666666666667,1.4066666666666667,0.8166666666666667,0.7,0.7666666666666667,3.6920907497406006,
results/experiments_results_random/n25/random_n25_p03.json,random_n25_p03.json,results/experiments_results_random/n25,random,38,25,0.3,0.15,,,82,91.5,68.0,48.0,475,42,45,52,32,35.0,27.0,27.0,22.0,22.0,11,false,100,19,19,1.2058823529411764,1.3455882352941178,0.7058823529411765,0.6176470588235294,0.6617647058823529,1.1851851851851851,1.2962962962962963,0.8148148148148148,0.7037037037037037,0.7037037037037037,3.894974946975708,
results/experiments_results_random/n25/random_n25_p03.json,random_n25_p03.json,results/experiments_results_random/n25,random,39,25,0.3,0.15,,,82,88.0,61.0,44.5,423,41,43,45,36,39.7,27.0,28.0,22.0,22.0,5,false,113,19,20,1.3442622950819672,1.4426229508196722,0.7295081967213115,0.6721311475409836,0.7049180327868853,1.2857142857142858,1.417857142857143,0.7857142857142857,0.6785714285714286,0.7142857142857143,2.14509916305542,
results/experiments_results_random/n25/random_n25_p03.json,random_n25_p03.json,results/experiments_results_random/n25,random,40,25,0.3,0.15,,,79,86.0,63.0,44.0,435,38,44,47,25,35.1,24.0,24.0,20.5,20.5,1,false,98,16,17,1.253968253968254,1.3650793650793651,0.6984126984126984,0.6031746031746031,0.6984126984126984,1.0416666666666667,1.4625000000000001,0.8541666666666666,0.6666666666666666,0.7083333333333334,3.8947691917419434,
results/experiments_results_random/n25/random_n25_p03.json,random_n25_p03.json,results/experiments_results_random/n25,random,41,25,0.3,0.15,,,74,86.8,60.0,43.5,419,37,42,37,40,44.6,29.0,29.0,25.0,25.0,5,true,128,20,22,1.2333333333333334,1.4466666666666665,0.725,0.6166666666666667,0.7,1.3793103448275863,1.5379310344827586,0.8620689655172413,0.6896551724137931,0.7586206896551724,2.2891499996185303,
results/experiments_results_random/n25/random_n25_p03.json,random_n25_p03.json,results/experiments_results_random/n25,random,42,25,0.3,0.15,,,82,98.4,68.0,48.5,512,41,46,54,34,38.4,28.0,28.0,21.5,21.5,7,false,105,19,19,1.2058823529411764,1.447058823529412,0.7132352941176471,0.6029411764705882,0.6764705882352942,1.2142857142857142,1.3714285714285714,0.7678571428571429,0.6785714285714286,0.6785714285714286,4.3420422077178955,
results/experiments_results_random/n25/random_n25_p03.json,random_n25_p03.json,results/experiments_results_random/n25,random,43,25,0.3,0.15,,,74,80.9,56.0,42.5,376,38,41,47,24,28.8,20.0,20.0,18.5,18.5,5,true,69,16,16,1.3214285714285714,1.4446428571428573,0.7589285714285714,0.6785714285714286,0.7321428571428571,1.2,1.44,0.925,0.8,0.8,1.8115758895874023,
results/experiments_results_random/n25/random_n25_p03.json,random_n25_p03.json,results/experiments_results_random/n25,random,44,25,0.3,0.15,,,89,100.7,69.0,51.0,508,44,49,45,43,49.6,34.0,34.0,28.5,28.5,9,false,146,25,26,1.289855072463768,1.4594202898550726,0.7391304347826086,0.6376811594202898,0.7101449275362319,1.2647058823529411,1.4588235294117649,0.8382352941176471,0.7352941176470589,0.7647058823529411,2.529942035675049,
results/experiments_results_random/n25/random_n25_p03.json,random_n25_p03.json,results/experiments_results_random/n25,random,45,25,0.3,0.15,,,74,86.0,60.0,42.5,393,38,40,44,32,37.7,27.0,27.0,20.5,20.5,6,false,105,18,19,1.2333333333333334,1.4333333333333333,0.7083333333333334,0.6333333333333333,0.6666666666666666,1.1851851851851851,1.3962962962962964,0.7592592592592593,0.6666666666666666,0.7037037037037037,3.3041937351226807,
results/experiments_results_random/n25/random_n25_p03.json,random_n25_p03.json,results/experiments_results_random/n25,random,46,25,0.3,0.15,,,89,98.8,70.0,50.0,525,44,47,45,42,50.4,35.0,35.0,27.5,27.5,7,false,160,23,24,1.2714285714285714,1.4114285714285715,0.7142857142857143,0.6285714285714286,0.6714285714285714,1.2,1.44,0.7857142857142857,0.6571428571428571,0.6857142857142857,4.01285982131958,
results/experiments_results_random/n25/random_n25_p03.json,random_n25_p03.json,results/experiments_results_random/n25,random,47,25,0.3,0.15,,,82,92.0,63.0,45.0,454,40,42,51,29,32.8,22.0,22.0,18.5,18.75,3,false,79,14,18,1.3015873015873016,1.4603174603174602,0.7142857142857143,0.6349206349206349,0.6666666666666666,1.3181818181818181,1.4909090909090907,0.8522727272727273,0.6363636363636364,0.8181818181818182,3.236518144607544,
results/experiments_results_random/n25/random_n25_p03.json,random_n25_p03.json,results/experiments_results_random/n25,random,48,25,0.3,0.15,,,81,87.2,58.0,44.5,404,39,42,51,25,30.3,20.0,20.0,18.5,18.5,5,false,67,16,16,1.396551724137931,1.503448275862069,0.7672413793103449,0.6724137931034483,0.7241379310344828,1.25,1.5150000000000001,0.925,0.8,0.8,1.5482838153839111,
results/experiments_results_random/n25/random_n25_p03.json,random_n25_p03.json,results/experiments_results_random/n25,random,49,25,0.3,0.15,,,80,91.6,61.0,44.5,434,40,44,42,35,41.3,29.0,29.0,23.5,23.5,9,true,127,19,22,1.3114754098360655,1.501639344262295,0.7295081967213115,0.6557377049180327,0.7213114754098361,1.206896551724138,1.4241379310344826,0.8103448275862069,0.6551724137931034,0.7586206896551724,2.2718119621276855,
results/experiments_results_random/n25/random_n25_p03.json,random_n25_p03.json,results/experiments_results_random/n25,random,50,25,0.3,0.15,,,97,103.2,70.0,49.0,524,43,48,50,38,43.9,29.0,30.0,24.0,24.0,7,false,124,19,21,1.3857142857142857,1.4742857142857144,0.7,0.6142857142857143,0.6857142857142857,1.2666666666666666,1.4633333333333334,0.8,0.6333333333333333,0.7,4.159029006958008,
results/experiments_results_random/n25/random_n25_p02.json,random_n25_p02.json,results/experiments_results_random/n25,random,1,25,0.2,0.15,,,55,62.3,40.0,32.0,215,28,31,48,7,8.1,6.0,6.0,6.0,6.0,0,true,9,6,6,1.375,1.5574999999999999,0.8,0.7,0.775,1.1666666666666667,1.3499999999999999,1.0,1.0,1.0,0.9106400012969971,
results/experiments_results_random/n25/random_n25_p02.json,random_n25_p02.json,results/experiments_results_random/n25,random,2,25,0.2,0.15,,,56,64.1,41.0,33.0,239,26,29,43,15,17.1,12.0,12.0,11.0,11.0,1,true,33,9,9,1.3658536585365855,1.5634146341463413,0.8048780487804879,0.6341463414634146,0.7073170731707317,1.25,1.425,0.9166666666666666,0.75,0.75,0.871412992477417,
results/experiments_results_random/n25/random_n25_p02.json,random_n25_p02.json,results/experiments_results_random/n25,random,3,25,0.2,0.15,,,42,49.3,34.0,25.5,166,21,25,36,7,7.4,6.0,6.0,6.0,6.0,0,true,12,5,4,1.2352941176470589,1.45,0.75,0.6176470588235294,0.7352941176470589,1.1666666666666667,1.2333333333333334,1.0,0.8333333333333334,0.6666666666666666,0.9032011032104492,
results/experiments_results_random/n25/random_n25_p02.json,random_n25_p02.json,results/experiments_results_random/n25,random,4,25,0.2,0.15,,,36,38.6,26.0,21.5,118,18,20,33,5,6.0,4.0,4.0,4.0,4.0,0,true,8,3,3,1.3846153846153846,1.4846153846153847,0.8269230769230769,0.6923076923076923,0.7692307692307693,1.25,1.5,1.0,0.75,0.75,0.8249790668487549,
results/experiments_results_random/n25/random_n25_p02.json,random_n25_p02.json,results/experiments_results_random/n25,random,5,25,0.2,0.15,,,47,58.4,39.0,29.0,219,24,27,44,8,9.5,6.0,6.0,6.0,6.0,1,true,14,6,6,1.205128205128205,1.4974358974358974,0.7435897435897436,0.6153846153846154,0.6923076923076923,1.3333333333333333,1.5833333333333333,1.0,1.0,1.0,0.9761881828308105,
results/experiments_results_random/n25/random_n25_p02.json,random_n25_p02.json,results/experiments_results_random/n25,random,6,25,0.2,0.15,,,51,58.8,40.0,30.0,219,25,29,43,6,8.4,6.0,6.0,6.0,6.0,0,true,13,5,5,1.275,1.47,0.75,0.625,0.725,1.0,1.4000000000000001,1.0,0.8333333333333334,0.8333333333333334,0.8908531665802002,
results/experiments_results_random/n25/random_n25_p02.json,random_n25_p02.json,results/experiments_results_random/n25,random,7,25,0.2,0.15,,,55,64.9,42.0,31.5,245,28,30,44,11,12.9,9.0,9.0,9.0,9.0,1,false,21,6,7,1.3095238095238095,1.5452380952380953,0.75,0.6666666666666666,0.7142857142857143,1.2222222222222223,1.4333333333333333,1.0,0.6666666666666666,0.7777777777777778,1.0026569366455078,
results/experiments_results_random/n25/random_n25_p02.json,random_n25_p02.json,results/experiments_results_random/n25,random,8,25,0.2,0.15,,,46,54.5,38.0,30.0,213,26,28,40,11,12.4,10.0,10.0,9.5,9.5,0,true,21,8,7,1.2105263157894737,1.4342105263157894,0.7894736842105263,0.6842105263157895,0.7368421052631579,1.1,1.24,0.95,0.8,0.7,0.979712963104248,
results/experiments_results_random/n25/random_n25_p02.json,random_n25_p02.json,results/experiments_results_random/n25,random,9,25,0.2,0.15,,,45,50.9,35.0,28.0,181,23,27,43,5,6.5,5.0,5.0,5.0,5.0,0,true,8,4,5,1.2857142857142858,1.4542857142857142,0.8,0.6571428571428571,0.7714285714285715,1.0,1.3,1.0,0.8,1.0,0.9373838901519775,
results/experiments_results_random/n25/random_n25_p02.json,random_n25_p02.json,results/experiments_results_random/n25,random,10,25,0.2,0.15,,,55,60.8,42.0,30.5,242,26,29,47,7,8.0,5.0,5.0,5.0,5.0,0,true,13,4,5,1.3095238095238095,1.4476190476190476,0.7261904761904762,0.6190476190476191,0.6904761904761905,1.4,1.6,1.0,0.8,1.0,1.0876309871673584,
results/experiments_results_random/n25/random_n25_p02.json,random_n25_p02.json,results/experiments_results_random/n25,random,11,25,0.2,0.15,,,60,68.1,48.0,36.0,312,28,34,57,7,8.5,6.0,6.0,5.5,5.5,1,false,12,5,5,1.25,1.41875,0.75,0.5833333333333334,0.7083333333333334,1.1666666666666667,1.4166666666666667,0.9166666666666666,0.8333333333333334,0.8333333333333334,0.9327068328857422,
results/experiments_results_random/n25/random_n25_p02.json,random_n25_p02.json,results/experiments_results_random/n25,random,12,25,0.2,0.15,,,59,68.2,48.0,34.5,291,31,33,52,9,10.1,8.0,8.0,8.0,8.0,0,true,15,6,8,1.2291666666666667,1.4208333333333334,0.71875,0.6458333333333334,0.6875,1.125,1.2625,1.0,0.75,1.0,1.3565540313720703,
results/experiments_results_random/n25/random_n25_p02.json,random_n25_p02.json,results/experiments_results_random/n25,random,13,25,0.2,0.15,,,43,49.8,34.0,26.5,170,22,25,40,5,6.4,5.0,5.0,5.0,5.0,0,true,9,4,5,1.2647058823529411,1.464705882352941,0.7794117647058824,0.6470588235294118,0.7352941176470589,1.0,1.28,1.0,0.8,1.0,1.5236568450927734,
results/experiments_results_random/n25/random_n25_p02.json,random_n25_p02.json,results/experiments_results_random/n25,random,14,25,0.2,0.15,,,54,60.3,42.0,32.0,237,28,29,45,12,14.7,11.0,11.0,9.5,9.5,1,true,29,7,8,1.2857142857142858,1.4357142857142857,0.7619047619047619,0.6666666666666666,0.6904761904761905,1.0909090909090908,1.3363636363636362,0.8636363636363636,0.6363636363636364,0.7272727272727273,1.385416030883789,
results/experiments_results_random/n25/random_n25_p02.json,random_n25_p02.json,results/experiments_results_random/n25,random,15,25,0.2,0.15,,,29,33.9,24.0,19.5,96,18,19,25,6,7.5,6.0,6.0,5.5,5.5,0,true,12,4,5,1.2083333333333333,1.4124999999999999,0.8125,0.75,0.7916666666666666,1.0,1.25,0.9166666666666666,0.6666666666666666,0.8333333333333334,1.6381909847259521,
results/experiments_results_random/n25/random_n25_p02.json,random_n25_p02.json,results/experiments_results_random/n25,random,16,25,0.2,0.15,,,55,66.3,45.0,32.5,273,28,30,50,10,11.3,8.0,8.0,7.5,7.5,1,true,20,5,7,1.2222222222222223,1.4733333333333332,0.7222222222222222,0.6222222222222222,0.6666666666666666,1.25,1.4125,0.9375,0.625,0.875,1.790766716003418,
results/experiments_results_random/n25/random_n25_p02.json,random_n25_p02.json,results/experiments_results_random/n25,random,17,25,0.2,0.15,,,50,57.4,39.0,29.0,197,24,28,42,9,9.5,8.0,8.0,7.5,7.5,0,true,15,5,6,1.2820512820512822,1.4717948717948717,0.7435897435897436,0.6153846153846154,0.717948717948718,1.125,1.1875,0.9375,0.625,0.75,1.8335890769958496,
results/experiments_results_random/n25/random_n25_p02.json,random_n25_p02.json,results/experiments_results_random/n25,random,18,25,0.2,0.15,,,51,58.2,42.0,31.0,225,27,29,46,9,9.8,6.0,6.0,6.0,6.0,0,true,12,5,5,1.2142857142857142,1.3857142857142857,0.7380952380952381,0.6428571428571429,0.6904761904761905,1.5,1.6333333333333335,1.0,0.8333333333333334,0.8333333333333334,2.5634961128234863,
results/experiments_results_random/n25/random_n25_p02.json,random_n25_p02.json,results/experiments_results_random/n25,random,19,25,0.2,0.15,,,55,61.0,43.0,32.0,254,30,31,47,9,10.3,7.0,7.0,7.0,7.0,0,true,16,5,6,1.2790697674418605,1.4186046511627908,0.7441860465116279,0.6976744186046512,0.7209302325581395,1.2857142857142858,1.4714285714285715,1.0,0.7142857142857143,0.8571428571428571,2.547421932220459,
results/experiments_results_random/n25/random_n25_p02.json,random_n25_p02.json,results/experiments_results_random/n25,random,20,25,0.2,0.15,,,51,57.9,38.0,29.5,215,26,28,42,10,13.2,8.0,9.0,8.0,8.0,2,false,23,6,7,1.3421052631578947,1.5236842105263158,0.7763157894736842,0.6842105263157895,0.7368421052631579,1.1111111111111112,1.4666666666666666,0.8888888888888888,0.6666666666666666,0.7777777777777778,2.0736188888549805,
results/experiments_results_random/n25/random_n25_p02.json,random_n25_p02.json,results/experiments_results_random/n25,random,21,25,0.2,0.15,,,52,59.6,41.0,29.0,215,27,27,44,7,8.7,7.0,7.0,6.5,6.5,0,true,14,5,5,1.2682926829268293,1.4536585365853658,0.7073170731707317,0.6585365853658537,0.6585365853658537,1.0,1.2428571428571427,0.9285714285714286,0.7142857142857143,0.7142857142857143,1.9748728275299072,
results/experiments_results_random/n25/random_n25_p02.json,random_n25_p02.json,results/experiments_results_random/n25,random,22,25,0.2,0.15,,,54,62.3,43.0,34.0,246,27,31,51,8,10.1,7.0,7.0,6.5,7.0,3,false,18,5,6,1.255813953488372,1.4488372093023256,0.7906976744186046,0.627906976744186,0.7209302325581395,1.1428571428571428,1.4428571428571428,1.0,0.7142857142857143,0.8571428571428571,1.5779750347137451,
results/experiments_results_random/n25/random_n25_p02.json,random_n25_p02.json,results/experiments_results_random/n25,random,23,25,0.2,0.15,,,49,57.0,38.0,28.5,203,25,27,42,7,9.3,7.0,7.0,6.5,6.5,0,true,14,5,5,1.2894736842105263,1.5,0.75,0.6578947368421053,0.7105263157894737,1.0,1.3285714285714287,0.9285714285714286,0.7142857142857143,0.7142857142857143,1.9110090732574463,
results/experiments_results_random/n25/random_n25_p02.json,random_n25_p02.json,results/experiments_results_random/n25,random,24,25,0.2,0.15,,,52,59.1,41.0,29.0,215,25,28,47,5,5.8,4.0,4.0,4.0,4.0,0,true,7,4,4,1.2682926829268293,1.4414634146341463,0.7073170731707317,0.6097560975609756,0.6829268292682927,1.25,1.45,1.0,1.0,1.0,2.5182621479034424,
results/experiments_results_random/n25/random_n25_p02.json,random_n25_p02.json,results/experiments_results_random/n25,random,25,25,0.2,0.15,,,41,47.9,33.0,26.5,176,23,25,45,3,3.3,2.0,2.0,2.0,2.0,1,false,3,1,2,1.2424242424242424,1.4515151515151514,0.803030303030303,0.696969696969697,0.7575757575757576,1.5,1.65,1.0,0.5,1.0,1.4325766563415527,
results/experiments_results_random/n25/random_n25_p02.json,random_n25_p02.json,results/experiments_results_random/n25,random,26,25,0.2,0.15,,,43,52.0,33.0,26.5,179,20,25,33,10,11.6,8.0,8.0,8.0,8.0,1,true,19,6,7,1.303030303030303,1.5757575757575757,0.803030303030303,0.6060606060606061,0.7575757575757576,1.25,1.45,1.0,0.75,0.875,1.900461196899414,
results/experiments_results_random/n25/random_n25_p02.json,random_n25_p02.json,results/experiments_results_random/n25,random,27,25,0.2,0.15,,,48,56.3,37.0,29.0,199,26,27,47,5,6.2,5.0,5.0,4.5,4.5,0,true,10,3,4,1.2972972972972974,1.5216216216216216,0.7837837837837838,0.7027027027027027,0.7297297297297297,1.0,1.24,0.9,0.6,0.8,1.3678359985351562,
results/experiments_results_random/n25/random_n25_p02.json,random_n25_p02.json,results/experiments_results_random/n25,random,28,25,0.2,0.15,,,41,55.2,38.0,28.5,206,23,26,47,3,3.3,3.0,3.0,3.0,3.0,0,true,5,2,2,1.0789473684210527,1.4526315789473685,0.75,0.6052631578947368,0.6842105263157895,1.0,1.0999999999999999,1.0,0.6666666666666666,0.6666666666666666,2.232172966003418,
results/experiments_results_random/n25/random_n25_p02.json,random_n25_p02.json,results/experiments_results_random/n25,random,29,25,0.2,0.15,,,45,53.9,35.0,27.5,191,23,23,37,13,13.7,9.0,9.0,8.0,8.0,0,true,21,7,7,1.2857142857142858,1.54,0.7857142857142857,0.6571428571428571,0.6571428571428571,1.4444444444444444,1.5222222222222221,0.8888888888888888,0.7777777777777778,0.7777777777777778,2.017913818359375,
results/experiments_results_random/n25/random_n25_p02.json,random_n25_p02.json,results/experiments_results_random/n25,random,30,25,0.2,0.15,,,54,62.9,41.0,31.0,240,26,30,46,8,9.4,7.0,7.0,6.5,6.5,0,true,14,5,6,1.3170731707317074,1.5341463414634147,0.7560975609756098,0.6341463414634146,0.7317073170731707,1.1428571428571428,1.342857142857143,0.9285714285714286,0.7142857142857143,0.8571428571428571,1.9688289165496826,
results/experiments_results_random/n25/random_n25_p02.json,random_n25_p02.json,results/experiments_results_random/n25,random,31,25,0.2,0.15,,,38,46.1,31.0,24.5,153,20,22,42,1,1.6,1.0,1.0,1.0,1.0,0,true,2,1,1,1.2258064516129032,1.4870967741935484,0.7903225806451613,0.6451612903225806,0.7096774193548387,1.0,1.6,1.0,1.0,1.0,1.6913180351257324,
results/experiments_results_random/n25/random_n25_p02.json,random_n25_p02.json,results/experiments_results_random/n25,random,32,25,0.2,0.15,,,67,76.4,51.0,38.5,321,34,37,55,14,15.1,11.0,11.0,10.0,10.0,3,true,25,6,8,1.3137254901960784,1.4980392156862745,0.7549019607843137,0.6666666666666666,0.7254901960784313,1.2727272727272727,1.3727272727272728,0.9090909090909091,0.5454545454545454,0.7272727272727273,1.796854019165039,
results/experiments_results_random/n25/random_n25_p02.json,random_n25_p02.json,results/experiments_results_random/n25,random,33,25,0.2,0.15,,,52,55.8,40.0,30.0,223,27,29,40,11,13.4,9.0,10.0,9.0,9.0,3,false,19,7,7,1.3,1.395,0.75,0.675,0.725,1.1,1.34,0.9,0.7,0.7,2.171159029006958,
results/experiments_results_random/n25/random_n25_p02.json,random_n25_p02.json,results/experiments_results_random/n25,random,34,25,0.2,0.15,,,47,54.9,37.0,27.5,187,23,26,40,6,7.6,6.0,6.0,4.5,4.5,0,true,11,4,4,1.2702702702702702,1.4837837837837837,0.7432432432432432,0.6216216216216216,0.7027027027027027,1.0,1.2666666666666666,0.75,0.6666666666666666,0.6666666666666666,2.1360998153686523,
results/experiments_results_random/n25/random_n25_p02.json,random_n25_p02.json,results/experiments_results_random/n25,random,35,25,0.2,0.15,,,55,60.4,41.0,31.0,249,26,29,47,7,9.4,6.0,6.0,6.0,6.0,1,true,14,4,4,1.3414634146341464,1.473170731707317,0.7560975609756098,0.6341463414634146,0.7073170731707317,1.1666666666666667,1.5666666666666667,1.0,0.6666666666666666,0.6666666666666666,2.265150785446167,
results/experiments_results_random/n25/random_n25_p02.json,random_n25_p02.json,results/experiments_results_random/n25,random,36,25,0.2,0.15,,,46,53.3,37.0,28.5,189,25,28,39,9,10.6,7.0,7.0,7.0,7.0,0,true,18,5,6,1.2432432432432432,1.4405405405405405,0.7702702702702703,0.6756756756756757,0.7567567567567568,1.2857142857142858,1.5142857142857142,1.0,0.7142857142857143,0.8571428571428571,2.3715031147003174,
results/experiments_results_random/n25/random_n25_p02.json,random_n25_p02.json,results/experiments_results_random/n25,random,37,25,0.2,0.15,,,61,67.6,47.0,33.5,271,29,32,52,9,11.1,7.0,7.0,7.0,7.0,0,true,18,6,6,1.297872340425532,1.4382978723404254,0.7127659574468085,0.6170212765957447,0.6808510638297872,1.2857142857142858,1.5857142857142856,1.0,0.8571428571428571,0.8571428571428571,2.1075520515441895,
results/experiments_results_random/n25/random_n25_p02.json,random_n25_p02.json,results/experiments_results_random/n25,random,38,25,0.2,0.15,,,52,59.3,41.0,31.0,223,27,30,52,2,2.0,1.0,2.0,1.0,2.0,1,false,1,1,1,1.2682926829268293,1.446341463414634,0.7560975609756098,0.6585365853658537,0.7317073170731707,1.0,1.0,1.0,0.5,0.5,2.0649337768554688,
results/experiments_results_random/n25/random_n25_p02.json,random_n25_p02.json,results/experiments_results_random/n25,random,39,25,0.2,0.15,,,58,63.9,41.0,30.5,224,26,28,45,8,9.8,8.0,8.0,7.5,7.5,0,true,13,6,7,1.4146341463414633,1.5585365853658537,0.7439024390243902,0.6341463414634146,0.6829268292682927,1.0,1.225,0.9375,0.75,0.875,1.5334670543670654,
results/experiments_results_random/n25/random_n25_p02.json,random_n25_p02.json,results/experiments_results_random/n25,random,40,25,0.2,0.15,,,49,56.1,38.0,29.0,210,24,27,47,4,4.7,4.0,4.0,4.0,4.0,0,true,6,4,4,1.2894736842105263,1.4763157894736842,0.7631578947368421,0.631578947368421,0.7105263157894737,1.0,1.175,1.0,1.0,1.0,1.65053391456604,
results/experiments_results_random/n25/random_n25_p02.json,random_n25_p02.json,results/experiments_results_random/n25,random,41,25,0.2,0.15,,,43,47.7,34.0,26.0,166,22,23,37,5,6.5,5.0,5.0,5.0,5.0,0,true,11,5,5,1.2647058823529411,1.4029411764705884,0.7647058823529411,0.6470588235294118,0.6764705882352942,1.0,1.3,1.0,1.0,1.0,2.091519832611084,
results/experiments_results_random/n25/random_n25_p02.json,random_n25_p02.json,results/experiments_results_random/n25,random,42,25,0.2,0.15,,,65,74.1,50.0,36.0,311,30,34,54,9,11.0,7.0,8.0,7.0,8.0,1,false,18,4,7,1.3,1.482,0.72,0.6,0.68,1.125,1.375,1.0,0.5,0.875,1.8206870555877686,
results/experiments_results_random/n25/random_n25_p02.json,random_n25_p02.json,results/experiments_results_random/n25,random,43,25,0.2,0.15,,,45,51.9,36.0,28.0,187,24,25,47,2,2.7,2.0,2.0,2.0,2.0,0,true,2,2,2,1.25,1.4416666666666667,0.7777777777777778,0.6666666666666666,0.6944444444444444,1.0,1.35,1.0,1.0,1.0,1.9408459663391113,
results/experiments_results_random/n25/random_n25_p02.json,random_n25_p02.json,results/experiments_results_random/n25,random,44,25,0.2,0.15,,,57,66.1,44.0,33.0,255,27,31,45,13,14.7,11.0,11.0,10.0,10.0,0,true,30,8,8,1.2954545454545454,1.5022727272727272,0.75,0.6136363636363636,0.7045454545454546,1.1818181818181819,1.3363636363636362,0.9090909090909091,0.7272727272727273,0.7272727272727273,1.8507440090179443,
results/experiments_results_random/n25/random_n25_p02.json,random_n25_p02.json,results/experiments_results_random/n25,random,45,25,0.2,0.15,,,48,57.6,36.0,29.0,204,24,27,44,7,8.1,5.0,5.0,5.0,5.0,0,true,9,4,5,1.3333333333333333,1.6,0.8055555555555556,0.6666666666666666,0.75,1.4,1.6199999999999999,1.0,0.8,1.0,1.669416904449463,
results/experiments_results_random/n25/random_n25_p02.json,random_n25_p02.json,results/experiments_results_random/n25,random,46,25,0.2,0.15,,,58,63.8,43.0,32.5,250,29,32,45,9,13.5,8.0,8.0,8.0,8.0,0,true,22,7,7,1.3488372093023255,1.483720930232558,0.7558139534883721,0.6744186046511628,0.7441860465116279,1.125,1.6875,1.0,0.875,0.875,1.9862849712371826,
results/experiments_results_random/n25/random_n25_p02.json,random_n25_p02.json,results/experiments_results_random/n25,random,47,25,0.2,0.15,,,58,65.6,43.0,32.0,268,28,30,51,7,7.9,5.0,6.0,5.0,5.0,1,false,11,5,5,1.3488372093023255,1.525581395348837,0.7441860465116279,0.6511627906976745,0.6976744186046512,1.1666666666666667,1.3166666666666667,0.8333333333333334,0.8333333333333334,0.8333333333333334,2.8383328914642334,
results/experiments_results_random/n25/random_n25_p02.json,random_n25_p02.json,results/experiments_results_random/n25,random,48,25,0.2,0.15,,,59,66.1,47.0,33.0,274,30,32,51,5,6.7,5.0,5.0,5.0,5.0,0,true,11,5,5,1.2553191489361701,1.4063829787234041,0.7021276595744681,0.6382978723404256,0.6808510638297872,1.0,1.34,1.0,1.0,1.0,3.4769279956817627,
results/experiments_results_random/n25/random_n25_p02.json,random_n25_p02.json,results/experiments_results_random/n25,random,49,25,0.2,0.15,,,49,56.5,37.0,27.0,196,24,25,42,4,4.8,3.0,3.0,3.0,3.0,0,true,7,3,3,1.3243243243243243,1.527027027027027,0.7297297297297297,0.6486486486486487,0.6756756756756757,1.3333333333333333,1.5999999999999999,1.0,1.0,1.0,1.9160518646240234,
results/experiments_results_random/n25/random_n25_p02.json,random_n25_p02.json,results/experiments_results_random/n25,random,50,25,0.2,0.15,,,66,72.9,48.0,35.5,285,31,34,50,10,12.1,9.0,9.0,8.5,8.5,0,true,19,7,7,1.375,1.51875,0.7395833333333334,0.6458333333333334,0.7083333333333334,1.1111111111111112,1.3444444444444443,0.9444444444444444,0.7777777777777778,0.7777777777777778,2.5955820083618164,
results/experiments_results_random/n25/random_n25_p05.json,random_n25_p05.json,results/experiments_results_random/n25,random,1,25,0.5,0.15,,,119,129.3,98.0,76.5,853,62,73,48,86,89.6,69.0,69.0,52.5,52.5,94,false,396,42,50,1.2142857142857142,1.319387755102041,0.7806122448979592,0.6326530612244898,0.7448979591836735,1.2463768115942029,1.298550724637681,0.7608695652173914,0.6086956521739131,0.7246376811594203,5.979557752609253,
results/experiments_results_random/n25/random_n25_p05.json,random_n25_p05.json,results/experiments_results_random/n25,random,2,25,0.5,0.15,,,122,132.1,105.0,81.0,937,72,77,43,92,101.5,79.0,79.0,59.5,59.5,99,false,507,47,54,1.161904761904762,1.258095238095238,0.7714285714285715,0.6857142857142857,0.7333333333333333,1.1645569620253164,1.2848101265822784,0.7531645569620253,0.5949367088607594,0.6835443037974683,15.43149471282959,
results/experiments_results_random/n25/random_n25_p05.json,random_n25_p05.json,results/experiments_results_random/n25,random,3,25,0.5,0.15,,,108,119.0,89.0,69.5,761,58,67,36,88,94.5,68.0,68.0,51.5,51.5,46,false,434,43,49,1.2134831460674158,1.3370786516853932,0.7808988764044944,0.651685393258427,0.7528089887640449,1.2941176470588236,1.3897058823529411,0.7573529411764706,0.6323529411764706,0.7205882352941176,8.530045986175537,
results/experiments_results_random/n25/random_n25_p05.json,random_n25_p05.json,results/experiments_results_random/n25,random,4,25,0.5,0.15,,,106,119.4,87.0,64.5,722,55,60,33,83,88.3,63.0,64.0,48.0,48.0,32,false,405,41,46,1.2183908045977012,1.3724137931034484,0.7413793103448276,0.632183908045977,0.6896551724137931,1.296875,1.3796875,0.75,0.640625,0.71875,11.803605079650879,
results/experiments_results_random/n25/random_n25_p05.json,random_n25_p05.json,results/experiments_results_random/n25,random,5,25,0.5,0.15,,,133,138.3,106.0,80.0,962,69,76,44,95,101.8,77.0,77.0,58.0,58.0,94,true,499,51,55,1.2547169811320755,1.3047169811320756,0.7547169811320755,0.6509433962264151,0.7169811320754716,1.2337662337662338,1.322077922077922,0.7532467532467533,0.6623376623376623,0.7142857142857143,20.548696041107178,
results/experiments_results_random/n25/random_n25_p05.json,random_n25_p05.json,results/experiments_results_random/n25,random,6,25,0.5,0.15,,,123,134.3,98.0,72.5,856,61,69,43,84,93.7,65.0,65.0,51.0,51.0,68,false,423,45,47,1.2551020408163265,1.3704081632653062,0.7397959183673469,0.6224489795918368,0.7040816326530612,1.2923076923076924,1.4415384615384617,0.7846153846153846,0.6923076923076923,0.7230769230769231,10.811165809631348,
results/experiments_results_random/n25/random_n25_p05.json,random_n25_p05.json,results/experiments_results_random/n25,random,7,25,0.5,0.15,,,113,122.1,94.0,70.0,798,60,68,44,77,85.8,64.0,64.0,48.0,48.0,81,false,368,44,46,1.202127659574468,1.298936170212766,0.7446808510638298,0.6382978723404256,0.723404255319149,1.203125,1.340625,0.75,0.6875,0.71875,11.092176914215088,
results/experiments_results_random/n25/random_n25_p05.json,random_n25_p05.json,results/experiments_results_random/n25,random,8,25,0.5,0.15,,,121,130.0,103.0,78.5,901,66,77,40,96,101.9,76.0,76.0,58.5,58.5,66,true,500,48,55,1.174757281553398,1.2621359223300972,0.7621359223300971,0.6407766990291263,0.7475728155339806,1.263157894736842,1.3407894736842105,0.7697368421052632,0.631578947368421,0.7236842105263158,17.095170974731445,
results/experiments_results_random/n25/random_n25_p05.json,random_n25_p05.json,results/experiments_results_random/n25,random,9,25,0.5,0.15,,,110,125.1,91.0,70.5,814,62,68,43,81,91.4,65.0,65.0,49.0,49.0,63,false,393,41,46,1.2087912087912087,1.3747252747252747,0.7747252747252747,0.6813186813186813,0.7472527472527473,1.2461538461538462,1.4061538461538463,0.7538461538461538,0.6307692307692307,0.7076923076923077,9.060789108276367,
results/experiments_results_random/n25/random_n25_p05.json,random_n25_p05.json,results/experiments_results_random/n25,random,10,25,0.5,0.15,,,130,135.0,106.0,80.5,938,69,78,47,88,95.8,72.0,72.0,57.0,57.0,70,true,459,46,55,1.2264150943396226,1.2735849056603774,0.7594339622641509,0.6509433962264151,0.7358490566037735,1.2222222222222223,1.3305555555555555,0.7916666666666666,0.6388888888888888,0.7638888888888888,16.164896965026855,
results/experiments_results_random/n25/random_n25_p05.json,random_n25_p05.json,results/experiments_results_random/n25,random,11,25,0.5,0.15,,,127,135.1,106.0,80.5,927,63,77,57,84,91.1,68.0,68.0,52.0,52.0,128,false,391,43,49,1.1981132075471699,1.2745283018867923,0.7594339622641509,0.5943396226415094,0.7264150943396226,1.2352941176470589,1.339705882352941,0.7647058823529411,0.6323529411764706,0.7205882352941176,19.45329213142395,
results/experiments_results_random/n25/random_n25_p05.json,random_n25_p05.json,results/experiments_results_random/n25,random,12,25,0.5,0.15,,,116,125.6,93.0,73.0,837,61,68,52,77,86.9,61.0,61.0,47.0,47.0,92,false,344,40,44,1.2473118279569892,1.3505376344086022,0.7849462365591398,0.6559139784946236,0.7311827956989247,1.2622950819672132,1.4245901639344263,0.7704918032786885,0.6557377049180327,0.7213114754098361,6.17437219619751,
results/experiments_results_random/n25/random_n25_p05.json,random_n25_p05.json,results/experiments_results_random/n25,random,13,25,0.5,0.15,,,125,130.8,98.0,73.0,863,65,72,40,88,94.0,68.0,68.0,53.0,53.0,34,true,442,45,52,1.2755102040816326,1.3346938775510204,0.7448979591836735,0.6632653061224489,0.7346938775510204,1.2941176470588236,1.3823529411764706,0.7794117647058824,0.6617647058823529,0.7647058823529411,12.764619588851929,
results/experiments_results_random/n25/random_n25_p05.json,random_n25_p05.json,results/experiments_results_random/n25,random,14,25,0.5,0.15,,,117,121.7,95.0,71.5,795,61,68,45,77,87.5,65.0,65.0,49.0,49.0,71,true,363,40,44,1.231578947368421,1.2810526315789474,0.7526315789473684,0.6421052631578947,0.7157894736842105,1.1846153846153846,1.3461538461538463,0.7538461538461538,0.6153846153846154,0.676923076923077,10.32437014579773,
results/experiments_results_random/n25/random_n25_p05.json,random_n25_p05.json,results/experiments_results_random/n25,random,15,25,0.5,0.15,,,122,127.9,94.0,71.5,835,60,69,25,102,107.0,76.0,76.0,59.0,59.0,32,true,567,50,56,1.297872340425532,1.3606382978723406,0.7606382978723404,0.6382978723404256,0.7340425531914894,1.3421052631578947,1.4078947368421053,0.7763157894736842,0.6578947368421053,0.7368421052631579,8.139383792877197,
results/experiments_results_random/n25/random_n25_p05.json,random_n25_p05.json,results/experiments_results_random/n25,random,16,25,0.5,0.15,,,123,133.5,101.0,76.5,882,67,74,50,84,91.7,68.0,68.0,51.5,51.5,78,false,396,44,49,1.2178217821782178,1.3217821782178218,0.7574257425742574,0.6633663366336634,0.7326732673267327,1.2352941176470589,1.348529411764706,0.7573529411764706,0.6470588235294118,0.7205882352941176,15.729862928390503,
results/experiments_results_random/n25/random_n25_p05.json,random_n25_p05.json,results/experiments_results_random/n25,random,17,25,0.5,0.15,,,118,131.6,99.0,77.50000000000001,901,67,74,42,91,101.4,75.0,75.0,56.5,56.5,76,false,493,48,55,1.1919191919191918,1.3292929292929292,0.782828282828283,0.6767676767676768,0.7474747474747475,1.2133333333333334,1.352,0.7533333333333333,0.64,0.7333333333333333,14.032347917556763,
results/experiments_results_random/n25/random_n25_p05.json,random_n25_p05.json,results/experiments_results_random/n25,random,18,25,0.5,0.15,,,114,124.0,89.0,69.0,802,60,66,46,73,79.3,59.0,59.0,46.0,46.0,55,false,342,38,45,1.2808988764044944,1.3932584269662922,0.7752808988764045,0.6741573033707865,0.7415730337078652,1.2372881355932204,1.3440677966101695,0.7796610169491526,0.6440677966101694,0.7627118644067796,9.190359115600586,
results/experiments_results_random/n25/random_n25_p05.json,random_n25_p05.json,results/experiments_results_random/n25,random,19,25,0.5,0.15,,,113,128.1,92.0,71.5,826,61,70,47,79,91.9,62.0,62.0,48.0,48.0,50,true,399,38,45,1.2282608695652173,1.392391304347826,0.7771739130434783,0.6630434782608695,0.7608695652173914,1.2741935483870968,1.4822580645161292,0.7741935483870968,0.6129032258064516,0.7258064516129032,5.768017053604126,
results/experiments_results_random/n25/random_n25_p05.json,random_n25_p05.json,results/experiments_results_random/n25,random,20,25,0.5,0.15,,,122,129.7,97.0,79.0,905,64,75,42,90,99.9,71.0,71.0,58.0,58.0,63,false,492,48,53,1.2577319587628866,1.3371134020618556,0.8144329896907216,0.6597938144329897,0.7731958762886598,1.267605633802817,1.4070422535211269,0.8169014084507042,0.676056338028169,0.7464788732394366,8.017968893051147,
results/experiments_results_random/n25/random_n25_p05.json,random_n25_p05.json,results/experiments_results_random/n25,random,21,25,0.5,0.15,,,124,130.9,100.0,74.50000000000003,871,63,71,44,82,93.4,70.0,70.0,52.5,52.5,67,false,435,44,48,1.24,1.3090000000000002,0.7450000000000003,0.63,0.71,1.1714285714285715,1.3342857142857143,0.75,0.6285714285714286,0.6857142857142857,14.883486032485962,
results/experiments_results_random/n25/random_n25_p05.json,random_n25_p05.json,results/experiments_results_random/n25,random,22,25,0.5,0.15,,,128,135.5,101.0,76.0,900,66,71,51,82,88.2,67.0,67.0,50.5,50.5,67,false,392,44,48,1.2673267326732673,1.3415841584158417,0.7524752475247525,0.6534653465346535,0.7029702970297029,1.2238805970149254,1.3164179104477611,0.753731343283582,0.6567164179104478,0.7164179104477612,9.9043869972229,
results/experiments_results_random/n25/random_n25_p05.json,random_n25_p05.json,results/experiments_results_random/n25,random,23,25,0.5,0.15,,,123,133.3,101.0,71.5,859,62,70,42,82,93.8,69.0,69.0,50.5,50.5,58,false,414,43,48,1.2178217821782178,1.3198019801980199,0.7079207920792079,0.6138613861386139,0.693069306930693,1.1884057971014492,1.3594202898550725,0.7318840579710145,0.6231884057971014,0.6956521739130435,16.338629007339478,
results/experiments_results_random/n25/random_n25_p05.json,random_n25_p05.json,results/experiments_results_random/n25,random,24,25,0.5,0.15,,,112,126.8,98.0,75.0,836,64,73,47,82,88.8,65.0,65.0,51.5,51.5,77,false,386,44,49,1.1428571428571428,1.2938775510204081,0.7653061224489796,0.6530612244897959,0.7448979591836735,1.2615384615384615,1.366153846153846,0.7923076923076923,0.676923076923077,0.7538461538461538,8.101134061813354,
results/experiments_results_random/n25/random_n25_p05.json,random_n25_p05.json,results/experiments_results_random/n25,random,25,25,0.5,0.15,,,109,124.0,95.0,72.0,839,63,69,45,82,89.8,65.0,65.0,49.5,49.5,95,false,389,41,46,1.1473684210526316,1.305263157894737,0.7578947368421053,0.6631578947368421,0.7263157894736842,1.2615384615384615,1.3815384615384616,0.7615384615384615,0.6307692307692307,0.7076923076923077,7.92090106010437,
results/experiments_results_random/n25/random_n25_p05.json,random_n25_p05.json,results/experiments_results_random/n25,random,26,25,0.5,0.15,,,122,133.9,98.0,75.5,894,66,73,33,96,106.3,77.0,77.0,59.0,59.0,63,true,532,49,55,1.2448979591836735,1.366326530612245,0.7704081632653061,0.673469387755102,0.7448979591836735,1.2467532467532467,1.3805194805194805,0.7662337662337663,0.6363636363636364,0.7142857142857143,10.202945947647095,
results/experiments_results_random/n25/random_n25_p05.json,random_n25_p05.json,results/experiments_results_random/n25,random,27,25,0.5,0.15,,,117,122.4,91.0,65.0,758,59,63,47,74,77.2,56.0,56.0,41.5,41.5,43,false,306,36,37,1.2857142857142858,1.3450549450549452,0.7142857142857143,0.6483516483516484,0.6923076923076923,1.3214285714285714,1.3785714285714286,0.7410714285714286,0.6428571428571429,0.6607142857142857,11.218645095825195,
results/experiments_results_random/n25/random_n25_p05.json,random_n25_p05.json,results/experiments_results_random/n25,random,28,25,0.5,0.15,,,111,119.6,90.0,64.5,744,57,61,47,67,76.6,54.0,54.0,41.0,41.0,32,false,304,36,40,1.2333333333333334,1.3288888888888888,0.7166666666666667,0.6333333333333333,0.6777777777777778,1.2407407407407407,1.4185185185185185,0.7592592592592593,0.6666666666666666,0.7407407407407407,8.332292795181274,
results/experiments_results_random/n25/random_n25_p05.json,random_n25_p05.json,results/experiments_results_random/n25,random,29,25,0.5,0.15,,,125,135.8,101.0,76.0,913,66,73,37,95,103.7,74.0,74.0,57.5,57.5,67,true,514,45,54,1.2376237623762376,1.3445544554455446,0.7524752475247525,0.6534653465346535,0.7227722772277227,1.2837837837837838,1.4013513513513514,0.777027027027027,0.6081081081081081,0.7297297297297297,11.238420009613037,
results/experiments_results_random/n25/random_n25_p05.json,random_n25_p05.json,results/experiments_results_random/n25,random,30,25,0.5,0.15,,,125,131.8,93.0,76.5,857,65,73,46,88,93.5,66.0,66.0,53.5,53.5,93,false,415,43,50,1.3440860215053763,1.4172043010752688,0.8225806451612904,0.6989247311827957,0.7849462365591398,1.3333333333333333,1.4166666666666667,0.8106060606060606,0.6515151515151515,0.7575757575757576,4.768654823303223,
results/experiments_results_random/n25/random_n25_p05.json,random_n25_p05.json,results/experiments_results_random/n25,random,31,25,0.5,0.15,,,112,122.5,92.0,69.5,772,63,66,42,80,88.5,63.0,63.0,48.5,48.5,53,true,372,39,46,1.2173913043478262,1.3315217391304348,0.7554347826086957,0.6847826086956522,0.717391304347826,1.2698412698412698,1.4047619047619047,0.7698412698412699,0.6190476190476191,0.7301587301587301,9.129361152648926,
results/experiments_results_random/n25/random_n25_p05.json,random_n25_p05.json,results/experiments_results_random/n25,random,32,25,0.5,0.15,,,128,135.7,106.0,85.00000000000001,977,69,83,55,87,98.1,71.0,71.0,57.5,57.5,139,true,416,45,54,1.2075471698113207,1.280188679245283,0.8018867924528303,0.6509433962264151,0.7830188679245284,1.2253521126760563,1.3816901408450704,0.8098591549295775,0.6338028169014085,0.7605633802816901,13.176079750061035,
results/experiments_results_random/n25/random_n25_p05.json,random_n25_p05.json,results/experiments_results_random/n25,random,33,25,0.5,0.15,,,125,132.8,106.0,77.5,927,67,77,40,98,104.2,78.0,78.0,57.5,57.5,79,false,524,49,53,1.179245283018868,1.2528301886792454,0.7311320754716981,0.6320754716981132,0.7264150943396226,1.2564102564102564,1.335897435897436,0.7371794871794872,0.6282051282051282,0.6794871794871795,23.11167597770691,
results/experiments_results_random/n25/random_n25_p05.json,random_n25_p05.json,results/experiments_results_random/n25,random,34,25,0.5,0.15,,,123,133.5,95.0,74.5,871,62,71,40,86,92.8,68.0,68.0,54.5,54.5,81,true,438,43,51,1.2947368421052632,1.4052631578947368,0.7842105263157895,0.6526315789473685,0.7473684210526316,1.2647058823529411,1.3647058823529412,0.8014705882352942,0.6323529411764706,0.75,5.648403167724609,
results/experiments_results_random/n25/random_n25_p05.json,random_n25_p05.json,results/experiments_results_random/n25,random,35,25,0.5,0.15,,,115,130.6,102.0,79.5,887,68,77,47,94,101.0,74.0,74.0,56.0,56.0,88,false,449,45,53,1.1274509803921569,1.280392156862745,0.7794117647058824,0.6666666666666666,0.7549019607843137,1.2702702702702702,1.364864864864865,0.7567567567567568,0.6081081081081081,0.7162162162162162,15.080167770385742,
results/experiments_results_random/n25/random_n25_p05.json,random_n25_p05.json,results/experiments_results_random/n25,random,36,25,0.5,0.15,,,115,134.8,105.0,83.0,954,70,80,39,95,106.5,79.0,79.0,63.5,63.5,102,true,544,51,58,1.0952380952380953,1.283809523809524,0.7904761904761904,0.6666666666666666,0.7619047619047619,1.2025316455696202,1.3481012658227849,0.8037974683544303,0.6455696202531646,0.7341772151898734,11.866600036621094,
results/experiments_results_random/n25/random_n25_p05.json,random_n25_p05.json,results/experiments_results_random/n25,random,37,25,0.5,0.15,,,122,135.8,101.0,81.5,937,67,78,52,86,97.9,72.0,72.0,55.5,55.5,102,false,439,44,52,1.2079207920792079,1.3445544554455446,0.806930693069307,0.6633663366336634,0.7722772277227723,1.1944444444444444,1.3597222222222223,0.7708333333333334,0.6111111111111112,0.7222222222222222,8.5311439037323,
results/experiments_results_random/n25/random_n25_p05.json,random_n25_p05.json,results/experiments_results_random/n25,random,38,25,0.5,0.15,,,119,129.9,98.0,78.0,887,66,76,52,82,91.8,69.0,69.0,52.0,52.0,107,true,397,44,49,1.2142857142857142,1.3255102040816327,0.7959183673469388,0.673469387755102,0.7755102040816326,1.1884057971014492,1.3304347826086955,0.7536231884057971,0.6376811594202898,0.7101449275362319,9.193221807479858,
results/experiments_results_random/n25/random_n25_p05.json,random_n25_p05.json,results/experiments_results_random/n25,random,39,25,0.5,0.15,,,110,126.6,97.0,73.5,850,63,71,45,81,93.0,65.0,65.0,51.0,51.0,86,false,407,42,48,1.134020618556701,1.3051546391752578,0.7577319587628866,0.6494845360824743,0.7319587628865979,1.2461538461538462,1.4307692307692308,0.7846153846153846,0.6461538461538462,0.7384615384615385,9.084078788757324,
results/experiments_results_random/n25/random_n25_p05.json,random_n25_p05.json,results/experiments_results_random/n25,random,40,25,0.5,0.15,,,116,127.0,97.0,76.5,863,66,74,47,84,92.3,68.0,68.0,53.0,53.0,70,false,403,44,49,1.1958762886597938,1.309278350515464,0.788659793814433,0.6804123711340206,0.7628865979381443,1.2352941176470589,1.3573529411764707,0.7794117647058824,0.6470588235294118,0.7205882352941176,7.665031909942627,
results/experiments_results_random/n25/random_n25_p05.json,random_n25_p05.json,results/experiments_results_random/n25,random,41,25,0.5,0.15,,,119,129.9,92.0,70.5,826,61,66,37,88,95.2,68.0,68.0,52.0,52.0,42,false,449,46,50,1.2934782608695652,1.4119565217391306,0.7663043478260869,0.6630434782608695,0.717391304347826,1.2941176470588236,1.4000000000000001,0.7647058823529411,0.6764705882352942,0.7352941176470589,6.016985893249512,
results/experiments_results_random/n25/random_n25_p05.json,random_n25_p05.json,results/experiments_results_random/n25,random,42,25,0.5,0.15,,,126,132.6,101.0,77.5,923,63,76,54,80,86.6,66.0,66.0,50.5,50.5,85,false,382,42,45,1.2475247524752475,1.3128712871287127,0.7673267326732673,0.6237623762376238,0.7524752475247525,1.2121212121212122,1.312121212121212,0.7651515151515151,0.6363636363636364,0.6818181818181818,10.866809844970703,
results/experiments_results_random/n25/random_n25_p05.json,random_n25_p05.json,results/experiments_results_random/n25,random,43,25,0.5,0.15,,,118,124.9,99.0,76.5,849,65,73,47,87,92.8,67.0,67.0,53.0,53.0,109,false,411,46,50,1.1919191919191918,1.2616161616161616,0.7727272727272727,0.6565656565656566,0.7373737373737373,1.2985074626865671,1.3850746268656715,0.7910447761194029,0.6865671641791045,0.746268656716418,10.061331272125244,
results/experiments_results_random/n25/random_n25_p05.json,random_n25_p05.json,results/experiments_results_random/n25,random,44,25,0.5,0.15,,,127,136.6,104.0,79.5,926,70,76,45,93,100.2,74.0,74.0,57.0,57.0,75,true,481,47,53,1.2211538461538463,1.3134615384615385,0.7644230769230769,0.6730769230769231,0.7307692307692307,1.2567567567567568,1.354054054054054,0.7702702702702703,0.6351351351351351,0.7162162162162162,14.661495208740234,
results/experiments_results_random/n25/random_n25_p05.json,random_n25_p05.json,results/experiments_results_random/n25,random,45,25,0.5,0.15,,,127,136.2,100.0,74.5,892,68,71,44,88,97.5,70.0,71.0,52.5,52.5,73,false,445,43,50,1.27,1.3619999999999999,0.745,0.68,0.71,1.2394366197183098,1.3732394366197183,0.7394366197183099,0.6056338028169014,0.704225352112676,11.409457206726074,
results/experiments_results_random/n25/random_n25_p05.json,random_n25_p05.json,results/experiments_results_random/n25,random,46,25,0.5,0.15,,,126,139.2,108.0,84.0,961,72,79,45,104,110.2,82.0,82.0,61.5,61.5,84,false,531,51,58,1.1666666666666667,1.2888888888888888,0.7777777777777778,0.6666666666666666,0.7314814814814815,1.2682926829268293,1.3439024390243903,0.75,0.6219512195121951,0.7073170731707317,17.868558168411255,
results/experiments_results_random/n25/random_n25_p05.json,random_n25_p05.json,results/experiments_results_random/n25,random,47,25,0.5,0.15,,,117,127.9,98.0,74.00000000000003,855,62,72,51,78,92.3,63.0,63.0,48.5,48.5,86,false,387,40,47,1.1938775510204083,1.3051020408163265,0.7551020408163268,0.6326530612244898,0.7346938775510204,1.2380952380952381,1.465079365079365,0.7698412698412699,0.6349206349206349,0.746031746031746,8.63512897491455,
results/experiments_results_random/n25/random_n25_p05.json,random_n25_p05.json,results/experiments_results_random/n25,random,48,25,0.5,0.15,,,114,125.8,96.0,77.0,849,66,71,51,81,88.7,65.0,65.0,51.5,51.5,72,false,384,41,46,1.1875,1.3104166666666666,0.8020833333333334,0.6875,0.7395833333333334,1.2461538461538462,1.3646153846153846,0.7923076923076923,0.6307692307692307,0.7076923076923077,6.6035919189453125,
results/experiments_results_random/n25/random_n25_p05.json,random_n25_p05.json,results/experiments_results_random/n25,random,49,25,0.5,0.15,,,111,122.9,95.0,70.5,793,60,67,42,81,90.1,65.0,65.0,49.5,49.5,52,true,384,41,46,1.168421052631579,1.2936842105263158,0.7421052631578947,0.631578947368421,0.7052631578947368,1.2461538461538462,1.386153846153846,0.7615384615384615,0.6307692307692307,0.7076923076923077,10.613560199737549,
results/experiments_results_random/n25/random_n25_p05.json,random_n25_p05.json,results/experiments_results_random/n25,random,50,25,0.5,0.15,,,130,135.6,104.0,78.0,936,69,76,50,87,94.5,71.0,71.0,53.0,53.0,98,false,420,44,50,1.25,1.3038461538461539,0.75,0.6634615384615384,0.7307692307692307,1.2253521126760563,1.3309859154929577,0.7464788732394366,0.6197183098591549,0.704225352112676,13.932538032531738,
results/experiments_results_random/n25/random_n25_p08.json,random_n25_p08.json,results/experiments_results_random/n25,random,1,25,0.8,0.15,,,81,102.1,56.0,56.0,849,50,56,48,102,113.6,56.0,56.0,56.0,56.0,251,true,537,49,56,1.4464285714285714,1.8232142857142857,1.0,0.8928571428571429,1.0,1.8214285714285714,2.0285714285714285,1.0,0.875,1.0,0.8227148056030273,
results/experiments_results_random/n25/random_n25_p08.json,random_n25_p08.json,results/experiments_results_random/n25,random,2,25,0.8,0.15,,,90,107.2,56.0,56.0,870,50,56,43,104,114.8,56.0,56.0,56.0,56.0,185,true,589,49,56,1.6071428571428572,1.9142857142857144,1.0,0.8928571428571429,1.0,1.8571428571428572,2.05,1.0,0.875,1.0,0.7600388526916504,
results/experiments_results_random/n25/random_n25_p08.json,random_n25_p08.json,results/experiments_results_random/n25,random,3,25,0.8,0.15,,,60,109.4,56.0,56.0,839,53,56,36,71,121.0,56.0,56.0,56.0,56.0,128,true,603,50,56,1.0714285714285714,1.9535714285714287,1.0,0.9464285714285714,1.0,1.2678571428571428,2.1607142857142856,1.0,0.8928571428571429,1.0,0.7800860404968262,
results/experiments_results_random/n25/random_n25_p08.json,random_n25_p08.json,results/experiments_results_random/n25,random,4,25,0.8,0.15,,,109,122.0,77.0,77.0,982,64,77,33,105,120.5,77.0,77.0,77.0,77.0,117,true,705,63,77,1.4155844155844155,1.5844155844155845,1.0,0.8311688311688312,1.0,1.3636363636363635,1.5649350649350648,1.0,0.8181818181818182,1.0,0.8972740173339844,
results/experiments_results_random/n25/random_n25_p08.json,random_n25_p08.json,results/experiments_results_random/n25,random,5,25,0.8,0.15,,,101,119.8,61.0,61.0,921,51,61,44,100,121.1,61.0,61.0,61.0,61.0,222,true,601,49,61,1.6557377049180328,1.9639344262295082,1.0,0.8360655737704918,1.0,1.639344262295082,1.9852459016393442,1.0,0.8032786885245902,1.0,0.7848668098449707,
results/experiments_results_random/n25/random_n25_p08.json,random_n25_p08.json,results/experiments_results_random/n25,random,6,25,0.8,0.15,,,100,113.4,70.0,70.0,951,59,70,43,108,118.8,70.0,70.0,70.0,70.0,194,true,625,51,67,1.4285714285714286,1.62,1.0,0.8428571428571429,1.0,1.542857142857143,1.697142857142857,1.0,0.7285714285714285,0.9571428571428572,0.8463959693908691,
results/experiments_results_random/n25/random_n25_p08.json,random_n25_p08.json,results/experiments_results_random/n25,random,7,25,0.8,0.15,,,78,105.8,64.0,64.0,891,59,64,44,89,114.5,64.0,64.0,64.0,64.0,174,true,602,56,63,1.21875,1.653125,1.0,0.921875,1.0,1.390625,1.7890625,1.0,0.875,0.984375,0.7649736404418945,
results/experiments_results_random/n25/random_n25_p08.json,random_n25_p08.json,results/experiments_results_random/n25,random,8,25,0.8,0.15,,,80,101.5,58.0,58.0,880,54,58,40,82,108.6,58.0,58.0,58.0,58.0,136,true,619,53,58,1.3793103448275863,1.75,1.0,0.9310344827586207,1.0,1.4137931034482758,1.8724137931034481,1.0,0.9137931034482759,1.0,0.7745039463043213,
results/experiments_results_random/n25/random_n25_p08.json,random_n25_p08.json,results/experiments_results_random/n25,random,9,25,0.8,0.15,,,71,99.0,57.0,57.0,874,50,57,43,97,114.3,57.0,57.0,57.0,57.0,232,true,576,53,57,1.2456140350877194,1.736842105263158,1.0,0.8771929824561403,1.0,1.7017543859649122,2.0052631578947366,1.0,0.9298245614035088,1.0,0.7731959819793701,
results/experiments_results_random/n25/random_n25_p08.json,random_n25_p08.json,results/experiments_results_random/n25,random,10,25,0.8,0.15,,,88,111.4,60.0,60.0,859,52,60,47,97,117.6,59.0,59.0,59.0,59.0,146,true,573,51,59,1.4666666666666666,1.8566666666666667,1.0,0.8666666666666667,1.0,1.6440677966101696,1.9932203389830507,1.0,0.864406779661017,1.0,0.7671117782592773,
results/experiments_results_random/n25/random_n25_p08.json,random_n25_p08.json,results/experiments_results_random/n25,random,11,25,0.8,0.15,,,87,103.0,55.0,55.0,838,52,55,57,96,114.6,55.0,55.0,55.0,55.0,223,true,519,46,55,1.5818181818181818,1.8727272727272728,1.0,0.9454545454545454,1.0,1.7454545454545454,2.0836363636363635,1.0,0.8363636363636363,1.0,0.7251009941101074,
results/experiments_results_random/n25/random_n25_p08.json,random_n25_p08.json,results/experiments_results_random/n25,random,12,25,0.8,0.15,,,107,125.7,71.0,71.0,984,59,71,52,115,122.7,71.0,71.0,71.0,71.0,268,true,603,55,71,1.5070422535211268,1.7704225352112677,1.0,0.8309859154929577,1.0,1.619718309859155,1.7281690140845072,1.0,0.7746478873239436,1.0,0.8174138069152832,
results/experiments_results_random/n25/random_n25_p08.json,random_n25_p08.json,results/experiments_results_random/n25,random,13,25,0.8,0.15,,,81,104.4,61.0,61.0,859,51,61,40,98,112.1,61.0,61.0,61.0,61.0,140,true,596,52,61,1.3278688524590163,1.7114754098360656,1.0,0.8360655737704918,1.0,1.6065573770491803,1.8377049180327867,1.0,0.8524590163934426,1.0,0.7967090606689453,
results/experiments_results_random/n25/random_n25_p08.json,random_n25_p08.json,results/experiments_results_random/n25,random,14,25,0.8,0.15,,,78,100.3,55.0,55.0,863,48,55,45,78,112.0,55.0,55.0,55.0,55.0,216,true,574,48,55,1.4181818181818182,1.8236363636363635,1.0,0.8727272727272727,1.0,1.4181818181818182,2.036363636363636,1.0,0.8727272727272727,1.0,0.783621072769165,
results/experiments_results_random/n25/random_n25_p08.json,random_n25_p08.json,results/experiments_results_random/n25,random,15,25,0.8,0.15,,,86,117.4,66.0,66.0,933,53,66,25,108,125.0,66.0,66.0,66.0,66.0,94,true,745,54,66,1.303030303030303,1.7787878787878788,1.0,0.803030303030303,1.0,1.6363636363636365,1.893939393939394,1.0,0.8181818181818182,1.0,0.8512420654296875,
results/experiments_results_random/n25/random_n25_p08.json,random_n25_p08.json,results/experiments_results_random/n25,random,16,25,0.8,0.15,,,90,112.9,60.0,60.0,916,53,60,50,94,113.5,60.0,60.0,60.0,60.0,234,true,572,55,60,1.5,1.8816666666666668,1.0,0.8833333333333333,1.0,1.5666666666666667,1.8916666666666666,1.0,0.9166666666666666,1.0,0.763077974319458,
results/experiments_results_random/n25/random_n25_p08.json,random_n25_p08.json,results/experiments_results_random/n25,random,17,25,0.8,0.15,,,76,95.9,52.0,52.0,834,47,52,42,110,117.5,52.0,52.0,52.0,52.0,160,true,578,47,52,1.4615384615384615,1.8442307692307693,1.0,0.9038461538461539,1.0,2.1153846153846154,2.2596153846153846,1.0,0.9038461538461539,1.0,0.7647688388824463,
results/experiments_results_random/n25/random_n25_p08.json,random_n25_p08.json,results/experiments_results_random/n25,random,18,25,0.8,0.15,,,87,103.1,57.0,57.0,821,53,57,46,90,112.6,55.0,55.0,55.0,55.0,208,true,538,50,55,1.5263157894736843,1.8087719298245613,1.0,0.9298245614035088,1.0,1.6363636363636365,2.0472727272727274,1.0,0.9090909090909091,1.0,0.7574498653411865,
results/experiments_results_random/n25/random_n25_p08.json,random_n25_p08.json,results/experiments_results_random/n25,random,19,25,0.8,0.15,,,100,116.0,62.0,62.0,896,54,62,47,102,120.6,62.0,62.0,62.0,62.0,170,true,602,53,62,1.6129032258064515,1.8709677419354838,1.0,0.8709677419354839,1.0,1.6451612903225807,1.9451612903225806,1.0,0.8548387096774194,1.0,0.7681128978729248,
results/experiments_results_random/n25/random_n25_p08.json,random_n25_p08.json,results/experiments_results_random/n25,random,20,25,0.8,0.15,,,72,103.1,58.0,58.0,874,54,58,42,78,104.5,58.0,58.0,58.0,58.0,166,true,584,53,58,1.2413793103448276,1.7775862068965516,1.0,0.9310344827586207,1.0,1.3448275862068966,1.8017241379310345,1.0,0.9137931034482759,1.0,0.867962121963501,
results/experiments_results_random/n25/random_n25_p08.json,random_n25_p08.json,results/experiments_results_random/n25,random,21,25,0.8,0.15,,,83,105.1,55.0,55.0,866,50,55,44,84,114.5,55.0,55.0,55.0,55.0,201,true,590,49,55,1.509090909090909,1.910909090909091,1.0,0.9090909090909091,1.0,1.5272727272727273,2.081818181818182,1.0,0.8909090909090909,1.0,0.772136926651001,
results/experiments_results_random/n25/random_n25_p08.json,random_n25_p08.json,results/experiments_results_random/n25,random,22,25,0.8,0.15,,,59,87.7,45.0,45.0,749,43,45,51,79,104.2,45.0,45.0,45.0,45.0,223,true,467,42,45,1.3111111111111111,1.948888888888889,1.0,0.9555555555555556,1.0,1.7555555555555555,2.3155555555555556,1.0,0.9333333333333333,1.0,0.7596631050109863,
results/experiments_results_random/n25/random_n25_p08.json,random_n25_p08.json,results/experiments_results_random/n25,random,23,25,0.8,0.15,,,91,107.1,59.0,59.0,881,53,59,42,103,115.1,59.0,59.0,59.0,59.0,170,true,598,51,59,1.5423728813559323,1.8152542372881355,1.0,0.8983050847457628,1.0,1.7457627118644068,1.9508474576271186,1.0,0.864406779661017,1.0,0.7826569080352783,
results/experiments_results_random/n25/random_n25_p08.json,random_n25_p08.json,results/experiments_results_random/n25,random,24,25,0.8,0.15,,,82,112.3,60.0,60.0,885,56,60,47,109,118.5,60.0,60.0,60.0,60.0,238,true,560,54,60,1.3666666666666667,1.8716666666666666,1.0,0.9333333333333333,1.0,1.8166666666666667,1.975,1.0,0.9,1.0,0.7848539352416992,
results/experiments_results_random/n25/random_n25_p08.json,random_n25_p08.json,results/experiments_results_random/n25,random,25,25,0.8,0.15,,,86,114.2,58.0,58.0,849,56,58,45,104,115.6,58.0,58.0,58.0,58.0,179,true,573,54,58,1.4827586206896552,1.9689655172413794,1.0,0.9655172413793104,1.0,1.793103448275862,1.993103448275862,1.0,0.9310344827586207,1.0,0.7631621360778809,
results/experiments_results_random/n25/random_n25_p08.json,random_n25_p08.json,results/experiments_results_random/n25,random,26,25,0.8,0.15,,,87,110.4,65.0,65.0,928,55,65,33,101,122.8,65.0,65.0,65.0,65.0,111,true,694,54,65,1.3384615384615384,1.6984615384615385,1.0,0.8461538461538461,1.0,1.5538461538461539,1.8892307692307693,1.0,0.8307692307692308,1.0,0.8294651508331299,
results/experiments_results_random/n25/random_n25_p08.json,random_n25_p08.json,results/experiments_results_random/n25,random,27,25,0.8,0.15,,,102,120.1,68.0,68.0,947,60,68,47,106,119.4,68.0,68.0,68.0,68.0,231,true,601,55,65,1.5,1.7661764705882352,1.0,0.8823529411764706,1.0,1.5588235294117647,1.7558823529411764,1.0,0.8088235294117647,0.9558823529411765,0.8216249942779541,
results/experiments_results_random/n25/random_n25_p08.json,random_n25_p08.json,results/experiments_results_random/n25,random,28,25,0.8,0.15,,,95,120.2,79.0,79.0,987,61,79,47,102,120.9,79.0,79.0,79.0,79.0,191,true,630,59,74,1.2025316455696202,1.5215189873417723,1.0,0.7721518987341772,1.0,1.2911392405063291,1.5303797468354432,1.0,0.7468354430379747,0.9367088607594937,0.9922208786010742,
results/experiments_results_random/n25/random_n25_p08.json,random_n25_p08.json,results/experiments_results_random/n25,random,29,25,0.8,0.15,,,58,85.2,50.0,50.0,780,47,50,37,79,98.7,50.0,50.0,50.0,50.0,162,true,550,46,50,1.16,1.704,1.0,0.94,1.0,1.58,1.974,1.0,0.92,1.0,0.7566189765930176,
results/experiments_results_random/n25/random_n25_p08.json,random_n25_p08.json,results/experiments_results_random/n25,random,30,25,0.8,0.15,,,84,102.7,62.0,62.0,856,56,62,46,104,121.2,62.0,62.0,62.0,62.0,193,true,569,53,62,1.3548387096774193,1.6564516129032258,1.0,0.9032258064516129,1.0,1.6774193548387097,1.9548387096774194,1.0,0.8548387096774194,1.0,0.776961088180542,
results/experiments_results_random/n25/random_n25_p08.json,random_n25_p08.json,results/experiments_results_random/n25,random,31,25,0.8,0.15,,,113,122.9,71.0,71.0,962,66,71,42,99,116.6,71.0,71.0,71.0,71.0,152,true,638,60,70,1.591549295774648,1.7309859154929579,1.0,0.9295774647887324,1.0,1.3943661971830985,1.6422535211267604,1.0,0.8450704225352113,0.9859154929577465,0.8377840518951416,
results/experiments_results_random/n25/random_n25_p08.json,random_n25_p08.json,results/experiments_results_random/n25,random,32,25,0.8,0.15,,,78,104.9,58.0,58.0,866,49,58,55,104,114.4,58.0,58.0,58.0,58.0,246,true,522,50,58,1.3448275862068966,1.8086206896551724,1.0,0.8448275862068966,1.0,1.793103448275862,1.9724137931034484,1.0,0.8620689655172413,1.0,0.7361800670623779,
results/experiments_results_random/n25/random_n25_p08.json,random_n25_p08.json,results/experiments_results_random/n25,random,33,25,0.8,0.15,,,89,114.9,57.0,57.0,867,51,57,40,93,119.1,57.0,57.0,57.0,57.0,132,true,618,50,57,1.5614035087719298,2.015789473684211,1.0,0.8947368421052632,1.0,1.631578947368421,2.0894736842105264,1.0,0.8771929824561403,1.0,0.7772579193115234,
results/experiments_results_random/n25/random_n25_p08.json,random_n25_p08.json,results/experiments_results_random/n25,random,34,25,0.8,0.15,,,81,109.9,63.0,63.0,907,56,63,40,103,114.8,63.0,63.0,63.0,63.0,185,true,610,51,63,1.2857142857142858,1.7444444444444445,1.0,0.8888888888888888,1.0,1.6349206349206349,1.8222222222222222,1.0,0.8095238095238095,1.0,0.7887580394744873,
results/experiments_results_random/n25/random_n25_p08.json,random_n25_p08.json,results/experiments_results_random/n25,random,35,25,0.8,0.15,,,78,106.0,65.0,65.0,912,54,65,47,86,109.3,65.0,65.0,65.0,65.0,170,true,581,51,65,1.2,1.6307692307692307,1.0,0.8307692307692308,1.0,1.323076923076923,1.6815384615384614,1.0,0.7846153846153846,1.0,0.768653154373169,
results/experiments_results_random/n25/random_n25_p08.json,random_n25_p08.json,results/experiments_results_random/n25,random,36,25,0.8,0.15,,,69,98.9,59.0,59.0,867,53,59,39,77,105.8,59.0,59.0,59.0,59.0,178,true,599,54,58,1.1694915254237288,1.676271186440678,1.0,0.8983050847457628,1.0,1.305084745762712,1.7932203389830508,1.0,0.9152542372881356,0.9830508474576272,0.7952370643615723,
results/experiments_results_random/n25/random_n25_p08.json,random_n25_p08.json,results/experiments_results_random/n25,random,37,25,0.8,0.15,,,86,100.0,50.0,50.0,825,47,50,52,103,116.3,50.0,50.0,50.0,50.0,192,true,532,45,50,1.72,2.0,1.0,0.94,1.0,2.06,2.326,1.0,0.9,1.0,0.7278802394866943,
results/experiments_results_random/n25/random_n25_p08.json,random_n25_p08.json,results/experiments_results_random/n25,random,38,25,0.8,0.15,,,56,106.2,56.0,56.0,853,54,56,52,88,113.5,56.0,56.0,56.0,56.0,226,true,525,51,56,1.0,1.8964285714285716,1.0,0.9642857142857143,1.0,1.5714285714285714,2.0267857142857144,1.0,0.9107142857142857,1.0,0.7402400970458984,
results/experiments_results_random/n25/random_n25_p08.json,random_n25_p08.json,results/experiments_results_random/n25,random,39,25,0.8,0.15,,,80,117.5,56.0,56.0,854,54,56,45,103,125.4,56.0,56.0,56.0,56.0,201,true,578,51,56,1.4285714285714286,2.0982142857142856,1.0,0.9642857142857143,1.0,1.8392857142857142,2.2392857142857143,1.0,0.9107142857142857,1.0,0.7589659690856934,
results/experiments_results_random/n25/random_n25_p08.json,random_n25_p08.json,results/experiments_results_random/n25,random,40,25,0.8,0.15,,,103,119.6,56.0,56.0,847,52,56,47,113,119.5,56.0,56.0,56.0,56.0,215,true,548,51,56,1.8392857142857142,2.1357142857142857,1.0,0.9285714285714286,1.0,2.017857142857143,2.1339285714285716,1.0,0.9107142857142857,1.0,0.7589061260223389,
results/experiments_results_random/n25/random_n25_p08.json,random_n25_p08.json,results/experiments_results_random/n25,random,41,25,0.8,0.15,,,73,104.6,61.0,61.0,877,51,61,37,91,112.6,61.0,61.0,61.0,61.0,156,true,602,51,61,1.1967213114754098,1.7147540983606557,1.0,0.8360655737704918,1.0,1.4918032786885247,1.8459016393442622,1.0,0.8360655737704918,1.0,0.7885417938232422,
results/experiments_results_random/n25/random_n25_p08.json,random_n25_p08.json,results/experiments_results_random/n25,random,42,25,0.8,0.15,,,89,109.6,57.0,57.0,857,51,57,54,97,114.6,57.0,57.0,57.0,57.0,241,true,512,53,57,1.5614035087719298,1.9228070175438596,1.0,0.8947368421052632,1.0,1.7017543859649122,2.0105263157894737,1.0,0.9298245614035088,1.0,0.730579137802124,
results/experiments_results_random/n25/random_n25_p08.json,random_n25_p08.json,results/experiments_results_random/n25,random,43,25,0.8,0.15,,,73,102.1,61.0,61.0,873,53,61,47,107,115.9,61.0,61.0,61.0,61.0,197,true,560,55,60,1.1967213114754098,1.6737704918032785,1.0,0.8688524590163934,1.0,1.7540983606557377,1.9000000000000001,1.0,0.9016393442622951,0.9836065573770492,0.7589681148529053,
results/experiments_results_random/n25/random_n25_p08.json,random_n25_p08.json,results/experiments_results_random/n25,random,44,25,0.8,0.15,,,72,107.8,58.0,58.0,854,51,58,45,88,118.8,58.0,58.0,58.0,58.0,174,true,565,52,58,1.2413793103448276,1.8586206896551725,1.0,0.8793103448275862,1.0,1.5172413793103448,2.0482758620689654,1.0,0.896551724137931,1.0,0.7550251483917236,
results/experiments_results_random/n25/random_n25_p08.json,random_n25_p08.json,results/experiments_results_random/n25,random,45,25,0.8,0.15,,,101,118.8,61.0,61.0,935,53,61,44,109,123.3,61.0,61.0,61.0,61.0,150,true,629,54,61,1.6557377049180328,1.9475409836065574,1.0,0.8688524590163934,1.0,1.7868852459016393,2.021311475409836,1.0,0.8852459016393442,1.0,0.7633810043334961,
results/experiments_results_random/n25/random_n25_p08.json,random_n25_p08.json,results/experiments_results_random/n25,random,46,25,0.8,0.15,,,55,94.5,39.0,39.0,695,38,39,45,67,106.4,39.0,39.0,39.0,39.0,141,true,475,38,39,1.4102564102564104,2.423076923076923,1.0,0.9743589743589743,1.0,1.7179487179487178,2.7282051282051283,1.0,0.9743589743589743,1.0,0.7729837894439697,
results/experiments_results_random/n25/random_n25_p08.json,random_n25_p08.json,results/experiments_results_random/n25,random,47,25,0.8,0.15,,,62,108.1,60.0,60.0,877,51,60,51,89,113.0,59.0,59.0,59.0,59.0,209,true,551,50,59,1.0333333333333334,1.8016666666666665,1.0,0.85,1.0,1.5084745762711864,1.9152542372881356,1.0,0.847457627118644,1.0,0.7589888572692871,
results/experiments_results_random/n25/random_n25_p08.json,random_n25_p08.json,results/experiments_results_random/n25,random,48,25,0.8,0.15,,,78,93.6,54.0,54.0,839,52,54,51,95,109.3,54.0,54.0,54.0,54.0,218,true,519,50,54,1.4444444444444444,1.7333333333333332,1.0,0.9629629629629629,1.0,1.7592592592592593,2.024074074074074,1.0,0.9259259259259259,1.0,0.7352650165557861,
results/experiments_results_random/n25/random_n25_p08.json,random_n25_p08.json,results/experiments_results_random/n25,random,49,25,0.8,0.15,,,73,113.3,63.0,63.0,925,54,63,42,87,118.7,63.0,63.0,63.0,63.0,160,true,615,52,63,1.1587301587301588,1.7984126984126985,1.0,0.8571428571428571,1.0,1.380952380952381,1.884126984126984,1.0,0.8253968253968254,1.0,0.7897930145263672,
results/experiments_results_random/n25/random_n25_p08.json,random_n25_p08.json,results/experiments_results_random/n25,random,50,25,0.8,0.15,,,81,115.4,60.0,60.0,896,54,60,50,105,119.2,60.0,60.0,60.0,60.0,234,true,568,51,60,1.35,1.9233333333333333,1.0,0.9,1.0,1.75,1.9866666666666668,1.0,0.85,1.0,0.7531731128692627,
results/experiments_results_random/n25/random_n25_p04.json,random_n25_p04.json,results/experiments_results_random/n25,random,1,25,0.4,0.15,,,107,114.7,87.0,63.5,694,54,61,48,65,71.1,53.0,53.0,39.5,39.5,40,false,271,33,38,1.2298850574712643,1.318390804597701,0.7298850574712644,0.6206896551724138,0.7011494252873564,1.2264150943396226,1.341509433962264,0.7452830188679245,0.6226415094339622,0.7169811320754716,11.0432767868042,
results/experiments_results_random/n25/random_n25_p04.json,random_n25_p04.json,results/experiments_results_random/n25,random,2,25,0.4,0.15,,,110,117.2,88.0,64.5,707,53,62,43,75,82.3,59.0,59.0,43.0,43.0,54,false,330,38,39,1.25,1.3318181818181818,0.7329545454545454,0.6022727272727273,0.7045454545454546,1.271186440677966,1.394915254237288,0.7288135593220338,0.6440677966101694,0.6610169491525424,9.75422739982605,
results/experiments_results_random/n25/random_n25_p04.json,random_n25_p04.json,results/experiments_results_random/n25,random,3,25,0.4,0.15,,,90,100.5,75.0,54.5,572,49,52,36,57,69.0,49.0,49.0,36.5,36.5,26,false,261,30,33,1.2,1.34,0.7266666666666667,0.6533333333333333,0.6933333333333334,1.163265306122449,1.4081632653061225,0.7448979591836735,0.6122448979591837,0.673469387755102,7.6642889976501465,
results/experiments_results_random/n25/random_n25_p04.json,random_n25_p04.json,results/experiments_results_random/n25,random,4,25,0.4,0.15,,,94,103.5,71.0,52.0,544,44,51,33,64,74.0,47.0,48.0,35.5,35.5,14,false,262,32,34,1.323943661971831,1.4577464788732395,0.7323943661971831,0.6197183098591549,0.7183098591549296,1.3333333333333333,1.5416666666666667,0.7395833333333334,0.6666666666666666,0.7083333333333334,4.658860683441162,
results/experiments_results_random/n25/random_n25_p04.json,random_n25_p04.json,results/experiments_results_random/n25,random,5,25,0.4,0.15,,,106,117.3,88.0,62.5,705,55,61,44,68,75.3,55.0,55.0,40.5,40.5,54,false,286,35,37,1.2045454545454546,1.3329545454545455,0.7102272727272727,0.625,0.6931818181818182,1.2363636363636363,1.3690909090909091,0.7363636363636363,0.6363636363636364,0.6727272727272727,11.622431993484497,
results/experiments_results_random/n25/random_n25_p04.json,random_n25_p04.json,results/experiments_results_random/n25,random,6,25,0.4,0.15,,,106,115.2,82.0,59.5,661,52,57,43,59,67.6,50.0,50.0,38.0,38.0,32,false,271,34,35,1.2926829268292683,1.404878048780488,0.725609756097561,0.6341463414634146,0.6951219512195121,1.18,1.3519999999999999,0.76,0.68,0.7,6.486256122589111,
results/experiments_results_random/n25/random_n25_p04.json,random_n25_p04.json,results/experiments_results_random/n25,random,7,25,0.4,0.15,,,107,113.9,84.0,60.0,666,55,57,44,64,70.5,51.0,51.0,38.0,38.0,43,false,264,33,35,1.2738095238095237,1.355952380952381,0.7142857142857143,0.6547619047619048,0.6785714285714286,1.2549019607843137,1.3823529411764706,0.7450980392156863,0.6470588235294118,0.6862745098039216,7.290706157684326,
results/experiments_results_random/n25/random_n25_p04.json,random_n25_p04.json,results/experiments_results_random/n25,random,8,25,0.4,0.15,,,104,113.6,83.0,60.5,663,53,58,40,67,76.0,52.0,52.0,40.5,40.5,31,false,295,35,37,1.2530120481927711,1.3686746987951806,0.7289156626506024,0.6385542168674698,0.6987951807228916,1.2884615384615385,1.4615384615384615,0.7788461538461539,0.6730769230769231,0.7115384615384616,7.263256788253784,
results/experiments_results_random/n25/random_n25_p04.json,random_n25_p04.json,results/experiments_results_random/n25,random,9,25,0.4,0.15,,,95,103.5,75.0,55.0,589,49,53,43,55,63.0,44.0,44.0,33.5,33.5,36,true,220,29,31,1.2666666666666666,1.38,0.7333333333333333,0.6533333333333333,0.7066666666666667,1.25,1.4318181818181819,0.7613636363636364,0.6590909090909091,0.7045454545454546,5.053975820541382,
results/experiments_results_random/n25/random_n25_p04.json,random_n25_p04.json,results/experiments_results_random/n25,random,10,25,0.4,0.15,,,115,122.1,89.0,63.0,737,53,60,47,66,73.8,53.0,53.0,39.5,39.5,25,false,287,32,37,1.2921348314606742,1.3719101123595505,0.7078651685393258,0.5955056179775281,0.6741573033707865,1.2452830188679245,1.3924528301886792,0.7452830188679245,0.6037735849056604,0.6981132075471698,7.740787029266357,
results/experiments_results_random/n25/random_n25_p04.json,random_n25_p04.json,results/experiments_results_random/n25,random,11,25,0.4,0.15,,,105,113.3,86.0,64.5,724,58,61,57,57,61.9,43.0,45.0,36.0,36.0,64,false,206,29,33,1.2209302325581395,1.3174418604651164,0.75,0.6744186046511628,0.7093023255813954,1.2666666666666666,1.3755555555555554,0.8,0.6444444444444445,0.7333333333333333,3.724923849105835,
results/experiments_results_random/n25/random_n25_p04.json,random_n25_p04.json,results/experiments_results_random/n25,random,12,25,0.4,0.15,,,102,109.3,76.0,56.5,600,49,54,52,48,56.6,38.0,38.0,30.5,30.5,27,false,159,27,28,1.3421052631578947,1.438157894736842,0.743421052631579,0.6447368421052632,0.7105263157894737,1.263157894736842,1.4894736842105263,0.8026315789473685,0.7105263157894737,0.7368421052631579,2.6425909996032715,
results/experiments_results_random/n25/random_n25_p04.json,random_n25_p04.json,results/experiments_results_random/n25,random,13,25,0.4,0.15,,,102,110.0,76.0,56.0,610,47,55,40,61,67.6,48.0,48.0,36.0,36.0,13,false,254,30,34,1.3421052631578947,1.4473684210526316,0.7368421052631579,0.618421052631579,0.7236842105263158,1.2708333333333333,1.4083333333333332,0.75,0.625,0.7083333333333334,4.030366897583008,
results/experiments_results_random/n25/random_n25_p04.json,random_n25_p04.json,results/experiments_results_random/n25,random,14,25,0.4,0.15,,,101,108.5,82.0,57.5,628,49,55,45,60,69.2,46.0,46.0,35.0,35.0,43,false,241,31,34,1.2317073170731707,1.3231707317073171,0.7012195121951219,0.5975609756097561,0.6707317073170732,1.3043478260869565,1.5043478260869565,0.7608695652173914,0.6739130434782609,0.7391304347826086,7.624253034591675,
results/experiments_results_random/n25/random_n25_p04.json,random_n25_p04.json,results/experiments_results_random/n25,random,15,25,0.4,0.15,,,100,105.7,71.0,52.5,563,46,51,25,76,81.0,50.0,50.0,40.0,40.0,12,true,328,31,37,1.408450704225352,1.4887323943661972,0.7394366197183099,0.647887323943662,0.7183098591549296,1.52,1.62,0.8,0.62,0.74,2.5929317474365234,
results/experiments_results_random/n25/random_n25_p04.json,random_n25_p04.json,results/experiments_results_random/n25,random,16,25,0.4,0.15,,,104,115.3,83.0,60.5,672,55,57,50,57,65.4,45.0,45.0,35.0,35.0,39,false,213,29,31,1.2530120481927711,1.389156626506024,0.7289156626506024,0.6626506024096386,0.6867469879518072,1.2666666666666666,1.4533333333333334,0.7777777777777778,0.6444444444444445,0.6888888888888889,4.610995054244995,
results/experiments_results_random/n25/random_n25_p04.json,random_n25_p04.json,results/experiments_results_random/n25,random,17,25,0.4,0.15,,,104,116.2,81.0,62.5,692,53,61,42,70,78.2,54.0,54.0,41.5,41.5,48,false,318,36,40,1.2839506172839505,1.434567901234568,0.7716049382716049,0.654320987654321,0.7530864197530864,1.2962962962962963,1.4481481481481482,0.7685185185185185,0.6666666666666666,0.7407407407407407,3.2396669387817383,
results/experiments_results_random/n25/random_n25_p04.json,random_n25_p04.json,results/experiments_results_random/n25,random,18,25,0.4,0.15,,,105,115.8,76.0,60.5,674,50,58,46,59,64.8,46.0,46.0,37.5,37.5,27,false,233,30,35,1.381578947368421,1.5236842105263158,0.7960526315789473,0.6578947368421053,0.7631578947368421,1.2826086956521738,1.408695652173913,0.8152173913043478,0.6521739130434783,0.7608695652173914,1.8139021396636963,
results/experiments_results_random/n25/random_n25_p04.json,random_n25_p04.json,results/experiments_results_random/n25,random,19,25,0.4,0.15,,,107,115.3,80.0,57.5,638,53,57,47,61,71.4,45.0,46.0,34.0,34.0,27,false,254,29,33,1.3375,1.44125,0.71875,0.6625,0.7125,1.326086956521739,1.5521739130434784,0.7391304347826086,0.6304347826086957,0.717391304347826,5.356139183044434,
results/experiments_results_random/n25/random_n25_p04.json,random_n25_p04.json,results/experiments_results_random/n25,random,20,25,0.4,0.15,,,107,118.5,88.0,63.0,724,54,59,42,69,75.3,55.0,55.0,42.0,42.0,21,false,322,38,40,1.2159090909090908,1.3465909090909092,0.7159090909090909,0.6136363636363636,0.6704545454545454,1.2545454545454546,1.3690909090909091,0.7636363636363637,0.6909090909090909,0.7272727272727273,6.654173135757446,
results/experiments_results_random/n25/random_n25_p04.json,random_n25_p04.json,results/experiments_results_random/n25,random,21,25,0.4,0.15,,,107,116.5,83.0,61.0,683,55,59,44,66,76.9,52.0,52.0,39.0,39.0,31,false,279,33,35,1.2891566265060241,1.4036144578313252,0.7349397590361446,0.6626506024096386,0.7108433734939759,1.2692307692307692,1.478846153846154,0.75,0.6346153846153846,0.6730769230769231,5.364391088485718,
results/experiments_results_random/n25/random_n25_p04.json,random_n25_p04.json,results/experiments_results_random/n25,random,22,25,0.4,0.15,,,109,116.5,83.0,61.5,683,55,60,51,52,64.6,45.0,46.0,36.0,36.0,24,false,232,29,31,1.3132530120481927,1.4036144578313252,0.7409638554216867,0.6626506024096386,0.7228915662650602,1.1304347826086956,1.4043478260869564,0.782608695652174,0.6304347826086957,0.6739130434782609,6.2722930908203125,
results/experiments_results_random/n25/random_n25_p04.json,random_n25_p04.json,results/experiments_results_random/n25,random,23,25,0.4,0.15,,,104,111.8,82.0,57.5,652,51,56,42,60,67.9,46.0,46.0,36.5,36.5,22,true,250,30,33,1.2682926829268293,1.3634146341463413,0.7012195121951219,0.6219512195121951,0.6829268292682927,1.3043478260869565,1.4760869565217392,0.7934782608695652,0.6521739130434783,0.717391304347826,4.9436469078063965,
results/experiments_results_random/n25/random_n25_p04.json,random_n25_p04.json,results/experiments_results_random/n25,random,24,25,0.4,0.15,,,104,113.7,84.0,63.0,688,56,61,47,64,70.8,49.0,49.0,39.5,39.5,41,false,256,32,37,1.2380952380952381,1.3535714285714286,0.75,0.6666666666666666,0.7261904761904762,1.3061224489795917,1.4448979591836735,0.8061224489795918,0.6530612244897959,0.7551020408163265,5.551827907562256,
results/experiments_results_random/n25/random_n25_p04.json,random_n25_p04.json,results/experiments_results_random/n25,random,25,25,0.4,0.15,,,95,104.4,74.0,52.5,585,45,49,45,50,56.2,40.0,40.0,30.0,30.0,18,false,193,26,28,1.2837837837837838,1.4108108108108108,0.7094594594594594,0.6081081081081081,0.6621621621621622,1.25,1.405,0.75,0.65,0.7,4.449326038360596,
results/experiments_results_random/n25/random_n25_p04.json,random_n25_p04.json,results/experiments_results_random/n25,random,26,25,0.4,0.15,,,102,108.5,78.0,59.0,651,51,57,33,65,74.5,55.0,55.0,42.5,42.5,34,false,328,35,39,1.3076923076923077,1.391025641025641,0.7564102564102564,0.6538461538461539,0.7307692307692307,1.1818181818181819,1.3545454545454545,0.7727272727272727,0.6363636363636364,0.7090909090909091,3.3011021614074707,
results/experiments_results_random/n25/random_n25_p04.json,random_n25_p04.json,results/experiments_results_random/n25,random,27,25,0.4,0.15,,,94,100.8,74.0,52.5,545,45,52,47,49,52.8,37.0,38.0,29.0,29.0,21,false,162,25,28,1.2702702702702702,1.362162162162162,0.7094594594594594,0.6081081081081081,0.7027027027027027,1.2894736842105263,1.3894736842105262,0.7631578947368421,0.6578947368421053,0.7368421052631579,4.4611217975616455,
results/experiments_results_random/n25/random_n25_p04.json,random_n25_p04.json,results/experiments_results_random/n25,random,28,25,0.4,0.15,,,91,102.5,74.0,53.5,556,45,52,47,47,52.9,37.0,38.0,30.0,30.0,21,false,170,23,27,1.2297297297297298,1.385135135135135,0.722972972972973,0.6081081081081081,0.7027027027027027,1.236842105263158,1.3921052631578947,0.7894736842105263,0.6052631578947368,0.7105263157894737,2.770040988922119,
results/experiments_results_random/n25/random_n25_p04.json,random_n25_p04.json,results/experiments_results_random/n25,random,29,25,0.4,0.15,,,110,124.3,88.0,64.0,745,55,63,37,74,83.1,59.0,59.0,45.5,45.5,36,false,362,40,43,1.25,1.4124999999999999,0.7272727272727273,0.625,0.7159090909090909,1.2542372881355932,1.4084745762711863,0.7711864406779662,0.6779661016949152,0.7288135593220338,3.682314157485962,
results/experiments_results_random/n25/random_n25_p04.json,random_n25_p04.json,results/experiments_results_random/n25,random,30,25,0.4,0.15,,,107,117.0,85.0,62.5,700,55,61,46,65,73.3,51.0,52.0,39.5,39.5,50,false,278,32,37,1.2588235294117647,1.3764705882352941,0.7352941176470589,0.6470588235294118,0.7176470588235294,1.25,1.4096153846153845,0.7596153846153846,0.6153846153846154,0.7115384615384616,4.449857234954834,
results/experiments_results_random/n25/random_n25_p04.json,random_n25_p04.json,results/experiments_results_random/n25,random,31,25,0.4,0.15,,,89,103.1,71.0,53.5,565,45,50,42,50,59.3,41.0,41.0,32.5,32.5,17,false,195,24,31,1.2535211267605635,1.4521126760563379,0.7535211267605634,0.6338028169014085,0.704225352112676,1.2195121951219512,1.446341463414634,0.7926829268292683,0.5853658536585366,0.7560975609756098,1.5295391082763672,
results/experiments_results_random/n25/random_n25_p04.json,random_n25_p04.json,results/experiments_results_random/n25,random,32,25,0.4,0.15,,,120,128.0,94.0,70.0,811,62,67,55,69,76.3,52.0,52.0,42.5,42.5,62,true,275,36,40,1.2765957446808511,1.3617021276595744,0.7446808510638298,0.6595744680851063,0.7127659574468085,1.3269230769230769,1.4673076923076922,0.8173076923076923,0.6923076923076923,0.7692307692307693,3.409389019012451,
results/experiments_results_random/n25/random_n25_p04.json,random_n25_p04.json,results/experiments_results_random/n25,random,33,25,0.4,0.15,,,110,117.5,88.0,62.5,715,56,60,40,75,83.3,56.0,56.0,42.5,42.5,41,false,334,34,40,1.25,1.3352272727272727,0.7102272727272727,0.6363636363636364,0.6818181818181818,1.3392857142857142,1.4875,0.7589285714285714,0.6071428571428571,0.7142857142857143,4.426201105117798,
results/experiments_results_random/n25/random_n25_p04.json,random_n25_p04.json,results/experiments_results_random/n25,random,34,25,0.4,0.15,,,108,119.0,87.0,64.5,712,55,62,40,70,79.5,57.0,57.0,44.5,44.5,44,false,325,37,42,1.2413793103448276,1.367816091954023,0.7413793103448276,0.632183908045977,0.7126436781609196,1.2280701754385965,1.394736842105263,0.7807017543859649,0.6491228070175439,0.7368421052631579,3.5955967903137207,
results/experiments_results_random/n25/random_n25_p04.json,random_n25_p04.json,results/experiments_results_random/n25,random,35,25,0.4,0.15,,,104,124.7,89.0,64.5,752,56,63,47,70,79.4,54.0,54.0,41.0,41.0,46,false,301,34,38,1.1685393258426966,1.401123595505618,0.7247191011235955,0.6292134831460674,0.7078651685393258,1.2962962962962963,1.4703703703703705,0.7592592592592593,0.6296296296296297,0.7037037037037037,4.5698981285095215,
results/experiments_results_random/n25/random_n25_p04.json,random_n25_p04.json,results/experiments_results_random/n25,random,36,25,0.4,0.15,,,103,119.0,87.0,65.5,723,56,63,39,81,87.5,58.0,58.0,46.0,46.0,57,false,355,38,42,1.1839080459770115,1.367816091954023,0.7528735632183908,0.6436781609195402,0.7241379310344828,1.396551724137931,1.5086206896551724,0.7931034482758621,0.6551724137931034,0.7241379310344828,3.9457168579101562,
results/experiments_results_random/n25/random_n25_p04.json,random_n25_p04.json,results/experiments_results_random/n25,random,37,25,0.4,0.15,,,107,123.3,92.0,71.5,805,62,67,52,76,80.5,59.0,59.0,45.5,45.5,62,false,313,40,43,1.1630434782608696,1.3402173913043478,0.7771739130434783,0.6739130434782609,0.7282608695652174,1.2881355932203389,1.3644067796610169,0.7711864406779662,0.6779661016949152,0.7288135593220338,3.681058883666992,
results/experiments_results_random/n25/random_n25_p04.json,random_n25_p04.json,results/experiments_results_random/n25,random,38,25,0.4,0.15,,,110,123.7,92.0,67.5,790,58,64,52,63,76.6,55.0,56.0,41.5,41.5,77,false,302,37,39,1.1956521739130435,1.3445652173913043,0.7336956521739131,0.6304347826086957,0.6956521739130435,1.125,1.3678571428571427,0.7410714285714286,0.6607142857142857,0.6964285714285714,4.6254377365112305,
results/experiments_results_random/n25/random_n25_p04.json,random_n25_p04.json,results/experiments_results_random/n25,random,39,25,0.4,0.15,,,94,106.9,78.0,57.5,629,51,56,45,59,66.2,47.0,47.0,35.0,35.0,28,true,242,32,32,1.205128205128205,1.3705128205128205,0.7371794871794872,0.6538461538461539,0.717948717948718,1.2553191489361701,1.4085106382978725,0.7446808510638298,0.6808510638297872,0.6808510638297872,3.1921920776367188,
results/experiments_results_random/n25/random_n25_p04.json,random_n25_p04.json,results/experiments_results_random/n25,random,40,25,0.4,0.15,,,114,119.7,87.0,64.5,743,57,62,47,68,76.4,52.0,52.0,41.0,41.0,37,false,295,35,39,1.3103448275862069,1.3758620689655172,0.7413793103448276,0.6551724137931034,0.7126436781609196,1.3076923076923077,1.4692307692307693,0.7884615384615384,0.6730769230769231,0.75,3.360084056854248,
results/experiments_results_random/n25/random_n25_p04.json,random_n25_p04.json,results/experiments_results_random/n25,random,41,25,0.4,0.15,,,96,105.0,71.0,54.5,584,48,52,37,58,65.4,42.0,42.0,36.0,36.0,13,true,236,29,33,1.352112676056338,1.4788732394366197,0.7676056338028169,0.676056338028169,0.7323943661971831,1.380952380952381,1.5571428571428574,0.8571428571428571,0.6904761904761905,0.7857142857142857,1.4241201877593994,
results/experiments_results_random/n25/random_n25_p04.json,random_n25_p04.json,results/experiments_results_random/n25,random,42,25,0.4,0.15,,,111,120.5,86.0,61.5,707,55,61,54,60,64.6,46.0,46.0,34.5,34.5,29,false,228,31,33,1.2906976744186047,1.4011627906976745,0.7151162790697675,0.6395348837209303,0.7093023255813954,1.3043478260869565,1.4043478260869564,0.75,0.6739130434782609,0.717391304347826,4.543344974517822,
results/experiments_results_random/n25/random_n25_p04.json,random_n25_p04.json,results/experiments_results_random/n25,random,43,25,0.4,0.15,,,96,103.4,76.0,57.5,591,50,54,47,53,60.0,40.0,40.0,34.0,34.0,47,true,202,30,32,1.263157894736842,1.3605263157894738,0.756578947368421,0.6578947368421053,0.7105263157894737,1.325,1.5,0.85,0.75,0.8,1.6951942443847656,
results/experiments_results_random/n25/random_n25_p04.json,random_n25_p04.json,results/experiments_results_random/n25,random,44,25,0.4,0.15,,,119,127.3,90.0,65.0,761,57,64,45,67,78.9,55.0,55.0,42.5,42.5,35,false,320,39,42,1.3222222222222222,1.4144444444444444,0.7222222222222222,0.6333333333333333,0.7111111111111111,1.2181818181818183,1.4345454545454546,0.7727272727272727,0.7090909090909091,0.7636363636363637,3.433320999145508,
results/experiments_results_random/n25/random_n25_p04.json,random_n25_p04.json,results/experiments_results_random/n25,random,45,25,0.4,0.15,,,96,108.8,76.0,54.5,586,49,53,44,54,59.0,41.0,41.0,32.5,32.5,22,true,211,28,31,1.263157894736842,1.431578947368421,0.7171052631578947,0.6447368421052632,0.6973684210526315,1.3170731707317074,1.4390243902439024,0.7926829268292683,0.6829268292682927,0.7560975609756098,2.780313014984131,
results/experiments_results_random/n25/random_n25_p04.json,random_n25_p04.json,results/experiments_results_random/n25,random,46,25,0.4,0.15,,,110,121.0,89.0,67.0,747,58,65,45,75,85.1,55.0,55.0,44.5,44.5,36,true,340,38,42,1.2359550561797752,1.3595505617977528,0.7528089887640449,0.651685393258427,0.7303370786516854,1.3636363636363635,1.5472727272727271,0.8090909090909091,0.6909090909090909,0.7636363636363637,3.5529258251190186,
results/experiments_results_random/n25/random_n25_p04.json,random_n25_p04.json,results/experiments_results_random/n25,random,47,25,0.4,0.15,,,99,109.7,80.0,56.0,620,51,53,51,48,56.1,38.0,38.0,30.5,30.5,24,true,181,26,26,1.2375,1.37125,0.7,0.6375,0.6625,1.263157894736842,1.4763157894736842,0.8026315789473685,0.6842105263157895,0.6842105263157895,3.7016961574554443,
results/experiments_results_random/n25/random_n25_p04.json,random_n25_p04.json,results/experiments_results_random/n25,random,48,25,0.4,0.15,,,106,112.4,81.0,61.5,659,52,58,51,58,65.8,46.0,46.0,36.0,36.0,29,false,222,31,33,1.308641975308642,1.3876543209876544,0.7592592592592593,0.6419753086419753,0.7160493827160493,1.2608695652173914,1.4304347826086956,0.782608695652174,0.6739130434782609,0.717391304347826,2.038347005844116,
results/experiments_results_random/n25/random_n25_p04.json,random_n25_p04.json,results/experiments_results_random/n25,random,49,25,0.4,0.15,,,91,110.8,79.0,56.5,613,51,54,42,57,67.0,46.0,46.0,35.5,35.5,24,false,239,30,33,1.1518987341772151,1.4025316455696202,0.7151898734177216,0.6455696202531646,0.6835443037974683,1.2391304347826086,1.4565217391304348,0.7717391304347826,0.6521739130434783,0.717391304347826,2.905701160430908,
results/experiments_results_random/n25/random_n25_p04.json,random_n25_p04.json,results/experiments_results_random/n25,random,50,25,0.4,0.15,,,113,121.2,88.0,63.0,758,56,62,50,66,72.7,49.0,49.0,38.0,38.0,36,false,266,32,36,1.2840909090909092,1.3772727272727272,0.7159090909090909,0.6363636363636364,0.7045454545454546,1.346938775510204,1.4836734693877551,0.7755102040816326,0.6530612244897959,0.7346938775510204,3.83079195022583,
results/experiments_results_random/n25/random_n25_p07.json,random_n25_p07.json,results/experiments_results_random/n25,random,1,25,0.7,0.15,,,127,132.4,87.0,87.0,1039,68,87,48,110,118.8,84.0,84.0,82.49999999999999,82.5,232,true,614,61,75,1.4597701149425288,1.5218390804597701,1.0,0.7816091954022989,1.0,1.3095238095238095,1.4142857142857141,0.9821428571428571,0.7261904761904762,0.8928571428571429,3.5008838176727295,
results/experiments_results_random/n25/random_n25_p07.json,random_n25_p07.json,results/experiments_results_random/n25,random,2,25,0.7,0.15,,,116,132.1,81.0,81.0,1027,67,80,43,111,120.0,79.0,79.0,79.0,79.0,172,true,658,58,75,1.4320987654320987,1.6308641975308642,1.0,0.8271604938271605,0.9876543209876543,1.4050632911392404,1.518987341772152,1.0,0.7341772151898734,0.9493670886075949,2.2683119773864746,
results/experiments_results_random/n25/random_n25_p07.json,random_n25_p07.json,results/experiments_results_random/n25,random,3,25,0.7,0.15,,,98,129.3,88.0,88.0,998,68,87,36,102,125.2,83.0,83.0,83.0,83.0,94,false,696,61,80,1.1136363636363635,1.469318181818182,1.0,0.7727272727272727,0.9886363636363636,1.2289156626506024,1.508433734939759,1.0,0.7349397590361446,0.963855421686747,2.380662679672241,
results/experiments_results_random/n25/random_n25_p07.json,random_n25_p07.json,results/experiments_results_random/n25,random,4,25,0.7,0.15,,,129,138.7,104.0,93.0,1004,75,88,33,109,120.3,89.0,89.0,76.5,76.5,77,true,679,58,72,1.2403846153846154,1.333653846153846,0.8942307692307693,0.7211538461538461,0.8461538461538461,1.2247191011235956,1.351685393258427,0.8595505617977528,0.651685393258427,0.8089887640449438,10.929643154144287,
results/experiments_results_random/n25/random_n25_p07.json,random_n25_p07.json,results/experiments_results_random/n25,random,5,25,0.7,0.15,,,116,132.8,85.0,85.0,1039,66,85,44,109,120.7,85.0,85.0,85.0,85.0,210,true,643,63,80,1.3647058823529412,1.5623529411764707,1.0,0.7764705882352941,1.0,1.2823529411764707,1.42,1.0,0.7411764705882353,0.9411764705882353,2.336503028869629,
results/experiments_results_random/n25/random_n25_p07.json,random_n25_p07.json,results/experiments_results_random/n25,random,6,25,0.7,0.15,,,122,134.9,96.0,96.0,1021,69,92,43,108,118.9,88.0,88.0,79.5,79.5,163,true,629,63,75,1.2708333333333333,1.4052083333333334,1.0,0.71875,0.9583333333333334,1.2272727272727273,1.3511363636363638,0.9034090909090909,0.7159090909090909,0.8522727272727273,6.717506170272827,
results/experiments_results_random/n25/random_n25_p07.json,random_n25_p07.json,results/experiments_results_random/n25,random,7,25,0.7,0.15,,,107,129.1,91.0,91.0,980,69,88,44,102,115.7,81.0,81.0,81.0,81.0000000000003,166,true,607,57,74,1.1758241758241759,1.4186813186813185,1.0,0.7582417582417582,0.967032967032967,1.2592592592592593,1.4283950617283951,1.0000000000000038,0.7037037037037037,0.9135802469135802,3.207972764968872,
results/experiments_results_random/n25/random_n25_p07.json,random_n25_p07.json,results/experiments_results_random/n25,random,8,25,0.7,0.15,,,128,137.9,91.0,91.0,1074,77,90,40,112,126.4,88.0,88.0,84.5,84.49999999999999,132,true,710,65,79,1.4065934065934067,1.5153846153846156,1.0,0.8461538461538461,0.989010989010989,1.2727272727272727,1.4363636363636365,0.9602272727272726,0.7386363636363636,0.8977272727272727,5.694050073623657,
results/experiments_results_random/n25/random_n25_p07.json,random_n25_p07.json,results/experiments_results_random/n25,random,9,25,0.7,0.15,,,116,133.2,92.0,92.0,1030,70,90,43,107,122.2,89.0,89.0,80.5,80.5,178,false,633,63,73,1.2608695652173914,1.4478260869565216,1.0,0.7608695652173914,0.9782608695652174,1.202247191011236,1.3730337078651687,0.9044943820224719,0.7078651685393258,0.8202247191011236,5.476516008377075,
results/experiments_results_random/n25/random_n25_p07.json,random_n25_p07.json,results/experiments_results_random/n25,random,10,25,0.7,0.15,,,107,124.4,84.0,84.0,939,62,83,47,99,115.6,76.0,76.0,76.0,76.0,133,true,586,58,71,1.2738095238095237,1.480952380952381,1.0,0.7380952380952381,0.9880952380952381,1.3026315789473684,1.5210526315789472,1.0,0.7631578947368421,0.9342105263157895,2.0794780254364014,
results/experiments_results_random/n25/random_n25_p07.json,random_n25_p07.json,results/experiments_results_random/n25,random,11,25,0.7,0.15,,,115,125.9,83.0,83.0,979,65,82,57,105,117.2,76.0,76.0,76.0,76.0,239,true,542,57,69,1.3855421686746987,1.5168674698795181,1.0,0.7831325301204819,0.9879518072289156,1.381578947368421,1.5421052631578949,1.0,0.75,0.9078947368421053,2.0196990966796875,
results/experiments_results_random/n25/random_n25_p07.json,random_n25_p07.json,results/experiments_results_random/n25,random,12,25,0.7,0.15,,,122,137.8,104.0,98.0,1052,78,96,52,108,116.3,87.0,87.0,72.0,72.0,220,true,559,58,65,1.1730769230769231,1.3250000000000002,0.9423076923076923,0.75,0.9230769230769231,1.2413793103448276,1.3367816091954023,0.8275862068965517,0.6666666666666666,0.7471264367816092,11.863479137420654,
results/experiments_results_random/n25/random_n25_p07.json,random_n25_p07.json,results/experiments_results_random/n25,random,13,25,0.7,0.15,,,122,131.5,93.0,93.0,1036,68,90,40,111,120.4,86.0,86.0,83.5,83.5,122,true,663,60,78,1.3118279569892473,1.413978494623656,1.0,0.7311827956989247,0.967741935483871,1.2906976744186047,1.4000000000000001,0.9709302325581395,0.6976744186046512,0.9069767441860465,3.462639093399048,
results/experiments_results_random/n25/random_n25_p07.json,random_n25_p07.json,results/experiments_results_random/n25,random,14,25,0.7,0.15,,,119,128.2,96.0,96.0,1005,77,91,45,106,116.6,83.0,83.0,79.49999999999999,79.5,193,true,592,61,74,1.2395833333333333,1.3354166666666665,1.0,0.8020833333333334,0.9479166666666666,1.2771084337349397,1.4048192771084336,0.9578313253012049,0.7349397590361446,0.891566265060241,3.5605978965759277,
results/experiments_results_random/n25/random_n25_p07.json,random_n25_p07.json,results/experiments_results_random/n25,random,15,25,0.7,0.15,,,101,128.0,93.0,93.0,1020,72,92,25,105,124.5,91.0,91.0,91.0,91.0,87,true,792,68,85,1.086021505376344,1.3763440860215055,1.0,0.7741935483870968,0.989247311827957,1.1538461538461537,1.3681318681318682,1.0,0.7472527472527473,0.9340659340659341,2.9080660343170166,
results/experiments_results_random/n25/random_n25_p07.json,random_n25_p07.json,results/experiments_results_random/n25,random,16,25,0.7,0.15,,,97,121.6,77.0,77.0,996,62,77,50,101,115.6,77.0,77.0,77.0,77.0,228,true,594,55,72,1.2597402597402598,1.579220779220779,1.0,0.8051948051948052,1.0,1.3116883116883118,1.5012987012987011,1.0,0.7142857142857143,0.935064935064935,3.185734748840332,
results/experiments_results_random/n25/random_n25_p07.json,random_n25_p07.json,results/experiments_results_random/n25,random,17,25,0.7,0.15,,,115,123.1,73.0,73.0,990,60,73,42,110,120.7,73.0,73.0,73.0,73.0,177,true,647,62,72,1.5753424657534247,1.6863013698630136,1.0,0.821917808219178,1.0,1.5068493150684932,1.6534246575342466,1.0,0.8493150684931506,0.9863013698630136,3.0856239795684814,
results/experiments_results_random/n25/random_n25_p07.json,random_n25_p07.json,results/experiments_results_random/n25,random,18,25,0.7,0.15,,,120,135.5,90.0,90.0,1023,69,88,46,105,119.8,84.0,84.0,81.0,81.0,208,false,595,61,74,1.3333333333333333,1.5055555555555555,1.0,0.7666666666666667,0.9777777777777777,1.25,1.4261904761904762,0.9642857142857143,0.7261904761904762,0.8809523809523809,4.694518089294434,
results/experiments_results_random/n25/random_n25_p07.json,random_n25_p07.json,results/experiments_results_random/n25,random,19,25,0.7,0.15,,,116,131.1,86.0,86.0,1003,69,86,47,116,121.8,84.0,84.0,82.5,82.5,161,false,635,62,75,1.3488372093023255,1.5244186046511627,1.0,0.8023255813953488,1.0,1.380952380952381,1.45,0.9821428571428571,0.7380952380952381,0.8928571428571429,2.7982802391052246,
results/experiments_results_random/n25/random_n25_p07.json,random_n25_p07.json,results/experiments_results_random/n25,random,20,25,0.7,0.15,,,118,125.6,84.0,84.0,1006,73,84,42,103,113.9,81.0,81.0,81.0,81.0,149,false,645,58,73,1.4047619047619047,1.4952380952380953,1.0,0.8690476190476191,1.0,1.271604938271605,1.406172839506173,1.0,0.7160493827160493,0.9012345679012346,2.621732711791992,
results/experiments_results_random/n25/random_n25_p07.json,random_n25_p07.json,results/experiments_results_random/n25,random,21,25,0.7,0.15,,,120,134.2,90.0,90.0,1062,70,89,44,116,123.8,86.0,86.0,83.0,83.00000000000001,176,true,662,64,77,1.3333333333333333,1.491111111111111,1.0,0.7777777777777778,0.9888888888888889,1.3488372093023255,1.4395348837209303,0.9651162790697676,0.7441860465116279,0.8953488372093024,4.386391878128052,
results/experiments_results_random/n25/random_n25_p07.json,random_n25_p07.json,results/experiments_results_random/n25,random,22,25,0.7,0.15,,,119,130.4,80.0,80.0,1006,67,80,51,106,116.6,78.0,78.0,78.0,78.0,223,true,576,59,72,1.4875,1.6300000000000001,1.0,0.8375,1.0,1.358974358974359,1.494871794871795,1.0,0.7564102564102564,0.9230769230769231,2.748443126678467,
results/experiments_results_random/n25/random_n25_p07.json,random_n25_p07.json,results/experiments_results_random/n25,random,23,25,0.7,0.15,,,111,132.8,96.0,96.0,1028,74,93,42,108,116.1,87.0,87.0,80.99999999999997,81.0,157,true,627,57,75,1.15625,1.3833333333333335,1.0,0.7708333333333334,0.96875,1.2413793103448276,1.3344827586206895,0.9310344827586207,0.6551724137931034,0.8620689655172413,4.688446998596191,
results/experiments_results_random/n25/random_n25_p07.json,random_n25_p07.json,results/experiments_results_random/n25,random,24,25,0.7,0.15,,,121,130.8,87.0,87.0,1016,69,87,47,111,121.2,83.0,83.0,83.0,83.0,228,true,601,59,73,1.3908045977011494,1.503448275862069,1.0,0.7931034482758621,1.0,1.3373493975903614,1.4602409638554217,1.0,0.7108433734939759,0.8795180722891566,2.8248050212860107,
results/experiments_results_random/n25/random_n25_p07.json,random_n25_p07.json,results/experiments_results_random/n25,random,25,25,0.7,0.15,,,109,134.9,85.0,85.0,971,70,84,45,112,120.5,81.0,81.0,81.0,81.0,184,true,598,58,73,1.2823529411764707,1.5870588235294119,1.0,0.8235294117647058,0.9882352941176471,1.382716049382716,1.4876543209876543,1.0,0.7160493827160493,0.9012345679012346,3.11366868019104,
results/experiments_results_random/n25/random_n25_p07.json,random_n25_p07.json,results/experiments_results_random/n25,random,26,25,0.7,0.15,,,119,131.3,95.0,95.0,1023,75,93,33,115,127.4,93.0,93.0,86.0,86.0,114,true,727,63,79,1.2526315789473683,1.382105263157895,1.0,0.7894736842105263,0.9789473684210527,1.2365591397849462,1.3698924731182796,0.9247311827956989,0.6774193548387096,0.8494623655913979,7.673400163650513,
results/experiments_results_random/n25/random_n25_p07.json,random_n25_p07.json,results/experiments_results_random/n25,random,27,25,0.7,0.15,,,121,137.2,101.0,98.5,1046,76,93,47,114,118.2,89.0,89.0,75.0,75.0,195,true,595,59,72,1.198019801980198,1.3584158415841583,0.9752475247524752,0.7524752475247525,0.9207920792079208,1.2808988764044944,1.3280898876404494,0.8426966292134831,0.6629213483146067,0.8089887640449438,14.972900867462158,
results/experiments_results_random/n25/random_n25_p07.json,random_n25_p07.json,results/experiments_results_random/n25,random,28,25,0.7,0.15,,,112,129.2,102.0,93.00000000000001,997,69,87,47,107,114.2,84.0,84.0,69.5,69.5,154,true,558,54,64,1.0980392156862746,1.2666666666666666,0.911764705882353,0.6764705882352942,0.8529411764705882,1.2738095238095237,1.3595238095238096,0.8273809523809523,0.6428571428571429,0.7619047619047619,13.804062128067017,
results/experiments_results_random/n25/random_n25_p07.json,random_n25_p07.json,results/experiments_results_random/n25,random,29,25,0.7,0.15,,,83,114.8,75.0,75.0,976,63,75,37,96,112.6,73.0,73.0,73.0,73.0,162,true,672,58,71,1.1066666666666667,1.5306666666666666,1.0,0.84,1.0,1.3150684931506849,1.5424657534246575,1.0,0.7945205479452054,0.9726027397260274,2.5789742469787598,
results/experiments_results_random/n25/random_n25_p07.json,random_n25_p07.json,results/experiments_results_random/n25,random,30,25,0.7,0.15,,,111,130.5,83.0,83.0,977,66,83,46,111,124.3,76.0,76.0,76.0,76.0,203,true,600,60,71,1.3373493975903614,1.572289156626506,1.0,0.7951807228915663,1.0,1.4605263157894737,1.6355263157894737,1.0,0.7894736842105263,0.9342105263157895,1.8946397304534912,
results/experiments_results_random/n25/random_n25_p07.json,random_n25_p07.json,results/experiments_results_random/n25,random,31,25,0.7,0.15,,,119,130.4,93.0,93.0,995,67,91,42,105,118.8,89.0,89.0,82.5,82.5,127,true,635,58,77,1.2795698924731183,1.4021505376344086,1.0,0.7204301075268817,0.978494623655914,1.1797752808988764,1.3348314606741574,0.9269662921348315,0.651685393258427,0.8651685393258427,5.621294975280762,
results/experiments_results_random/n25/random_n25_p07.json,random_n25_p07.json,results/experiments_results_random/n25,random,32,25,0.7,0.15,,,108,126.7,85.0,85.0,999,66,84,55,108,116.3,81.0,81.0,80.0,80.0,254,true,538,55,71,1.2705882352941176,1.4905882352941178,1.0,0.7764705882352941,0.9882352941176471,1.3333333333333333,1.4358024691358025,0.9876543209876543,0.6790123456790124,0.8765432098765432,3.0100998878479004,
results/experiments_results_random/n25/random_n25_p07.json,random_n25_p07.json,results/experiments_results_random/n25,random,33,25,0.7,0.15,,,126,138.4,87.0,87.0,1033,70,86,40,109,126.0,83.0,83.0,83.0,83.0,127,true,688,62,80,1.4482758620689655,1.5908045977011496,1.0,0.8045977011494253,0.9885057471264368,1.3132530120481927,1.5180722891566265,1.0,0.7469879518072289,0.963855421686747,2.319356918334961,
results/experiments_results_random/n25/random_n25_p07.json,random_n25_p07.json,results/experiments_results_random/n25,random,34,25,0.7,0.15,,,113,126.0,82.0,82.0,1003,67,82,40,105,120.1,81.0,81.0,81.0,81.0,178,true,661,63,77,1.3780487804878048,1.5365853658536586,1.0,0.8170731707317073,1.0,1.2962962962962963,1.482716049382716,1.0,0.7777777777777778,0.9506172839506173,2.286043167114258,
results/experiments_results_random/n25/random_n25_p07.json,random_n25_p07.json,results/experiments_results_random/n25,random,35,25,0.7,0.15,,,92,119.1,84.0,84.0,995,67,84,47,97,113.7,77.0,77.0,77.0,77.0,141,true,614,60,71,1.0952380952380953,1.4178571428571427,1.0,0.7976190476190477,1.0,1.2597402597402598,1.4766233766233767,1.0,0.7792207792207793,0.922077922077922,1.874485969543457,
results/experiments_results_random/n25/random_n25_p07.json,random_n25_p07.json,results/experiments_results_random/n25,random,36,25,0.7,0.15,,,112,128.7,82.0,82.0,1029,67,81,39,108,118.3,81.0,81.0,81.0,81.0,179,true,668,62,77,1.3658536585365855,1.569512195121951,1.0,0.8170731707317073,0.9878048780487805,1.3333333333333333,1.4604938271604937,1.0,0.7654320987654321,0.9506172839506173,2.2390480041503906,
results/experiments_results_random/n25/random_n25_p07.json,random_n25_p07.json,results/experiments_results_random/n25,random,37,25,0.7,0.15,,,117,133.4,85.0,85.0,1032,67,85,52,110,122.1,85.0,85.0,81.5,81.5,203,true,597,60,72,1.3764705882352941,1.5694117647058825,1.0,0.788235294117647,1.0,1.2941176470588236,1.436470588235294,0.9588235294117647,0.7058823529411765,0.8470588235294118,3.4450719356536865,
results/experiments_results_random/n25/random_n25_p07.json,random_n25_p07.json,results/experiments_results_random/n25,random,38,25,0.7,0.15,,,106,134.0,88.0,88.0,1029,76,87,52,113,120.7,83.0,83.0,80.0,80.0,185,true,596,56,76,1.2045454545454546,1.5227272727272727,1.0,0.8636363636363636,0.9886363636363636,1.3614457831325302,1.4542168674698797,0.963855421686747,0.6746987951807228,0.9156626506024096,2.84552001953125,
results/experiments_results_random/n25/random_n25_p07.json,random_n25_p07.json,results/experiments_results_random/n25,random,39,25,0.7,0.15,,,118,130.2,88.0,88.0,993,69,87,45,98,122.4,86.0,86.0,81.5,81.5,207,false,607,60,76,1.3409090909090908,1.4795454545454545,1.0,0.7840909090909091,0.9886363636363636,1.1395348837209303,1.4232558139534885,0.9476744186046512,0.6976744186046512,0.8837209302325582,6.653371810913086,
results/experiments_results_random/n25/random_n25_p07.json,random_n25_p07.json,results/experiments_results_random/n25,random,40,25,0.7,0.15,,,123,139.0,85.0,85.0,1010,72,84,47,115,124.0,84.0,84.0,84.0,84.0,197,false,610,59,76,1.4470588235294117,1.6352941176470588,1.0,0.8470588235294118,0.9882352941176471,1.369047619047619,1.4761904761904763,1.0,0.7023809523809523,0.9047619047619048,3.395197868347168,
results/experiments_results_random/n25/random_n25_p07.json,random_n25_p07.json,results/experiments_results_random/n25,random,41,25,0.7,0.15,,,108,132.8,94.0,94.0,1018,70,91,37,108,117.9,87.0,87.0,83.50000000000003,83.50000000000001,131,true,661,60,75,1.148936170212766,1.4127659574468086,1.0,0.7446808510638298,0.9680851063829787,1.2413793103448276,1.3551724137931036,0.959770114942529,0.6896551724137931,0.8620689655172413,4.251806974411011,
results/experiments_results_random/n25/random_n25_p07.json,random_n25_p07.json,results/experiments_results_random/n25,random,42,25,0.7,0.15,,,123,133.5,87.0,87.0,1027,70,86,54,105,113.7,83.0,83.0,79.5,79.5,246,true,554,57,70,1.4137931034482758,1.5344827586206897,1.0,0.8045977011494253,0.9885057471264368,1.2650602409638554,1.3698795180722891,0.9578313253012049,0.6867469879518072,0.8433734939759037,4.56519079208374,
results/experiments_results_random/n25/random_n25_p07.json,random_n25_p07.json,results/experiments_results_random/n25,random,43,25,0.7,0.15,,,92,120.9,84.0,84.0,982,69,84,47,109,115.4,84.0,84.0,84.0,84.0,195,true,597,60,77,1.0952380952380953,1.4392857142857143,1.0,0.8214285714285714,1.0,1.2976190476190477,1.3738095238095238,1.0,0.7142857142857143,0.9166666666666666,2.763000726699829,
results/experiments_results_random/n25/random_n25_p07.json,random_n25_p07.json,results/experiments_results_random/n25,random,44,25,0.7,0.15,,,123,137.8,91.0,91.0,1030,69,91,45,110,124.2,87.0,87.0,82.0,82.0,150,true,636,61,76,1.3516483516483517,1.5142857142857145,1.0,0.7582417582417582,1.0,1.264367816091954,1.4275862068965517,0.9425287356321839,0.7011494252873564,0.8735632183908046,5.109899044036865,
results/experiments_results_random/n25/random_n25_p07.json,random_n25_p07.json,results/experiments_results_random/n25,random,45,25,0.7,0.15,,,125,140.9,93.0,93.0,1066,72,91,44,116,126.8,91.0,91.0,81.5,81.5,153,true,663,63,75,1.3440860215053763,1.5150537634408603,1.0,0.7741935483870968,0.978494623655914,1.2747252747252746,1.3934065934065933,0.8956043956043956,0.6923076923076923,0.8241758241758241,13.051189661026001,
results/experiments_results_random/n25/random_n25_p07.json,random_n25_p07.json,results/experiments_results_random/n25,random,46,25,0.7,0.15,,,85,122.0,67.0,67.0,957,58,67,45,88,114.2,66.0,66.0,66.0,66.0,164,true,609,49,63,1.2686567164179106,1.8208955223880596,1.0,0.8656716417910447,1.0,1.3333333333333333,1.7303030303030305,1.0,0.7424242424242424,0.9545454545454546,1.7121970653533936,
results/experiments_results_random/n25/random_n25_p07.json,random_n25_p07.json,results/experiments_results_random/n25,random,47,25,0.7,0.15,,,109,129.5,90.0,90.0,1009,67,88,51,104,115.5,82.0,82.0,76.50000000000003,76.5,179,false,568,57,73,1.211111111111111,1.4388888888888889,1.0,0.7444444444444445,0.9777777777777777,1.2682926829268293,1.4085365853658536,0.9329268292682927,0.6951219512195121,0.8902439024390244,2.8942792415618896,
results/experiments_results_random/n25/random_n25_p07.json,random_n25_p07.json,results/experiments_results_random/n25,random,48,25,0.7,0.15,,,104,119.9,85.0,85.0,986,70,84,51,96,111.3,78.0,78.0,78.0,78.0,192,true,577,58,71,1.223529411764706,1.4105882352941177,1.0,0.8235294117647058,0.9882352941176471,1.2307692307692308,1.426923076923077,1.0,0.7435897435897436,0.9102564102564102,2.093235969543457,
results/experiments_results_random/n25/random_n25_p07.json,random_n25_p07.json,results/experiments_results_random/n25,random,49,25,0.7,0.15,,,119,134.3,97.0,97.0,1040,70,91,42,115,119.5,90.0,90.0,80.5,80.5,137,true,660,63,74,1.2268041237113403,1.384536082474227,1.0,0.7216494845360825,0.9381443298969072,1.2777777777777777,1.3277777777777777,0.8944444444444445,0.7,0.8222222222222222,7.282880067825317,
results/experiments_results_random/n25/random_n25_p07.json,random_n25_p07.json,results/experiments_results_random/n25,random,50,25,0.7,0.15,,,117,135.8,83.0,83.0,1049,68,83,50,116,126.2,83.0,83.0,83.0,83.0,225,true,631,62,76,1.4096385542168675,1.636144578313253,1.0,0.8192771084337349,1.0,1.3975903614457832,1.5204819277108435,1.0,0.7469879518072289,0.9156626506024096,3.459958791732788,
results/experiments_results_random/n25/random_n25_p06.json,random_n25_p06.json,results/experiments_results_random/n25,random,1,25,0.6,0.15,,,130,136.7,108.0,89.5,988,70,86,48,95,102.9,82.0,82.0,65.5,65.5,129,false,516,53,61,1.2037037037037037,1.2657407407407406,0.8287037037037037,0.6481481481481481,0.7962962962962963,1.1585365853658536,1.2548780487804878,0.7987804878048781,0.6463414634146342,0.7439024390243902,16.613764762878418,
results/experiments_results_random/n25/random_n25_p06.json,random_n25_p06.json,results/experiments_results_random/n25,random,2,25,0.6,0.15,,,125,135.4,110.0,92.0,1003,78,89,43,107,114.8,89.0,89.0,70.5,70.5,135,false,585,56,67,1.1363636363636365,1.230909090909091,0.8363636363636363,0.7090909090909091,0.8090909090909091,1.202247191011236,1.2898876404494382,0.7921348314606742,0.6292134831460674,0.7528089887640449,26.983768224716187,
results/experiments_results_random/n25/random_n25_p06.json,random_n25_p06.json,results/experiments_results_random/n25,random,3,25,0.6,0.15,,,127,132.1,100.0,87.0,982,71,83,36,99,119.5,83.0,83.0,69.0,69.0,64,false,644,55,66,1.27,1.321,0.87,0.71,0.83,1.1927710843373494,1.4397590361445782,0.8313253012048193,0.6626506024096386,0.7951807228915663,6.855238199234009,
results/experiments_results_random/n25/random_n25_p06.json,random_n25_p06.json,results/experiments_results_random/n25,random,4,25,0.6,0.15,,,123,134.0,98.0,78.0,906,64,73,33,95,106.1,78.0,78.0,61.5,61.5,42,true,555,55,58,1.2551020408163265,1.3673469387755102,0.7959183673469388,0.6530612244897959,0.7448979591836735,1.2179487179487178,1.36025641025641,0.7884615384615384,0.7051282051282052,0.7435897435897436,7.35924506187439,
results/experiments_results_random/n25/random_n25_p06.json,random_n25_p06.json,results/experiments_results_random/n25,random,5,25,0.6,0.15,,,128,140.4,106.0,93.99999999999999,1033,77,92,44,105,114.7,86.0,86.0,72.0,72.0,156,false,593,57,68,1.2075471698113207,1.3245283018867926,0.8867924528301886,0.7264150943396226,0.8679245283018868,1.2209302325581395,1.333720930232558,0.8372093023255814,0.6627906976744186,0.7906976744186046,14.11316204071045,
results/experiments_results_random/n25/random_n25_p06.json,random_n25_p06.json,results/experiments_results_random/n25,random,6,25,0.6,0.15,,,129,141.5,109.0,86.5,994,73,85,43,97,110.1,85.0,85.0,65.0,65.0,116,true,558,52,63,1.18348623853211,1.298165137614679,0.7935779816513762,0.6697247706422018,0.7798165137614679,1.1411764705882352,1.2952941176470587,0.7647058823529411,0.611764705882353,0.7411764705882353,29.711196184158325,
results/experiments_results_random/n25/random_n25_p06.json,random_n25_p06.json,results/experiments_results_random/n25,random,7,25,0.6,0.15,,,121,132.2,103.0,87.00000000000001,943,70,83,44,83,100.2,76.0,76.0,65.0,65.0,119,false,503,53,59,1.174757281553398,1.283495145631068,0.8446601941747575,0.6796116504854369,0.8058252427184466,1.0921052631578947,1.318421052631579,0.8552631578947368,0.6973684210526315,0.7763157894736842,7.694318056106567,
results/experiments_results_random/n25/random_n25_p06.json,random_n25_p06.json,results/experiments_results_random/n25,random,8,25,0.6,0.15,,,129,142.1,108.0,90.5,1041,75,88,40,111,121.0,87.0,87.0,70.5,70.5,106,true,638,58,66,1.1944444444444444,1.3157407407407407,0.8379629629629629,0.6944444444444444,0.8148148148148148,1.2758620689655173,1.3908045977011494,0.8103448275862069,0.6666666666666666,0.7586206896551724,20.850085020065308,
results/experiments_results_random/n25/random_n25_p06.json,random_n25_p06.json,results/experiments_results_random/n25,random,9,25,0.6,0.15,,,130,138.3,105.0,88.50000000000001,999,71,85,43,104,113.1,83.0,83.0,67.0,67.0,125,true,570,54,63,1.2380952380952381,1.3171428571428572,0.842857142857143,0.6761904761904762,0.8095238095238095,1.2530120481927711,1.3626506024096385,0.8072289156626506,0.6506024096385542,0.7590361445783133,12.906125783920288,
results/experiments_results_random/n25/random_n25_p06.json,random_n25_p06.json,results/experiments_results_random/n25,random,10,25,0.6,0.15,,,124,136.6,104.0,95.0,1014,74,90,47,104,111.9,86.0,86.0,71.5,71.5,126,false,573,55,67,1.1923076923076923,1.3134615384615385,0.9134615384615384,0.7115384615384616,0.8653846153846154,1.2093023255813953,1.3011627906976744,0.8313953488372093,0.6395348837209303,0.7790697674418605,12.396405935287476,
results/experiments_results_random/n25/random_n25_p06.json,random_n25_p06.json,results/experiments_results_random/n25,random,11,25,0.6,0.15,,,119,134.7,102.0,94.49999999999999,1002,72,93,57,97,109.6,80.0,80.0,66.0,66.0,198,true,493,52,63,1.1666666666666667,1.3205882352941176,0.9264705882352939,0.7058823529411765,0.9117647058823529,1.2125,1.3699999999999999,0.825,0.65,0.7875,8.165542840957642,
results/experiments_results_random/n25/random_n25_p06.json,random_n25_p06.json,results/experiments_results_random/n25,random,12,25,0.6,0.15,,,120,135.0,102.0,82.5,941,66,78,52,95,99.6,72.0,72.0,56.5,56.5,144,true,433,46,51,1.1764705882352942,1.3235294117647058,0.8088235294117647,0.6470588235294118,0.7647058823529411,1.3194444444444444,1.3833333333333333,0.7847222222222222,0.6388888888888888,0.7083333333333334,9.418928146362305,
results/experiments_results_random/n25/random_n25_p06.json,random_n25_p06.json,results/experiments_results_random/n25,random,13,25,0.6,0.15,,,128,139.5,112.0,93.0,1035,74,90,40,107,113.7,91.0,91.0,73.0,73.0,89,false,621,59,67,1.1428571428571428,1.2455357142857142,0.8303571428571429,0.6607142857142857,0.8035714285714286,1.1758241758241759,1.2494505494505495,0.8021978021978022,0.6483516483516484,0.7362637362637363,24.941328048706055,
results/experiments_results_random/n25/random_n25_p06.json,random_n25_p06.json,results/experiments_results_random/n25,random,14,25,0.6,0.15,,,124,137.0,109.0,85.0,961,67,82,45,103,111.1,82.0,82.0,62.5,62.5,121,false,516,54,59,1.1376146788990826,1.2568807339449541,0.7798165137614679,0.6146788990825688,0.7522935779816514,1.2560975609756098,1.3548780487804877,0.7621951219512195,0.6585365853658537,0.7195121951219512,25.871492862701416,
results/experiments_results_random/n25/random_n25_p06.json,random_n25_p06.json,results/experiments_results_random/n25,random,15,25,0.6,0.15,,,125,134.9,106.0,87.5,978,73,83,25,106,118.6,92.0,92.0,75.0,75.0,59,false,707,60,72,1.179245283018868,1.2726415094339623,0.8254716981132075,0.6886792452830188,0.7830188679245284,1.1521739130434783,1.2891304347826087,0.8152173913043478,0.6521739130434783,0.782608695652174,16.790921926498413,
results/experiments_results_random/n25/random_n25_p06.json,random_n25_p06.json,results/experiments_results_random/n25,random,16,25,0.6,0.15,,,121,131.8,103.0,91.5,986,70,87,50,93,102.7,78.0,78.0,66.5,66.5,153,true,504,51,61,1.174757281553398,1.279611650485437,0.8883495145631068,0.6796116504854369,0.8446601941747572,1.1923076923076923,1.3166666666666667,0.8525641025641025,0.6538461538461539,0.782051282051282,6.239017963409424,
results/experiments_results_random/n25/random_n25_p06.json,random_n25_p06.json,results/experiments_results_random/n25,random,17,25,0.6,0.15,,,121,131.5,99.0,95.5,989,75,88,42,109,115.3,84.0,84.0,74.5,74.5,137,true,596,59,69,1.2222222222222223,1.3282828282828283,0.9646464646464646,0.7575757575757576,0.8888888888888888,1.2976190476190477,1.3726190476190476,0.8869047619047619,0.7023809523809523,0.8214285714285714,3.9744787216186523,
results/experiments_results_random/n25/random_n25_p06.json,random_n25_p06.json,results/experiments_results_random/n25,random,18,25,0.6,0.15,,,118,136.8,107.0,87.5,982,75,83,46,94,103.1,81.0,81.0,64.5,64.5,125,false,502,55,61,1.102803738317757,1.2785046728971963,0.8177570093457944,0.7009345794392523,0.7757009345794392,1.1604938271604939,1.2728395061728395,0.7962962962962963,0.6790123456790124,0.7530864197530864,15.122268199920654,
results/experiments_results_random/n25/random_n25_p06.json,random_n25_p06.json,results/experiments_results_random/n25,random,19,25,0.6,0.15,,,130,136.7,107.0,88.50000000000001,982,71,85,47,103,111.6,82.0,82.0,65.0,65.0,125,false,546,51,61,1.2149532710280373,1.277570093457944,0.8271028037383179,0.6635514018691588,0.794392523364486,1.2560975609756098,1.3609756097560974,0.7926829268292683,0.6219512195121951,0.7439024390243902,15.720931053161621,
results/experiments_results_random/n25/random_n25_p06.json,random_n25_p06.json,results/experiments_results_random/n25,random,20,25,0.6,0.15,,,128,137.4,107.0,91.0,1010,71,86,42,106,112.3,84.0,84.0,70.0,70.0,101,true,593,56,66,1.1962616822429906,1.2841121495327104,0.8504672897196262,0.6635514018691588,0.8037383177570093,1.2619047619047619,1.3369047619047618,0.8333333333333334,0.6666666666666666,0.7857142857142857,11.28108286857605,
results/experiments_results_random/n25/random_n25_p06.json,random_n25_p06.json,results/experiments_results_random/n25,random,21,25,0.6,0.15,,,134,140.3,111.0,89.5,1031,74,87,44,107,114.9,88.0,88.0,67.5,67.5,128,true,593,56,64,1.2072072072072073,1.2639639639639642,0.8063063063063063,0.6666666666666666,0.7837837837837838,1.2159090909090908,1.3056818181818182,0.7670454545454546,0.6363636363636364,0.7272727272727273,23.617873907089233,
results/experiments_results_random/n25/random_n25_p06.json,random_n25_p06.json,results/experiments_results_random/n25,random,22,25,0.6,0.15,,,129,139.6,106.0,93.0,1022,74,88,51,98,107.5,81.0,81.0,67.5,67.5,181,true,525,52,62,1.2169811320754718,1.3169811320754716,0.8773584905660378,0.6981132075471698,0.8301886792452831,1.2098765432098766,1.3271604938271604,0.8333333333333334,0.6419753086419753,0.7654320987654321,8.457459926605225,
results/experiments_results_random/n25/random_n25_p06.json,random_n25_p06.json,results/experiments_results_random/n25,random,23,25,0.6,0.15,,,120,134.5,107.0,86.49999999999999,1000,72,84,42,102,106.6,81.0,81.0,65.5,65.5,95,true,569,54,60,1.1214953271028036,1.2570093457943925,0.8084112149532708,0.6728971962616822,0.7850467289719626,1.2592592592592593,1.3160493827160493,0.808641975308642,0.6666666666666666,0.7407407407407407,11.778578281402588,
results/experiments_results_random/n25/random_n25_p06.json,random_n25_p06.json,results/experiments_results_random/n25,random,24,25,0.6,0.15,,,121,136.6,110.0,90.00000000000001,1029,76,86,47,106,111.7,82.0,82.0,66.5,66.5,150,true,547,57,62,1.1,1.2418181818181817,0.8181818181818183,0.6909090909090909,0.7818181818181819,1.2926829268292683,1.3621951219512196,0.8109756097560976,0.6951219512195121,0.7560975609756098,15.362874746322632,
results/experiments_results_random/n25/random_n25_p06.json,random_n25_p06.json,results/experiments_results_random/n25,random,25,25,0.6,0.15,,,118,136.6,103.0,87.99999999999997,967,72,84,45,101,111.8,84.0,84.0,65.5,65.5,139,false,532,54,63,1.145631067961165,1.3262135922330096,0.8543689320388347,0.6990291262135923,0.8155339805825242,1.2023809523809523,1.3309523809523809,0.7797619047619048,0.6428571428571429,0.75,13.362185001373291,
results/experiments_results_random/n25/random_n25_p06.json,random_n25_p06.json,results/experiments_results_random/n25,random,26,25,0.6,0.15,,,132,138.3,107.0,88.5,1010,71,84,33,111,122.7,92.0,92.0,72.0,72.0,86,true,682,60,67,1.233644859813084,1.2925233644859815,0.8271028037383178,0.6635514018691588,0.7850467289719626,1.2065217391304348,1.3336956521739132,0.782608695652174,0.6521739130434783,0.7282608695652174,21.813252210617065,
results/experiments_results_random/n25/random_n25_p06.json,random_n25_p06.json,results/experiments_results_random/n25,random,27,25,0.6,0.15,,,137,141.4,102.0,80.0,960,67,76,47,93,100.6,70.0,70.0,56.5,56.5,116,false,456,46,52,1.3431372549019607,1.3862745098039215,0.7843137254901961,0.6568627450980392,0.7450980392156863,1.3285714285714285,1.437142857142857,0.8071428571428572,0.6571428571428571,0.7428571428571429,9.232297897338867,
results/experiments_results_random/n25/random_n25_p06.json,random_n25_p06.json,results/experiments_results_random/n25,random,28,25,0.6,0.15,,,130,134.0,104.0,81.5,951,71,78,47,95,101.3,74.0,74.0,58.0,58.0,99,true,476,47,56,1.25,1.2884615384615385,0.7836538461538461,0.6826923076923077,0.75,1.2837837837837838,1.3689189189189188,0.7837837837837838,0.6351351351351351,0.7567567567567568,13.307867050170898,
results/experiments_results_random/n25/random_n25_p06.json,random_n25_p06.json,results/experiments_results_random/n25,random,29,25,0.6,0.15,,,131,135.7,104.0,96.0,1067,74,92,37,112,119.8,93.0,93.0,77.5,77.5,133,false,700,65,75,1.2596153846153846,1.3048076923076921,0.9230769230769231,0.7115384615384616,0.8846153846153846,1.2043010752688172,1.2881720430107526,0.8333333333333334,0.6989247311827957,0.8064516129032258,11.277984619140625,
results/experiments_results_random/n25/random_n25_p06.json,random_n25_p06.json,results/experiments_results_random/n25,random,30,25,0.6,0.15,,,123,136.2,106.0,94.99999999999999,1010,74,90,46,111,117.2,87.0,87.0,72.0,72.0,165,false,575,56,68,1.1603773584905661,1.2849056603773583,0.8962264150943395,0.6981132075471698,0.8490566037735849,1.2758620689655173,1.3471264367816091,0.8275862068965517,0.6436781609195402,0.7816091954022989,12.031466007232666,
results/experiments_results_random/n25/random_n25_p06.json,random_n25_p06.json,results/experiments_results_random/n25,random,31,25,0.6,0.15,,,122,135.0,102.0,80.5,925,68,76,42,94,104.9,77.0,77.0,59.5,59.5,74,true,510,48,55,1.196078431372549,1.3235294117647058,0.7892156862745098,0.6666666666666666,0.7450980392156863,1.2207792207792207,1.3623376623376624,0.7727272727272727,0.6233766233766234,0.7142857142857143,10.872941017150879,
results/experiments_results_random/n25/random_n25_p06.json,random_n25_p06.json,results/experiments_results_random/n25,random,32,25,0.6,0.15,,,122,132.7,104.0,97.00000000000001,1007,71,94,55,102,107.0,80.0,80.0,69.5,69.5,218,true,490,53,64,1.1730769230769231,1.2759615384615384,0.9326923076923078,0.6826923076923077,0.9038461538461539,1.275,1.3375,0.86875,0.6625,0.8,6.333550930023193,
results/experiments_results_random/n25/random_n25_p06.json,random_n25_p06.json,results/experiments_results_random/n25,random,33,25,0.6,0.15,,,129,139.2,107.0,94.0,1037,77,93,40,109,121.9,92.0,92.0,74.00000000000001,74.0,107,true,655,60,70,1.205607476635514,1.3009345794392522,0.8785046728971962,0.719626168224299,0.8691588785046729,1.184782608695652,1.325,0.8043478260869565,0.6521739130434783,0.7608695652173914,18.050894737243652,
results/experiments_results_random/n25/random_n25_p06.json,random_n25_p06.json,results/experiments_results_random/n25,random,34,25,0.6,0.15,,,132,141.7,107.0,91.5,1036,78,88,40,109,115.2,86.0,86.0,71.50000000000001,71.5,143,true,615,58,68,1.233644859813084,1.3242990654205606,0.8551401869158879,0.7289719626168224,0.822429906542056,1.2674418604651163,1.3395348837209302,0.8313953488372093,0.6744186046511628,0.7906976744186046,14.888166904449463,
results/experiments_results_random/n25/random_n25_p06.json,random_n25_p06.json,results/experiments_results_random/n25,random,35,25,0.6,0.15,,,113,132.9,99.0,90.5,959,75,84,47,102,110.4,79.0,79.0,67.0,67.0,112,false,527,55,62,1.1414141414141414,1.3424242424242425,0.9141414141414141,0.7575757575757576,0.8484848484848485,1.2911392405063291,1.3974683544303799,0.8481012658227848,0.6962025316455697,0.7848101265822784,4.788830041885376,
results/experiments_results_random/n25/random_n25_p06.json,random_n25_p06.json,results/experiments_results_random/n25,random,36,25,0.6,0.15,,,123,134.0,98.0,98.0,1026,69,93,39,106,115.1,86.0,86.0,78.5,78.5,148,true,635,57,72,1.2551020408163265,1.3673469387755102,1.0,0.7040816326530612,0.9489795918367347,1.2325581395348837,1.3383720930232557,0.9127906976744186,0.6627906976744186,0.8372093023255814,4.121381998062134,
results/experiments_results_random/n25/random_n25_p06.json,random_n25_p06.json,results/experiments_results_random/n25,random,37,25,0.6,0.15,,,124,138.1,106.0,93.0,1035,77,91,52,102,111.5,83.0,83.0,67.0,67.0,153,true,543,55,62,1.169811320754717,1.3028301886792453,0.8773584905660378,0.7264150943396226,0.8584905660377359,1.2289156626506024,1.3433734939759037,0.8072289156626506,0.6626506024096386,0.7469879518072289,13.936416149139404,
results/experiments_results_random/n25/random_n25_p06.json,random_n25_p06.json,results/experiments_results_random/n25,random,38,25,0.6,0.15,,,121,135.8,103.0,92.5,1010,69,88,52,104,109.5,76.0,76.0,66.5,66.5,164,false,524,50,60,1.174757281553398,1.3184466019417478,0.8980582524271845,0.6699029126213593,0.8543689320388349,1.368421052631579,1.4407894736842106,0.875,0.6578947368421053,0.7894736842105263,4.712968826293945,
results/experiments_results_random/n25/random_n25_p06.json,random_n25_p06.json,results/experiments_results_random/n25,random,39,25,0.6,0.15,,,125,135.9,108.0,89.49999999999999,999,72,84,45,100,113.9,86.0,86.0,67.0,67.0,159,true,570,54,64,1.1574074074074074,1.2583333333333333,0.8287037037037036,0.6666666666666666,0.7777777777777778,1.1627906976744187,1.3244186046511628,0.7790697674418605,0.627906976744186,0.7441860465116279,16.8564190864563,
results/experiments_results_random/n25/random_n25_p06.json,random_n25_p06.json,results/experiments_results_random/n25,random,40,25,0.6,0.15,,,128,134.3,107.0,90.5,995,73,86,47,107,110.4,81.0,81.0,67.0,67.0,132,true,533,56,64,1.1962616822429906,1.255140186915888,0.8457943925233645,0.6822429906542056,0.8037383177570093,1.3209876543209877,1.362962962962963,0.8271604938271605,0.691358024691358,0.7901234567901234,11.746459245681763,
results/experiments_results_random/n25/random_n25_p06.json,random_n25_p06.json,results/experiments_results_random/n25,random,41,25,0.6,0.15,,,118,137.4,105.0,85.5,982,69,82,37,98,108.0,83.0,83.0,67.0,67.0,85,true,592,55,64,1.1238095238095238,1.3085714285714287,0.8142857142857143,0.6571428571428571,0.780952380952381,1.180722891566265,1.3012048192771084,0.8072289156626506,0.6626506024096386,0.7710843373493976,11.810807943344116,
results/experiments_results_random/n25/random_n25_p06.json,random_n25_p06.json,results/experiments_results_random/n25,random,42,25,0.6,0.15,,,129,138.2,106.0,92.5,1024,71,88,54,95,102.1,76.0,76.0,65.5,65.5,162,true,486,46,61,1.2169811320754718,1.3037735849056602,0.8726415094339622,0.6698113207547169,0.8301886792452831,1.25,1.3434210526315788,0.8618421052631579,0.6052631578947368,0.8026315789473685,5.940127849578857,
results/experiments_results_random/n25/random_n25_p06.json,random_n25_p06.json,results/experiments_results_random/n25,random,43,25,0.6,0.15,,,109,126.4,105.0,92.49999999999999,953,72,90,47,100,107.8,78.0,78.0,69.0,69.0,167,true,517,54,64,1.0380952380952382,1.2038095238095239,0.8809523809523808,0.6857142857142857,0.8571428571428571,1.2820512820512822,1.382051282051282,0.8846153846153846,0.6923076923076923,0.8205128205128205,5.246700048446655,
results/experiments_results_random/n25/random_n25_p06.json,random_n25_p06.json,results/experiments_results_random/n25,random,44,25,0.6,0.15,,,132,139.1,106.0,87.0,979,72,84,45,102,106.1,81.0,81.0,64.5,64.5,101,true,532,53,63,1.2452830188679245,1.312264150943396,0.8207547169811321,0.6792452830188679,0.7924528301886793,1.2592592592592593,1.3098765432098765,0.7962962962962963,0.654320987654321,0.7777777777777778,9.24323296546936,
results/experiments_results_random/n25/random_n25_p06.json,random_n25_p06.json,results/experiments_results_random/n25,random,45,25,0.6,0.15,,,130,138.9,106.0,87.0,1007,71,82,44,103,111.6,84.0,84.0,65.0,65.0,110,true,567,57,61,1.2264150943396226,1.310377358490566,0.8207547169811321,0.6698113207547169,0.7735849056603774,1.2261904761904763,1.3285714285714285,0.7738095238095238,0.6785714285714286,0.7261904761904762,10.563608169555664,
results/experiments_results_random/n25/random_n25_p06.json,random_n25_p06.json,results/experiments_results_random/n25,random,46,25,0.6,0.15,,,107,137.5,103.0,98.5,1032,75,92,45,104,115.5,89.0,89.0,76.0,76.0,127,false,616,61,70,1.0388349514563107,1.3349514563106797,0.9563106796116505,0.7281553398058253,0.8932038834951457,1.1685393258426966,1.297752808988764,0.8539325842696629,0.6853932584269663,0.7865168539325843,5.173342943191528,
results/experiments_results_random/n25/random_n25_p06.json,random_n25_p06.json,results/experiments_results_random/n25,random,47,25,0.6,0.15,,,123,133.6,104.0,89.00000000000001,987,69,86,51,102,108.2,82.0,82.0,63.5,63.5,132,false,515,52,61,1.1826923076923077,1.2846153846153845,0.855769230769231,0.6634615384615384,0.8269230769230769,1.2439024390243902,1.3195121951219513,0.774390243902439,0.6341463414634146,0.7439024390243902,7.184514045715332,
results/experiments_results_random/n25/random_n25_p06.json,random_n25_p06.json,results/experiments_results_random/n25,random,48,25,0.6,0.15,,,116,128.9,99.0,90.99999999999994,975,70,88,51,94,104.8,77.0,77.0,65.5,65.5,127,false,508,52,59,1.1717171717171717,1.302020202020202,0.9191919191919187,0.7070707070707071,0.8888888888888888,1.2207792207792207,1.361038961038961,0.8506493506493507,0.6753246753246753,0.7662337662337663,2.511368989944458,
results/experiments_results_random/n25/random_n25_p06.json,random_n25_p06.json,results/experiments_results_random/n25,random,49,25,0.6,0.15,,,112,129.6,107.0,83.99999999999999,941,69,81,42,93,103.9,80.0,80.0,63.0,63.0,90,false,528,54,59,1.0467289719626167,1.211214953271028,0.7850467289719625,0.6448598130841121,0.7570093457943925,1.1625,1.29875,0.7875,0.675,0.7375,10.079738855361938,
results/experiments_results_random/n25/random_n25_p06.json,random_n25_p06.json,results/experiments_results_random/n25,random,50,25,0.6,0.15,,,130,135.5,109.0,93.5,1033,75,90,50,105,111.4,85.0,85.0,68.5,68.5,174,false,560,57,64,1.1926605504587156,1.2431192660550459,0.8577981651376146,0.6880733944954128,0.8256880733944955,1.2352941176470589,1.3105882352941176,0.8058823529411765,0.6705882352941176,0.7529411764705882,10.424837112426758,
results/experiments_results_random/n30/random_n30_p07.json,random_n30_p07.json,results/experiments_results_random/n30,random,1,30,0.7,0.15,,,146,183.0,118.0,118.0,1734,90,117,65,149,172.0,116.0,116.0,116.0,116.0,353,true,1091,90,113,1.2372881355932204,1.5508474576271187,1.0,0.7627118644067796,0.9915254237288136,1.2844827586206897,1.4827586206896552,1.0,0.7758620689655172,0.9741379310344828,2.217745065689087,
results/experiments_results_random/n30/random_n30_p07.json,random_n30_p07.json,results/experiments_results_random/n30,random,2,30,0.7,0.15,,,158,191.0,123.0,123.0,1747,99,123,60,157,177.4,122.0,122.0,122.0,122.0,323,true,1159,89,116,1.2845528455284554,1.5528455284552845,1.0,0.8048780487804879,1.0,1.2868852459016393,1.4540983606557378,1.0,0.7295081967213115,0.9508196721311475,2.7030980587005615,
results/experiments_results_random/n30/random_n30_p07.json,random_n30_p07.json,results/experiments_results_random/n30,random,3,30,0.7,0.15,,,147,175.3,125.0,125.0,1750,98,124,60,162,178.4,125.0,125.0,125.0,125.0,358,true,1119,90,115,1.176,1.4024,1.0,0.784,0.992,1.296,1.4272,1.0,0.72,0.92,3.058727264404297,
results/experiments_results_random/n30/random_n30_p07.json,random_n30_p07.json,results/experiments_results_random/n30,random,4,30,0.7,0.15,,,166,191.1,150.0,139.5,1734,106,132,55,164,172.5,131.0,131.0,112.00000000000003,112.0,258,true,1088,87,104,1.1066666666666667,1.274,0.93,0.7066666666666667,0.88,1.251908396946565,1.316793893129771,0.8549618320610687,0.6641221374045801,0.7938931297709924,24.67523503303528,
results/experiments_results_random/n30/random_n30_p07.json,random_n30_p07.json,results/experiments_results_random/n30,random,5,30,0.7,0.15,,,177,197.0,123.0,123.0,1831,100,123,65,161,182.0,123.0,123.0,123.0,123.0,377,true,1157,88,115,1.4390243902439024,1.6016260162601625,1.0,0.8130081300813008,1.0,1.3089430894308942,1.4796747967479675,1.0,0.7154471544715447,0.9349593495934959,2.81551194190979,
results/experiments_results_random/n30/random_n30_p07.json,random_n30_p07.json,results/experiments_results_random/n30,random,6,30,0.7,0.15,,,177,197.4,143.0,143.0,1792,110,133,66,164,175.1,131.0,131.0,112.5,112.50000000000001,334,true,1078,88,107,1.2377622377622377,1.3804195804195805,1.0,0.7692307692307693,0.9300699300699301,1.251908396946565,1.3366412213740457,0.8587786259541986,0.6717557251908397,0.816793893129771,20.28385305404663,
results/experiments_results_random/n30/random_n30_p07.json,random_n30_p07.json,results/experiments_results_random/n30,random,7,30,0.7,0.15,,,165,196.0,139.0,139.0,1815,112,136,64,153,173.9,128.0,128.0,115.5,115.5,376,true,1097,88,109,1.1870503597122302,1.410071942446043,1.0,0.8057553956834532,0.9784172661870504,1.1953125,1.35859375,0.90234375,0.6875,0.8515625,15.64344596862793,
results/experiments_results_random/n30/random_n30_p07.json,random_n30_p07.json,results/experiments_results_random/n30,random,8,30,0.7,0.15,,,169,190.4,128.0,128.0,1781,109,126,56,156,181.8,128.0,128.0,125.49999999999997,125.49999999999999,286,true,1223,89,115,1.3203125,1.4875,1.0,0.8515625,0.984375,1.21875,1.4203125,0.9804687499999999,0.6953125,0.8984375,5.0772459506988525,
results/experiments_results_random/n30/random_n30_p07.json,random_n30_p07.json,results/experiments_results_random/n30,random,9,30,0.7,0.15,,,162,187.7,129.0,129.0,1743,105,128,67,166,175.3,122.0,122.0,114.5,114.49999999999997,367,true,1036,91,104,1.255813953488372,1.4550387596899224,1.0,0.813953488372093,0.9922480620155039,1.360655737704918,1.4368852459016395,0.9385245901639342,0.7459016393442623,0.8524590163934426,6.728722095489502,
results/experiments_results_random/n30/random_n30_p07.json,random_n30_p07.json,results/experiments_results_random/n30,random,10,30,0.7,0.15,,,162,193.2,125.0,125.0,1773,102,122,70,149,178.7,119.0,119.0,119.0,119.0,388,true,1067,90,112,1.296,1.5455999999999999,1.0,0.816,0.976,1.2521008403361344,1.5016806722689076,1.0,0.7563025210084033,0.9411764705882353,2.7138559818267822,
results/experiments_results_random/n30/random_n30_p07.json,random_n30_p07.json,results/experiments_results_random/n30,random,11,30,0.7,0.15,,,151,186.7,118.0,118.0,1781,95,117,77,163,174.8,116.0,116.0,116.0,116.0,456,true,1041,83,112,1.2796610169491525,1.5822033898305083,1.0,0.8050847457627118,0.9915254237288136,1.4051724137931034,1.506896551724138,1.0,0.7155172413793104,0.9655172413793104,2.323158025741577,
results/experiments_results_random/n30/random_n30_p07.json,random_n30_p07.json,results/experiments_results_random/n30,random,12,30,0.7,0.15,,,178,192.1,140.0,140.0,1784,103,133,74,157,169.8,132.0,132.0,110.0,110.00000000000003,406,false,1009,85,103,1.2714285714285714,1.372142857142857,1.0,0.7357142857142858,0.95,1.1893939393939394,1.2863636363636364,0.8333333333333336,0.6439393939393939,0.7803030303030303,41.69709897041321,
results/experiments_results_random/n30/random_n30_p07.json,random_n30_p07.json,results/experiments_results_random/n30,random,13,30,0.7,0.15,,,154,188.8,127.0,127.0,1770,88,123,64,163,182.5,116.0,116.0,116.0,116.0,350,true,1120,84,109,1.2125984251968505,1.4866141732283464,1.0,0.6929133858267716,0.968503937007874,1.4051724137931034,1.5732758620689655,1.0,0.7241379310344828,0.9396551724137931,2.622230052947998,
results/experiments_results_random/n30/random_n30_p07.json,random_n30_p07.json,results/experiments_results_random/n30,random,14,30,0.7,0.15,,,169,185.1,130.0,130.0,1746,97,129,60,148,173.3,124.0,124.0,122.50000000000003,122.5,321,false,1132,87,112,1.3,1.4238461538461538,1.0,0.7461538461538462,0.9923076923076923,1.1935483870967742,1.3975806451612904,0.9879032258064516,0.7016129032258065,0.9032258064516129,3.8971571922302246,
results/experiments_results_random/n30/random_n30_p07.json,random_n30_p07.json,results/experiments_results_random/n30,random,15,30,0.7,0.15,,,146,184.8,124.0,124.0,1750,96,122,46,142,181.1,123.0,123.0,122.99999999999999,122.99999999999997,200,true,1272,89,117,1.1774193548387097,1.4903225806451614,1.0,0.7741935483870968,0.9838709677419355,1.1544715447154472,1.4723577235772358,0.9999999999999998,0.7235772357723578,0.9512195121951219,2.6175060272216797,
results/experiments_results_random/n30/random_n30_p07.json,random_n30_p07.json,results/experiments_results_random/n30,random,16,30,0.7,0.15,,,169,198.8,133.0,133.0,1785,109,131,69,145,169.3,124.0,124.0,116.5,116.50000000000001,408,false,1043,88,108,1.2706766917293233,1.4947368421052631,1.0,0.8195488721804511,0.9849624060150376,1.1693548387096775,1.3653225806451614,0.9395161290322582,0.7096774193548387,0.8709677419354839,5.417261838912964,
results/experiments_results_random/n30/random_n30_p07.json,random_n30_p07.json,results/experiments_results_random/n30,random,17,30,0.7,0.15,,,151,181.7,109.0,109.0,1727,93,108,65,169,181.6,109.0,109.0,109.0,109.0,446,true,1113,86,107,1.385321100917431,1.66697247706422,1.0,0.8532110091743119,0.9908256880733946,1.5504587155963303,1.6660550458715595,1.0,0.7889908256880734,0.981651376146789,1.8882100582122803,
results/experiments_results_random/n30/random_n30_p07.json,random_n30_p07.json,results/experiments_results_random/n30,random,18,30,0.7,0.15,,,163,191.7,126.0,126.0,1785,97,125,69,149,173.7,124.0,124.0,120.0,120.00000000000001,394,true,1061,88,109,1.2936507936507937,1.5214285714285714,1.0,0.7698412698412699,0.9920634920634921,1.2016129032258065,1.400806451612903,0.9677419354838711,0.7096774193548387,0.8790322580645161,4.245012998580933,
results/experiments_results_random/n30/random_n30_p07.json,random_n30_p07.json,results/experiments_results_random/n30,random,19,30,0.7,0.15,,,164,190.0,128.0,128.0,1797,101,125,68,165,178.5,124.0,124.0,119.50000000000001,119.50000000000001,378,true,1105,87,113,1.28125,1.484375,1.0,0.7890625,0.9765625,1.3306451612903225,1.439516129032258,0.963709677419355,0.7016129032258065,0.9112903225806451,4.2049548625946045,
results/experiments_results_random/n30/random_n30_p07.json,random_n30_p07.json,results/experiments_results_random/n30,random,20,30,0.7,0.15,,,173,190.5,126.0,126.0,1783,109,126,64,156,178.9,126.0,126.0,122.5,122.49999999999999,398,true,1133,89,115,1.373015873015873,1.5119047619047619,1.0,0.8650793650793651,1.0,1.2380952380952381,1.41984126984127,0.9722222222222221,0.7063492063492064,0.9126984126984127,4.085840225219727,
results/experiments_results_random/n30/random_n30_p07.json,random_n30_p07.json,results/experiments_results_random/n30,random,21,30,0.7,0.15,,,161,187.8,130.0,130.0,1763,107,129,63,169,180.0,127.0,127.0,121.0,120.99999999999997,334,false,1144,93,114,1.2384615384615385,1.4446153846153846,1.0,0.823076923076923,0.9923076923076923,1.330708661417323,1.4173228346456692,0.9527559055118108,0.7322834645669292,0.8976377952755905,5.069109916687012,
results/experiments_results_random/n30/random_n30_p07.json,random_n30_p07.json,results/experiments_results_random/n30,random,22,30,0.7,0.15,,,162,181.4,117.0,117.0,1760,93,115,76,159,172.0,117.0,117.0,117.0,117.0,504,true,1025,86,112,1.3846153846153846,1.5504273504273505,1.0,0.7948717948717948,0.9829059829059829,1.358974358974359,1.4700854700854702,1.0,0.7350427350427351,0.9572649572649573,2.3941121101379395,
results/experiments_results_random/n30/random_n30_p07.json,random_n30_p07.json,results/experiments_results_random/n30,random,23,30,0.7,0.15,,,176,196.7,135.0,135.0,1766,107,133,57,167,183.5,130.0,130.0,121.5,121.50000000000001,295,false,1171,89,114,1.3037037037037038,1.457037037037037,1.0,0.7925925925925926,0.9851851851851852,1.2846153846153847,1.4115384615384616,0.9346153846153847,0.6846153846153846,0.8769230769230769,8.942718029022217,
results/experiments_results_random/n30/random_n30_p07.json,random_n30_p07.json,results/experiments_results_random/n30,random,24,30,0.7,0.15,,,162,182.1,123.0,123.0,1746,92,122,63,158,173.6,117.0,117.0,117.0,117.0,378,true,1114,83,111,1.3170731707317074,1.4804878048780488,1.0,0.7479674796747967,0.991869918699187,1.3504273504273505,1.4837606837606838,1.0,0.7094017094017094,0.9487179487179487,2.5065360069274902,
results/experiments_results_random/n30/random_n30_p07.json,random_n30_p07.json,results/experiments_results_random/n30,random,25,30,0.7,0.15,,,175,196.0,131.0,131.0,1797,107,129,66,157,181.8,124.0,124.0,118.50000000000003,118.49999999999997,398,true,1106,88,111,1.3358778625954197,1.4961832061068703,1.0,0.816793893129771,0.9847328244274809,1.2661290322580645,1.4661290322580647,0.9556451612903224,0.7096774193548387,0.8951612903225806,4.629664182662964,
results/experiments_results_random/n30/random_n30_p07.json,random_n30_p07.json,results/experiments_results_random/n30,random,26,30,0.7,0.15,,,177,195.4,135.0,135.0,1800,110,133,46,169,181.5,134.0,134.0,127.00000000000001,126.99999999999999,271,true,1259,98,117,1.3111111111111111,1.4474074074074075,1.0,0.8148148148148148,0.9851851851851852,1.2611940298507462,1.3544776119402986,0.9477611940298506,0.7313432835820896,0.8731343283582089,5.923757791519165,
results/experiments_results_random/n30/random_n30_p07.json,random_n30_p07.json,results/experiments_results_random/n30,random,27,30,0.7,0.15,,,175,197.5,143.0,143.0,1752,109,133,62,159,173.6,130.0,130.0,113.0,113.0,384,false,1081,87,108,1.2237762237762237,1.381118881118881,1.0,0.7622377622377622,0.9300699300699301,1.2230769230769232,1.3353846153846154,0.8692307692307693,0.6692307692307692,0.8307692307692308,13.193228960037231,
results/experiments_results_random/n30/random_n30_p07.json,random_n30_p07.json,results/experiments_results_random/n30,random,28,30,0.7,0.15,,,186,203.4,154.0,132.5,1808,109,125,68,155,168.4,124.0,124.0,98.5,98.5,320,false,1009,83,95,1.2077922077922079,1.3207792207792208,0.8603896103896104,0.7077922077922078,0.8116883116883117,1.25,1.3580645161290323,0.7943548387096774,0.6693548387096774,0.7661290322580645,34.251384019851685,
results/experiments_results_random/n30/random_n30_p07.json,random_n30_p07.json,results/experiments_results_random/n30,random,29,30,0.7,0.15,,,151,174.3,114.0,114.0,1749,89,114,54,166,178.6,114.0,114.0,114.0,114.0,290,true,1223,84,112,1.3245614035087718,1.5289473684210528,1.0,0.7807017543859649,1.0,1.456140350877193,1.5666666666666667,1.0,0.7368421052631579,0.9824561403508771,2.0765600204467773,
results/experiments_results_random/n30/random_n30_p07.json,random_n30_p07.json,results/experiments_results_random/n30,random,30,30,0.7,0.15,,,189,202.3,136.0,136.0,1816,110,133,61,157,175.5,128.0,128.0,117.49999999999997,117.49999999999999,270,false,1152,85,110,1.3897058823529411,1.4875,1.0,0.8088235294117647,0.9779411764705882,1.2265625,1.37109375,0.9179687499999999,0.6640625,0.859375,9.490352869033813,
results/experiments_results_random/n30/random_n30_p07.json,random_n30_p07.json,results/experiments_results_random/n30,random,31,30,0.7,0.15,,,165,188.4,124.0,124.0,1817,100,122,72,161,173.4,118.0,118.0,118.0,118.0,430,true,1076,86,112,1.3306451612903225,1.5193548387096774,1.0,0.8064516129032258,0.9838709677419355,1.3644067796610169,1.4694915254237289,1.0,0.7288135593220338,0.9491525423728814,2.6852219104766846,
results/experiments_results_random/n30/random_n30_p07.json,random_n30_p07.json,results/experiments_results_random/n30,random,32,30,0.7,0.15,,,170,190.5,130.0,130.0,1810,109,127,68,162,178.0,125.0,125.0,118.5,118.49999999999997,353,false,1115,85,112,1.3076923076923077,1.4653846153846153,1.0,0.8384615384615385,0.9769230769230769,1.296,1.424,0.9479999999999997,0.68,0.896,4.723635911941528,
results/experiments_results_random/n30/random_n30_p07.json,random_n30_p07.json,results/experiments_results_random/n30,random,33,30,0.7,0.15,,,158,189.2,121.0,121.0,1769,98,120,58,171,181.9,120.0,120.0,120.0,120.0,379,true,1177,90,112,1.3057851239669422,1.5636363636363635,1.0,0.8099173553719008,0.9917355371900827,1.425,1.5158333333333334,1.0,0.75,0.9333333333333333,2.4452528953552246,
results/experiments_results_random/n30/random_n30_p07.json,random_n30_p07.json,results/experiments_results_random/n30,random,34,30,0.7,0.15,,,159,191.2,120.0,120.0,1729,93,118,56,174,183.6,115.0,115.0,115.0,115.00000000000001,312,true,1170,86,111,1.325,1.5933333333333333,1.0,0.775,0.9833333333333333,1.5130434782608695,1.5965217391304347,1.0000000000000002,0.7478260869565218,0.9652173913043478,2.168384075164795,
results/experiments_results_random/n30/random_n30_p07.json,random_n30_p07.json,results/experiments_results_random/n30,random,35,30,0.7,0.15,,,167,188.4,122.0,122.0,1784,99,122,70,170,182.8,122.0,122.0,121.50000000000001,121.5,414,true,1107,88,113,1.3688524590163935,1.5442622950819673,1.0,0.8114754098360656,1.0,1.3934426229508197,1.498360655737705,0.9959016393442623,0.7213114754098361,0.9262295081967213,2.7220749855041504,
results/experiments_results_random/n30/random_n30_p07.json,random_n30_p07.json,results/experiments_results_random/n30,random,36,30,0.7,0.15,,,183,197.3,128.0,128.0,1829,108,126,63,173,183.5,128.0,128.0,122.00000000000001,122.0,381,true,1158,92,111,1.4296875,1.54140625,1.0,0.84375,0.984375,1.3515625,1.43359375,0.953125,0.71875,0.8671875,5.028950214385986,
results/experiments_results_random/n30/random_n30_p07.json,random_n30_p07.json,results/experiments_results_random/n30,random,37,30,0.7,0.15,,,158,184.3,119.0,119.0,1763,94,119,71,160,175.1,119.0,119.0,119.0,119.0,443,true,1056,86,111,1.3277310924369747,1.5487394957983194,1.0,0.7899159663865546,1.0,1.3445378151260505,1.4714285714285713,1.0,0.7226890756302521,0.9327731092436975,2.815181016921997,
results/experiments_results_random/n30/random_n30_p07.json,random_n30_p07.json,results/experiments_results_random/n30,random,38,30,0.7,0.15,,,164,184.7,127.0,127.0,1739,106,125,73,147,174.2,118.0,118.0,117.49999999999997,117.5,388,false,1014,84,108,1.2913385826771653,1.4543307086614172,1.0,0.8346456692913385,0.984251968503937,1.2457627118644068,1.476271186440678,0.9957627118644068,0.711864406779661,0.9152542372881356,3.1574037075042725,
results/experiments_results_random/n30/random_n30_p07.json,random_n30_p07.json,results/experiments_results_random/n30,random,39,30,0.7,0.15,,,175,201.4,136.0,136.0,1803,111,133,67,161,179.1,132.0,132.0,116.0,116.0,426,true,1078,89,112,1.286764705882353,1.4808823529411765,1.0,0.8161764705882353,0.9779411764705882,1.2196969696969697,1.3568181818181817,0.8787878787878788,0.6742424242424242,0.8484848484848485,12.9549560546875,
results/experiments_results_random/n30/random_n30_p07.json,random_n30_p07.json,results/experiments_results_random/n30,random,40,30,0.7,0.15,,,165,182.8,116.0,116.0,1763,96,115,73,152,170.8,114.0,114.0,114.0,114.0,510,true,1016,87,111,1.4224137931034482,1.5758620689655174,1.0,0.8275862068965517,0.9913793103448276,1.3333333333333333,1.4982456140350877,1.0,0.7631578947368421,0.9736842105263158,2.2635891437530518,
results/experiments_results_random/n30/random_n30_p07.json,random_n30_p07.json,results/experiments_results_random/n30,random,41,30,0.7,0.15,,,186,198.8,144.0,144.0,1832,108,133,50,171,182.3,137.0,137.0,120.5,120.50000000000001,248,true,1249,96,114,1.2916666666666667,1.3805555555555555,1.0,0.75,0.9236111111111112,1.2481751824817517,1.3306569343065695,0.8795620437956205,0.7007299270072993,0.8321167883211679,20.007626056671143,
results/experiments_results_random/n30/random_n30_p07.json,random_n30_p07.json,results/experiments_results_random/n30,random,42,30,0.7,0.15,,,155,184.3,129.0,129.0,1724,100,127,78,154,168.7,124.0,124.0,112.5,112.50000000000006,417,true,951,84,107,1.2015503875968991,1.4286821705426358,1.0,0.7751937984496124,0.9844961240310077,1.2419354838709677,1.3604838709677418,0.9072580645161294,0.6774193548387096,0.8629032258064516,10.064321041107178,
results/experiments_results_random/n30/random_n30_p07.json,random_n30_p07.json,results/experiments_results_random/n30,random,43,30,0.7,0.15,,,166,196.2,129.0,129.0,1761,99,125,67,168,180.8,124.0,124.0,119.5,119.5,354,true,1091,86,112,1.2868217054263567,1.5209302325581395,1.0,0.7674418604651163,0.9689922480620154,1.3548387096774193,1.4580645161290324,0.9637096774193549,0.6935483870967742,0.9032258064516129,4.6599040031433105,
results/experiments_results_random/n30/random_n30_p07.json,random_n30_p07.json,results/experiments_results_random/n30,random,44,30,0.7,0.15,,,174,188.4,131.0,131.0,1807,102,130,64,160,173.6,127.0,127.0,120.0,119.99999999999999,384,true,1107,88,111,1.3282442748091603,1.4381679389312978,1.0,0.7786259541984732,0.9923664122137404,1.2598425196850394,1.3669291338582676,0.9448818897637794,0.6929133858267716,0.8740157480314961,5.9786388874053955,
results/experiments_results_random/n30/random_n30_p07.json,random_n30_p07.json,results/experiments_results_random/n30,random,45,30,0.7,0.15,,,174,194.5,134.0,134.0,1804,102,129,71,155,174.1,124.0,124.0,114.99999999999999,115.00000000000001,419,false,1051,85,109,1.2985074626865671,1.4514925373134329,1.0,0.7611940298507462,0.9626865671641791,1.25,1.4040322580645161,0.9274193548387097,0.6854838709677419,0.8790322580645161,5.988245964050293,
results/experiments_results_random/n30/random_n30_p07.json,random_n30_p07.json,results/experiments_results_random/n30,random,46,30,0.7,0.15,,,162,187.0,112.0,112.0,1778,96,112,69,160,176.4,112.0,112.0,112.0,112.0,447,true,1099,89,109,1.4464285714285714,1.6696428571428572,1.0,0.8571428571428571,1.0,1.4285714285714286,1.575,1.0,0.7946428571428571,0.9732142857142857,2.0203893184661865,
results/experiments_results_random/n30/random_n30_p07.json,random_n30_p07.json,results/experiments_results_random/n30,random,47,30,0.7,0.15,,,158,184.7,130.0,130.0,1742,93,129,70,149,165.6,123.0,123.0,117.0,117.0,331,true,1039,88,110,1.2153846153846153,1.4207692307692308,1.0,0.7153846153846154,0.9923076923076923,1.2113821138211383,1.346341463414634,0.9512195121951219,0.7154471544715447,0.8943089430894309,4.575217247009277,
results/experiments_results_random/n30/random_n30_p07.json,random_n30_p07.json,results/experiments_results_random/n30,random,48,30,0.7,0.15,,,173,191.1,130.0,130.0,1778,104,128,67,160,178.6,125.0,125.0,117.99999999999997,118.0,382,false,1082,90,110,1.3307692307692307,1.47,1.0,0.8,0.9846153846153847,1.28,1.4287999999999998,0.944,0.72,0.88,5.600998878479004,
results/experiments_results_random/n30/random_n30_p07.json,random_n30_p07.json,results/experiments_results_random/n30,random,49,30,0.7,0.15,,,170,199.4,132.0,132.0,1771,101,130,65,159,177.8,128.0,128.0,117.5,117.49999999999997,338,false,1098,86,110,1.2878787878787878,1.5106060606060607,1.0,0.7651515151515151,0.9848484848484849,1.2421875,1.3890625,0.9179687499999998,0.671875,0.859375,7.506718873977661,
results/experiments_results_random/n30/random_n30_p07.json,random_n30_p07.json,results/experiments_results_random/n30,random,50,30,0.7,0.15,,,157,188.4,124.0,124.0,1774,107,122,68,153,179.8,122.0,122.0,121.5,121.5,366,true,1101,88,113,1.2661290322580645,1.5193548387096774,1.0,0.8629032258064516,0.9838709677419355,1.2540983606557377,1.4737704918032788,0.9959016393442623,0.7213114754098361,0.9262295081967213,3.168700933456421,
results/experiments_results_random/n30/random_n30_p06.json,random_n30_p06.json,results/experiments_results_random/n30,random,1,30,0.6,0.15,,,178,203.2,156.0,134.0,1770,106,129,65,154,168.2,123.0,123.0,101.50000000000003,101.5,268,true,1013,80,97,1.141025641025641,1.3025641025641026,0.8589743589743589,0.6794871794871795,0.8269230769230769,1.2520325203252032,1.367479674796748,0.8252032520325203,0.6504065040650406,0.7886178861788617,23.75853681564331,
results/experiments_results_random/n30/random_n30_p06.json,random_n30_p06.json,results/experiments_results_random/n30,random,2,30,0.6,0.15,,,178,198.3,156.0,129.0,1705,108,124,60,158,168.5,127.0,127.0,99.0,99.0,239,true,1023,84,97,1.141025641025641,1.2711538461538463,0.8269230769230769,0.6923076923076923,0.7948717948717948,1.2440944881889764,1.3267716535433072,0.7795275590551181,0.6614173228346457,0.7637795275590551,30.063217163085938,
results/experiments_results_random/n30/random_n30_p06.json,random_n30_p06.json,results/experiments_results_random/n30,random,3,30,0.6,0.15,,,181,197.9,161.0,130.5,1747,109,126,60,148,161.5,123.0,123.0,100.49999999999999,100.5,273,false,978,83,94,1.124223602484472,1.229192546583851,0.8105590062111802,0.6770186335403726,0.782608695652174,1.2032520325203253,1.3130081300813008,0.8170731707317073,0.6747967479674797,0.7642276422764228,53.84736108779907,
results/experiments_results_random/n30/random_n30_p06.json,random_n30_p06.json,results/experiments_results_random/n30,random,4,30,0.6,0.15,,,175,192.0,153.0,117.50000000000001,1620,100,114,55,144,157.7,120.0,120.0,90.0,90.0,185,false,940,80,86,1.1437908496732025,1.2549019607843137,0.7679738562091504,0.6535947712418301,0.7450980392156863,1.2,1.3141666666666665,0.75,0.6666666666666666,0.7166666666666667,37.60773801803589,
results/experiments_results_random/n30/random_n30_p06.json,random_n30_p06.json,results/experiments_results_random/n30,random,5,30,0.6,0.15,,,185,202.1,153.0,138.49999999999997,1801,107,131,65,160,174.9,131.0,131.0,106.0,105.99999999999997,326,true,1052,82,100,1.2091503267973855,1.3209150326797385,0.9052287581699344,0.6993464052287581,0.8562091503267973,1.2213740458015268,1.335114503816794,0.8091603053435112,0.6259541984732825,0.7633587786259542,30.49645185470581,
results/experiments_results_random/n30/random_n30_p06.json,random_n30_p06.json,results/experiments_results_random/n30,random,6,30,0.6,0.15,,,190,206.4,158.0,122.5,1716,102,119,66,150,161.1,117.0,117.0,89.5,89.50000000000003,205,true,903,75,85,1.2025316455696202,1.3063291139240507,0.7753164556962026,0.6455696202531646,0.7531645569620253,1.2820512820512822,1.376923076923077,0.7649572649572652,0.6410256410256411,0.7264957264957265,83.36082291603088,
results/experiments_results_random/n30/random_n30_p06.json,random_n30_p06.json,results/experiments_results_random/n30,random,7,30,0.6,0.15,,,191,203.0,161.0,126.5,1752,107,123,64,157,166.8,127.0,127.0,94.5,94.49999999999997,267,false,971,83,92,1.186335403726708,1.2608695652173914,0.7857142857142857,0.6645962732919255,0.7639751552795031,1.236220472440945,1.3133858267716536,0.7440944881889762,0.6535433070866141,0.7244094488188977,104.36364316940308,
results/experiments_results_random/n30/random_n30_p06.json,random_n30_p06.json,results/experiments_results_random/n30,random,8,30,0.6,0.15,,,190,207.4,158.0,133.0,1818,105,128,56,177,182.3,135.0,135.0,105.0,105.0,254,true,1153,90,103,1.2025316455696202,1.3126582278481014,0.8417721518987342,0.6645569620253164,0.810126582278481,1.3111111111111111,1.3503703703703704,0.7777777777777778,0.6666666666666666,0.762962962962963,58.926501989364624,
results/experiments_results_random/n30/random_n30_p06.json,random_n30_p06.json,results/experiments_results_random/n30,random,9,30,0.6,0.15,,,191,201.4,157.0,130.0,1718,107,124,67,153,165.9,120.0,120.0,96.5,96.50000000000003,291,true,939,82,91,1.21656050955414,1.2828025477707006,0.8280254777070064,0.6815286624203821,0.7898089171974523,1.275,1.3825,0.8041666666666669,0.6833333333333333,0.7583333333333333,31.98095178604126,
results/experiments_results_random/n30/random_n30_p06.json,random_n30_p06.json,results/experiments_results_random/n30,random,10,30,0.6,0.15,,,169,203.0,158.0,133.5,1766,108,126,70,150,166.8,123.0,123.0,98.49999999999999,98.5,294,true,956,79,92,1.0696202531645569,1.2848101265822784,0.8449367088607594,0.6835443037974683,0.7974683544303798,1.2195121951219512,1.3560975609756099,0.8008130081300813,0.6422764227642277,0.7479674796747967,27.667877912521362,
results/experiments_results_random/n30/random_n30_p06.json,random_n30_p06.json,results/experiments_results_random/n30,random,11,30,0.6,0.15,,,193,206.1,157.0,137.49999999999997,1834,113,132,77,155,167.7,126.0,126.0,99.0,99.0,357,true,948,86,94,1.2292993630573248,1.3127388535031848,0.8757961783439489,0.7197452229299363,0.8407643312101911,1.2301587301587302,1.3309523809523809,0.7857142857142857,0.6825396825396826,0.746031746031746,138.6917998790741,
results/experiments_results_random/n30/random_n30_p06.json,random_n30_p06.json,results/experiments_results_random/n30,random,12,30,0.6,0.15,,,190,201.0,154.0,125.0,1712,105,120,74,139,154.9,113.0,113.0,88.0,88.0,272,true,872,75,84,1.2337662337662338,1.3051948051948052,0.8116883116883117,0.6818181818181818,0.7792207792207793,1.2300884955752212,1.3707964601769913,0.7787610619469026,0.6637168141592921,0.7433628318584071,25.345350980758667,
results/experiments_results_random/n30/random_n30_p06.json,random_n30_p06.json,results/experiments_results_random/n30,random,13,30,0.6,0.15,,,195,206.0,152.0,133.5,1770,106,127,64,164,173.8,124.0,124.0,101.50000000000001,101.5,261,true,1014,81,96,1.2828947368421053,1.355263157894737,0.8782894736842105,0.6973684210526315,0.8355263157894737,1.3225806451612903,1.4016129032258065,0.8185483870967742,0.6532258064516129,0.7741935483870968,18.531975030899048,
results/experiments_results_random/n30/random_n30_p06.json,random_n30_p06.json,results/experiments_results_random/n30,random,14,30,0.6,0.15,,,181,197.6,155.0,128.5,1671,112,124,60,145,159.7,124.0,124.0,98.5,98.5,240,true,974,82,95,1.167741935483871,1.2748387096774194,0.8290322580645161,0.7225806451612903,0.8,1.1693548387096775,1.2879032258064516,0.7943548387096774,0.6612903225806451,0.7661290322580645,28.20270276069641,
results/experiments_results_random/n30/random_n30_p06.json,random_n30_p06.json,results/experiments_results_random/n30,random,15,30,0.6,0.15,,,181,201.9,156.0,131.50000000000003,1777,106,127,46,165,181.2,135.0,135.0,108.50000000000001,108.5,141,true,1210,90,101,1.1602564102564104,1.2942307692307693,0.8429487179487182,0.6794871794871795,0.8141025641025641,1.2222222222222223,1.3422222222222222,0.8037037037037037,0.6666666666666666,0.7481481481481481,42.06939721107483,
results/experiments_results_random/n30/random_n30_p06.json,random_n30_p06.json,results/experiments_results_random/n30,random,16,30,0.6,0.15,,,177,207.1,158.0,125.0,1724,100,121,69,148,156.6,118.0,118.0,90.5,90.5,277,false,872,77,85,1.120253164556962,1.310759493670886,0.7911392405063291,0.6329113924050633,0.7658227848101266,1.2542372881355932,1.3271186440677967,0.7669491525423728,0.652542372881356,0.7203389830508474,37.96634292602539,
results/experiments_results_random/n30/random_n30_p06.json,random_n30_p06.json,results/experiments_results_random/n30,random,17,30,0.6,0.15,,,192,200.4,158.0,137.50000000000006,1787,104,129,65,160,170.5,123.0,123.0,105.0,105.00000000000001,356,false,1020,80,98,1.2151898734177216,1.268354430379747,0.8702531645569623,0.6582278481012658,0.8164556962025317,1.3008130081300813,1.386178861788618,0.853658536585366,0.6504065040650406,0.7967479674796748,23.96068286895752,
results/experiments_results_random/n30/random_n30_p06.json,random_n30_p06.json,results/experiments_results_random/n30,random,18,30,0.6,0.15,,,179,197.7,158.0,130.5,1730,106,127,69,147,159.8,116.0,116.0,96.0,96.0,250,true,942,81,90,1.1329113924050633,1.2512658227848101,0.8259493670886076,0.6708860759493671,0.8037974683544303,1.2672413793103448,1.3775862068965519,0.8275862068965517,0.6982758620689655,0.7758620689655172,30.75623893737793,
results/experiments_results_random/n30/random_n30_p06.json,random_n30_p06.json,results/experiments_results_random/n30,random,19,30,0.6,0.15,,,190,205.2,163.0,129.5,1782,104,125,68,155,168.3,126.0,126.0,95.5,95.5,237,false,990,79,92,1.165644171779141,1.2588957055214722,0.7944785276073619,0.6380368098159509,0.7668711656441718,1.2301587301587302,1.3357142857142859,0.7579365079365079,0.626984126984127,0.7301587301587301,93.026535987854,
results/experiments_results_random/n30/random_n30_p06.json,random_n30_p06.json,results/experiments_results_random/n30,random,20,30,0.6,0.15,,,183,200.6,155.0,131.49999999999997,1735,106,125,64,154,168.1,129.0,129.0,99.50000000000001,99.5,287,true,1005,85,95,1.1806451612903226,1.2941935483870968,0.8483870967741933,0.6838709677419355,0.8064516129032258,1.193798449612403,1.3031007751937984,0.7713178294573644,0.6589147286821705,0.7364341085271318,59.20223689079285,
results/experiments_results_random/n30/random_n30_p06.json,random_n30_p06.json,results/experiments_results_random/n30,random,21,30,0.6,0.15,,,186,194.6,159.0,130.5,1700,107,125,63,159,167.0,126.0,126.0,99.0,99.0,257,false,1003,84,94,1.169811320754717,1.2238993710691823,0.8207547169811321,0.6729559748427673,0.7861635220125787,1.2619047619047619,1.3253968253968254,0.7857142857142857,0.6666666666666666,0.746031746031746,49.03523087501526,
results/experiments_results_random/n30/random_n30_p06.json,random_n30_p06.json,results/experiments_results_random/n30,random,22,30,0.6,0.15,,,181,201.8,158.0,134.5,1820,105,130,76,157,167.0,126.0,126.0,96.5,96.5,337,false,953,77,93,1.1455696202531647,1.2772151898734179,0.8512658227848101,0.6645569620253164,0.8227848101265823,1.246031746031746,1.3253968253968254,0.7658730158730159,0.6111111111111112,0.7380952380952381,49.1600079536438,
results/experiments_results_random/n30/random_n30_p06.json,random_n30_p06.json,results/experiments_results_random/n30,random,23,30,0.6,0.15,,,180,190.8,149.0,124.00000000000003,1618,97,118,57,151,159.3,120.0,120.0,95.5,95.5,216,false,977,78,90,1.2080536912751678,1.280536912751678,0.8322147651006714,0.6510067114093959,0.7919463087248322,1.2583333333333333,1.3275000000000001,0.7958333333333333,0.65,0.75,16.98917508125305,
results/experiments_results_random/n30/random_n30_p06.json,random_n30_p06.json,results/experiments_results_random/n30,random,24,30,0.6,0.15,,,192,203.8,163.0,131.5,1767,109,128,63,161,169.7,129.0,129.0,100.0,100.0,309,false,1017,83,94,1.177914110429448,1.2503067484662578,0.8067484662576687,0.6687116564417178,0.7852760736196319,1.248062015503876,1.315503875968992,0.7751937984496124,0.6434108527131783,0.7286821705426356,124.37219190597534,
results/experiments_results_random/n30/random_n30_p06.json,random_n30_p06.json,results/experiments_results_random/n30,random,25,30,0.6,0.15,,,189,204.0,155.0,130.0,1770,103,126,66,159,171.0,128.0,128.0,97.0,97.0,294,false,995,82,93,1.2193548387096773,1.3161290322580645,0.8387096774193549,0.6645161290322581,0.8129032258064516,1.2421875,1.3359375,0.7578125,0.640625,0.7265625,60.70139980316162,
results/experiments_results_random/n30/random_n30_p06.json,random_n30_p06.json,results/experiments_results_random/n30,random,26,30,0.6,0.15,,,201,209.2,164.0,129.50000000000006,1800,105,124,46,169,175.7,134.0,134.0,106.49999999999997,106.5,187,true,1183,88,104,1.225609756097561,1.275609756097561,0.7896341463414638,0.6402439024390244,0.7560975609756098,1.2611940298507462,1.3111940298507463,0.7947761194029851,0.6567164179104478,0.7761194029850746,127.35108375549316,
results/experiments_results_random/n30/random_n30_p06.json,random_n30_p06.json,results/experiments_results_random/n30,random,27,30,0.6,0.15,,,188,197.6,151.0,117.5,1629,99,112,62,142,154.5,114.0,114.0,86.5,86.5,229,true,880,71,85,1.2450331125827814,1.3086092715231787,0.7781456953642384,0.6556291390728477,0.7417218543046358,1.2456140350877194,1.355263157894737,0.7587719298245614,0.6228070175438597,0.7456140350877193,24.009838104248047,
results/experiments_results_random/n30/random_n30_p06.json,random_n30_p06.json,results/experiments_results_random/n30,random,28,30,0.6,0.15,,,185,197.8,151.0,114.5,1601,99,111,68,138,146.4,107.0,107.0,80.5,80.5,231,true,781,67,77,1.2251655629139073,1.309933774834437,0.7582781456953642,0.6556291390728477,0.7350993377483444,1.2897196261682242,1.3682242990654205,0.7523364485981309,0.6261682242990654,0.719626168224299,26.6370689868927,
results/experiments_results_random/n30/random_n30_p06.json,random_n30_p06.json,results/experiments_results_random/n30,random,29,30,0.6,0.15,,,180,200.4,152.0,137.5,1804,110,132,54,161,179.9,132.0,132.0,110.5,110.5,246,true,1177,90,104,1.1842105263157894,1.318421052631579,0.9046052631578947,0.7236842105263158,0.868421052631579,1.2196969696969697,1.362878787878788,0.8371212121212122,0.6818181818181818,0.7878787878787878,25.922959804534912,
results/experiments_results_random/n30/random_n30_p06.json,random_n30_p06.json,results/experiments_results_random/n30,random,30,30,0.6,0.15,,,191,201.7,157.0,130.50000000000003,1754,106,124,61,151,167.5,129.0,129.0,100.0,100.0,214,false,1060,79,96,1.21656050955414,1.2847133757961782,0.8312101910828027,0.6751592356687898,0.7898089171974523,1.1705426356589148,1.2984496124031009,0.7751937984496124,0.6124031007751938,0.7441860465116279,38.27589797973633,
results/experiments_results_random/n30/random_n30_p06.json,random_n30_p06.json,results/experiments_results_random/n30,random,31,30,0.6,0.15,,,181,199.3,161.0,127.49999999999997,1733,106,120,72,150,159.1,119.0,119.0,91.5,91.50000000000001,324,true,886,79,86,1.124223602484472,1.2378881987577641,0.7919254658385091,0.6583850931677019,0.7453416149068323,1.2605042016806722,1.3369747899159663,0.7689075630252102,0.6638655462184874,0.7226890756302521,145.95341086387634,
results/experiments_results_random/n30/random_n30_p06.json,random_n30_p06.json,results/experiments_results_random/n30,random,32,30,0.6,0.15,,,181,200.1,158.0,134.5,1792,108,130,68,159,170.2,128.0,128.0,100.5,100.5,277,false,1023,83,98,1.1455696202531647,1.2664556962025315,0.8512658227848101,0.6835443037974683,0.8227848101265823,1.2421875,1.3296875,0.78515625,0.6484375,0.765625,43.446573972702026,
results/experiments_results_random/n30/random_n30_p06.json,random_n30_p06.json,results/experiments_results_random/n30,random,33,30,0.6,0.15,,,182,205.7,154.0,137.99999999999986,1808,109,131,58,168,180.0,136.0,136.0,109.00000000000003,109.0,326,false,1126,83,100,1.1818181818181819,1.3357142857142856,0.8961038961038952,0.7077922077922078,0.8506493506493507,1.2352941176470589,1.3235294117647058,0.8014705882352942,0.6102941176470589,0.7352941176470589,39.41864609718323,
results/experiments_results_random/n30/random_n30_p06.json,random_n30_p06.json,results/experiments_results_random/n30,random,34,30,0.6,0.15,,,185,200.2,152.0,131.0,1710,108,127,56,163,172.7,127.0,127.0,103.0,103.0,258,false,1062,86,99,1.2171052631578947,1.3171052631578946,0.8618421052631579,0.7105263157894737,0.8355263157894737,1.2834645669291338,1.3598425196850392,0.8110236220472441,0.6771653543307087,0.7795275590551181,179.66127228736877,
results/experiments_results_random/n30/random_n30_p06.json,random_n30_p06.json,results/experiments_results_random/n30,random,35,30,0.6,0.15,,,183,201.1,152.0,132.5,1750,107,126,70,157,167.4,123.0,123.0,97.5,97.49999999999996,330,true,964,80,91,1.2039473684210527,1.3230263157894737,0.8717105263157895,0.7039473684210527,0.8289473684210527,1.2764227642276422,1.3609756097560977,0.792682926829268,0.6504065040650406,0.7398373983739838,24.14847493171692,
results/experiments_results_random/n30/random_n30_p06.json,random_n30_p06.json,results/experiments_results_random/n30,random,36,30,0.6,0.15,,,193,203.1,158.0,136.50000000000006,1820,112,132,63,162,174.4,135.0,135.0,105.0,104.99999999999999,288,true,1073,82,100,1.2215189873417722,1.2854430379746835,0.8639240506329118,0.7088607594936709,0.8354430379746836,1.2,1.2918518518518518,0.7777777777777777,0.6074074074074074,0.7407407407407407,78.70226216316223,
results/experiments_results_random/n30/random_n30_p06.json,random_n30_p06.json,results/experiments_results_random/n30,random,37,30,0.6,0.15,,,200,206.0,160.0,133.5,1798,109,130,71,161,169.0,124.0,124.0,98.0,98.0,306,false,974,75,94,1.25,1.2875,0.834375,0.68125,0.8125,1.2983870967741935,1.3629032258064515,0.7903225806451613,0.6048387096774194,0.7580645161290323,252.90179300308228,
results/experiments_results_random/n30/random_n30_p06.json,random_n30_p06.json,results/experiments_results_random/n30,random,38,30,0.6,0.15,,,188,203.8,154.0,134.99999999999994,1754,109,131,73,155,165.4,124.0,124.0,98.5,98.5,308,true,943,83,92,1.2207792207792207,1.3233766233766235,0.8766233766233763,0.7077922077922078,0.8506493506493507,1.25,1.3338709677419356,0.7943548387096774,0.6693548387096774,0.7419354838709677,37.95315194129944,
results/experiments_results_random/n30/random_n30_p06.json,random_n30_p06.json,results/experiments_results_random/n30,random,39,30,0.6,0.15,,,198,209.6,162.0,128.50000000000009,1776,102,122,67,156,166.4,124.0,124.0,95.0,95.0,309,true,955,80,91,1.2222222222222223,1.2938271604938272,0.7932098765432104,0.6296296296296297,0.7530864197530864,1.2580645161290323,1.3419354838709678,0.7661290322580645,0.6451612903225806,0.7338709677419355,94.56722784042358,
results/experiments_results_random/n30/random_n30_p06.json,random_n30_p06.json,results/experiments_results_random/n30,random,40,30,0.6,0.15,,,180,208.5,157.0,135.0,1834,109,129,73,141,162.3,125.0,125.0,98.5,98.5,339,true,958,78,94,1.1464968152866242,1.3280254777070064,0.8598726114649682,0.6942675159235668,0.821656050955414,1.128,1.2984,0.788,0.624,0.752,40.47094106674194,
results/experiments_results_random/n30/random_n30_p06.json,random_n30_p06.json,results/experiments_results_random/n30,random,41,30,0.6,0.15,,,182,198.5,152.0,119.5,1636,97,116,50,155,167.2,123.0,123.0,94.5,94.5,200,true,1000,80,92,1.1973684210526316,1.305921052631579,0.7861842105263158,0.6381578947368421,0.7631578947368421,1.2601626016260163,1.3593495934959348,0.7682926829268293,0.6504065040650406,0.7479674796747967,30.431612968444824,
results/experiments_results_random/n30/random_n30_p06.json,random_n30_p06.json,results/experiments_results_random/n30,random,42,30,0.6,0.15,,,195,202.0,160.0,129.50000000000006,1757,108,128,78,144,155.5,115.0,115.0,90.5,90.5,308,false,862,77,87,1.21875,1.2625,0.8093750000000004,0.675,0.8,1.2521739130434784,1.3521739130434782,0.7869565217391304,0.6695652173913044,0.7565217391304347,55.00898885726929,
results/experiments_results_random/n30/random_n30_p06.json,random_n30_p06.json,results/experiments_results_random/n30,random,43,30,0.6,0.15,,,183,200.6,156.0,133.00000000000006,1747,109,127,67,141,165.1,126.0,126.0,99.5,99.5,277,false,994,81,90,1.1730769230769231,1.2858974358974358,0.852564102564103,0.6987179487179487,0.8141025641025641,1.119047619047619,1.3103174603174603,0.7896825396825397,0.6428571428571429,0.7142857142857143,35.90947890281677,
results/experiments_results_random/n30/random_n30_p06.json,random_n30_p06.json,results/experiments_results_random/n30,random,44,30,0.6,0.15,,,189,203.7,161.0,130.49999999999997,1760,109,125,64,155,165.5,125.0,125.0,98.5,98.5,278,true,987,83,93,1.173913043478261,1.2652173913043478,0.8105590062111799,0.6770186335403726,0.7763975155279503,1.24,1.324,0.788,0.664,0.744,81.89695310592651,
results/experiments_results_random/n30/random_n30_p06.json,random_n30_p06.json,results/experiments_results_random/n30,random,45,30,0.6,0.15,,,178,199.4,159.0,125.0,1717,101,121,71,140,154.5,118.0,118.0,89.50000000000001,89.5,287,false,871,74,84,1.119496855345912,1.2540880503144654,0.7861635220125787,0.6352201257861635,0.7610062893081762,1.1864406779661016,1.3093220338983051,0.7584745762711864,0.6271186440677966,0.711864406779661,80.02108192443848,
results/experiments_results_random/n30/random_n30_p06.json,random_n30_p06.json,results/experiments_results_random/n30,random,46,30,0.6,0.15,,,191,202.0,157.0,136.5,1830,112,129,69,164,172.7,132.0,132.0,102.0,101.99999999999999,336,false,1047,87,96,1.21656050955414,1.286624203821656,0.8694267515923567,0.7133757961783439,0.821656050955414,1.2424242424242424,1.3083333333333333,0.7727272727272726,0.6590909090909091,0.7272727272727273,54.91728377342224,
results/experiments_results_random/n30/random_n30_p06.json,random_n30_p06.json,results/experiments_results_random/n30,random,47,30,0.6,0.15,,,179,190.4,157.0,134.50000000000003,1761,104,128,70,153,163.2,129.0,129.0,99.5,99.5,272,true,975,83,92,1.1401273885350318,1.2127388535031847,0.8566878980891721,0.6624203821656051,0.8152866242038217,1.186046511627907,1.2651162790697674,0.7713178294573644,0.6434108527131783,0.7131782945736435,56.5411171913147,
results/experiments_results_random/n30/random_n30_p06.json,random_n30_p06.json,results/experiments_results_random/n30,random,48,30,0.6,0.15,,,194,203.6,160.0,129.99999999999997,1775,104,126,67,158,167.7,126.0,126.0,96.5,96.5,248,true,980,78,92,1.2125,1.2725,0.8124999999999998,0.65,0.7875,1.253968253968254,1.3309523809523809,0.7658730158730159,0.6190476190476191,0.7301587301587301,191.21888184547424,
results/experiments_results_random/n30/random_n30_p06.json,random_n30_p06.json,results/experiments_results_random/n30,random,49,30,0.6,0.15,,,196,205.3,157.0,125.5,1708,106,120,65,149,161.3,120.0,120.0,93.0,93.0,239,true,933,80,88,1.2484076433121019,1.3076433121019109,0.7993630573248408,0.6751592356687898,0.7643312101910829,1.2416666666666667,1.3441666666666667,0.775,0.6666666666666666,0.7333333333333333,42.58345890045166,
results/experiments_results_random/n30/random_n30_p06.json,random_n30_p06.json,results/experiments_results_random/n30,random,50,30,0.6,0.15,,,189,204.0,162.0,133.50000000000014,1814,109,128,68,167,171.2,132.0,132.0,99.49999999999999,99.5,281,false,1038,82,97,1.1666666666666667,1.2592592592592593,0.824074074074075,0.6728395061728395,0.7901234567901234,1.2651515151515151,1.2969696969696969,0.7537878787878788,0.6212121212121212,0.7348484848484849,154.360004901886,
results/experiments_results_random/n30/random_n30_p03.json,random_n30_p03.json,results/experiments_results_random/n30,random,1,30,0.3,0.15,,,131,140.6,98.0,69.5,828,63,67,65,64,69.6,47.0,47.0,37.0,37.0,19,false,242,31,36,1.336734693877551,1.4346938775510203,0.7091836734693877,0.6428571428571429,0.6836734693877551,1.3617021276595744,1.4808510638297872,0.7872340425531915,0.6595744680851063,0.7659574468085106,9.181177139282227,
results/experiments_results_random/n30/random_n30_p03.json,random_n30_p03.json,results/experiments_results_random/n30,random,2,30,0.3,0.15,,,126,137.8,102.0,71.0,862,64,69,60,71,77.8,56.0,57.0,41.0,41.0,31,false,305,37,37,1.2352941176470589,1.3509803921568628,0.696078431372549,0.6274509803921569,0.6764705882352942,1.2456140350877194,1.3649122807017544,0.7192982456140351,0.6491228070175439,0.6491228070175439,20.922128200531006,
results/experiments_results_random/n30/random_n30_p03.json,random_n30_p03.json,results/experiments_results_random/n30,random,3,30,0.3,0.15,,,122,140.0,92.0,64.5,793,59,64,60,62,66.1,44.0,44.0,34.5,34.5,13,true,215,29,32,1.326086956521739,1.5217391304347827,0.7010869565217391,0.6413043478260869,0.6956521739130435,1.4090909090909092,1.5022727272727272,0.7840909090909091,0.6590909090909091,0.7272727272727273,13.059519052505493,
results/experiments_results_random/n30/random_n30_p03.json,random_n30_p03.json,results/experiments_results_random/n30,random,4,30,0.3,0.15,,,104,116.1,80.0,56.0,595,50,55,55,45,51.4,34.0,35.0,28.5,28.5,10,false,158,21,25,1.3,1.45125,0.7,0.625,0.6875,1.2857142857142858,1.4685714285714286,0.8142857142857143,0.6,0.7142857142857143,11.797439098358154,
results/experiments_results_random/n30/random_n30_p03.json,random_n30_p03.json,results/experiments_results_random/n30,random,5,30,0.3,0.15,,,131,140.4,103.0,69.0,867,61,67,65,63,69.3,47.0,47.0,36.5,36.5,16,false,229,31,35,1.2718446601941749,1.3631067961165049,0.6699029126213593,0.5922330097087378,0.6504854368932039,1.3404255319148937,1.474468085106383,0.776595744680851,0.6595744680851063,0.7446808510638298,98.45274376869202,
results/experiments_results_random/n30/random_n30_p03.json,random_n30_p03.json,results/experiments_results_random/n30,random,6,30,0.3,0.15,,,119,132.4,91.0,63.0,732,57,62,66,42,56.2,37.0,38.0,30.0,30.0,11,false,158,24,27,1.3076923076923077,1.454945054945055,0.6923076923076923,0.6263736263736264,0.6813186813186813,1.105263157894737,1.4789473684210528,0.7894736842105263,0.631578947368421,0.7105263157894737,17.084238052368164,
results/experiments_results_random/n30/random_n30_p03.json,random_n30_p03.json,results/experiments_results_random/n30,random,7,30,0.3,0.15,,,125,132.9,90.0,63.0,726,56,61,64,49,58.2,38.0,38.0,31.0,31.0,11,false,173,24,28,1.3888888888888888,1.4766666666666668,0.7,0.6222222222222222,0.6777777777777778,1.2894736842105263,1.5315789473684212,0.8157894736842105,0.631578947368421,0.7368421052631579,16.104746103286743,
results/experiments_results_random/n30/random_n30_p03.json,random_n30_p03.json,results/experiments_results_random/n30,random,8,30,0.3,0.15,,,111,120.2,87.0,62.0,687,55,60,56,57,62.8,44.0,44.0,34.0,34.0,10,false,196,29,32,1.2758620689655173,1.3816091954022989,0.7126436781609196,0.632183908045977,0.6896551724137931,1.2954545454545454,1.4272727272727272,0.7727272727272727,0.6590909090909091,0.7272727272727273,19.983015060424805,
results/experiments_results_random/n30/random_n30_p03.json,random_n30_p03.json,results/experiments_results_random/n30,random,9,30,0.3,0.15,,,122,135.5,92.0,62.5,722,56,61,67,47,53.7,37.0,38.0,29.0,29.0,14,false,159,23,27,1.326086956521739,1.4728260869565217,0.6793478260869565,0.6086956521739131,0.6630434782608695,1.236842105263158,1.4131578947368422,0.7631578947368421,0.6052631578947368,0.7105263157894737,42.90096402168274,
results/experiments_results_random/n30/random_n30_p03.json,random_n30_p03.json,results/experiments_results_random/n30,random,10,30,0.3,0.15,,,117,131.1,92.0,65.5,741,58,63,70,47,52.9,37.0,37.0,30.5,30.5,22,false,159,25,28,1.2717391304347827,1.425,0.7119565217391305,0.6304347826086957,0.6847826086956522,1.2702702702702702,1.4297297297297298,0.8243243243243243,0.6756756756756757,0.7567567567567568,11.654027938842773,
results/experiments_results_random/n30/random_n30_p03.json,random_n30_p03.json,results/experiments_results_random/n30,random,11,30,0.3,0.15,,,124,133.4,97.0,68.5,825,59,65,77,46,51.9,38.0,39.0,30.0,30.0,29,false,155,25,27,1.2783505154639174,1.3752577319587629,0.7061855670103093,0.6082474226804123,0.6701030927835051,1.1794871794871795,1.3307692307692307,0.7692307692307693,0.6410256410256411,0.6923076923076923,13.004893064498901,
results/experiments_results_random/n30/random_n30_p03.json,random_n30_p03.json,results/experiments_results_random/n30,random,12,30,0.3,0.15,,,123,140.5,105.0,71.5,874,65,70,74,55,62.0,44.0,44.0,34.5,34.5,28,false,197,29,34,1.1714285714285715,1.338095238095238,0.680952380952381,0.6190476190476191,0.6666666666666666,1.25,1.4090909090909092,0.7840909090909091,0.6590909090909091,0.7727272727272727,60.61931490898132,
results/experiments_results_random/n30/random_n30_p03.json,random_n30_p03.json,results/experiments_results_random/n30,random,13,30,0.3,0.15,,,120,131.1,94.0,64.5,777,57,62,64,51,58.4,42.0,42.0,32.5,32.5,7,false,189,28,31,1.2765957446808511,1.3946808510638298,0.6861702127659575,0.6063829787234043,0.6595744680851063,1.2142857142857142,1.3904761904761904,0.7738095238095238,0.6666666666666666,0.7380952380952381,28.397109031677246,
results/experiments_results_random/n30/random_n30_p03.json,random_n30_p03.json,results/experiments_results_random/n30,random,14,30,0.3,0.15,,,115,128.6,88.0,62.5,706,55,61,60,54,59.3,41.0,41.0,32.0,32.0,12,false,183,27,30,1.3068181818181819,1.4613636363636362,0.7102272727272727,0.625,0.6931818181818182,1.3170731707317074,1.446341463414634,0.7804878048780488,0.6585365853658537,0.7317073170731707,12.1383638381958,
results/experiments_results_random/n30/random_n30_p03.json,random_n30_p03.json,results/experiments_results_random/n30,random,15,30,0.3,0.15,,,106,118.4,82.0,57.5,638,52,56,46,53,63.1,46.0,46.0,34.5,34.5,7,false,226,29,32,1.2926829268292683,1.4439024390243904,0.7012195121951219,0.6341463414634146,0.6829268292682927,1.1521739130434783,1.3717391304347826,0.75,0.6304347826086957,0.6956521739130435,12.514983892440796,
results/experiments_results_random/n30/random_n30_p03.json,random_n30_p03.json,results/experiments_results_random/n30,random,16,30,0.3,0.15,,,109,120.4,89.0,62.5,731,55,60,69,46,50.6,35.0,35.0,28.0,28.0,20,false,138,24,26,1.2247191011235956,1.352808988764045,0.702247191011236,0.6179775280898876,0.6741573033707865,1.3142857142857143,1.4457142857142857,0.8,0.6857142857142857,0.7428571428571429,8.609649896621704,
results/experiments_results_random/n30/random_n30_p03.json,random_n30_p03.json,results/experiments_results_random/n30,random,17,30,0.3,0.15,,,124,134.4,91.0,65.0,763,57,63,65,59,64.0,42.0,42.0,32.5,32.5,11,false,191,26,30,1.3626373626373627,1.476923076923077,0.7142857142857143,0.6263736263736264,0.6923076923076923,1.4047619047619047,1.5238095238095237,0.7738095238095238,0.6190476190476191,0.7142857142857143,9.463083982467651,
results/experiments_results_random/n30/random_n30_p03.json,random_n30_p03.json,results/experiments_results_random/n30,random,18,30,0.3,0.15,,,120,134.0,96.0,68.0,797,61,66,69,52,58.4,42.0,42.0,33.5,33.5,20,false,195,30,30,1.25,1.3958333333333333,0.7083333333333334,0.6354166666666666,0.6875,1.2380952380952381,1.3904761904761904,0.7976190476190477,0.7142857142857143,0.7142857142857143,9.87271499633789,
results/experiments_results_random/n30/random_n30_p03.json,random_n30_p03.json,results/experiments_results_random/n30,random,19,30,0.3,0.15,,,118,130.0,92.0,65.5,741,58,63,68,51,55.1,37.0,37.0,31.5,31.5,17,false,172,28,29,1.2826086956521738,1.4130434782608696,0.7119565217391305,0.6304347826086957,0.6847826086956522,1.3783783783783783,1.4891891891891893,0.8513513513513513,0.7567567567567568,0.7837837837837838,13.225420236587524,
results/experiments_results_random/n30/random_n30_p03.json,random_n30_p03.json,results/experiments_results_random/n30,random,20,30,0.3,0.15,,,134,149.6,101.0,72.5,902,64,71,64,63,75.4,51.0,51.0,40.5,40.5,41,true,261,35,39,1.3267326732673268,1.4811881188118812,0.7178217821782178,0.6336633663366337,0.7029702970297029,1.2352941176470589,1.4784313725490197,0.7941176470588235,0.6862745098039216,0.7647058823529411,16.488726139068604,
results/experiments_results_random/n30/random_n30_p03.json,random_n30_p03.json,results/experiments_results_random/n30,random,21,30,0.3,0.15,,,121,134.6,95.0,65.5,782,58,64,63,57,63.8,46.0,46.0,34.0,34.0,19,false,206,29,31,1.2736842105263158,1.416842105263158,0.6894736842105263,0.6105263157894737,0.6736842105263158,1.2391304347826086,1.3869565217391304,0.7391304347826086,0.6304347826086957,0.6739130434782609,18.089247941970825,
results/experiments_results_random/n30/random_n30_p03.json,random_n30_p03.json,results/experiments_results_random/n30,random,22,30,0.3,0.15,,,114,130.0,89.0,67.0,740,58,65,76,48,53.6,34.0,36.0,29.0,29.0,21,false,142,24,27,1.2808988764044944,1.4606741573033708,0.7528089887640449,0.651685393258427,0.7303370786516854,1.3333333333333333,1.488888888888889,0.8055555555555556,0.6666666666666666,0.75,12.816534996032715,
results/experiments_results_random/n30/random_n30_p03.json,random_n30_p03.json,results/experiments_results_random/n30,random,23,30,0.3,0.15,,,106,121.9,83.0,60.0,666,54,58,57,54,64.4,41.0,41.0,31.5,31.5,12,false,186,25,28,1.2771084337349397,1.4686746987951809,0.7228915662650602,0.6506024096385542,0.6987951807228916,1.3170731707317074,1.5707317073170732,0.7682926829268293,0.6097560975609756,0.6829268292682927,17.86002492904663,
results/experiments_results_random/n30/random_n30_p03.json,random_n30_p03.json,results/experiments_results_random/n30,random,24,30,0.3,0.15,,,126,130.9,90.0,65.0,734,58,63,63,54,58.4,42.0,42.0,33.5,33.5,15,false,203,28,32,1.4,1.4544444444444444,0.7222222222222222,0.6444444444444445,0.7,1.2857142857142858,1.3904761904761904,0.7976190476190477,0.6666666666666666,0.7619047619047619,13.894269943237305,
results/experiments_results_random/n30/random_n30_p03.json,random_n30_p03.json,results/experiments_results_random/n30,random,25,30,0.3,0.15,,,128,140.8,100.0,69.5,848,56,66,66,65,73.1,47.0,48.0,36.0,36.0,16,false,240,30,32,1.28,1.4080000000000001,0.695,0.56,0.66,1.3541666666666667,1.5229166666666665,0.75,0.625,0.6666666666666666,22.242547035217285,
results/experiments_results_random/n30/random_n30_p03.json,random_n30_p03.json,results/experiments_results_random/n30,random,26,30,0.3,0.15,,,123,133.6,92.0,64.0,763,58,63,46,74,81.6,54.0,55.0,41.0,41.0,19,false,300,35,38,1.3369565217391304,1.452173913043478,0.6956521739130435,0.6304347826086957,0.6847826086956522,1.3454545454545455,1.4836363636363636,0.7454545454545455,0.6363636363636364,0.6909090909090909,13.949015140533447,
results/experiments_results_random/n30/random_n30_p03.json,random_n30_p03.json,results/experiments_results_random/n30,random,27,30,0.3,0.15,,,99,108.0,75.0,54.5,542,46,52,62,35,42.2,28.0,28.0,23.0,23.0,1,true,104,19,21,1.32,1.44,0.7266666666666667,0.6133333333333333,0.6933333333333334,1.25,1.5071428571428573,0.8214285714285714,0.6785714285714286,0.75,9.268155097961426,
results/experiments_results_random/n30/random_n30_p03.json,random_n30_p03.json,results/experiments_results_random/n30,random,28,30,0.3,0.15,,,103,117.4,80.0,55.5,582,49,52,68,30,38.1,26.0,26.0,21.5,21.5,17,false,98,16,20,1.2875,1.4675,0.69375,0.6125,0.65,1.1538461538461537,1.4653846153846155,0.8269230769230769,0.6153846153846154,0.7692307692307693,14.960468053817749,
results/experiments_results_random/n30/random_n30_p03.json,random_n30_p03.json,results/experiments_results_random/n30,random,29,30,0.3,0.15,,,121,131.7,94.0,65.5,759,58,63,54,67,77.1,51.0,51.0,38.5,38.5,14,false,263,32,34,1.2872340425531914,1.401063829787234,0.6968085106382979,0.6170212765957447,0.6702127659574468,1.3137254901960784,1.511764705882353,0.7549019607843137,0.6274509803921569,0.6666666666666666,18.83735489845276,
results/experiments_results_random/n30/random_n30_p03.json,random_n30_p03.json,results/experiments_results_random/n30,random,30,30,0.3,0.15,,,110,127.4,89.0,63.5,721,55,61,61,56,62.6,41.0,41.0,33.0,33.0,16,false,187,27,30,1.2359550561797752,1.4314606741573035,0.7134831460674157,0.6179775280898876,0.6853932584269663,1.3658536585365855,1.526829268292683,0.8048780487804879,0.6585365853658537,0.7317073170731707,10.990834951400757,
results/experiments_results_random/n30/random_n30_p03.json,random_n30_p03.json,results/experiments_results_random/n30,random,31,30,0.3,0.15,,,127,141.7,95.0,66.0,795,58,64,72,56,59.1,40.0,40.0,30.0,30.0,12,false,168,26,29,1.3368421052631578,1.491578947368421,0.6947368421052632,0.6105263157894737,0.6736842105263158,1.4,1.4775,0.75,0.65,0.725,23.028475046157837,
results/experiments_results_random/n30/random_n30_p03.json,random_n30_p03.json,results/experiments_results_random/n30,random,32,30,0.3,0.15,,,129,145.9,105.0,72.5,917,65,71,68,64,77.0,51.0,51.0,38.5,38.5,8,false,279,33,36,1.2285714285714286,1.3895238095238096,0.6904761904761905,0.6190476190476191,0.6761904761904762,1.2549019607843137,1.5098039215686274,0.7549019607843137,0.6470588235294118,0.7058823529411765,28.991966009140015,
results/experiments_results_random/n30/random_n30_p03.json,random_n30_p03.json,results/experiments_results_random/n30,random,33,30,0.3,0.15,,,111,131.3,90.0,64.5,725,60,62,58,57,61.4,43.0,43.0,35.5,35.5,16,false,206,27,32,1.2333333333333334,1.4588888888888891,0.7166666666666667,0.6666666666666666,0.6888888888888889,1.3255813953488371,1.427906976744186,0.8255813953488372,0.627906976744186,0.7441860465116279,13.741230964660645,
results/experiments_results_random/n30/random_n30_p03.json,random_n30_p03.json,results/experiments_results_random/n30,random,34,30,0.3,0.15,,,105,124.4,89.0,62.0,712,54,61,56,55,64.1,43.0,43.0,34.0,34.0,10,true,209,28,31,1.1797752808988764,1.397752808988764,0.6966292134831461,0.6067415730337079,0.6853932584269663,1.2790697674418605,1.4906976744186045,0.7906976744186046,0.6511627906976745,0.7209302325581395,16.217432022094727,
results/experiments_results_random/n30/random_n30_p03.json,random_n30_p03.json,results/experiments_results_random/n30,random,35,30,0.3,0.15,,,123,138.4,98.0,69.5,835,62,67,70,56,59.7,44.0,44.0,34.5,34.5,29,false,191,27,29,1.2551020408163265,1.4122448979591837,0.7091836734693877,0.6326530612244898,0.6836734693877551,1.2727272727272727,1.356818181818182,0.7840909090909091,0.6136363636363636,0.6590909090909091,21.224019050598145,
results/experiments_results_random/n30/random_n30_p03.json,random_n30_p03.json,results/experiments_results_random/n30,random,36,30,0.3,0.15,,,132,143.2,101.0,69.5,852,61,67,63,66,70.7,51.0,51.0,38.0,38.0,35,false,249,32,36,1.306930693069307,1.4178217821782177,0.6881188118811881,0.6039603960396039,0.6633663366336634,1.2941176470588236,1.3862745098039215,0.7450980392156863,0.6274509803921569,0.7058823529411765,41.66122007369995,
results/experiments_results_random/n30/random_n30_p03.json,random_n30_p03.json,results/experiments_results_random/n30,random,37,30,0.3,0.15,,,129,139.0,103.0,72.0,892,63,70,71,59,66.9,47.0,48.0,36.5,36.5,32,false,236,32,33,1.2524271844660195,1.3495145631067962,0.6990291262135923,0.6116504854368932,0.6796116504854369,1.2291666666666667,1.39375,0.7604166666666666,0.6666666666666666,0.6875,29.14655089378357,
results/experiments_results_random/n30/random_n30_p03.json,random_n30_p03.json,results/experiments_results_random/n30,random,38,30,0.3,0.15,,,135,152.8,104.0,70.5,904,64,68,73,53,60.6,43.0,43.0,34.0,34.0,16,false,215,28,31,1.2980769230769231,1.4692307692307693,0.6778846153846154,0.6153846153846154,0.6538461538461539,1.2325581395348837,1.4093023255813955,0.7906976744186046,0.6511627906976745,0.7209302325581395,872.5831761360168,
results/experiments_results_random/n30/random_n30_p03.json,random_n30_p03.json,results/experiments_results_random/n30,random,39,30,0.3,0.15,,,116,131.8,91.0,62.0,754,54,61,67,47,52.1,37.0,38.0,28.5,28.5,17,false,161,25,26,1.2747252747252746,1.4483516483516485,0.6813186813186813,0.5934065934065934,0.6703296703296703,1.236842105263158,1.3710526315789473,0.75,0.6578947368421053,0.6842105263157895,20.627968072891235,
results/experiments_results_random/n30/random_n30_p03.json,random_n30_p03.json,results/experiments_results_random/n30,random,40,30,0.3,0.15,,,135,142.9,97.0,68.0,864,63,66,73,52,59.9,41.0,41.0,31.5,31.5,7,false,196,28,30,1.3917525773195876,1.47319587628866,0.7010309278350515,0.6494845360824743,0.6804123711340206,1.2682926829268293,1.4609756097560975,0.7682926829268293,0.6829268292682927,0.7317073170731707,14.416601181030273,
results/experiments_results_random/n30/random_n30_p03.json,random_n30_p03.json,results/experiments_results_random/n30,random,41,30,0.3,0.15,,,128,134.1,92.0,62.5,729,55,61,50,68,74.4,51.0,51.0,37.5,37.5,10,false,268,32,36,1.391304347826087,1.4576086956521739,0.6793478260869565,0.5978260869565217,0.6630434782608695,1.3333333333333333,1.4588235294117649,0.7352941176470589,0.6274509803921569,0.7058823529411765,37.89896488189697,
results/experiments_results_random/n30/random_n30_p03.json,random_n30_p03.json,results/experiments_results_random/n30,random,42,30,0.3,0.15,,,127,143.1,101.0,67.5,856,64,66,78,47,52.0,37.0,37.0,28.5,28.5,7,false,143,22,25,1.2574257425742574,1.4168316831683168,0.6683168316831684,0.6336633663366337,0.6534653465346535,1.2702702702702702,1.4054054054054055,0.7702702702702703,0.5945945945945946,0.6756756756756757,70.05246329307556,
results/experiments_results_random/n30/random_n30_p03.json,random_n30_p03.json,results/experiments_results_random/n30,random,43,30,0.3,0.15,,,114,124.4,86.0,61.5,680,53,60,67,45,49.0,35.0,35.0,28.0,28.0,7,false,138,23,24,1.3255813953488371,1.4465116279069767,0.7151162790697675,0.6162790697674418,0.6976744186046512,1.2857142857142858,1.4,0.8,0.6571428571428571,0.6857142857142857,13.257484674453735,
results/experiments_results_random/n30/random_n30_p03.json,random_n30_p03.json,results/experiments_results_random/n30,random,44,30,0.3,0.15,,,127,144.6,102.0,71.0,886,65,70,64,66,73.7,50.0,51.0,39.0,39.0,29,false,266,34,37,1.2450980392156863,1.4176470588235293,0.696078431372549,0.6372549019607843,0.6862745098039216,1.2941176470588236,1.4450980392156862,0.7647058823529411,0.6666666666666666,0.7254901960784313,12.167754888534546,
results/experiments_results_random/n30/random_n30_p03.json,random_n30_p03.json,results/experiments_results_random/n30,random,45,30,0.3,0.15,,,116,128.9,90.0,65.0,735,57,63,71,47,52.0,38.0,38.0,29.5,29.5,21,false,154,25,26,1.288888888888889,1.4322222222222223,0.7222222222222222,0.6333333333333333,0.7,1.236842105263158,1.368421052631579,0.7763157894736842,0.6578947368421053,0.6842105263157895,10.623725175857544,
results/experiments_results_random/n30/random_n30_p03.json,random_n30_p03.json,results/experiments_results_random/n30,random,46,30,0.3,0.15,,,124,143.9,101.0,70.0,882,59,66,69,61,66.7,46.0,46.0,35.5,35.5,20,false,220,32,33,1.2277227722772277,1.424752475247525,0.693069306930693,0.5841584158415841,0.6534653465346535,1.326086956521739,1.45,0.7717391304347826,0.6956521739130435,0.717391304347826,16.496880054473877,
results/experiments_results_random/n30/random_n30_p03.json,random_n30_p03.json,results/experiments_results_random/n30,random,47,30,0.3,0.15,,,117,127.4,90.0,63.0,757,57,62,70,46,53.4,37.0,37.0,28.0,28.0,11,false,158,21,26,1.3,1.4155555555555557,0.7,0.6333333333333333,0.6888888888888889,1.2432432432432432,1.4432432432432432,0.7567567567567568,0.5675675675675675,0.7027027027027027,9.935612916946411,
results/experiments_results_random/n30/random_n30_p03.json,random_n30_p03.json,results/experiments_results_random/n30,random,48,30,0.3,0.15,,,128,137.8,93.0,65.0,767,59,63,67,54,60.9,40.0,40.0,31.5,31.5,18,true,181,27,30,1.3763440860215055,1.481720430107527,0.6989247311827957,0.6344086021505376,0.6774193548387096,1.35,1.5225,0.7875,0.675,0.75,14.85426115989685,
results/experiments_results_random/n30/random_n30_p03.json,random_n30_p03.json,results/experiments_results_random/n30,random,49,30,0.3,0.15,,,116,127.4,92.0,64.0,738,56,62,65,52,59.2,39.0,40.0,31.0,31.0,19,false,182,26,28,1.2608695652173914,1.3847826086956523,0.6956521739130435,0.6086956521739131,0.6739130434782609,1.3,1.48,0.775,0.65,0.7,10.168190956115723,
results/experiments_results_random/n30/random_n30_p03.json,random_n30_p03.json,results/experiments_results_random/n30,random,50,30,0.3,0.15,,,123,142.8,97.0,69.0,851,63,66,68,64,66.7,44.0,45.0,35.0,35.0,20,false,199,30,33,1.268041237113402,1.4721649484536083,0.711340206185567,0.6494845360824743,0.6804123711340206,1.4222222222222223,1.4822222222222223,0.7777777777777778,0.6666666666666666,0.7333333333333333,14.263819932937622,
results/experiments_results_random/n30/random_n30_p02.json,random_n30_p02.json,results/experiments_results_random/n30,random,1,30,0.2,0.15,,,78,88.7,61.0,44.0,390,39,41,65,11,13.7,10.0,10.0,9.0,9.0,1,true,36,8,7,1.278688524590164,1.4540983606557378,0.7213114754098361,0.639344262295082,0.6721311475409836,1.1,1.3699999999999999,0.9,0.8,0.7,2.9362995624542236,
results/experiments_results_random/n30/random_n30_p02.json,random_n30_p02.json,results/experiments_results_random/n30,random,2,30,0.2,0.15,,,77,89.2,60.0,45.0,408,39,43,60,21,23.7,17.0,17.0,15.0,15.0,1,true,60,11,12,1.2833333333333334,1.4866666666666668,0.75,0.65,0.7166666666666667,1.2352941176470589,1.3941176470588235,0.8823529411764706,0.6470588235294118,0.7058823529411765,2.1050307750701904,
results/experiments_results_random/n30/random_n30_p02.json,random_n30_p02.json,results/experiments_results_random/n30,random,3,30,0.2,0.15,,,74,86.3,55.0,40.5,346,36,39,60,10,10.8,8.0,8.0,7.5,7.5,0,true,18,6,7,1.3454545454545455,1.569090909090909,0.7363636363636363,0.6545454545454545,0.7090909090909091,1.25,1.35,0.9375,0.75,0.875,2.4293839931488037,
results/experiments_results_random/n30/random_n30_p02.json,random_n30_p02.json,results/experiments_results_random/n30,random,4,30,0.2,0.15,,,61,65.3,45.0,35.0,233,29,33,55,6,7.6,5.0,5.0,5.0,5.0,0,true,11,5,5,1.3555555555555556,1.451111111111111,0.7777777777777778,0.6444444444444445,0.7333333333333333,1.2,1.52,1.0,1.0,1.0,1.8456079959869385,
results/experiments_results_random/n30/random_n30_p02.json,random_n30_p02.json,results/experiments_results_random/n30,random,5,30,0.2,0.15,,,83,94.1,63.0,44.5,420,40,43,65,11,15.1,10.0,10.0,9.5,9.5,1,false,28,9,9,1.3174603174603174,1.4936507936507935,0.7063492063492064,0.6349206349206349,0.6825396825396826,1.1,1.51,0.95,0.9,0.9,2.7535369396209717,
results/experiments_results_random/n30/random_n30_p02.json,random_n30_p02.json,results/experiments_results_random/n30,random,6,30,0.2,0.15,,,82,89.7,63.0,43.5,391,38,42,66,12,13.8,9.0,10.0,9.0,9.5,1,false,23,7,8,1.3015873015873016,1.4238095238095239,0.6904761904761905,0.6031746031746031,0.6666666666666666,1.2,1.3800000000000001,0.95,0.7,0.8,5.17008900642395,
results/experiments_results_random/n30/random_n30_p02.json,random_n30_p02.json,results/experiments_results_random/n30,random,7,30,0.2,0.15,,,83,92.3,63.0,46.0,421,39,43,64,19,23.3,16.0,16.0,14.0,14.0,1,false,46,10,13,1.3174603174603174,1.465079365079365,0.7301587301587301,0.6190476190476191,0.6825396825396826,1.1875,1.45625,0.875,0.625,0.8125,3.59554386138916,
results/experiments_results_random/n30/random_n30_p02.json,random_n30_p02.json,results/experiments_results_random/n30,random,8,30,0.2,0.15,,,71,81.4,56.0,41.5,349,35,39,56,17,18.8,13.0,13.0,12.5,12.5,0,true,33,9,9,1.2678571428571428,1.4535714285714287,0.7410714285714286,0.625,0.6964285714285714,1.3076923076923077,1.4461538461538461,0.9615384615384616,0.6923076923076923,0.6923076923076923,2.773310899734497,
results/experiments_results_random/n30/random_n30_p02.json,random_n30_p02.json,results/experiments_results_random/n30,random,9,30,0.2,0.15,,,78,92.4,62.0,43.5,400,38,43,67,9,10.8,8.0,8.0,7.0,7.0,0,true,15,6,6,1.2580645161290323,1.4903225806451614,0.7016129032258065,0.6129032258064516,0.6935483870967742,1.125,1.35,0.875,0.75,0.75,7.012474060058594,
results/experiments_results_random/n30/random_n30_p02.json,random_n30_p02.json,results/experiments_results_random/n30,random,10,30,0.2,0.15,,,72,84.1,58.0,43.0,378,37,40,70,6,7.1,4.0,4.0,4.0,4.0,0,true,10,4,4,1.2413793103448276,1.45,0.7413793103448276,0.6379310344827587,0.6896551724137931,1.5,1.775,1.0,1.0,1.0,5.529829740524292,
results/experiments_results_random/n30/random_n30_p02.json,random_n30_p02.json,results/experiments_results_random/n30,random,11,30,0.2,0.15,,,84,96.6,66.0,50.0,466,41,47,77,11,13.6,9.0,9.0,8.0,8.0,1,false,18,7,7,1.2727272727272727,1.4636363636363636,0.7575757575757576,0.6212121212121212,0.7121212121212122,1.2222222222222223,1.511111111111111,0.8888888888888888,0.7777777777777778,0.7777777777777778,4.662930965423584,
results/experiments_results_random/n30/random_n30_p02.json,random_n30_p02.json,results/experiments_results_random/n30,random,12,30,0.2,0.15,,,84,92.8,67.0,47.5,450,40,45,74,10,11.1,8.0,8.0,8.0,8.0,0,true,19,8,7,1.2537313432835822,1.3850746268656715,0.7089552238805971,0.5970149253731343,0.6716417910447762,1.25,1.3875,1.0,1.0,0.875,7.628631830215454,
results/experiments_results_random/n30/random_n30_p02.json,random_n30_p02.json,results/experiments_results_random/n30,random,13,30,0.2,0.15,,,78,87.1,61.0,41.5,385,37,39,64,9,9.7,8.0,8.0,7.0,7.0,0,true,13,6,6,1.278688524590164,1.4278688524590164,0.680327868852459,0.6065573770491803,0.639344262295082,1.125,1.2125,0.875,0.75,0.75,6.693805932998657,
results/experiments_results_random/n30/random_n30_p02.json,random_n30_p02.json,results/experiments_results_random/n30,random,14,30,0.2,0.15,,,78,90.1,63.0,43.0,391,37,40,60,15,18.0,14.0,14.0,12.0,12.0,1,true,36,8,9,1.2380952380952381,1.43015873015873,0.6825396825396826,0.5873015873015873,0.6349206349206349,1.0714285714285714,1.2857142857142858,0.8571428571428571,0.5714285714285714,0.6428571428571429,8.701011896133423,
results/experiments_results_random/n30/random_n30_p02.json,random_n30_p02.json,results/experiments_results_random/n30,random,15,30,0.2,0.15,,,67,75.0,50.0,34.5,282,29,33,46,13,16.7,12.0,12.0,11.0,11.0,0,true,33,9,8,1.34,1.5,0.69,0.58,0.66,1.0833333333333333,1.3916666666666666,0.9166666666666666,0.75,0.6666666666666666,7.579533100128174,
results/experiments_results_random/n30/random_n30_p02.json,random_n30_p02.json,results/experiments_results_random/n30,random,16,30,0.2,0.15,,,83,92.4,63.0,45.5,447,40,44,69,12,13.4,9.0,9.0,8.5,8.5,1,false,22,7,7,1.3174603174603174,1.4666666666666668,0.7222222222222222,0.6349206349206349,0.6984126984126984,1.3333333333333333,1.488888888888889,0.9444444444444444,0.7777777777777778,0.7777777777777778,10.23376178741455,
results/experiments_results_random/n30/random_n30_p02.json,random_n30_p02.json,results/experiments_results_random/n30,random,17,30,0.2,0.15,,,72,87.3,58.0,42.5,372,37,40,65,9,10.7,8.0,8.0,7.5,7.5,0,true,15,6,5,1.2413793103448276,1.5051724137931033,0.7327586206896551,0.6379310344827587,0.6896551724137931,1.125,1.3375,0.9375,0.75,0.625,10.548265933990479,
results/experiments_results_random/n30/random_n30_p02.json,random_n30_p02.json,results/experiments_results_random/n30,random,18,30,0.2,0.15,,,81,96.6,63.0,47.0,415,41,42,69,14,15.7,11.0,11.0,10.5,10.5,0,true,27,8,9,1.2857142857142858,1.5333333333333332,0.746031746031746,0.6507936507936508,0.6666666666666666,1.2727272727272727,1.4272727272727272,0.9545454545454546,0.7272727272727273,0.8181818181818182,13.290837049484253,
results/experiments_results_random/n30/random_n30_p02.json,random_n30_p02.json,results/experiments_results_random/n30,random,19,30,0.2,0.15,,,74,89.5,62.0,45.5,416,42,44,68,13,15.0,12.0,12.0,10.5,10.5,0,true,23,8,9,1.1935483870967742,1.4435483870967742,0.7338709677419355,0.6774193548387096,0.7096774193548387,1.0833333333333333,1.25,0.875,0.6666666666666666,0.75,10.77669095993042,
results/experiments_results_random/n30/random_n30_p02.json,random_n30_p02.json,results/experiments_results_random/n30,random,20,30,0.2,0.15,,,79,88.8,61.0,43.0,386,40,41,64,11,13.7,10.0,10.0,10.0,10.0,0,true,26,7,8,1.2950819672131149,1.4557377049180327,0.7049180327868853,0.6557377049180327,0.6721311475409836,1.1,1.3699999999999999,1.0,0.7,0.8,12.782153129577637,
results/experiments_results_random/n30/random_n30_p02.json,random_n30_p02.json,results/experiments_results_random/n30,random,21,30,0.2,0.15,,,71,78.5,56.0,41.0,334,36,40,63,11,12.2,7.0,7.0,7.0,7.0,0,true,17,7,7,1.2678571428571428,1.4017857142857142,0.7321428571428571,0.6428571428571429,0.7142857142857143,1.5714285714285714,1.7428571428571427,1.0,1.0,1.0,11.265104293823242,
results/experiments_results_random/n30/random_n30_p02.json,random_n30_p02.json,results/experiments_results_random/n30,random,22,30,0.2,0.15,,,82,94.5,67.0,49.5,447,43,48,76,13,16.0,10.0,11.0,9.5,10.0,2,false,29,7,8,1.2238805970149254,1.4104477611940298,0.7388059701492538,0.6417910447761194,0.7164179104477612,1.1818181818181819,1.4545454545454546,0.9090909090909091,0.6363636363636364,0.7272727272727273,10.502786874771118,
results/experiments_results_random/n30/random_n30_p02.json,random_n30_p02.json,results/experiments_results_random/n30,random,23,30,0.2,0.15,,,70,74.1,51.0,37.0,296,31,34,57,10,11.3,8.0,8.0,7.5,7.5,0,true,18,5,6,1.3725490196078431,1.4529411764705882,0.7254901960784313,0.6078431372549019,0.6666666666666666,1.25,1.4125,0.9375,0.625,0.75,9.631119966506958,
results/experiments_results_random/n30/random_n30_p02.json,random_n30_p02.json,results/experiments_results_random/n30,random,24,30,0.2,0.15,,,70,83.4,53.0,40.5,328,35,38,63,9,10.4,7.0,7.0,6.5,6.5,0,true,15,5,6,1.320754716981132,1.5735849056603775,0.7641509433962265,0.660377358490566,0.7169811320754716,1.2857142857142858,1.4857142857142858,0.9285714285714286,0.7142857142857143,0.8571428571428571,5.066882133483887,
results/experiments_results_random/n30/random_n30_p02.json,random_n30_p02.json,results/experiments_results_random/n30,random,25,30,0.2,0.15,,,68,80.6,55.0,40.5,323,36,39,66,5,5.9,4.0,4.0,4.0,4.0,1,false,7,4,4,1.2363636363636363,1.4654545454545453,0.7363636363636363,0.6545454545454545,0.7090909090909091,1.25,1.475,1.0,1.0,1.0,5.3291261196136475,
results/experiments_results_random/n30/random_n30_p02.json,random_n30_p02.json,results/experiments_results_random/n30,random,26,30,0.2,0.15,,,65,73.4,50.0,37.0,291,33,34,46,22,24.8,17.0,17.0,14.0,14.0,7,true,52,10,12,1.3,1.4680000000000002,0.74,0.66,0.68,1.2941176470588236,1.4588235294117649,0.8235294117647058,0.5882352941176471,0.7058823529411765,7.547504901885986,
results/experiments_results_random/n30/random_n30_p02.json,random_n30_p02.json,results/experiments_results_random/n30,random,27,30,0.2,0.15,,,69,73.8,53.0,38.0,286,33,35,62,7,8.3,6.0,6.0,6.0,6.0,0,true,12,5,6,1.3018867924528301,1.3924528301886792,0.7169811320754716,0.6226415094339622,0.660377358490566,1.1666666666666667,1.3833333333333335,1.0,0.8333333333333334,1.0,6.925530672073364,
results/experiments_results_random/n30/random_n30_p02.json,random_n30_p02.json,results/experiments_results_random/n30,random,28,30,0.2,0.15,,,75,85.8,58.0,42.0,360,38,40,68,8,9.3,8.0,8.0,7.0,7.0,0,true,17,7,7,1.293103448275862,1.4793103448275862,0.7241379310344828,0.6551724137931034,0.6896551724137931,1.0,1.1625,0.875,0.875,0.875,7.953237056732178,
results/experiments_results_random/n30/random_n30_p02.json,random_n30_p02.json,results/experiments_results_random/n30,random,29,30,0.2,0.15,,,66,71.8,50.0,37.0,297,32,36,54,11,12.9,11.0,11.0,9.5,9.5,0,true,20,8,9,1.32,1.436,0.74,0.64,0.72,1.0,1.1727272727272728,0.8636363636363636,0.7272727272727273,0.8181818181818182,5.888705015182495,
results/experiments_results_random/n30/random_n30_p02.json,random_n30_p02.json,results/experiments_results_random/n30,random,30,30,0.2,0.15,,,76,84.8,59.0,43.0,387,38,40,61,14,15.7,12.0,12.0,11.0,11.0,0,true,27,10,10,1.2881355932203389,1.4372881355932203,0.7288135593220338,0.6440677966101694,0.6779661016949152,1.1666666666666667,1.3083333333333333,0.9166666666666666,0.8333333333333334,0.8333333333333334,8.011945962905884,
results/experiments_results_random/n30/random_n30_p02.json,random_n30_p02.json,results/experiments_results_random/n30,random,31,30,0.2,0.15,,,77,86.8,61.0,42.0,388,36,41,72,5,6.0,5.0,5.0,4.5,4.5,0,true,10,3,4,1.2622950819672132,1.422950819672131,0.6885245901639344,0.5901639344262295,0.6721311475409836,1.0,1.2,0.9,0.6,0.8,12.806512832641602,
results/experiments_results_random/n30/random_n30_p02.json,random_n30_p02.json,results/experiments_results_random/n30,random,32,30,0.2,0.15,,,92,99.3,69.0,49.5,477,43,48,68,19,23.3,16.0,16.0,14.5,14.5,0,true,47,10,12,1.3333333333333333,1.4391304347826086,0.717391304347826,0.6231884057971014,0.6956521739130435,1.1875,1.45625,0.90625,0.625,0.75,13.644881963729858,
results/experiments_results_random/n30/random_n30_p02.json,random_n30_p02.json,results/experiments_results_random/n30,random,33,30,0.2,0.15,,,81,88.4,59.0,43.0,371,40,41,58,15,18.1,13.0,13.0,12.5,12.5,2,true,31,10,10,1.3728813559322033,1.4983050847457628,0.7288135593220338,0.6779661016949152,0.6949152542372882,1.1538461538461537,1.3923076923076925,0.9615384615384616,0.7692307692307693,0.7692307692307693,14.350476026535034,
results/experiments_results_random/n30/random_n30_p02.json,random_n30_p02.json,results/experiments_results_random/n30,random,34,30,0.2,0.15,,,65,74.6,53.0,38.0,306,34,35,56,11,12.1,10.0,10.0,9.5,9.5,0,true,18,9,9,1.2264150943396226,1.4075471698113207,0.7169811320754716,0.6415094339622641,0.660377358490566,1.1,1.21,0.95,0.9,0.9,9.604536771774292,
results/experiments_results_random/n30/random_n30_p02.json,random_n30_p02.json,results/experiments_results_random/n30,random,35,30,0.2,0.15,,,83,93.2,61.0,46.0,422,40,43,70,12,13.8,9.0,10.0,8.5,9.5,2,false,19,8,7,1.360655737704918,1.5278688524590165,0.7540983606557377,0.6557377049180327,0.7049180327868853,1.2,1.3800000000000001,0.95,0.8,0.7,4.071306943893433,
results/experiments_results_random/n30/random_n30_p02.json,random_n30_p02.json,results/experiments_results_random/n30,random,36,30,0.2,0.15,,,77,87.9,58.0,41.5,362,36,40,63,11,13.4,11.0,11.0,9.5,9.5,0,true,25,8,8,1.3275862068965518,1.5155172413793105,0.7155172413793104,0.6206896551724138,0.6896551724137931,1.0,1.2181818181818183,0.8636363636363636,0.7272727272727273,0.7272727272727273,6.619470834732056,
results/experiments_results_random/n30/random_n30_p02.json,random_n30_p02.json,results/experiments_results_random/n30,random,37,30,0.2,0.15,,,85,92.9,65.0,46.0,432,39,43,71,10,12.7,9.0,9.0,9.0,9.0,0,true,27,6,8,1.3076923076923077,1.4292307692307693,0.7076923076923077,0.6,0.6615384615384615,1.1111111111111112,1.411111111111111,1.0,0.6666666666666666,0.8888888888888888,6.897465229034424,
results/experiments_results_random/n30/random_n30_p02.json,random_n30_p02.json,results/experiments_results_random/n30,random,38,30,0.2,0.15,,,87,100.7,65.0,45.0,428,38,43,73,9,10.9,8.0,8.0,8.0,8.0,0,true,18,6,7,1.3384615384615384,1.5492307692307692,0.6923076923076923,0.5846153846153846,0.6615384615384615,1.125,1.3625,1.0,0.75,0.875,8.579006910324097,
results/experiments_results_random/n30/random_n30_p02.json,random_n30_p02.json,results/experiments_results_random/n30,random,39,30,0.2,0.15,,,84,95.7,62.0,45.0,428,39,44,67,14,15.7,10.0,10.0,10.0,10.0,1,true,25,6,8,1.3548387096774193,1.5435483870967743,0.7258064516129032,0.6290322580645161,0.7096774193548387,1.4,1.5699999999999998,1.0,0.6,0.8,4.688085079193115,
results/experiments_results_random/n30/random_n30_p02.json,random_n30_p02.json,results/experiments_results_random/n30,random,40,30,0.2,0.15,,,83,93.4,65.0,45.5,437,39,44,73,12,13.2,11.0,11.0,9.0,9.0,0,true,21,7,8,1.2769230769230768,1.436923076923077,0.7,0.6,0.676923076923077,1.0909090909090908,1.2,0.8181818181818182,0.6363636363636364,0.7272727272727273,10.833045959472656,
results/experiments_results_random/n30/random_n30_p02.json,random_n30_p02.json,results/experiments_results_random/n30,random,41,30,0.2,0.15,,,65,76.3,51.0,37.0,293,32,36,50,13,15.9,13.0,13.0,11.0,11.0,0,true,32,9,9,1.2745098039215685,1.496078431372549,0.7254901960784313,0.6274509803921569,0.7058823529411765,1.0,1.2230769230769232,0.8461538461538461,0.6923076923076923,0.6923076923076923,10.322927236557007,
results/experiments_results_random/n30/random_n30_p02.json,random_n30_p02.json,results/experiments_results_random/n30,random,42,30,0.2,0.15,,,90,109.5,73.0,49.5,537,43,49,78,12,13.4,11.0,11.0,10.0,10.0,0,true,21,7,8,1.2328767123287672,1.5,0.678082191780822,0.589041095890411,0.6712328767123288,1.0909090909090908,1.2181818181818183,0.9090909090909091,0.6363636363636364,0.7272727272727273,21.24615716934204,
results/experiments_results_random/n30/random_n30_p02.json,random_n30_p02.json,results/experiments_results_random/n30,random,43,30,0.2,0.15,,,74,82.8,57.0,40.5,351,35,37,67,6,7.1,5.0,5.0,5.0,5.0,0,true,9,4,5,1.2982456140350878,1.4526315789473683,0.7105263157894737,0.6140350877192983,0.6491228070175439,1.2,1.42,1.0,0.8,1.0,12.88289213180542,
results/experiments_results_random/n30/random_n30_p02.json,random_n30_p02.json,results/experiments_results_random/n30,random,44,30,0.2,0.15,,,80,94.7,63.0,44.5,404,40,43,64,15,16.9,12.0,13.0,11.5,11.833333333333314,1,true,37,9,9,1.2698412698412698,1.5031746031746032,0.7063492063492064,0.6349206349206349,0.6825396825396826,1.1538461538461537,1.2999999999999998,0.9102564102564088,0.6923076923076923,0.6923076923076923,11.03894567489624,
results/experiments_results_random/n30/random_n30_p02.json,random_n30_p02.json,results/experiments_results_random/n30,random,45,30,0.2,0.15,,,83,89.7,61.0,44.5,395,37,43,71,8,10.6,8.0,8.0,7.0,7.0,3,true,16,6,6,1.360655737704918,1.4704918032786887,0.7295081967213115,0.6065573770491803,0.7049180327868853,1.0,1.325,0.875,0.75,0.75,10.315985202789307,
results/experiments_results_random/n30/random_n30_p02.json,random_n30_p02.json,results/experiments_results_random/n30,random,46,30,0.2,0.15,,,81,96.4,66.0,47.5,454,40,43,69,15,18.6,12.0,12.0,12.0,12.0,0,true,32,10,9,1.2272727272727273,1.4606060606060607,0.7196969696969697,0.6060606060606061,0.6515151515151515,1.25,1.55,1.0,0.8333333333333334,0.75,7.595355033874512,
results/experiments_results_random/n30/random_n30_p02.json,random_n30_p02.json,results/experiments_results_random/n30,random,47,30,0.2,0.15,,,73,89.3,64.0,44.0,422,39,43,70,9,10.5,8.0,8.0,8.0,8.0,1,true,14,6,6,1.140625,1.3953125,0.6875,0.609375,0.671875,1.125,1.3125,1.0,0.75,0.75,9.862701177597046,
results/experiments_results_random/n30/random_n30_p02.json,random_n30_p02.json,results/experiments_results_random/n30,random,48,30,0.2,0.15,,,92,99.9,67.0,46.0,447,42,45,67,15,19.0,14.0,14.0,12.0,12.25,1,false,32,11,12,1.373134328358209,1.491044776119403,0.6865671641791045,0.6268656716417911,0.6716417910447762,1.0714285714285714,1.3571428571428572,0.875,0.7857142857142857,0.8571428571428571,6.540755033493042,
results/experiments_results_random/n30/random_n30_p02.json,random_n30_p02.json,results/experiments_results_random/n30,random,49,30,0.2,0.15,,,71,82.3,58.0,43.5,371,38,41,65,13,14.1,11.0,11.0,10.0,10.0,1,true,26,8,9,1.2241379310344827,1.4189655172413793,0.75,0.6551724137931034,0.7068965517241379,1.1818181818181819,1.2818181818181817,0.9090909090909091,0.7272727272727273,0.8181818181818182,5.499226808547974,
results/experiments_results_random/n30/random_n30_p02.json,random_n30_p02.json,results/experiments_results_random/n30,random,50,30,0.2,0.15,,,90,101.3,67.0,47.0,458,43,45,68,16,17.1,12.0,13.0,12.000000000000057,12.5,1,false,25,10,10,1.3432835820895523,1.5119402985074626,0.7014925373134329,0.6417910447761194,0.6716417910447762,1.2307692307692308,1.3153846153846156,0.9615384615384616,0.7692307692307693,0.7692307692307693,7.709704875946045,
results/experiments_results_random/n30/random_n30_p05.json,random_n30_p05.json,results/experiments_results_random/n30,random,1,30,0.5,0.15,,,180,199.4,153.0,114.5,1581,99,112,65,136,148.5,107.0,107.0,82.0,82.0,187,true,792,70,79,1.1764705882352942,1.3032679738562092,0.7483660130718954,0.6470588235294118,0.7320261437908496,1.2710280373831775,1.3878504672897196,0.7663551401869159,0.6542056074766355,0.7383177570093458,53.77100110054016,
results/experiments_results_random/n30/random_n30_p05.json,random_n30_p05.json,results/experiments_results_random/n30,random,2,30,0.5,0.15,,,184,194.7,149.0,113.00000000000001,1565,97,107,60,139,146.9,109.0,109.0,83.0,83.0,160,false,843,70,79,1.2348993288590604,1.306711409395973,0.7583892617449666,0.6510067114093959,0.7181208053691275,1.275229357798165,1.3477064220183488,0.7614678899082569,0.6422018348623854,0.7247706422018348,21.98993182182312,
results/experiments_results_random/n30/random_n30_p05.json,random_n30_p05.json,results/experiments_results_random/n30,random,3,30,0.5,0.15,,,185,193.1,144.0,107.5,1507,90,104,60,127,137.2,99.0,99.0,77.5,77.5,148,true,734,63,72,1.2847222222222223,1.3409722222222222,0.7465277777777778,0.625,0.7222222222222222,1.2828282828282829,1.3858585858585857,0.7828282828282829,0.6363636363636364,0.7272727272727273,21.003801107406616,
results/experiments_results_random/n30/random_n30_p05.json,random_n30_p05.json,results/experiments_results_random/n30,random,4,30,0.5,0.15,,,164,177.8,133.0,96.0,1317,82,94,55,118,128.9,95.0,95.0,68.5,68.5,90,false,688,58,65,1.2330827067669172,1.336842105263158,0.7218045112781954,0.6165413533834586,0.706766917293233,1.2421052631578948,1.3568421052631578,0.7210526315789474,0.6105263157894737,0.6842105263157895,18.74338698387146,
results/experiments_results_random/n30/random_n30_p05.json,random_n30_p05.json,results/experiments_results_random/n30,random,5,30,0.5,0.15,,,181,195.4,156.0,114.5,1617,96,110,65,138,150.0,112.0,112.0,82.0,82.0,213,true,833,70,79,1.1602564102564104,1.2525641025641026,0.7339743589743589,0.6153846153846154,0.7051282051282052,1.2321428571428572,1.3392857142857142,0.7321428571428571,0.625,0.7053571428571429,53.09695076942444,
results/experiments_results_random/n30/random_n30_p05.json,random_n30_p05.json,results/experiments_results_random/n30,random,6,30,0.5,0.15,,,176,189.3,144.0,103.5,1463,91,98,66,128,137.6,97.0,97.0,70.5,70.5,112,false,680,61,69,1.2222222222222223,1.3145833333333334,0.71875,0.6319444444444444,0.6805555555555556,1.3195876288659794,1.4185567010309277,0.7268041237113402,0.6288659793814433,0.711340206185567,31.286452770233154,
results/experiments_results_random/n30/random_n30_p05.json,random_n30_p05.json,results/experiments_results_random/n30,random,7,30,0.5,0.15,,,171,181.6,136.0,101.5,1393,87,99,64,119,130.3,97.0,97.0,69.5,69.5,139,false,643,65,66,1.2573529411764706,1.3352941176470587,0.7463235294117647,0.6397058823529411,0.7279411764705882,1.2268041237113403,1.343298969072165,0.7164948453608248,0.6701030927835051,0.6804123711340206,25.34078288078308,
results/experiments_results_random/n30/random_n30_p05.json,random_n30_p05.json,results/experiments_results_random/n30,random,8,30,0.5,0.15,,,186,197.5,148.0,113.5,1575,95,111,56,151,159.9,115.0,115.0,85.5,85.5,164,true,917,74,83,1.2567567567567568,1.3344594594594594,0.7668918918918919,0.6418918918918919,0.75,1.3130434782608695,1.3904347826086958,0.7434782608695653,0.6434782608695652,0.7217391304347827,25.06299614906311,
results/experiments_results_random/n30/random_n30_p05.json,random_n30_p05.json,results/experiments_results_random/n30,random,9,30,0.5,0.15,,,187,193.5,148.0,106.5,1491,93,104,67,122,131.7,97.0,97.0,73.0,73.0,128,true,683,65,71,1.2635135135135136,1.3074324324324325,0.7195945945945946,0.6283783783783784,0.7027027027027027,1.2577319587628866,1.3577319587628864,0.7525773195876289,0.6701030927835051,0.7319587628865979,40.885759115219116,
results/experiments_results_random/n30/random_n30_p05.json,random_n30_p05.json,results/experiments_results_random/n30,random,10,30,0.5,0.15,,,176,191.8,149.0,110.99999999999999,1543,94,107,70,133,141.8,102.0,102.0,76.0,76.0,170,false,734,64,72,1.1812080536912752,1.2872483221476512,0.7449664429530201,0.6308724832214765,0.7181208053691275,1.303921568627451,1.3901960784313727,0.7450980392156863,0.6274509803921569,0.7058823529411765,32.78127312660217,
results/experiments_results_random/n30/random_n30_p05.json,random_n30_p05.json,results/experiments_results_random/n30,random,11,30,0.5,0.15,,,190,199.1,156.0,115.99999999999997,1637,101,113,77,128,142.8,106.0,106.0,77.5,77.5,247,true,735,67,74,1.2179487179487178,1.2762820512820512,0.7435897435897434,0.6474358974358975,0.7243589743589743,1.2075471698113207,1.3471698113207549,0.7311320754716981,0.6320754716981132,0.6981132075471698,90.67625093460083,
results/experiments_results_random/n30/random_n30_p05.json,random_n30_p05.json,results/experiments_results_random/n30,random,12,30,0.5,0.15,,,167,192.3,145.0,110.0,1522,92,104,74,129,136.3,96.0,96.0,73.0,73.0,178,false,685,64,69,1.1517241379310346,1.3262068965517242,0.7586206896551724,0.6344827586206897,0.7172413793103448,1.34375,1.4197916666666668,0.7604166666666666,0.6666666666666666,0.71875,29.604674100875854,
results/experiments_results_random/n30/random_n30_p05.json,random_n30_p05.json,results/experiments_results_random/n30,random,13,30,0.5,0.15,,,184,198.9,156.0,111.0,1603,96,107,64,138,149.3,110.0,110.0,79.0,79.0,154,false,805,67,76,1.1794871794871795,1.2750000000000001,0.7115384615384616,0.6153846153846154,0.6858974358974359,1.2545454545454546,1.3572727272727274,0.7181818181818181,0.6090909090909091,0.6909090909090909,161.33219003677368,
results/experiments_results_random/n30/random_n30_p05.json,random_n30_p05.json,results/experiments_results_random/n30,random,14,30,0.5,0.15,,,173,183.6,141.0,106.5,1431,90,101,60,120,135.3,100.0,100.0,76.5,76.5,160,true,710,65,73,1.2269503546099292,1.302127659574468,0.7553191489361702,0.6382978723404256,0.7163120567375887,1.2,1.3530000000000002,0.765,0.65,0.73,20.101125955581665,
results/experiments_results_random/n30/random_n30_p05.json,random_n30_p05.json,results/experiments_results_random/n30,random,15,30,0.5,0.15,,,174,190.8,145.0,106.0,1487,95,101,46,138,155.4,113.0,113.0,83.0,83.0,85,false,924,72,80,1.2,1.3158620689655174,0.7310344827586207,0.6551724137931034,0.696551724137931,1.2212389380530972,1.3752212389380531,0.7345132743362832,0.6371681415929203,0.7079646017699115,37.87399196624756,
results/experiments_results_random/n30/random_n30_p05.json,random_n30_p05.json,results/experiments_results_random/n30,random,16,30,0.5,0.15,,,186,192.1,147.0,105.5,1492,89,103,69,121,130.3,96.0,96.0,71.0,71.0,181,false,656,62,67,1.2653061224489797,1.3068027210884354,0.717687074829932,0.6054421768707483,0.7006802721088435,1.2604166666666667,1.3572916666666668,0.7395833333333334,0.6458333333333334,0.6979166666666666,33.23628807067871,
results/experiments_results_random/n30/random_n30_p05.json,random_n30_p05.json,results/experiments_results_random/n30,random,17,30,0.5,0.15,,,176,190.4,150.0,110.0,1543,93,108,65,127,140.6,105.0,105.0,77.5,77.5,165,false,741,64,73,1.1733333333333333,1.2693333333333334,0.7333333333333333,0.62,0.72,1.2095238095238094,1.339047619047619,0.7380952380952381,0.6095238095238096,0.6952380952380952,45.31407308578491,
results/experiments_results_random/n30/random_n30_p05.json,random_n30_p05.json,results/experiments_results_random/n30,random,18,30,0.5,0.15,,,174,184.8,141.0,103.5,1425,89,101,69,110,123.7,91.0,92.0,69.0,69.0,120,false,631,58,65,1.2340425531914894,1.3106382978723405,0.7340425531914894,0.6312056737588653,0.7163120567375887,1.1956521739130435,1.3445652173913043,0.75,0.6304347826086957,0.7065217391304348,20.868834972381592,
results/experiments_results_random/n30/random_n30_p05.json,random_n30_p05.json,results/experiments_results_random/n30,random,19,30,0.5,0.15,,,181,191.0,146.0,105.5,1468,92,101,68,121,133.5,98.0,98.0,71.5,71.5,125,false,698,61,70,1.2397260273972603,1.3082191780821917,0.7226027397260274,0.6301369863013698,0.6917808219178082,1.2346938775510203,1.3622448979591837,0.7295918367346939,0.6224489795918368,0.7142857142857143,47.11810898780823,
results/experiments_results_random/n30/random_n30_p05.json,random_n30_p05.json,results/experiments_results_random/n30,random,20,30,0.5,0.15,,,192,198.5,152.0,114.0,1573,98,110,64,137,150.5,111.0,111.0,82.0,82.00000000000001,200,true,810,71,78,1.263157894736842,1.305921052631579,0.75,0.6447368421052632,0.7236842105263158,1.2342342342342343,1.3558558558558558,0.7387387387387389,0.6396396396396397,0.7027027027027027,61.20760202407837,
results/experiments_results_random/n30/random_n30_p05.json,random_n30_p05.json,results/experiments_results_random/n30,random,21,30,0.5,0.15,,,177,187.5,150.0,108.5,1509,93,106,63,135,141.9,105.0,105.0,77.0,77.0,172,false,761,67,73,1.18,1.25,0.7233333333333334,0.62,0.7066666666666667,1.2857142857142858,1.3514285714285714,0.7333333333333333,0.638095238095238,0.6952380952380952,64.79639506340027,
results/experiments_results_random/n30/random_n30_p05.json,random_n30_p05.json,results/experiments_results_random/n30,random,22,30,0.5,0.15,,,185,193.2,153.0,111.49999999999997,1584,97,110,76,127,134.9,100.0,100.0,73.5,73.5,184,false,685,65,69,1.2091503267973855,1.2627450980392156,0.7287581699346404,0.6339869281045751,0.7189542483660131,1.27,1.349,0.735,0.65,0.69,83.59035515785217,
results/experiments_results_random/n30/random_n30_p05.json,random_n30_p05.json,results/experiments_results_random/n30,random,23,30,0.5,0.15,,,169,174.4,136.0,100.5,1325,87,96,57,121,133.5,96.0,96.0,72.0,72.0,114,false,681,65,67,1.2426470588235294,1.2823529411764707,0.7389705882352942,0.6397058823529411,0.7058823529411765,1.2604166666666667,1.390625,0.75,0.6770833333333334,0.6979166666666666,31.457685947418213,
results/experiments_results_random/n30/random_n30_p05.json,random_n30_p05.json,results/experiments_results_random/n30,random,24,30,0.5,0.15,,,186,195.2,153.0,111.00000000000001,1560,96,109,63,132,142.7,109.0,109.0,79.5,79.5,162,true,800,68,76,1.2156862745098038,1.2758169934640522,0.7254901960784315,0.6274509803921569,0.7124183006535948,1.2110091743119267,1.3091743119266055,0.7293577981651376,0.6238532110091743,0.6972477064220184,118.99351596832275,
results/experiments_results_random/n30/random_n30_p05.json,random_n30_p05.json,results/experiments_results_random/n30,random,25,30,0.5,0.15,,,177,189.6,146.0,106.0,1472,93,102,66,125,136.1,98.0,98.0,73.0,73.0,143,false,702,62,68,1.2123287671232876,1.2986301369863014,0.726027397260274,0.636986301369863,0.6986301369863014,1.2755102040816326,1.3887755102040815,0.7448979591836735,0.6326530612244898,0.6938775510204082,55.22534799575806,
results/experiments_results_random/n30/random_n30_p05.json,random_n30_p05.json,results/experiments_results_random/n30,random,26,30,0.5,0.15,,,187,198.7,151.0,106.5,1548,96,104,46,143,152.4,114.0,114.0,83.5,83.5,111,false,913,74,80,1.2384105960264902,1.3158940397350993,0.7052980132450332,0.6357615894039735,0.6887417218543046,1.2543859649122806,1.336842105263158,0.7324561403508771,0.6491228070175439,0.7017543859649122,110.87650275230408,
results/experiments_results_random/n30/random_n30_p05.json,random_n30_p05.json,results/experiments_results_random/n30,random,27,30,0.5,0.15,,,166,179.7,130.0,95.0,1302,85,93,62,108,120.4,85.0,85.0,64.0,64.0,97,false,577,55,61,1.2769230769230768,1.3823076923076922,0.7307692307692307,0.6538461538461539,0.7153846153846154,1.2705882352941176,1.4164705882352941,0.7529411764705882,0.6470588235294118,0.7176470588235294,17.8494131565094,
results/experiments_results_random/n30/random_n30_p05.json,random_n30_p05.json,results/experiments_results_random/n30,random,28,30,0.5,0.15,,,158,169.2,127.0,92.0,1228,82,90,68,96,105.3,78.0,78.0,58.0,58.0,109,false,460,49,55,1.2440944881889764,1.332283464566929,0.7244094488188977,0.6456692913385826,0.7086614173228346,1.2307692307692308,1.3499999999999999,0.7435897435897436,0.6282051282051282,0.7051282051282052,17.27450180053711,
results/experiments_results_random/n30/random_n30_p05.json,random_n30_p05.json,results/experiments_results_random/n30,random,29,30,0.5,0.15,,,195,202.9,155.0,111.0,1602,96,106,54,152,158.1,114.0,114.0,84.0,84.0,123,false,928,72,81,1.2580645161290323,1.3090322580645162,0.7161290322580646,0.6193548387096774,0.6838709677419355,1.3333333333333333,1.3868421052631579,0.7368421052631579,0.631578947368421,0.7105263157894737,159.0242908000946,
results/experiments_results_random/n30/random_n30_p05.json,random_n30_p05.json,results/experiments_results_random/n30,random,30,30,0.5,0.15,,,177,185.6,146.0,104.0,1432,91,102,61,125,133.6,103.0,103.0,73.5,73.5,113,false,744,65,69,1.2123287671232876,1.2712328767123287,0.7123287671232876,0.6232876712328768,0.6986301369863014,1.2135922330097086,1.2970873786407766,0.7135922330097088,0.6310679611650486,0.6699029126213593,60.23187208175659,
results/experiments_results_random/n30/random_n30_p05.json,random_n30_p05.json,results/experiments_results_random/n30,random,31,30,0.5,0.15,,,175,192.8,148.0,110.5,1538,94,105,72,128,137.5,98.0,98.0,74.5,74.5,170,true,692,62,71,1.1824324324324325,1.3027027027027027,0.7466216216216216,0.6351351351351351,0.7094594594594594,1.3061224489795917,1.403061224489796,0.7602040816326531,0.6326530612244898,0.7244897959183674,26.528407096862793,
results/experiments_results_random/n30/random_n30_p05.json,random_n30_p05.json,results/experiments_results_random/n30,random,32,30,0.5,0.15,,,179,192.9,152.0,114.5,1602,101,111,68,135,147.3,107.0,107.0,80.5,80.5,154,true,809,71,78,1.1776315789473684,1.2690789473684212,0.7532894736842105,0.6644736842105263,0.7302631578947368,1.2616822429906542,1.3766355140186917,0.7523364485981309,0.6635514018691588,0.7289719626168224,28.203683853149414,
results/experiments_results_random/n30/random_n30_p05.json,random_n30_p05.json,results/experiments_results_random/n30,random,33,30,0.5,0.15,,,175,198.2,150.0,112.0,1558,101,110,58,134,150.9,109.0,109.0,83.0,83.0,180,false,835,68,80,1.1666666666666667,1.3213333333333332,0.7466666666666667,0.6733333333333333,0.7333333333333333,1.2293577981651376,1.3844036697247708,0.7614678899082569,0.6238532110091743,0.7339449541284404,35.8306610584259,
results/experiments_results_random/n30/random_n30_p05.json,random_n30_p05.json,results/experiments_results_random/n30,random,34,30,0.5,0.15,,,165,191.1,145.0,108.00000000000003,1518,93,105,56,128,146.2,107.0,107.0,80.0,80.0,168,true,826,69,76,1.1379310344827587,1.3179310344827586,0.7448275862068967,0.6413793103448275,0.7241379310344828,1.1962616822429906,1.3663551401869158,0.7476635514018691,0.6448598130841121,0.7102803738317757,24.70217204093933,
results/experiments_results_random/n30/random_n30_p05.json,random_n30_p05.json,results/experiments_results_random/n30,random,35,30,0.5,0.15,,,181,198.1,152.0,114.99999999999999,1591,98,111,70,138,145.0,106.0,106.0,80.0,80.0,235,false,765,70,75,1.1907894736842106,1.3032894736842104,0.7565789473684209,0.6447368421052632,0.7302631578947368,1.3018867924528301,1.3679245283018868,0.7547169811320755,0.660377358490566,0.7075471698113207,27.369876861572266,
results/experiments_results_random/n30/random_n30_p05.json,random_n30_p05.json,results/experiments_results_random/n30,random,36,30,0.5,0.15,,,187,198.7,155.0,114.99999999999997,1624,102,111,63,143,151.2,114.0,114.0,83.5,83.5,189,false,846,71,78,1.206451612903226,1.2819354838709676,0.7419354838709675,0.6580645161290323,0.7161290322580646,1.2543859649122806,1.3263157894736841,0.7324561403508771,0.6228070175438597,0.6842105263157895,56.7052788734436,
results/experiments_results_random/n30/random_n30_p05.json,random_n30_p05.json,results/experiments_results_random/n30,random,37,30,0.5,0.15,,,186,196.4,153.0,116.0,1636,105,112,71,133,144.8,104.0,104.0,80.5,80.5,194,true,784,68,76,1.2156862745098038,1.2836601307189544,0.7581699346405228,0.6862745098039216,0.7320261437908496,1.2788461538461537,1.3923076923076925,0.7740384615384616,0.6538461538461539,0.7307692307692307,25.97326421737671,
results/experiments_results_random/n30/random_n30_p05.json,random_n30_p05.json,results/experiments_results_random/n30,random,38,30,0.5,0.15,,,182,196.1,148.0,112.0,1534,97,109,73,124,133.6,100.0,100.0,75.5,75.5,198,false,684,66,73,1.2297297297297298,1.325,0.7567567567567568,0.6554054054054054,0.7364864864864865,1.24,1.3359999999999999,0.755,0.66,0.73,19.386136054992676,
results/experiments_results_random/n30/random_n30_p05.json,random_n30_p05.json,results/experiments_results_random/n30,random,39,30,0.5,0.15,,,186,195.3,153.0,106.5,1517,96,104,67,131,139.2,103.0,103.0,73.0,73.0,184,false,706,63,69,1.2156862745098038,1.2764705882352942,0.696078431372549,0.6274509803921569,0.6797385620915033,1.2718446601941749,1.3514563106796116,0.7087378640776699,0.6116504854368932,0.6699029126213593,272.4731147289276,
results/experiments_results_random/n30/random_n30_p05.json,random_n30_p05.json,results/experiments_results_random/n30,random,40,30,0.5,0.15,,,190,204.4,160.0,114.0,1661,97,111,73,131,142.5,109.0,109.0,77.5,77.5,186,true,773,65,74,1.1875,1.2775,0.7125,0.60625,0.69375,1.201834862385321,1.3073394495412844,0.7110091743119266,0.5963302752293578,0.6788990825688074,290.4163372516632,
results/experiments_results_random/n30/random_n30_p05.json,random_n30_p05.json,results/experiments_results_random/n30,random,41,30,0.5,0.15,,,131,140.5,138.0,98.5,1386,85,97,50,131,140.5,103.0,103.0,73.5,73.5,118,false,752,62,72,0.9492753623188406,1.0181159420289856,0.7137681159420289,0.6159420289855072,0.7028985507246377,1.2718446601941749,1.3640776699029127,0.7135922330097088,0.6019417475728155,0.6990291262135923,42.80091905593872,
results/experiments_results_random/n30/random_n30_p05.json,random_n30_p05.json,results/experiments_results_random/n30,random,42,30,0.5,0.15,,,118,130.4,150.0,108.5,1558,95,106,78,118,130.4,94.0,94.0,69.5,69.5,170,false,638,58,67,0.7866666666666666,0.8693333333333334,0.7233333333333334,0.6333333333333333,0.7066666666666667,1.2553191489361701,1.3872340425531915,0.7393617021276596,0.6170212765957447,0.7127659574468085,34.6787691116333,
results/experiments_results_random/n30/random_n30_p05.json,random_n30_p05.json,results/experiments_results_random/n30,random,43,30,0.5,0.15,,,123,138.4,150.0,109.0,1563,93,106,67,123,138.4,105.0,105.0,75.5,75.5,151,true,754,64,71,0.82,0.9226666666666667,0.7266666666666667,0.62,0.7066666666666667,1.1714285714285715,1.3180952380952382,0.719047619047619,0.6095238095238096,0.6761904761904762,56.826910972595215,
results/experiments_results_random/n30/random_n30_p05.json,random_n30_p05.json,results/experiments_results_random/n30,random,44,30,0.5,0.15,,,138,151.1,153.0,116.5,1634,101,112,64,138,151.1,111.0,111.0,84.5,84.5,197,true,833,71,82,0.9019607843137255,0.9875816993464052,0.761437908496732,0.6601307189542484,0.7320261437908496,1.2432432432432432,1.3612612612612611,0.7612612612612613,0.6396396396396397,0.7387387387387387,40.98330998420715,
results/experiments_results_random/n30/random_n30_p05.json,random_n30_p05.json,results/experiments_results_random/n30,random,45,30,0.5,0.15,,,125,133.6,149.0,106.5,1522,93,102,71,125,133.6,95.0,95.0,71.0,71.0,151,true,672,63,68,0.8389261744966443,0.8966442953020134,0.714765100671141,0.6241610738255033,0.6845637583892618,1.3157894736842106,1.4063157894736842,0.7473684210526316,0.6631578947368421,0.7157894736842105,41.815192222595215,
results/experiments_results_random/n30/random_n30_p05.json,random_n30_p05.json,results/experiments_results_random/n30,random,46,30,0.5,0.15,,,137,150.5,157.0,116.50000000000007,1651,105,113,69,137,150.5,110.0,110.0,82.0,82.0,213,true,820,71,78,0.8726114649681529,0.9585987261146497,0.74203821656051,0.6687898089171974,0.7197452229299363,1.2454545454545454,1.3681818181818182,0.7454545454545455,0.6454545454545455,0.7090909090909091,87.3025450706482,
results/experiments_results_random/n30/random_n30_p05.json,random_n30_p05.json,results/experiments_results_random/n30,random,47,30,0.5,0.15,,,133,141.2,146.0,110.5,1523,95,107,70,133,141.2,103.0,103.0,75.5,75.5,156,false,736,65,74,0.910958904109589,0.9671232876712328,0.7568493150684932,0.6506849315068494,0.7328767123287672,1.2912621359223302,1.370873786407767,0.7330097087378641,0.6310679611650486,0.7184466019417476,26.690646171569824,
results/experiments_results_random/n30/random_n30_p05.json,random_n30_p05.json,results/experiments_results_random/n30,random,48,30,0.5,0.15,,,120,135.0,146.0,106.5,1489,93,102,67,120,135.0,97.0,97.0,73.0,73.0,143,true,684,62,69,0.821917808219178,0.9246575342465754,0.7294520547945206,0.636986301369863,0.6986301369863014,1.2371134020618557,1.3917525773195876,0.7525773195876289,0.6391752577319587,0.711340206185567,27.76364803314209,
results/experiments_results_random/n30/random_n30_p05.json,random_n30_p05.json,results/experiments_results_random/n30,random,49,30,0.5,0.15,,,124,132.4,145.0,102.0,1454,89,98,65,124,132.4,97.0,97.0,69.5,69.5,127,true,675,63,65,0.8551724137931035,0.9131034482758621,0.7034482758620689,0.6137931034482759,0.6758620689655173,1.2783505154639174,1.3649484536082475,0.7164948453608248,0.6494845360824743,0.6701030927835051,72.27412581443787,
results/experiments_results_random/n30/random_n30_p05.json,random_n30_p05.json,results/experiments_results_random/n30,random,50,30,0.5,0.15,,,137,141.8,152.0,109.0,1541,94,106,68,137,141.8,103.0,103.0,75.0,75.0,169,false,747,64,71,0.9013157894736842,0.9328947368421053,0.7171052631578947,0.618421052631579,0.6973684210526315,1.3300970873786409,1.3766990291262138,0.7281553398058253,0.6213592233009708,0.6893203883495146,95.82017397880554,
results/experiments_results_random/n30/random_n30_p04.json,random_n30_p04.json,results/experiments_results_random/n30,random,1,30,0.4,0.15,,,161,170.3,127.0,92.0,1206,80,89,65,97,107.5,76.0,76.0,59.5,59.5,81,true,486,50,57,1.2677165354330708,1.3409448818897638,0.7244094488188977,0.6299212598425197,0.7007874015748031,1.2763157894736843,1.4144736842105263,0.7828947368421053,0.6578947368421053,0.75,24.254868984222412,
results/experiments_results_random/n30/random_n30_p04.json,random_n30_p04.json,results/experiments_results_random/n30,random,2,30,0.4,0.15,,,157,168.1,131.0,91.5,1235,81,89,60,108,115.4,87.0,87.0,61.5,61.5,88,false,567,52,59,1.1984732824427482,1.283206106870229,0.6984732824427481,0.6183206106870229,0.6793893129770993,1.2413793103448276,1.3264367816091955,0.7068965517241379,0.5977011494252874,0.6781609195402298,104.38860416412354,
results/experiments_results_random/n30/random_n30_p04.json,random_n30_p04.json,results/experiments_results_random/n30,random,3,30,0.4,0.15,,,157,171.9,126.0,86.5,1189,76,82,60,95,106.6,76.0,76.0,56.5,56.5,71,false,476,48,53,1.246031746031746,1.3642857142857143,0.6865079365079365,0.6031746031746031,0.6507936507936508,1.25,1.4026315789473685,0.743421052631579,0.631578947368421,0.6973684210526315,103.59588289260864,
results/experiments_results_random/n30/random_n30_p04.json,random_n30_p04.json,results/experiments_results_random/n30,random,4,30,0.4,0.15,,,139,156.0,109.0,78.5,1007,68,77,55,91,100.8,71.0,71.0,51.0,51.0,53,false,443,42,48,1.275229357798165,1.4311926605504588,0.7201834862385321,0.6238532110091743,0.7064220183486238,1.2816901408450705,1.4197183098591548,0.7183098591549296,0.5915492957746479,0.676056338028169,22.058457136154175,
results/experiments_results_random/n30/random_n30_p04.json,random_n30_p04.json,results/experiments_results_random/n30,random,5,30,0.4,0.15,,,165,178.2,133.0,92.5,1297,84,90,65,109,117.3,81.0,81.0,60.0,60.0,94,false,536,53,58,1.2406015037593985,1.3398496240601503,0.6954887218045113,0.631578947368421,0.6766917293233082,1.345679012345679,1.4481481481481482,0.7407407407407407,0.654320987654321,0.7160493827160493,101.30600595474243,
results/experiments_results_random/n30/random_n30_p04.json,random_n30_p04.json,results/experiments_results_random/n30,random,6,30,0.4,0.15,,,152,162.1,117.0,83.0,1087,73,81,66,80,94.4,67.0,67.0,50.0,50.0,45,false,386,44,47,1.2991452991452992,1.3854700854700854,0.7094017094017094,0.6239316239316239,0.6923076923076923,1.1940298507462686,1.4089552238805971,0.746268656716418,0.6567164179104478,0.7014925373134329,22.62466597557068,
results/experiments_results_random/n30/random_n30_p04.json,random_n30_p04.json,results/experiments_results_random/n30,random,7,30,0.4,0.15,,,152,166.9,118.0,85.5,1133,76,82,64,98,106.5,72.0,72.0,53.5,53.5,70,false,433,47,49,1.2881355932203389,1.414406779661017,0.7245762711864406,0.6440677966101694,0.6949152542372882,1.3611111111111112,1.4791666666666667,0.7430555555555556,0.6527777777777778,0.6805555555555556,15.820573329925537,
results/experiments_results_random/n30/random_n30_p04.json,random_n30_p04.json,results/experiments_results_random/n30,random,8,30,0.4,0.15,,,150,159.7,121.0,84.5,1092,76,81,56,95,104.6,76.0,77.0,56.5,56.5,62,false,501,49,53,1.2396694214876034,1.3198347107438015,0.6983471074380165,0.628099173553719,0.6694214876033058,1.2337662337662338,1.3584415584415583,0.7337662337662337,0.6363636363636364,0.6883116883116883,45.07910227775574,
results/experiments_results_random/n30/random_n30_p04.json,random_n30_p04.json,results/experiments_results_random/n30,random,9,30,0.4,0.15,,,157,170.2,121.0,83.5,1120,74,82,67,85,95.5,65.0,65.0,50.0,50.0,64,false,384,42,48,1.2975206611570247,1.4066115702479338,0.6900826446280992,0.6115702479338843,0.6776859504132231,1.3076923076923077,1.4692307692307693,0.7692307692307693,0.6461538461538462,0.7384615384615385,52.45084285736084,
results/experiments_results_random/n30/random_n30_p04.json,random_n30_p04.json,results/experiments_results_random/n30,random,10,30,0.4,0.15,,,143,164.4,123.0,87.0,1182,75,83,70,93,99.9,67.0,67.0,52.0,52.0,65,true,426,45,48,1.1626016260162602,1.3365853658536586,0.7073170731707317,0.6097560975609756,0.6747967479674797,1.3880597014925373,1.491044776119403,0.7761194029850746,0.6716417910447762,0.7164179104477612,28.21704077720642,
results/experiments_results_random/n30/random_n30_p04.json,random_n30_p04.json,results/experiments_results_random/n30,random,11,30,0.4,0.15,,,167,180.6,134.0,95.0,1326,85,92,77,96,108.1,78.0,78.0,56.5,56.5,112,false,481,49,55,1.2462686567164178,1.3477611940298506,0.7089552238805971,0.6343283582089553,0.6865671641791045,1.2307692307692308,1.3858974358974359,0.7243589743589743,0.6282051282051282,0.7051282051282052,51.43367290496826,
results/experiments_results_random/n30/random_n30_p04.json,random_n30_p04.json,results/experiments_results_random/n30,random,12,30,0.4,0.15,,,150,167.0,125.0,87.0,1163,75,85,74,89,100.7,69.0,69.0,50.0,50.0,71,false,403,42,48,1.2,1.336,0.696,0.6,0.68,1.289855072463768,1.4594202898550726,0.7246376811594203,0.6086956521739131,0.6956521739130435,58.971688985824585,
results/experiments_results_random/n30/random_n30_p04.json,random_n30_p04.json,results/experiments_results_random/n30,random,13,30,0.4,0.15,,,150,167.0,125.0,85.0,1166,78,83,64,92,102.9,74.0,74.0,53.0,53.0,64,true,451,45,50,1.2,1.336,0.68,0.624,0.664,1.2432432432432432,1.3905405405405407,0.7162162162162162,0.6081081081081081,0.6756756756756757,138.6969678401947,
results/experiments_results_random/n30/random_n30_p04.json,random_n30_p04.json,results/experiments_results_random/n30,random,14,30,0.4,0.15,,,155,166.6,123.0,86.0,1117,77,84,60,92,106.1,74.0,74.0,56.0,56.0,68,false,457,50,53,1.2601626016260163,1.3544715447154472,0.6991869918699187,0.6260162601626016,0.6829268292682927,1.2432432432432432,1.4337837837837837,0.7567567567567568,0.6756756756756757,0.7162162162162162,880.5631439685822,
results/experiments_results_random/n30/random_n30_p04.json,random_n30_p04.json,results/experiments_results_random/n30,random,15,30,0.4,0.15,,,147,159.7,117.0,79.5,1035,72,76,46,102,112.9,79.0,79.0,56.5,56.5,28,false,524,50,54,1.2564102564102564,1.3649572649572648,0.6794871794871795,0.6153846153846154,0.6495726495726496,1.2911392405063291,1.429113924050633,0.7151898734177216,0.6329113924050633,0.6835443037974683,145.6677749156952,
results/experiments_results_random/n30/random_n30_p04.json,random_n30_p04.json,results/experiments_results_random/n30,random,16,30,0.4,0.15,,,149,162.0,120.0,83.0,1111,75,80,69,77,89.0,65.0,66.0,48.5,48.5,71,false,363,40,46,1.2416666666666667,1.35,0.6916666666666667,0.625,0.6666666666666666,1.1666666666666667,1.3484848484848484,0.7348484848484849,0.6060606060606061,0.696969696969697,28.57395315170288,
results/experiments_results_random/n30/random_n30_p04.json,random_n30_p04.json,results/experiments_results_random/n30,random,17,30,0.4,0.15,,,157,173.3,129.0,90.5,1265,79,89,65,105,110.3,79.0,80.0,58.0,58.0,71,false,515,50,55,1.2170542635658914,1.3434108527131783,0.7015503875968992,0.6124031007751938,0.689922480620155,1.3125,1.37875,0.725,0.625,0.6875,35.17915201187134,
results/experiments_results_random/n30/random_n30_p04.json,random_n30_p04.json,results/experiments_results_random/n30,random,18,30,0.4,0.15,,,165,172.7,131.0,91.0,1233,81,88,69,91,103.9,79.0,79.0,56.5,56.5,85,false,471,49,55,1.2595419847328244,1.3183206106870229,0.6946564885496184,0.6183206106870229,0.6717557251908397,1.1518987341772151,1.3151898734177216,0.7151898734177216,0.620253164556962,0.6962025316455697,64.46352195739746,
results/experiments_results_random/n30/random_n30_p04.json,random_n30_p04.json,results/experiments_results_random/n30,random,19,30,0.4,0.15,,,149,163.2,119.0,83.0,1092,75,82,68,91,95.3,65.0,65.0,49.0,49.0,44,false,387,39,44,1.2521008403361344,1.3714285714285714,0.6974789915966386,0.6302521008403361,0.6890756302521008,1.4,1.4661538461538461,0.7538461538461538,0.6,0.676923076923077,26.86058497428894,
results/experiments_results_random/n30/random_n30_p04.json,random_n30_p04.json,results/experiments_results_random/n30,random,20,30,0.4,0.15,,,168,180.2,131.0,95.5,1286,85,93,64,114,122.4,86.0,87.0,63.5,63.5,113,false,559,52,61,1.282442748091603,1.3755725190839694,0.7290076335877863,0.648854961832061,0.7099236641221374,1.3103448275862069,1.406896551724138,0.7298850574712644,0.5977011494252874,0.7011494252873564,14.223861932754517,
results/experiments_results_random/n30/random_n30_p04.json,random_n30_p04.json,results/experiments_results_random/n30,random,21,30,0.4,0.15,,,160,173.5,125.0,89.5,1228,78,86,63,109,112.1,78.0,78.0,58.0,58.0,84,true,525,50,55,1.28,1.388,0.716,0.624,0.688,1.3974358974358974,1.4371794871794872,0.7435897435897436,0.6410256410256411,0.7051282051282052,14.995460987091064,
results/experiments_results_random/n30/random_n30_p04.json,random_n30_p04.json,results/experiments_results_random/n30,random,22,30,0.4,0.15,,,157,174.1,125.0,92.0,1256,76,91,76,94,106.8,72.0,72.0,54.0,54.0,99,false,444,48,51,1.256,1.3928,0.736,0.608,0.728,1.3055555555555556,1.4833333333333334,0.75,0.6666666666666666,0.7083333333333334,9.149334192276001,
results/experiments_results_random/n30/random_n30_p04.json,random_n30_p04.json,results/experiments_results_random/n30,random,23,30,0.4,0.15,,,136,148.4,109.0,79.5,966,67,77,57,87,100.0,67.0,67.0,51.0,51.0,58,true,406,44,49,1.2477064220183487,1.3614678899082568,0.7293577981651376,0.6146788990825688,0.7064220183486238,1.2985074626865671,1.492537313432836,0.7611940298507462,0.6567164179104478,0.7313432835820896,8.683101892471313,
results/experiments_results_random/n30/random_n30_p04.json,random_n30_p04.json,results/experiments_results_random/n30,random,24,30,0.4,0.15,,,168,173.3,129.0,90.0,1211,84,86,63,110,113.7,80.0,81.0,58.5,58.5,65,false,523,52,55,1.302325581395349,1.3434108527131783,0.6976744186046512,0.6511627906976745,0.6666666666666666,1.3580246913580247,1.4037037037037037,0.7222222222222222,0.6419753086419753,0.6790123456790124,48.97910976409912,
results/experiments_results_random/n30/random_n30_p04.json,random_n30_p04.json,results/experiments_results_random/n30,random,25,30,0.4,0.15,,,145,162.1,119.0,83.5,1107,73,81,66,85,96.8,66.0,67.0,50.5,50.5,58,false,406,41,49,1.218487394957983,1.3621848739495799,0.7016806722689075,0.6134453781512605,0.680672268907563,1.2686567164179106,1.4447761194029851,0.753731343283582,0.6119402985074627,0.7313432835820896,19.915374040603638,
results/experiments_results_random/n30/random_n30_p04.json,random_n30_p04.json,results/experiments_results_random/n30,random,26,30,0.4,0.15,,,159,170.1,124.0,84.5,1157,74,83,46,111,119.6,88.0,88.0,61.5,61.5,55,false,599,54,60,1.282258064516129,1.3717741935483871,0.6814516129032258,0.5967741935483871,0.6693548387096774,1.2613636363636365,1.3590909090909091,0.6988636363636364,0.6136363636363636,0.6818181818181818,113.09518313407898,
results/experiments_results_random/n30/random_n30_p04.json,random_n30_p04.json,results/experiments_results_random/n30,random,27,30,0.4,0.15,,,136,149.3,108.0,75.5,949,68,72,62,69,82.7,57.0,57.0,44.5,44.5,28,false,313,36,41,1.2592592592592593,1.3824074074074075,0.6990740740740741,0.6296296296296297,0.6666666666666666,1.2105263157894737,1.4508771929824562,0.7807017543859649,0.631578947368421,0.7192982456140351,17.35488796234131,
results/experiments_results_random/n30/random_n30_p04.json,random_n30_p04.json,results/experiments_results_random/n30,random,28,30,0.4,0.15,,,141,151.0,114.0,77.5,1000,70,75,68,73,81.9,59.0,59.0,43.5,43.5,54,false,301,36,41,1.236842105263158,1.3245614035087718,0.6798245614035088,0.6140350877192983,0.6578947368421053,1.2372881355932204,1.388135593220339,0.7372881355932204,0.6101694915254238,0.6949152542372882,57.36129307746887,
results/experiments_results_random/n30/random_n30_p04.json,random_n30_p04.json,results/experiments_results_random/n30,random,29,30,0.4,0.15,,,170,180.0,132.0,92.0,1271,80,90,54,123,129.4,91.0,91.0,65.0,65.0,57,false,638,58,63,1.2878787878787878,1.3636363636363635,0.696969696969697,0.6060606060606061,0.6818181818181818,1.3516483516483517,1.421978021978022,0.7142857142857143,0.6373626373626373,0.6923076923076923,60.80914878845215,
results/experiments_results_random/n30/random_n30_p04.json,random_n30_p04.json,results/experiments_results_random/n30,random,30,30,0.4,0.15,,,155,162.2,123.0,86.0,1133,76,83,61,99,105.3,77.0,77.0,55.5,55.5,64,true,493,49,53,1.2601626016260163,1.3186991869918698,0.6991869918699187,0.6178861788617886,0.6747967479674797,1.2857142857142858,1.3675324675324676,0.7207792207792207,0.6363636363636364,0.6883116883116883,925.5256128311157,
results/experiments_results_random/n30/random_n30_p04.json,random_n30_p04.json,results/experiments_results_random/n30,random,31,30,0.4,0.15,,,151,169.4,125.0,88.0,1155,78,86,72,91,100.8,70.0,70.0,52.0,52.0,78,false,394,44,49,1.208,1.3552,0.704,0.624,0.688,1.3,1.44,0.7428571428571429,0.6285714285714286,0.7,26.266047954559326,
results/experiments_results_random/n30/random_n30_p04.json,random_n30_p04.json,results/experiments_results_random/n30,random,32,30,0.4,0.15,,,166,175.2,131.0,93.5,1285,85,92,68,104,111.0,81.0,81.0,59.5,59.5,56,false,521,53,59,1.2671755725190839,1.3374045801526717,0.7137404580152672,0.648854961832061,0.7022900763358778,1.2839506172839505,1.3703703703703705,0.7345679012345679,0.654320987654321,0.7283950617283951,18.892635107040405,
results/experiments_results_random/n30/random_n30_p04.json,random_n30_p04.json,results/experiments_results_random/n30,random,33,30,0.4,0.15,,,154,169.9,125.0,88.0,1180,80,86,58,102,108.5,77.0,78.0,59.0,59.0,91,false,509,52,57,1.232,1.3592,0.704,0.64,0.688,1.3076923076923077,1.391025641025641,0.7564102564102564,0.6666666666666666,0.7307692307692307,19.350013732910156,
results/experiments_results_random/n30/random_n30_p04.json,random_n30_p04.json,results/experiments_results_random/n30,random,34,30,0.4,0.15,,,149,175.5,126.0,88.5,1208,78,86,56,104,119.7,85.0,85.0,60.5,60.5,69,false,565,54,58,1.1825396825396826,1.3928571428571428,0.7023809523809523,0.6190476190476191,0.6825396825396826,1.223529411764706,1.408235294117647,0.711764705882353,0.6352941176470588,0.6823529411764706,22.486370086669922,
results/experiments_results_random/n30/random_n30_p04.json,random_n30_p04.json,results/experiments_results_random/n30,random,35,30,0.4,0.15,,,173,180.7,133.0,95.5,1311,82,91,70,100,113.9,82.0,82.0,60.5,60.5,111,false,520,50,56,1.300751879699248,1.3586466165413533,0.7180451127819549,0.6165413533834586,0.6842105263157895,1.2195121951219512,1.3890243902439026,0.7378048780487805,0.6097560975609756,0.6829268292682927,16.749675989151,
results/experiments_results_random/n30/random_n30_p04.json,random_n30_p04.json,results/experiments_results_random/n30,random,36,30,0.4,0.15,,,164,173.2,126.0,90.5,1228,83,88,63,105,110.4,82.0,82.0,59.0,59.0,79,false,522,53,56,1.3015873015873016,1.3746031746031746,0.7182539682539683,0.6587301587301587,0.6984126984126984,1.2804878048780488,1.3463414634146342,0.7195121951219512,0.6463414634146342,0.6829268292682927,15.129357099533081,
results/experiments_results_random/n30/random_n30_p04.json,random_n30_p04.json,results/experiments_results_random/n30,random,37,30,0.4,0.15,,,163,177.0,137.0,98.5,1364,85,96,71,110,118.8,87.0,88.0,63.0,63.0,109,false,561,51,58,1.1897810218978102,1.2919708029197081,0.718978102189781,0.6204379562043796,0.7007299270072993,1.25,1.3499999999999999,0.7159090909090909,0.5795454545454546,0.6590909090909091,24.352862119674683,
results/experiments_results_random/n30/random_n30_p04.json,random_n30_p04.json,results/experiments_results_random/n30,random,38,30,0.4,0.15,,,166,186.6,136.0,95.5,1341,85,93,73,99,110.1,80.0,81.0,59.0,59.0,113,false,493,51,56,1.2205882352941178,1.3720588235294118,0.7022058823529411,0.625,0.6838235294117647,1.2222222222222223,1.3592592592592592,0.7283950617283951,0.6296296296296297,0.691358024691358,38.35508608818054,
results/experiments_results_random/n30/random_n30_p04.json,random_n30_p04.json,results/experiments_results_random/n30,random,39,30,0.4,0.15,,,144,165.6,121.0,82.0,1121,72,80,67,85,92.2,64.0,64.0,48.5,48.5,65,true,382,40,45,1.1900826446280992,1.368595041322314,0.6776859504132231,0.5950413223140496,0.6611570247933884,1.328125,1.440625,0.7578125,0.625,0.703125,78.20669794082642,
results/experiments_results_random/n30/random_n30_p04.json,random_n30_p04.json,results/experiments_results_random/n30,random,40,30,0.4,0.15,,,166,180.4,137.0,95.0,1349,84,92,73,104,110.1,81.0,81.0,58.5,58.5,96,false,509,49,57,1.2116788321167884,1.3167883211678832,0.6934306569343066,0.6131386861313869,0.6715328467153284,1.2839506172839505,1.3592592592592592,0.7222222222222222,0.6049382716049383,0.7037037037037037,58.61155414581299,
results/experiments_results_random/n30/random_n30_p04.json,random_n30_p04.json,results/experiments_results_random/n30,random,41,30,0.4,0.15,,,145,152.3,111.0,77.5,991,67,75,50,99,106.2,71.0,72.0,52.5,52.5,37,false,448,45,50,1.3063063063063063,1.3720720720720723,0.6981981981981982,0.6036036036036037,0.6756756756756757,1.375,1.475,0.7291666666666666,0.625,0.6944444444444444,13.012893915176392,
results/experiments_results_random/n30/random_n30_p04.json,random_n30_p04.json,results/experiments_results_random/n30,random,42,30,0.4,0.15,,,156,174.7,128.0,86.5,1203,79,86,78,84,91.4,62.0,62.0,47.5,47.5,74,true,356,41,44,1.21875,1.36484375,0.67578125,0.6171875,0.671875,1.3548387096774193,1.474193548387097,0.7661290322580645,0.6612903225806451,0.7096774193548387,132.95072293281555,
results/experiments_results_random/n30/random_n30_p04.json,random_n30_p04.json,results/experiments_results_random/n30,random,43,30,0.4,0.15,,,146,160.5,118.0,83.0,1089,73,81,67,88,93.9,67.0,67.0,49.5,49.5,51,false,393,41,44,1.2372881355932204,1.3601694915254237,0.7033898305084746,0.6186440677966102,0.6864406779661016,1.3134328358208955,1.4014925373134328,0.7388059701492538,0.6119402985074627,0.6567164179104478,13.98592495918274,
results/experiments_results_random/n30/random_n30_p04.json,random_n30_p04.json,results/experiments_results_random/n30,random,44,30,0.4,0.15,,,165,179.8,128.0,90.0,1214,78,87,64,103,112.0,77.0,77.0,58.0,58.0,86,false,489,49,55,1.2890625,1.4046875,0.703125,0.609375,0.6796875,1.3376623376623376,1.4545454545454546,0.7532467532467533,0.6363636363636364,0.7142857142857143,20.850642919540405,
results/experiments_results_random/n30/random_n30_p04.json,random_n30_p04.json,results/experiments_results_random/n30,random,45,30,0.4,0.15,,,143,154.1,114.0,80.0,1033,72,77,71,81,84.6,60.0,60.0,44.5,44.5,44,false,327,38,43,1.2543859649122806,1.3517543859649122,0.7017543859649122,0.631578947368421,0.6754385964912281,1.35,1.41,0.7416666666666667,0.6333333333333333,0.7166666666666667,13.544456005096436,
results/experiments_results_random/n30/random_n30_p04.json,random_n30_p04.json,results/experiments_results_random/n30,random,46,30,0.4,0.15,,,168,178.0,131.0,93.5,1285,82,90,69,102,114.6,83.0,83.0,59.0,59.0,110,false,521,52,58,1.282442748091603,1.3587786259541985,0.7137404580152672,0.6259541984732825,0.6870229007633588,1.2289156626506024,1.380722891566265,0.7108433734939759,0.6265060240963856,0.6987951807228916,28.752481937408447,
results/experiments_results_random/n30/random_n30_p04.json,random_n30_p04.json,results/experiments_results_random/n30,random,47,30,0.4,0.15,,,140,157.0,118.0,83.0,1106,70,80,70,84,95.6,64.0,64.0,48.0,48.0,64,false,371,40,44,1.1864406779661016,1.3305084745762712,0.7033898305084746,0.5932203389830508,0.6779661016949152,1.3125,1.49375,0.75,0.625,0.6875,15.308851957321167,
results/experiments_results_random/n30/random_n30_p04.json,random_n30_p04.json,results/experiments_results_random/n30,random,48,30,0.4,0.15,,,149,171.0,122.0,85.0,1147,76,82,67,90,100.4,69.0,69.0,51.5,51.5,58,true,419,45,49,1.221311475409836,1.401639344262295,0.6967213114754098,0.6229508196721312,0.6721311475409836,1.3043478260869565,1.455072463768116,0.7463768115942029,0.6521739130434783,0.7101449275362319,20.99424982070923,
results/experiments_results_random/n30/random_n30_p04.json,random_n30_p04.json,results/experiments_results_random/n30,random,49,30,0.4,0.15,,,143,157.2,117.0,85.0,1114,74,82,65,90,98.2,71.0,71.0,52.5,52.5,84,false,425,45,49,1.2222222222222223,1.3435897435897435,0.7264957264957265,0.6324786324786325,0.7008547008547008,1.267605633802817,1.3830985915492957,0.7394366197183099,0.6338028169014085,0.6901408450704225,11.217467069625854,
results/experiments_results_random/n30/random_n30_p04.json,random_n30_p04.json,results/experiments_results_random/n30,random,50,30,0.4,0.15,,,163,172.2,123.0,88.5,1200,80,86,68,98,107.4,72.0,72.0,54.5,54.5,74,false,446,46,50,1.3252032520325203,1.4,0.7195121951219512,0.6504065040650406,0.6991869918699187,1.3611111111111112,1.4916666666666667,0.7569444444444444,0.6388888888888888,0.6944444444444444,11.843321084976196,
results/experiments_results_random/n30/random_n30_p08.json,random_n30_p08.json,results/experiments_results_random/n30,random,1,30,0.8,0.15,,,106,155.6,82.0,82.0,1495,78,82,65,115,169.5,82.0,82.0,82.0,82.0,353,true,988,67,82,1.2926829268292683,1.897560975609756,1.0,0.9512195121951219,1.0,1.4024390243902438,2.067073170731707,1.0,0.8170731707317073,1.0,2.4049072265625,
results/experiments_results_random/n30/random_n30_p08.json,random_n30_p08.json,results/experiments_results_random/n30,random,2,30,0.8,0.15,,,127,164.0,86.0,86.0,1542,76,86,60,138,168.7,86.0,86.0,86.0,86.0,368,true,1063,73,86,1.4767441860465116,1.9069767441860466,1.0,0.8837209302325582,1.0,1.6046511627906976,1.9616279069767442,1.0,0.8488372093023255,1.0,2.2798209190368652,
results/experiments_results_random/n30/random_n30_p08.json,random_n30_p08.json,results/experiments_results_random/n30,random,3,30,0.8,0.15,,,100,144.2,79.0,79.0,1485,74,79,60,148,172.4,79.0,79.0,79.0,79.0,369,true,1037,71,79,1.2658227848101267,1.8253164556962025,1.0,0.9367088607594937,1.0,1.8734177215189873,2.1822784810126583,1.0,0.8987341772151899,1.0,2.3566536903381348,
results/experiments_results_random/n30/random_n30_p08.json,random_n30_p08.json,results/experiments_results_random/n30,random,4,30,0.8,0.15,,,123,156.8,105.0,105.0,1628,92,105,55,144,169.7,105.0,105.0,105.0,105.0,337,true,1114,83,103,1.1714285714285715,1.4933333333333334,1.0,0.8761904761904762,1.0,1.3714285714285714,1.6161904761904762,1.0,0.7904761904761904,0.9809523809523809,2.5835299491882324,
results/experiments_results_random/n30/random_n30_p08.json,random_n30_p08.json,results/experiments_results_random/n30,random,5,30,0.8,0.15,,,145,174.9,89.0,89.0,1611,77,89,65,160,178.6,89.0,89.0,89.0,89.0,411,true,1070,78,89,1.6292134831460674,1.9651685393258427,1.0,0.8651685393258427,1.0,1.797752808988764,2.006741573033708,1.0,0.8764044943820225,1.0,2.7374589443206787,
results/experiments_results_random/n30/random_n30_p08.json,random_n30_p08.json,results/experiments_results_random/n30,random,6,30,0.8,0.15,,,134,167.5,101.0,101.0,1639,88,100,66,146,171.4,99.0,99.0,99.0,99.0,374,true,1056,83,97,1.3267326732673268,1.6584158415841583,1.0,0.8712871287128713,0.9900990099009901,1.4747474747474747,1.7313131313131314,1.0,0.8383838383838383,0.9797979797979798,3.1264171600341797,
results/experiments_results_random/n30/random_n30_p08.json,random_n30_p08.json,results/experiments_results_random/n30,random,7,30,0.8,0.15,,,138,165.9,93.0,93.0,1607,83,93,64,147,172.1,90.0,90.0,90.0,90.0,429,true,1034,78,90,1.4838709677419355,1.7838709677419355,1.0,0.8924731182795699,1.0,1.6333333333333333,1.9122222222222223,1.0,0.8666666666666667,1.0,1.6289520263671875,
results/experiments_results_random/n30/random_n30_p08.json,random_n30_p08.json,results/experiments_results_random/n30,random,8,30,0.8,0.15,,,111,139.3,75.0,75.0,1463,72,75,56,125,159.9,75.0,75.0,75.0,75.0,303,true,1053,72,75,1.48,1.8573333333333335,1.0,0.96,1.0,1.6666666666666667,2.132,1.0,0.96,1.0,1.5136041641235352,
results/experiments_results_random/n30/random_n30_p08.json,random_n30_p08.json,results/experiments_results_random/n30,random,9,30,0.8,0.15,,,112,150.3,86.0,86.0,1520,78,86,67,141,170.1,86.0,86.0,86.0,86.0,399,true,1004,77,86,1.302325581395349,1.7476744186046513,1.0,0.9069767441860465,1.0,1.6395348837209303,1.977906976744186,1.0,0.8953488372093024,1.0,1.5569112300872803,
results/experiments_results_random/n30/random_n30_p08.json,random_n30_p08.json,results/experiments_results_random/n30,random,10,30,0.8,0.15,,,127,160.9,88.0,88.0,1583,75,88,70,129,168.2,88.0,88.0,88.0,88.0,478,true,990,70,88,1.4431818181818181,1.8284090909090909,1.0,0.8522727272727273,1.0,1.4659090909090908,1.9113636363636362,1.0,0.7954545454545454,1.0,1.585989236831665,
results/experiments_results_random/n30/random_n30_p08.json,random_n30_p08.json,results/experiments_results_random/n30,random,11,30,0.8,0.15,,,105,147.0,77.0,77.0,1471,70,77,77,139,161.9,77.0,77.0,77.0,77.0,517,true,915,67,77,1.3636363636363635,1.9090909090909092,1.0,0.9090909090909091,1.0,1.8051948051948052,2.102597402597403,1.0,0.8701298701298701,1.0,2.1044609546661377,
results/experiments_results_random/n30/random_n30_p08.json,random_n30_p08.json,results/experiments_results_random/n30,random,12,30,0.8,0.15,,,140,175.9,97.0,97.0,1675,80,97,74,139,171.2,97.0,97.0,97.0,97.0,497,true,1024,74,95,1.443298969072165,1.81340206185567,1.0,0.8247422680412371,1.0,1.4329896907216495,1.7649484536082474,1.0,0.7628865979381443,0.979381443298969,2.6290600299835205,
results/experiments_results_random/n30/random_n30_p08.json,random_n30_p08.json,results/experiments_results_random/n30,random,13,30,0.8,0.15,,,111,160.7,88.0,88.0,1507,74,88,64,141,175.9,88.0,88.0,88.0,88.0,383,true,1003,69,86,1.2613636363636365,1.8261363636363634,1.0,0.8409090909090909,1.0,1.6022727272727273,1.9988636363636365,1.0,0.7840909090909091,0.9772727272727273,3.1709063053131104,
results/experiments_results_random/n30/random_n30_p08.json,random_n30_p08.json,results/experiments_results_random/n30,random,14,30,0.8,0.15,,,110,138.4,76.0,76.0,1456,70,76,60,140,161.7,76.0,76.0,76.0,76.0,330,true,1021,62,76,1.4473684210526316,1.8210526315789475,1.0,0.9210526315789473,1.0,1.8421052631578947,2.1276315789473683,1.0,0.8157894736842105,1.0,2.4710490703582764,
results/experiments_results_random/n30/random_n30_p08.json,random_n30_p08.json,results/experiments_results_random/n30,random,15,30,0.8,0.15,,,97,141.6,84.0,84.0,1488,76,84,46,107,165.1,84.0,84.0,84.0,84.0,205,true,1122,74,84,1.1547619047619047,1.6857142857142857,1.0,0.9047619047619048,1.0,1.2738095238095237,1.9654761904761904,1.0,0.8809523809523809,1.0,2.629667043685913,
results/experiments_results_random/n30/random_n30_p08.json,random_n30_p08.json,results/experiments_results_random/n30,random,16,30,0.8,0.15,,,127,176.4,96.0,96.0,1634,81,96,69,122,169.6,96.0,96.0,96.0,96.0,428,true,1025,86,96,1.3229166666666667,1.8375000000000001,1.0,0.84375,1.0,1.2708333333333333,1.7666666666666666,1.0,0.8958333333333334,1.0,3.078603982925415,
results/experiments_results_random/n30/random_n30_p08.json,random_n30_p08.json,results/experiments_results_random/n30,random,17,30,0.8,0.15,,,86,150.2,75.0,75.0,1412,69,75,65,128,172.0,75.0,75.0,75.0,75.0,418,true,952,70,75,1.1466666666666667,2.0026666666666664,1.0,0.92,1.0,1.7066666666666668,2.2933333333333334,1.0,0.9333333333333333,1.0,1.8418829441070557,
results/experiments_results_random/n30/random_n30_p08.json,random_n30_p08.json,results/experiments_results_random/n30,random,18,30,0.8,0.15,,,106,141.4,76.0,76.0,1452,68,76,69,116,167.2,76.0,76.0,76.0,76.0,415,true,961,68,76,1.394736842105263,1.8605263157894738,1.0,0.8947368421052632,1.0,1.5263157894736843,2.1999999999999997,1.0,0.8947368421052632,1.0,1.4893109798431396,
results/experiments_results_random/n30/random_n30_p08.json,random_n30_p08.json,results/experiments_results_random/n30,random,19,30,0.8,0.15,,,109,162.1,89.0,89.0,1590,79,88,68,141,171.3,89.0,89.0,89.0,89.0,438,true,1023,77,89,1.2247191011235956,1.8213483146067415,1.0,0.8876404494382022,0.9887640449438202,1.5842696629213484,1.9247191011235956,1.0,0.8651685393258427,1.0,2.9900519847869873,
results/experiments_results_random/n30/random_n30_p08.json,random_n30_p08.json,results/experiments_results_random/n30,random,20,30,0.8,0.15,,,137,152.8,81.0,81.0,1550,76,81,64,145,170.3,81.0,81.0,81.0,81.0,467,true,1056,70,81,1.691358024691358,1.88641975308642,1.0,0.9382716049382716,1.0,1.7901234567901234,2.1024691358024694,1.0,0.8641975308641975,1.0,3.0280449390411377,
results/experiments_results_random/n30/random_n30_p08.json,random_n30_p08.json,results/experiments_results_random/n30,random,21,30,0.8,0.15,,,127,156.8,80.0,80.0,1540,74,80,63,139,173.7,80.0,80.0,80.0,80.0,343,true,1075,75,80,1.5875,1.9600000000000002,1.0,0.925,1.0,1.7375,2.1712499999999997,1.0,0.9375,1.0,3.699678897857666,
results/experiments_results_random/n30/random_n30_p08.json,random_n30_p08.json,results/experiments_results_random/n30,random,22,30,0.8,0.15,,,101,142.1,70.0,70.0,1382,66,70,76,140,162.7,70.0,70.0,70.0,70.0,552,true,847,64,70,1.4428571428571428,2.03,1.0,0.9428571428571428,1.0,2.0,2.3242857142857143,1.0,0.9142857142857143,1.0,3.3793039321899414,
results/experiments_results_random/n30/random_n30_p08.json,random_n30_p08.json,results/experiments_results_random/n30,random,23,30,0.8,0.15,,,141,166.7,86.0,86.0,1567,78,86,57,153,173.1,86.0,86.0,86.0,86.0,324,true,1110,80,86,1.6395348837209303,1.9383720930232557,1.0,0.9069767441860465,1.0,1.7790697674418605,2.0127906976744185,1.0,0.9302325581395349,1.0,1.8126170635223389,
results/experiments_results_random/n30/random_n30_p08.json,random_n30_p08.json,results/experiments_results_random/n30,random,24,30,0.8,0.15,,,114,140.2,79.0,79.0,1426,70,79,63,137,163.2,79.0,79.0,79.0,79.0,357,true,971,70,79,1.4430379746835442,1.7746835443037974,1.0,0.8860759493670886,1.0,1.7341772151898733,2.0658227848101265,1.0,0.8860759493670886,1.0,1.9568171501159668,
results/experiments_results_random/n30/random_n30_p08.json,random_n30_p08.json,results/experiments_results_random/n30,random,25,30,0.8,0.15,,,136,160.4,85.0,85.0,1564,77,85,66,169,178.2,85.0,85.0,85.0,85.0,425,true,1043,78,85,1.6,1.887058823529412,1.0,0.9058823529411765,1.0,1.988235294117647,2.096470588235294,1.0,0.9176470588235294,1.0,1.9172720909118652,
results/experiments_results_random/n30/random_n30_p08.json,random_n30_p08.json,results/experiments_results_random/n30,random,26,30,0.8,0.15,,,117,164.8,93.0,93.0,1616,84,93,46,152,174.7,93.0,93.0,93.0,93.0,290,true,1188,82,93,1.2580645161290323,1.7720430107526883,1.0,0.9032258064516129,1.0,1.6344086021505377,1.878494623655914,1.0,0.8817204301075269,1.0,1.9738430976867676,
results/experiments_results_random/n30/random_n30_p08.json,random_n30_p08.json,results/experiments_results_random/n30,random,27,30,0.8,0.15,,,147,174.2,99.0,99.0,1622,85,99,62,141,167.6,99.0,99.0,99.0,99.0,423,true,1085,85,99,1.4848484848484849,1.7595959595959594,1.0,0.8585858585858586,1.0,1.4242424242424243,1.692929292929293,1.0,0.8585858585858586,1.0,2.504776954650879,
results/experiments_results_random/n30/random_n30_p08.json,random_n30_p08.json,results/experiments_results_random/n30,random,28,30,0.8,0.15,,,150,184.7,119.0,119.0,1739,98,117,68,170,185.1,115.0,115.0,115.0,115.0,429,false,1089,92,110,1.2605042016806722,1.5521008403361343,1.0,0.8235294117647058,0.9831932773109243,1.4782608695652173,1.6095652173913042,1.0,0.8,0.9565217391304348,2.959428071975708,
results/experiments_results_random/n30/random_n30_p08.json,random_n30_p08.json,results/experiments_results_random/n30,random,29,30,0.8,0.15,,,118,144.5,79.0,79.0,1455,72,79,54,132,166.7,79.0,79.0,79.0,79.0,275,true,1061,68,79,1.4936708860759493,1.8291139240506329,1.0,0.9113924050632911,1.0,1.6708860759493671,2.1101265822784807,1.0,0.8607594936708861,1.0,1.533163070678711,
results/experiments_results_random/n30/random_n30_p08.json,random_n30_p08.json,results/experiments_results_random/n30,random,30,30,0.8,0.15,,,150,187.9,103.0,103.0,1701,87,103,61,162,177.5,103.0,103.0,103.0,103.0,352,true,1134,89,103,1.4563106796116505,1.8242718446601942,1.0,0.8446601941747572,1.0,1.5728155339805825,1.7233009708737863,1.0,0.8640776699029126,1.0,1.6847867965698242,
results/experiments_results_random/n30/random_n30_p08.json,random_n30_p08.json,results/experiments_results_random/n30,random,31,30,0.8,0.15,,,109,151.1,86.0,86.0,1554,76,86,72,142,162.5,86.0,86.0,86.0,86.0,441,true,976,75,83,1.2674418604651163,1.7569767441860464,1.0,0.8837209302325582,1.0,1.6511627906976745,1.8895348837209303,1.0,0.872093023255814,0.9651162790697675,1.5838310718536377,
results/experiments_results_random/n30/random_n30_p08.json,random_n30_p08.json,results/experiments_results_random/n30,random,32,30,0.8,0.15,,,123,157.7,86.0,86.0,1596,70,86,68,144,170.9,86.0,86.0,86.0,86.0,401,true,1059,69,86,1.430232558139535,1.833720930232558,1.0,0.813953488372093,1.0,1.6744186046511629,1.9872093023255815,1.0,0.8023255813953488,1.0,1.8402690887451172,
results/experiments_results_random/n30/random_n30_p08.json,random_n30_p08.json,results/experiments_results_random/n30,random,33,30,0.8,0.15,,,131,155.3,78.0,78.0,1507,70,78,58,155,169.7,78.0,78.0,78.0,78.0,382,true,1063,68,78,1.6794871794871795,1.9910256410256413,1.0,0.8974358974358975,1.0,1.9871794871794872,2.1756410256410255,1.0,0.8717948717948718,1.0,3.067131280899048,
results/experiments_results_random/n30/random_n30_p08.json,random_n30_p08.json,results/experiments_results_random/n30,random,34,30,0.8,0.15,,,113,155.5,84.0,84.0,1487,73,84,56,130,169.9,84.0,84.0,84.0,84.0,320,true,1043,70,84,1.3452380952380953,1.8511904761904763,1.0,0.8690476190476191,1.0,1.5476190476190477,2.0226190476190475,1.0,0.8333333333333334,1.0,2.8887851238250732,
results/experiments_results_random/n30/random_n30_p08.json,random_n30_p08.json,results/experiments_results_random/n30,random,35,30,0.8,0.15,,,140,160.3,95.0,95.0,1620,72,95,70,158,177.7,95.0,95.0,95.0,95.0,418,true,1047,75,95,1.4736842105263157,1.6873684210526316,1.0,0.7578947368421053,1.0,1.6631578947368422,1.8705263157894736,1.0,0.7894736842105263,1.0,3.8247292041778564,
results/experiments_results_random/n30/random_n30_p08.json,random_n30_p08.json,results/experiments_results_random/n30,random,36,30,0.8,0.15,,,128,159.6,87.0,87.0,1597,78,87,63,145,176.1,87.0,87.0,87.0,87.0,399,true,1069,78,87,1.471264367816092,1.8344827586206895,1.0,0.896551724137931,1.0,1.6666666666666667,2.0241379310344825,1.0,0.896551724137931,1.0,4.1488800048828125,
results/experiments_results_random/n30/random_n30_p08.json,random_n30_p08.json,results/experiments_results_random/n30,random,37,30,0.8,0.15,,,92,147.8,73.0,73.0,1410,69,73,71,128,167.4,73.0,73.0,73.0,73.0,454,true,904,71,73,1.2602739726027397,2.0246575342465754,1.0,0.9452054794520548,1.0,1.7534246575342465,2.293150684931507,1.0,0.9726027397260274,1.0,4.316183090209961,
results/experiments_results_random/n30/random_n30_p08.json,random_n30_p08.json,results/experiments_results_random/n30,random,38,30,0.8,0.15,,,125,156.5,84.0,84.0,1530,78,84,73,155,178.3,84.0,84.0,84.0,84.0,442,true,973,73,84,1.4880952380952381,1.8630952380952381,1.0,0.9285714285714286,1.0,1.8452380952380953,2.1226190476190476,1.0,0.8690476190476191,1.0,2.5468909740448,
results/experiments_results_random/n30/random_n30_p08.json,random_n30_p08.json,results/experiments_results_random/n30,random,39,30,0.8,0.15,,,132,158.3,84.0,84.0,1565,78,84,67,138,172.4,84.0,84.0,84.0,84.0,479,true,1023,76,84,1.5714285714285714,1.8845238095238097,1.0,0.9285714285714286,1.0,1.6428571428571428,2.0523809523809526,1.0,0.9047619047619048,1.0,4.055206060409546,
results/experiments_results_random/n30/random_n30_p08.json,random_n30_p08.json,results/experiments_results_random/n30,random,40,30,0.8,0.15,,,95,140.1,74.0,74.0,1427,71,74,73,148,163.6,74.0,74.0,74.0,74.0,470,true,896,69,74,1.2837837837837838,1.8932432432432431,1.0,0.9594594594594594,1.0,2.0,2.210810810810811,1.0,0.9324324324324325,1.0,3.0540900230407715,
results/experiments_results_random/n30/random_n30_p08.json,random_n30_p08.json,results/experiments_results_random/n30,random,41,30,0.8,0.15,,,147,169.3,96.0,96.0,1667,77,96,50,151,173.4,96.0,96.0,96.0,96.0,265,true,1213,75,96,1.53125,1.7635416666666668,1.0,0.8020833333333334,1.0,1.5729166666666667,1.8062500000000001,1.0,0.78125,1.0,3.9771761894226074,
results/experiments_results_random/n30/random_n30_p08.json,random_n30_p08.json,results/experiments_results_random/n30,random,42,30,0.8,0.15,,,109,160.3,87.0,87.0,1513,80,87,78,148,167.8,87.0,87.0,87.0,87.0,445,true,921,79,85,1.2528735632183907,1.842528735632184,1.0,0.9195402298850575,1.0,1.7011494252873562,1.9287356321839082,1.0,0.9080459770114943,0.9770114942528736,3.8752410411834717,
results/experiments_results_random/n30/random_n30_p08.json,random_n30_p08.json,results/experiments_results_random/n30,random,43,30,0.8,0.15,,,120,175.3,91.0,91.0,1597,80,91,67,168,184.9,91.0,91.0,91.0,91.0,378,true,1047,80,91,1.3186813186813187,1.9263736263736264,1.0,0.8791208791208791,1.0,1.8461538461538463,2.0318681318681318,1.0,0.8791208791208791,1.0,2.827501058578491,
results/experiments_results_random/n30/random_n30_p08.json,random_n30_p08.json,results/experiments_results_random/n30,random,44,30,0.8,0.15,,,123,152.1,86.0,86.0,1529,76,86,64,143,169.9,86.0,86.0,86.0,86.0,386,true,1018,76,85,1.430232558139535,1.7686046511627906,1.0,0.8837209302325582,1.0,1.6627906976744187,1.9755813953488373,1.0,0.8837209302325582,0.9883720930232558,1.557352066040039,
results/experiments_results_random/n30/random_n30_p08.json,random_n30_p08.json,results/experiments_results_random/n30,random,45,30,0.8,0.15,,,122,161.6,87.0,87.0,1597,80,87,71,144,170.0,87.0,87.0,87.0,87.0,460,true,1006,75,87,1.4022988505747127,1.857471264367816,1.0,0.9195402298850575,1.0,1.6551724137931034,1.9540229885057472,1.0,0.8620689655172413,1.0,1.527575969696045,
results/experiments_results_random/n30/random_n30_p08.json,random_n30_p08.json,results/experiments_results_random/n30,random,46,30,0.8,0.15,,,115,145.6,70.0,70.0,1405,64,70,69,147,167.4,70.0,70.0,70.0,70.0,476,true,919,66,70,1.6428571428571428,2.08,1.0,0.9142857142857143,1.0,2.1,2.3914285714285715,1.0,0.9428571428571428,1.0,1.4841198921203613,
results/experiments_results_random/n30/random_n30_p08.json,random_n30_p08.json,results/experiments_results_random/n30,random,47,30,0.8,0.15,,,121,162.4,86.0,86.0,1530,73,86,70,133,163.5,86.0,86.0,86.0,86.0,359,true,1006,74,86,1.4069767441860466,1.888372093023256,1.0,0.8488372093023255,1.0,1.5465116279069768,1.9011627906976745,1.0,0.8604651162790697,1.0,1.520331859588623,
results/experiments_results_random/n30/random_n30_p08.json,random_n30_p08.json,results/experiments_results_random/n30,random,48,30,0.8,0.15,,,132,163.1,89.0,89.0,1555,82,89,67,133,174.0,89.0,89.0,89.0,89.0,426,true,1017,80,89,1.4831460674157304,1.8325842696629213,1.0,0.9213483146067416,1.0,1.4943820224719102,1.9550561797752808,1.0,0.898876404494382,1.0,1.5411229133605957,
results/experiments_results_random/n30/random_n30_p08.json,random_n30_p08.json,results/experiments_results_random/n30,random,49,30,0.8,0.15,,,132,159.5,85.0,85.0,1541,73,85,65,128,166.2,85.0,85.0,85.0,85.0,354,true,1040,72,85,1.5529411764705883,1.8764705882352941,1.0,0.8588235294117647,1.0,1.5058823529411764,1.9552941176470586,1.0,0.8470588235294118,1.0,1.550590991973877,
results/experiments_results_random/n30/random_n30_p08.json,random_n30_p08.json,results/experiments_results_random/n30,random,50,30,0.8,0.15,,,108,142.5,83.0,83.0,1511,80,83,68,118,160.6,83.0,83.0,83.0,83.0,393,true,993,71,83,1.3012048192771084,1.716867469879518,1.0,0.963855421686747,1.0,1.4216867469879517,1.9349397590361446,1.0,0.8554216867469879,1.0,1.5274341106414795,
results/experiments_results_random/n20/random_n20_p07.json,random_n20_p07.json,results/experiments_results_random/n20,random,1,20,0.7,0.15,,,66,81.7,57.0,57.0,511,43,56,22,72,77.2,54.0,54.0,54.0,54.0,51,true,357,38,48,1.1578947368421053,1.4333333333333333,1.0,0.7543859649122807,0.9824561403508771,1.3333333333333333,1.4296296296296296,1.0,0.7037037037037037,0.8888888888888888,1.2755298614501953,
results/experiments_results_random/n20/random_n20_p07.json,random_n20_p07.json,results/experiments_results_random/n20,random,2,20,0.7,0.15,,,63,78.4,55.0,55.0,504,45,54,29,62,72.7,52.0,52.0,52.0,52.0,90,false,307,35,46,1.1454545454545455,1.4254545454545455,1.0,0.8181818181818182,0.9818181818181818,1.1923076923076923,1.3980769230769232,1.0,0.6730769230769231,0.8846153846153846,0.7947382926940918,
results/experiments_results_random/n20/random_n20_p07.json,random_n20_p07.json,results/experiments_results_random/n20,random,3,20,0.7,0.15,,,61,79.4,55.0,55.0,509,44,54,24,59,71.1,53.0,53.0,53.0,53.0,51,true,339,38,49,1.1090909090909091,1.4436363636363638,1.0,0.8,0.9818181818181818,1.1132075471698113,1.341509433962264,1.0,0.7169811320754716,0.9245283018867925,1.0362930297851562,
results/experiments_results_random/n20/random_n20_p07.json,random_n20_p07.json,results/experiments_results_random/n20,random,4,20,0.7,0.15,,,79,86.3,64.0,62.5,497,46,57,22,72,78.8,58.0,58.0,51.5,51.5,40,true,345,38,48,1.234375,1.3484375,0.9765625,0.71875,0.890625,1.2413793103448276,1.3586206896551725,0.8879310344827587,0.6551724137931034,0.8275862068965517,2.78708815574646,
results/experiments_results_random/n20/random_n20_p07.json,random_n20_p07.json,results/experiments_results_random/n20,random,5,20,0.7,0.15,,,65,74.6,54.0,54.0,499,43,54,27,70,76.2,53.0,53.0,53.0,53.0,47,true,321,36,47,1.2037037037037037,1.3814814814814813,1.0,0.7962962962962963,1.0,1.320754716981132,1.437735849056604,1.0,0.6792452830188679,0.8867924528301887,0.7945411205291748,
results/experiments_results_random/n20/random_n20_p07.json,random_n20_p07.json,results/experiments_results_random/n20,random,6,20,0.7,0.15,,,78,88.1,64.0,61.5,525,48,59,24,71,77.1,57.0,57.0,49.5,49.5,67,true,333,37,46,1.21875,1.3765625,0.9609375,0.75,0.921875,1.2456140350877194,1.3526315789473684,0.868421052631579,0.6491228070175439,0.8070175438596491,3.285691022872925,
results/experiments_results_random/n20/random_n20_p07.json,random_n20_p07.json,results/experiments_results_random/n20,random,7,20,0.7,0.15,,,73,84.9,56.0,56.0,534,45,55,25,71,77.5,55.0,55.0,54.5,54.5,60,true,355,39,50,1.3035714285714286,1.5160714285714287,1.0,0.8035714285714286,0.9821428571428571,1.290909090909091,1.4090909090909092,0.990909090909091,0.7090909090909091,0.9090909090909091,1.2203631401062012,
results/experiments_results_random/n20/random_n20_p07.json,random_n20_p07.json,results/experiments_results_random/n20,random,8,20,0.7,0.15,,,73,84.7,51.0,51.0,498,43,51,23,72,79.2,51.0,51.0,51.0,51.0,45,true,351,41,48,1.4313725490196079,1.6607843137254903,1.0,0.8431372549019608,1.0,1.411764705882353,1.5529411764705883,1.0,0.803921568627451,0.9411764705882353,0.7933509349822998,
results/experiments_results_random/n20/random_n20_p07.json,random_n20_p07.json,results/experiments_results_random/n20,random,9,20,0.7,0.15,,,66,80.2,59.0,59.0,508,42,56,26,58,69.7,54.0,54.0,50.5,50.5,58,true,320,38,45,1.11864406779661,1.3593220338983052,1.0,0.711864406779661,0.9491525423728814,1.0740740740740742,1.2907407407407407,0.9351851851851852,0.7037037037037037,0.8333333333333334,1.8799991607666016,
results/experiments_results_random/n20/random_n20_p07.json,random_n20_p07.json,results/experiments_results_random/n20,random,10,20,0.7,0.15,,,70,84.1,55.0,55.0,525,42,54,26,61,73.5,50.0,50.0,50.0,50.0,48,true,338,37,46,1.2727272727272727,1.529090909090909,1.0,0.7636363636363637,0.9818181818181818,1.22,1.47,1.0,0.74,0.92,0.8169670104980469,
results/experiments_results_random/n20/random_n20_p07.json,random_n20_p07.json,results/experiments_results_random/n20,random,11,20,0.7,0.15,,,65,76.9,51.0,51.0,499,46,51,39,54,67.0,50.0,50.0,49.52777777777778,49.593023255813954,105,true,250,35,43,1.2745098039215685,1.5078431372549022,1.0,0.9019607843137255,1.0,1.08,1.34,0.9918604651162791,0.7,0.86,0.7270510196685791,
results/experiments_results_random/n20/random_n20_p07.json,random_n20_p07.json,results/experiments_results_random/n20,random,12,20,0.7,0.15,,,58,75.8,53.0,53.0,490,43,52,35,62,72.6,45.0,45.0,44.333333333333336,44.33333333333333,94,true,273,30,39,1.0943396226415094,1.430188679245283,1.0,0.8113207547169812,0.9811320754716981,1.3777777777777778,1.6133333333333333,0.985185185185185,0.6666666666666666,0.8666666666666667,0.7562382221221924,
results/experiments_results_random/n20/random_n20_p07.json,random_n20_p07.json,results/experiments_results_random/n20,random,13,20,0.7,0.15,,,69,81.4,59.0,59.0,505,41,55,25,56,69.9,51.0,51.0,51.0,51.0,31,true,316,37,47,1.1694915254237288,1.3796610169491526,1.0,0.6949152542372882,0.9322033898305084,1.0980392156862746,1.3705882352941177,1.0,0.7254901960784313,0.9215686274509803,0.8339061737060547,
results/experiments_results_random/n20/random_n20_p07.json,random_n20_p07.json,results/experiments_results_random/n20,random,14,20,0.7,0.15,,,66,80.4,56.0,56.0,508,41,53,30,71,77.3,53.0,53.0,50.5,50.5,42,true,318,40,44,1.1785714285714286,1.4357142857142857,1.0,0.7321428571428571,0.9464285714285714,1.3396226415094339,1.4584905660377359,0.9528301886792453,0.7547169811320755,0.8301886792452831,1.1976990699768066,
results/experiments_results_random/n20/random_n20_p07.json,random_n20_p07.json,results/experiments_results_random/n20,random,15,20,0.7,0.15,,,66,80.8,56.0,56.0,507,39,53,16,63,79.9,56.0,56.0,56.0,56.0,24,true,393,36,53,1.1785714285714286,1.4428571428571428,1.0,0.6964285714285714,0.9464285714285714,1.125,1.4267857142857143,1.0,0.6428571428571429,0.9464285714285714,0.8655109405517578,
results/experiments_results_random/n20/random_n20_p07.json,random_n20_p07.json,results/experiments_results_random/n20,random,16,20,0.7,0.15,,,57,82.4,51.0,51.0,498,39,49,31,64,76.9,50.0,50.0,50.0,50.0,92,false,300,35,47,1.1176470588235294,1.615686274509804,1.0,0.7647058823529411,0.9607843137254902,1.28,1.538,1.0,0.7,0.94,0.9240841865539551,
results/experiments_results_random/n20/random_n20_p07.json,random_n20_p07.json,results/experiments_results_random/n20,random,17,20,0.7,0.15,,,60,75.9,45.0,45.0,452,41,45,26,63,74.4,44.0,44.0,44.0,44.0,47,true,303,34,43,1.3333333333333333,1.6866666666666668,1.0,0.9111111111111111,1.0,1.4318181818181819,1.6909090909090911,1.0,0.7727272727272727,0.9772727272727273,0.7404990196228027,
results/experiments_results_random/n20/random_n20_p07.json,random_n20_p07.json,results/experiments_results_random/n20,random,18,20,0.7,0.15,,,67,73.9,52.0,52.0,489,36,50,34,64,72.6,51.0,51.0,51.0,51.0,77,true,280,32,45,1.2884615384615385,1.4211538461538462,1.0,0.6923076923076923,0.9615384615384616,1.2549019607843137,1.4235294117647057,1.0,0.6274509803921569,0.8823529411764706,0.7437760829925537,
results/experiments_results_random/n20/random_n20_p07.json,random_n20_p07.json,results/experiments_results_random/n20,random,19,20,0.7,0.15,,,45,61.6,44.0,44.0,445,36,44,35,62,70.3,42.0,42.0,42.0,42.0,70,true,265,32,40,1.0227272727272727,1.4000000000000001,1.0,0.8181818181818182,1.0,1.4761904761904763,1.6738095238095236,1.0,0.7619047619047619,0.9523809523809523,0.6444380283355713,
results/experiments_results_random/n20/random_n20_p07.json,random_n20_p07.json,results/experiments_results_random/n20,random,20,20,0.7,0.15,,,64,76.9,49.0,49.0,489,43,49,28,65,71.3,49.0,49.0,49.0,49.0,56,true,313,37,46,1.3061224489795917,1.569387755102041,1.0,0.8775510204081632,1.0,1.3265306122448979,1.4551020408163264,1.0,0.7551020408163265,0.9387755102040817,0.6438579559326172,
results/experiments_results_random/n20/random_n20_p07.json,random_n20_p07.json,results/experiments_results_random/n20,random,21,20,0.7,0.15,,,79,86.9,56.0,56.0,523,44,56,30,72,75.8,53.0,53.0,52.00000000000001,52.0,77,false,308,36,46,1.4107142857142858,1.5517857142857143,1.0,0.7857142857142857,1.0,1.3584905660377358,1.430188679245283,0.9811320754716981,0.6792452830188679,0.8679245283018868,1.029336929321289,
results/experiments_results_random/n20/random_n20_p07.json,random_n20_p07.json,results/experiments_results_random/n20,random,22,20,0.7,0.15,,,75,79.7,54.0,54.0,512,45,53,31,72,76.6,51.0,51.0,51.0,51.0,81,true,303,35,46,1.3888888888888888,1.475925925925926,1.0,0.8333333333333334,0.9814814814814815,1.411764705882353,1.5019607843137255,1.0,0.6862745098039216,0.9019607843137255,0.5925798416137695,
results/experiments_results_random/n20/random_n20_p07.json,random_n20_p07.json,results/experiments_results_random/n20,random,23,20,0.7,0.15,,,75,85.8,58.0,58.0,512,43,54,29,64,72.6,47.0,47.0,47.0,47.0,70,true,313,36,44,1.293103448275862,1.4793103448275862,1.0,0.7413793103448276,0.9310344827586207,1.3617021276595744,1.5446808510638297,1.0,0.7659574468085106,0.9361702127659575,0.6450717449188232,
results/experiments_results_random/n20/random_n20_p07.json,random_n20_p07.json,results/experiments_results_random/n20,random,24,20,0.7,0.15,,,62,76.2,53.0,53.0,488,41,53,25,68,70.8,52.0,52.0,51.5,51.5,53,false,320,40,47,1.169811320754717,1.437735849056604,1.0,0.7735849056603774,1.0,1.3076923076923077,1.3615384615384616,0.9903846153846154,0.7692307692307693,0.9038461538461539,0.5966589450836182,
results/experiments_results_random/n20/random_n20_p07.json,random_n20_p07.json,results/experiments_results_random/n20,random,25,20,0.7,0.15,,,61,84.3,48.0,48.0,502,43,48,33,66,74.2,48.0,48.0,48.0,48.0,103,true,288,35,44,1.2708333333333333,1.7562499999999999,1.0,0.8958333333333334,1.0,1.375,1.5458333333333334,1.0,0.7291666666666666,0.9166666666666666,0.45391011238098145,
results/experiments_results_random/n20/random_n20_p07.json,random_n20_p07.json,results/experiments_results_random/n20,random,26,20,0.7,0.15,,,71,81.8,60.0,60.0,525,45,58,18,76,79.5,58.0,58.0,56.0,56.0,31,true,395,43,53,1.1833333333333333,1.3633333333333333,1.0,0.75,0.9666666666666667,1.3103448275862069,1.3706896551724137,0.9655172413793104,0.7413793103448276,0.9137931034482759,1.0585181713104248,
results/experiments_results_random/n20/random_n20_p07.json,random_n20_p07.json,results/experiments_results_random/n20,random,27,20,0.7,0.15,,,70,79.0,62.0,62.0,517,44,56,29,62,74.4,54.0,54.0,49.0,49.0,54,true,306,35,46,1.1290322580645162,1.2741935483870968,1.0,0.7096774193548387,0.9032258064516129,1.1481481481481481,1.377777777777778,0.9074074074074074,0.6481481481481481,0.8518518518518519,1.274031162261963,
results/experiments_results_random/n20/random_n20_p07.json,random_n20_p07.json,results/experiments_results_random/n20,random,28,20,0.7,0.15,,,78,84.5,68.0,57.5,502,45,55,28,60,67.6,52.0,52.0,43.5,43.5,52,false,282,34,41,1.1470588235294117,1.2426470588235294,0.8455882352941176,0.6617647058823529,0.8088235294117647,1.1538461538461537,1.2999999999999998,0.8365384615384616,0.6538461538461539,0.7884615384615384,3.3798139095306396,
results/experiments_results_random/n20/random_n20_p07.json,random_n20_p07.json,results/experiments_results_random/n20,random,29,20,0.7,0.15,,,62,74.8,51.0,51.0,489,39,50,24,61,72.7,49.0,49.0,49.0,49.0,67,true,327,35,48,1.2156862745098038,1.4666666666666666,1.0,0.7647058823529411,0.9803921568627451,1.2448979591836735,1.4836734693877551,1.0,0.7142857142857143,0.9795918367346939,0.449847936630249,
results/experiments_results_random/n20/random_n20_p07.json,random_n20_p07.json,results/experiments_results_random/n20,random,30,20,0.7,0.15,,,64,74.9,51.0,51.0,482,41,50,23,61,72.1,50.0,50.0,50.0,50.0,40,true,341,36,48,1.2549019607843137,1.4686274509803923,1.0,0.803921568627451,0.9803921568627451,1.22,1.442,1.0,0.72,0.96,0.49399399757385254,
results/experiments_results_random/n20/random_n20_p07.json,random_n20_p07.json,results/experiments_results_random/n20,random,31,20,0.7,0.15,,,68,79.1,54.0,54.0,484,46,52,30,62,69.2,46.0,46.0,46.0,46.0,48,true,295,38,44,1.2592592592592593,1.4648148148148148,1.0,0.8518518518518519,0.9629629629629629,1.3478260869565217,1.5043478260869565,1.0,0.8260869565217391,0.9565217391304348,0.5396959781646729,
results/experiments_results_random/n20/random_n20_p07.json,random_n20_p07.json,results/experiments_results_random/n20,random,32,20,0.7,0.15,,,69,78.5,54.0,54.0,518,38,54,34,62,68.7,52.0,52.0,51.0,51.0,86,false,283,34,47,1.2777777777777777,1.4537037037037037,1.0,0.7037037037037037,1.0,1.1923076923076923,1.3211538461538461,0.9807692307692307,0.6538461538461539,0.9038461538461539,0.7807841300964355,
results/experiments_results_random/n20/random_n20_p07.json,random_n20_p07.json,results/experiments_results_random/n20,random,33,20,0.7,0.15,,,72,77.4,55.0,55.0,512,45,54,25,67,75.3,55.0,55.0,55.0,55.0,57,true,349,37,49,1.309090909090909,1.4072727272727275,1.0,0.8181818181818182,0.9818181818181818,1.2181818181818183,1.3690909090909091,1.0,0.6727272727272727,0.8909090909090909,0.6972548961639404,
results/experiments_results_random/n20/random_n20_p07.json,random_n20_p07.json,results/experiments_results_random/n20,random,34,20,0.7,0.15,,,70,81.9,51.0,51.0,499,41,49,23,67,78.1,48.0,48.0,48.0,48.0,56,true,342,37,46,1.3725490196078431,1.6058823529411765,1.0,0.803921568627451,0.9607843137254902,1.3958333333333333,1.6270833333333332,1.0,0.7708333333333334,0.9583333333333334,0.5030019283294678,
results/experiments_results_random/n20/random_n20_p07.json,random_n20_p07.json,results/experiments_results_random/n20,random,35,20,0.7,0.15,,,65,81.9,51.0,51.0,494,45,51,30,63,72.4,47.0,47.0,47.0,47.0,85,true,292,35,45,1.2745098039215685,1.6058823529411765,1.0,0.8823529411764706,1.0,1.3404255319148937,1.5404255319148938,1.0,0.7446808510638298,0.9574468085106383,0.5592560768127441,
results/experiments_results_random/n20/random_n20_p07.json,random_n20_p07.json,results/experiments_results_random/n20,random,36,20,0.7,0.15,,,57,78.6,47.0,47.0,444,41,46,24,58,70.9,41.0,41.0,41.0,41.0,54,true,298,34,39,1.2127659574468086,1.6723404255319148,1.0,0.8723404255319149,0.9787234042553191,1.4146341463414633,1.729268292682927,1.0,0.8292682926829268,0.9512195121951219,0.514970064163208,
results/experiments_results_random/n20/random_n20_p07.json,random_n20_p07.json,results/experiments_results_random/n20,random,37,20,0.7,0.15,,,71,85.0,54.0,54.0,528,45,53,33,64,71.8,49.0,49.0,49.0,49.0,90,true,291,35,43,1.3148148148148149,1.5740740740740742,1.0,0.8333333333333334,0.9814814814814815,1.3061224489795917,1.4653061224489796,1.0,0.7142857142857143,0.8775510204081632,0.450103759765625,
results/experiments_results_random/n20/random_n20_p07.json,random_n20_p07.json,results/experiments_results_random/n20,random,38,20,0.7,0.15,,,75,77.7,53.0,53.0,505,45,53,35,61,71.8,49.0,49.0,49.0,49.0,90,true,279,36,46,1.4150943396226414,1.4660377358490566,1.0,0.8490566037735849,1.0,1.2448979591836735,1.4653061224489796,1.0,0.7346938775510204,0.9387755102040817,0.46329712867736816,
results/experiments_results_random/n20/random_n20_p07.json,random_n20_p07.json,results/experiments_results_random/n20,random,39,20,0.7,0.15,,,62,75.5,49.0,49.0,495,39,49,33,61,71.7,47.0,47.0,47.0,47.0,56,true,289,34,42,1.2653061224489797,1.5408163265306123,1.0,0.7959183673469388,1.0,1.297872340425532,1.525531914893617,1.0,0.723404255319149,0.8936170212765957,0.47435784339904785,
results/experiments_results_random/n20/random_n20_p07.json,random_n20_p07.json,results/experiments_results_random/n20,random,40,20,0.7,0.15,,,57,68.0,47.0,47.0,464,41,46,28,57,63.9,43.0,43.0,42.5,42.5,42,true,286,34,40,1.2127659574468086,1.446808510638298,1.0,0.8723404255319149,0.9787234042553191,1.3255813953488371,1.486046511627907,0.9883720930232558,0.7906976744186046,0.9302325581395349,0.46442508697509766,
results/experiments_results_random/n20/random_n20_p07.json,random_n20_p07.json,results/experiments_results_random/n20,random,41,20,0.7,0.15,,,72,83.3,60.0,59.5,491,45,54,21,67,74.2,55.0,55.0,49.0,49.0,25,true,344,38,45,1.2,1.3883333333333332,0.9916666666666667,0.75,0.9,1.2181818181818183,1.3490909090909091,0.8909090909090909,0.6909090909090909,0.8181818181818182,1.6525931358337402,
results/experiments_results_random/n20/random_n20_p07.json,random_n20_p07.json,results/experiments_results_random/n20,random,42,20,0.7,0.15,,,62,77.5,53.0,53.0,490,40,51,29,68,74.6,50.0,50.0,50.0,50.0,73,false,313,39,46,1.169811320754717,1.4622641509433962,1.0,0.7547169811320755,0.9622641509433962,1.36,1.492,1.0,0.78,0.92,0.6848580837249756,
results/experiments_results_random/n20/random_n20_p07.json,random_n20_p07.json,results/experiments_results_random/n20,random,43,20,0.7,0.15,,,66,72.4,53.0,53.0,498,47,52,29,67,74.3,52.0,52.0,52.0,52.0,68,true,313,38,48,1.2452830188679245,1.3660377358490567,1.0,0.8867924528301887,0.9811320754716981,1.2884615384615385,1.4288461538461539,1.0,0.7307692307692307,0.9230769230769231,0.6826391220092773,
results/experiments_results_random/n20/random_n20_p07.json,random_n20_p07.json,results/experiments_results_random/n20,random,44,20,0.7,0.15,,,75,82.6,64.0,63.0,528,44,57,24,68,75.1,53.0,53.0,51.0,51.0,34,true,347,40,47,1.171875,1.290625,0.984375,0.6875,0.890625,1.2830188679245282,1.4169811320754715,0.9622641509433962,0.7547169811320755,0.8867924528301887,1.0667107105255127,
results/experiments_results_random/n20/random_n20_p07.json,random_n20_p07.json,results/experiments_results_random/n20,random,45,20,0.7,0.15,,,64,85.9,61.0,61.0,512,44,57,25,58,74.8,52.0,52.0,51.5,51.5,45,true,329,38,48,1.0491803278688525,1.4081967213114754,1.0,0.7213114754098361,0.9344262295081968,1.1153846153846154,1.4384615384615385,0.9903846153846154,0.7307692307692307,0.9230769230769231,0.8163027763366699,
results/experiments_results_random/n20/random_n20_p07.json,random_n20_p07.json,results/experiments_results_random/n20,random,46,20,0.7,0.15,,,64,75.6,42.0,42.0,469,36,42,29,61,71.4,40.0,40.0,40.0,40.0,101,true,289,33,40,1.5238095238095237,1.7999999999999998,1.0,0.8571428571428571,1.0,1.525,1.7850000000000001,1.0,0.825,1.0,0.37227606773376465,
results/experiments_results_random/n20/random_n20_p07.json,random_n20_p07.json,results/experiments_results_random/n20,random,47,20,0.7,0.15,,,76,84.0,58.0,58.0,513,40,54,30,64,75.5,53.0,53.0,49.49999999999999,49.5,33,true,313,37,42,1.3103448275862069,1.4482758620689655,1.0,0.6896551724137931,0.9310344827586207,1.2075471698113207,1.4245283018867925,0.9339622641509434,0.6981132075471698,0.7924528301886793,0.6117279529571533,
results/experiments_results_random/n20/random_n20_p07.json,random_n20_p07.json,results/experiments_results_random/n20,random,48,20,0.7,0.15,,,70,84.0,55.0,55.0,513,42,53,28,58,74.5,51.0,51.0,51.0,51.0,65,true,319,36,47,1.2727272727272727,1.5272727272727273,1.0,0.7636363636363637,0.9636363636363636,1.1372549019607843,1.4607843137254901,1.0,0.7058823529411765,0.9215686274509803,0.4458749294281006,
results/experiments_results_random/n20/random_n20_p07.json,random_n20_p07.json,results/experiments_results_random/n20,random,49,20,0.7,0.15,,,78,86.8,59.0,59.0,500,46,54,31,68,72.9,47.0,47.0,47.0,47.0,96,true,273,35,42,1.3220338983050848,1.471186440677966,1.0,0.7796610169491526,0.9152542372881356,1.446808510638298,1.5510638297872341,1.0,0.7446808510638298,0.8936170212765957,0.4551718235015869,
results/experiments_results_random/n20/random_n20_p07.json,random_n20_p07.json,results/experiments_results_random/n20,random,50,20,0.7,0.15,,,62,75.8,50.0,50.0,491,38,49,32,62,70.3,43.0,43.0,43.0,43.0,82,true,276,36,43,1.24,1.516,1.0,0.76,0.98,1.441860465116279,1.6348837209302325,1.0,0.8372093023255814,1.0,0.3671538829803467,
results/experiments_results_random/n20/random_n20_p06.json,random_n20_p06.json,results/experiments_results_random/n20,random,1,20,0.6,0.15,,,77,86.1,64.0,56.0,494,44,51,22,70,74.9,52.0,52.0,45.0,45.0,45,true,325,37,42,1.203125,1.3453125,0.875,0.6875,0.796875,1.3461538461538463,1.4403846153846156,0.8653846153846154,0.7115384615384616,0.8076923076923077,1.9535579681396484,
results/experiments_results_random/n20/random_n20_p06.json,random_n20_p06.json,results/experiments_results_random/n20,random,2,20,0.6,0.15,,,74,81.3,64.0,54.5,485,42,52,29,58,64.5,50.0,50.0,40.0,40.0,40,false,255,32,35,1.15625,1.2703125,0.8515625,0.65625,0.8125,1.16,1.29,0.8,0.64,0.7,2.5451841354370117,
results/experiments_results_random/n20/random_n20_p06.json,random_n20_p06.json,results/experiments_results_random/n20,random,3,20,0.6,0.15,,,74,86.7,67.0,58.5,512,44,55,24,65,72.8,56.0,56.0,46.50000000000001,46.5,36,true,321,37,45,1.1044776119402986,1.2940298507462686,0.8731343283582089,0.6567164179104478,0.8208955223880597,1.1607142857142858,1.3,0.8303571428571429,0.6607142857142857,0.8035714285714286,3.6116039752960205,
results/experiments_results_random/n20/random_n20_p06.json,random_n20_p06.json,results/experiments_results_random/n20,random,4,20,0.6,0.15,,,78,82.8,63.0,51.5,458,42,50,22,69,71.3,49.0,49.0,40.5,40.5,28,true,290,34,38,1.2380952380952381,1.3142857142857143,0.8174603174603174,0.6666666666666666,0.7936507936507936,1.4081632653061225,1.4551020408163264,0.826530612244898,0.6938775510204082,0.7755102040816326,2.035072088241577,
results/experiments_results_random/n20/random_n20_p06.json,random_n20_p06.json,results/experiments_results_random/n20,random,5,20,0.6,0.15,,,76,82.5,64.0,58.0,489,47,55,27,62,69.1,51.0,51.0,44.5,44.5,30,true,278,33,42,1.1875,1.2890625,0.90625,0.734375,0.859375,1.2156862745098038,1.3549019607843136,0.8725490196078431,0.6470588235294118,0.8235294117647058,1.9649553298950195,
results/experiments_results_random/n20/random_n20_p06.json,random_n20_p06.json,results/experiments_results_random/n20,random,6,20,0.6,0.15,,,81,83.4,63.0,53.5,483,42,50,24,67,72.8,50.0,50.0,41.5,41.5,44,false,290,34,40,1.2857142857142858,1.323809523809524,0.8492063492063492,0.6666666666666666,0.7936507936507936,1.34,1.456,0.83,0.68,0.8,2.143721103668213,
results/experiments_results_random/n20/random_n20_p06.json,random_n20_p06.json,results/experiments_results_random/n20,random,7,20,0.6,0.15,,,80,91.0,68.0,56.5,519,47,53,25,67,73.3,56.0,56.0,44.0,44.0,40,false,316,36,41,1.1764705882352942,1.338235294117647,0.8308823529411765,0.6911764705882353,0.7794117647058824,1.1964285714285714,1.3089285714285714,0.7857142857142857,0.6428571428571429,0.7321428571428571,5.764090061187744,
results/experiments_results_random/n20/random_n20_p06.json,random_n20_p06.json,results/experiments_results_random/n20,random,8,20,0.6,0.15,,,75,87.4,66.0,59.0,522,44,55,23,70,77.3,57.0,57.0,47.5,47.5,31,false,354,36,46,1.1363636363636365,1.3242424242424242,0.8939393939393939,0.6666666666666666,0.8333333333333334,1.2280701754385965,1.356140350877193,0.8333333333333334,0.631578947368421,0.8070175438596491,2.8717949390411377,
results/experiments_results_random/n20/random_n20_p06.json,random_n20_p06.json,results/experiments_results_random/n20,random,9,20,0.6,0.15,,,75,82.5,63.0,55.0,484,43,50,26,61,66.0,49.0,49.0,42.0,42.0,44,false,280,35,38,1.1904761904761905,1.3095238095238095,0.873015873015873,0.6825396825396826,0.7936507936507936,1.2448979591836735,1.346938775510204,0.8571428571428571,0.7142857142857143,0.7755102040816326,1.2654378414154053,
results/experiments_results_random/n20/random_n20_p06.json,random_n20_p06.json,results/experiments_results_random/n20,random,10,20,0.6,0.15,,,80,90.5,70.0,59.5,539,45,56,26,65,72.4,56.0,56.0,46.5,46.5,39,true,318,36,41,1.1428571428571428,1.292857142857143,0.85,0.6428571428571429,0.8,1.1607142857142858,1.292857142857143,0.8303571428571429,0.6428571428571429,0.7321428571428571,3.7372567653656006,
results/experiments_results_random/n20/random_n20_p06.json,random_n20_p06.json,results/experiments_results_random/n20,random,11,20,0.6,0.15,,,68,79.9,64.0,58.5,482,45,56,39,53,61.6,44.0,44.0,38.75,38.75,67,true,210,29,35,1.0625,1.2484375,0.9140625,0.703125,0.875,1.2045454545454546,1.4000000000000001,0.8806818181818182,0.6590909090909091,0.7954545454545454,1.3579130172729492,
results/experiments_results_random/n20/random_n20_p06.json,random_n20_p06.json,results/experiments_results_random/n20,random,12,20,0.6,0.15,,,80,83.9,63.0,57.0,501,46,52,35,61,65.4,48.0,48.0,39.5,39.5,75,true,242,31,35,1.2698412698412698,1.331746031746032,0.9047619047619048,0.7301587301587301,0.8253968253968254,1.2708333333333333,1.3625,0.8229166666666666,0.6458333333333334,0.7291666666666666,2.2574188709259033,
results/experiments_results_random/n20/random_n20_p06.json,random_n20_p06.json,results/experiments_results_random/n20,random,13,20,0.6,0.15,,,76,85.2,66.0,56.00000000000001,498,43,53,25,64,69.9,52.0,52.0,43.5,43.5,17,true,300,33,40,1.1515151515151516,1.290909090909091,0.8484848484848486,0.6515151515151515,0.803030303030303,1.2307692307692308,1.3442307692307693,0.8365384615384616,0.6346153846153846,0.7692307692307693,2.823415994644165,
results/experiments_results_random/n20/random_n20_p06.json,random_n20_p06.json,results/experiments_results_random/n20,random,14,20,0.6,0.15,,,75,84.2,65.0,56.0,482,42,53,30,59,69.8,50.0,50.0,41.0,41.0,33,false,263,34,39,1.1538461538461537,1.2953846153846154,0.8615384615384616,0.6461538461538462,0.8153846153846154,1.18,1.396,0.82,0.68,0.78,2.1535727977752686,
results/experiments_results_random/n20/random_n20_p06.json,random_n20_p06.json,results/experiments_results_random/n20,random,15,20,0.6,0.15,,,78,83.1,66.0,58.49999999999998,499,45,54,16,73,76.9,57.0,57.0,50.5,50.5,18,true,370,41,47,1.1818181818181819,1.259090909090909,0.886363636363636,0.6818181818181818,0.8181818181818182,1.280701754385965,1.349122807017544,0.8859649122807017,0.7192982456140351,0.8245614035087719,1.9490318298339844,
results/experiments_results_random/n20/random_n20_p06.json,random_n20_p06.json,results/experiments_results_random/n20,random,16,20,0.6,0.15,,,77,83.2,67.0,55.000000000000014,485,42,52,31,60,63.2,47.0,47.0,39.5,39.5,60,false,241,31,37,1.1492537313432836,1.2417910447761193,0.82089552238806,0.6268656716417911,0.7761194029850746,1.2765957446808511,1.34468085106383,0.8404255319148937,0.6595744680851063,0.7872340425531915,2.5183281898498535,
results/experiments_results_random/n20/random_n20_p06.json,random_n20_p06.json,results/experiments_results_random/n20,random,17,20,0.6,0.15,,,74,85.5,61.0,60.5,503,39,56,26,63,69.5,53.0,53.0,47.5,47.5,32,false,302,35,42,1.2131147540983607,1.401639344262295,0.9918032786885246,0.639344262295082,0.9180327868852459,1.1886792452830188,1.3113207547169812,0.8962264150943396,0.660377358490566,0.7924528301886793,1.4431242942810059,
results/experiments_results_random/n20/random_n20_p06.json,random_n20_p06.json,results/experiments_results_random/n20,random,18,20,0.6,0.15,,,72,82.4,66.0,57.0,499,44,54,34,62,64.6,47.0,47.0,40.0,40.0,60,false,243,30,37,1.0909090909090908,1.2484848484848485,0.8636363636363636,0.6666666666666666,0.8181818181818182,1.3191489361702127,1.3744680851063829,0.851063829787234,0.6382978723404256,0.7872340425531915,1.6601309776306152,
results/experiments_results_random/n20/random_n20_p06.json,random_n20_p06.json,results/experiments_results_random/n20,random,19,20,0.6,0.15,,,68,77.4,64.0,57.5,480,43,53,35,60,64.1,46.0,46.0,40.0,40.0,57,true,249,32,36,1.0625,1.209375,0.8984375,0.671875,0.828125,1.3043478260869565,1.393478260869565,0.8695652173913043,0.6956521739130435,0.782608695652174,1.7173349857330322,
results/experiments_results_random/n20/random_n20_p06.json,random_n20_p06.json,results/experiments_results_random/n20,random,20,20,0.6,0.15,,,70,79.3,63.0,60.5,510,43,57,28,59,67.6,53.0,53.0,46.5,46.5,48,false,304,34,41,1.1111111111111112,1.2587301587301587,0.9603174603174603,0.6825396825396826,0.9047619047619048,1.1132075471698113,1.2754716981132075,0.8773584905660378,0.6415094339622641,0.7735849056603774,1.5543959140777588,
results/experiments_results_random/n20/random_n20_p06.json,random_n20_p06.json,results/experiments_results_random/n20,random,21,20,0.6,0.15,,,72,81.1,64.0,54.5,471,44,52,30,57,61.5,46.0,46.0,39.5,39.5,47,true,247,31,36,1.125,1.2671875,0.8515625,0.6875,0.8125,1.2391304347826086,1.3369565217391304,0.8586956521739131,0.6739130434782609,0.782608695652174,1.6919128894805908,
results/experiments_results_random/n20/random_n20_p06.json,random_n20_p06.json,results/experiments_results_random/n20,random,22,20,0.6,0.15,,,71,82.5,59.0,58.000000000000014,488,43,54,31,60,66.2,48.0,48.0,42.5,42.5,59,false,262,33,38,1.2033898305084745,1.3983050847457628,0.9830508474576274,0.7288135593220338,0.9152542372881356,1.25,1.3791666666666667,0.8854166666666666,0.6875,0.7916666666666666,1.1497008800506592,
results/experiments_results_random/n20/random_n20_p06.json,random_n20_p06.json,results/experiments_results_random/n20,random,23,20,0.6,0.15,,,81,86.4,62.0,53.5,478,40,51,29,63,66.3,49.0,49.0,39.0,39.0,43,false,260,32,37,1.3064516129032258,1.3935483870967742,0.8629032258064516,0.6451612903225806,0.8225806451612904,1.2857142857142858,1.353061224489796,0.7959183673469388,0.6530612244897959,0.7551020408163265,2.054157257080078,
results/experiments_results_random/n20/random_n20_p06.json,random_n20_p06.json,results/experiments_results_random/n20,random,24,20,0.6,0.15,,,76,82.1,63.0,58.0,488,41,56,25,63,68.4,53.0,53.0,45.5,45.5,49,true,294,37,43,1.2063492063492063,1.303174603174603,0.9206349206349206,0.6507936507936508,0.8888888888888888,1.1886792452830188,1.2905660377358492,0.8584905660377359,0.6981132075471698,0.8113207547169812,2.315200090408325,
results/experiments_results_random/n20/random_n20_p06.json,random_n20_p06.json,results/experiments_results_random/n20,random,25,20,0.6,0.15,,,80,92.3,62.0,60.5,531,44,56,33,67,69.6,51.0,51.0,44.0,44.0,87,false,274,33,41,1.2903225806451613,1.488709677419355,0.9758064516129032,0.7096774193548387,0.9032258064516129,1.3137254901960784,1.364705882352941,0.8627450980392157,0.6470588235294118,0.803921568627451,1.8182878494262695,
results/experiments_results_random/n20/random_n20_p06.json,random_n20_p06.json,results/experiments_results_random/n20,random,26,20,0.6,0.15,,,75,83.1,65.0,54.99999999999999,489,44,51,18,68,75.7,56.0,56.0,46.0,46.0,29,true,343,36,43,1.1538461538461537,1.2784615384615383,0.846153846153846,0.676923076923077,0.7846153846153846,1.2142857142857142,1.3517857142857144,0.8214285714285714,0.6428571428571429,0.7678571428571429,3.454158067703247,
results/experiments_results_random/n20/random_n20_p06.json,random_n20_p06.json,results/experiments_results_random/n20,random,27,20,0.6,0.15,,,70,86.6,66.0,53.0,512,44,50,29,58,66.7,48.0,48.0,38.5,38.5,35,false,267,32,35,1.0606060606060606,1.312121212121212,0.803030303030303,0.6666666666666666,0.7575757575757576,1.2083333333333333,1.3895833333333334,0.8020833333333334,0.6666666666666666,0.7291666666666666,3.804692029953003,
results/experiments_results_random/n20/random_n20_p06.json,random_n20_p06.json,results/experiments_results_random/n20,random,28,20,0.6,0.15,,,73,82.7,62.0,49.5,446,38,47,28,55,61.8,46.0,46.0,35.5,35.5,32,false,231,31,34,1.1774193548387097,1.3338709677419356,0.7983870967741935,0.6129032258064516,0.7580645161290323,1.1956521739130435,1.3434782608695652,0.7717391304347826,0.6739130434782609,0.7391304347826086,3.4681448936462402,
results/experiments_results_random/n20/random_n20_p06.json,random_n20_p06.json,results/experiments_results_random/n20,random,29,20,0.6,0.15,,,85,91.0,68.0,59.0,537,48,56,24,72,75.9,54.0,54.0,47.0,47.0,63,true,328,37,44,1.25,1.338235294117647,0.8676470588235294,0.7058823529411765,0.8235294117647058,1.3333333333333333,1.4055555555555557,0.8703703703703703,0.6851851851851852,0.8148148148148148,2.4189236164093018,
results/experiments_results_random/n20/random_n20_p06.json,random_n20_p06.json,results/experiments_results_random/n20,random,30,20,0.6,0.15,,,76,81.2,62.0,61.5,508,43,55,23,70,73.0,57.0,57.0,50.0,50.00000000000001,31,false,344,39,46,1.2258064516129032,1.3096774193548388,0.9919354838709677,0.6935483870967742,0.8870967741935484,1.2280701754385965,1.280701754385965,0.8771929824561405,0.6842105263157895,0.8070175438596491,2.008331060409546,
results/experiments_results_random/n20/random_n20_p06.json,random_n20_p06.json,results/experiments_results_random/n20,random,31,20,0.6,0.15,,,70,80.7,56.0,51.0,426,41,47,30,49,58.8,40.0,40.0,35.5,35.5,35,true,198,28,30,1.25,1.4410714285714286,0.9107142857142857,0.7321428571428571,0.8392857142857143,1.225,1.47,0.8875,0.7,0.75,0.9848268032073975,
results/experiments_results_random/n20/random_n20_p06.json,random_n20_p06.json,results/experiments_results_random/n20,random,32,20,0.6,0.15,,,75,85.1,66.0,61.50000000000001,531,45,55,34,63,66.4,53.0,53.0,44.5,44.5,66,true,272,33,41,1.1363636363636365,1.2893939393939393,0.9318181818181819,0.6818181818181818,0.8333333333333334,1.1886792452830188,1.2528301886792454,0.839622641509434,0.6226415094339622,0.7735849056603774,2.742267370223999,
results/experiments_results_random/n20/random_n20_p06.json,random_n20_p06.json,results/experiments_results_random/n20,random,33,20,0.6,0.15,,,71,78.1,63.0,57.0,476,44,54,25,63,68.0,52.0,52.0,44.5,44.5,39,true,292,33,43,1.126984126984127,1.2396825396825395,0.9047619047619048,0.6984126984126984,0.8571428571428571,1.2115384615384615,1.3076923076923077,0.8557692307692307,0.6346153846153846,0.8269230769230769,2.0009758472442627,
results/experiments_results_random/n20/random_n20_p06.json,random_n20_p06.json,results/experiments_results_random/n20,random,34,20,0.6,0.15,,,74,81.3,59.0,57.0,479,39,51,23,64,71.1,50.0,50.0,45.5,45.5,36,true,305,34,41,1.2542372881355932,1.3779661016949152,0.9661016949152542,0.6610169491525424,0.864406779661017,1.28,1.422,0.91,0.68,0.82,1.1789090633392334,
results/experiments_results_random/n20/random_n20_p06.json,random_n20_p06.json,results/experiments_results_random/n20,random,35,20,0.6,0.15,,,78,89.1,63.0,60.0,509,44,55,30,63,70.5,51.0,51.0,45.0,45.0,66,false,286,36,43,1.2380952380952381,1.4142857142857141,0.9523809523809523,0.6984126984126984,0.873015873015873,1.2352941176470589,1.3823529411764706,0.8823529411764706,0.7058823529411765,0.8431372549019608,1.3426568508148193,
results/experiments_results_random/n20/random_n20_p06.json,random_n20_p06.json,results/experiments_results_random/n20,random,36,20,0.6,0.15,,,63,80.2,53.0,53.0,463,43,51,24,58,72.1,46.0,46.0,46.0,46.0,45,true,308,34,43,1.1886792452830188,1.5132075471698114,1.0,0.8113207547169812,0.9622641509433962,1.2608695652173914,1.567391304347826,1.0,0.7391304347826086,0.9347826086956522,0.7006900310516357,
results/experiments_results_random/n20/random_n20_p06.json,random_n20_p06.json,results/experiments_results_random/n20,random,37,20,0.6,0.15,,,79,88.5,67.0,57.0,522,44,55,33,64,68.4,49.0,49.0,40.5,40.5,63,true,268,34,38,1.1791044776119404,1.3208955223880596,0.8507462686567164,0.6567164179104478,0.8208955223880597,1.3061224489795917,1.3959183673469389,0.826530612244898,0.6938775510204082,0.7755102040816326,1.7682092189788818,
results/experiments_results_random/n20/random_n20_p06.json,random_n20_p06.json,results/experiments_results_random/n20,random,38,20,0.6,0.15,,,80,83.0,66.0,59.0,501,47,55,35,58,65.1,49.0,49.0,41.5,41.5,71,false,252,33,39,1.2121212121212122,1.2575757575757576,0.8939393939393939,0.7121212121212122,0.8333333333333334,1.183673469387755,1.3285714285714285,0.8469387755102041,0.673469387755102,0.7959183673469388,1.4649717807769775,
results/experiments_results_random/n20/random_n20_p06.json,random_n20_p06.json,results/experiments_results_random/n20,random,39,20,0.6,0.15,,,79,83.8,67.0,61.0,525,46,57,33,60,65.9,51.0,51.0,44.5,44.5,51,false,270,31,39,1.1791044776119404,1.2507462686567163,0.9104477611940298,0.6865671641791045,0.8507462686567164,1.1764705882352942,1.2921568627450981,0.8725490196078431,0.6078431372549019,0.7647058823529411,1.5258100032806396,
results/experiments_results_random/n20/random_n20_p06.json,random_n20_p06.json,results/experiments_results_random/n20,random,40,20,0.6,0.15,,,78,84.7,64.0,56.0,500,44,52,28,63,65.9,50.0,50.0,42.0,42.0,31,true,275,35,39,1.21875,1.3234375,0.875,0.6875,0.8125,1.26,1.318,0.84,0.7,0.78,1.505436897277832,
results/experiments_results_random/n20/random_n20_p06.json,random_n20_p06.json,results/experiments_results_random/n20,random,41,20,0.6,0.15,,,66,77.6,52.0,50.5,425,39,46,21,60,67.9,46.0,46.0,40.0,40.0,12,true,284,32,37,1.2692307692307692,1.4923076923076921,0.9711538461538461,0.75,0.8846153846153846,1.3043478260869565,1.4760869565217392,0.8695652173913043,0.6956521739130435,0.8043478260869565,0.8630790710449219,
results/experiments_results_random/n20/random_n20_p06.json,random_n20_p06.json,results/experiments_results_random/n20,random,42,20,0.6,0.15,,,72,83.4,64.0,58.00000000000001,501,44,53,29,61,69.9,51.0,51.0,43.5,43.5,65,false,287,34,40,1.125,1.303125,0.9062500000000001,0.6875,0.828125,1.196078431372549,1.3705882352941177,0.8529411764705882,0.6666666666666666,0.7843137254901961,1.3416929244995117,
results/experiments_results_random/n20/random_n20_p06.json,random_n20_p06.json,results/experiments_results_random/n20,random,43,20,0.6,0.15,,,79,82.3,63.0,56.5,485,44,52,29,67,71.0,49.0,49.0,42.0,42.0,49,false,271,34,39,1.253968253968254,1.3063492063492064,0.8968253968253969,0.6984126984126984,0.8253968253968254,1.3673469387755102,1.4489795918367347,0.8571428571428571,0.6938775510204082,0.7959183673469388,1.0996150970458984,
results/experiments_results_random/n20/random_n20_p06.json,random_n20_p06.json,results/experiments_results_random/n20,random,44,20,0.6,0.15,,,67,79.3,59.0,52.0,462,40,49,24,55,64.0,48.0,48.0,40.0,40.0,24,false,266,30,37,1.1355932203389831,1.3440677966101695,0.8813559322033898,0.6779661016949152,0.8305084745762712,1.1458333333333333,1.3333333333333333,0.8333333333333334,0.625,0.7708333333333334,1.2506499290466309,
results/experiments_results_random/n20/random_n20_p06.json,random_n20_p06.json,results/experiments_results_random/n20,random,45,20,0.6,0.15,,,76,85.4,63.0,54.0,483,45,51,25,58,69.1,50.0,50.0,41.5,41.5,31,true,288,35,39,1.2063492063492063,1.3555555555555556,0.8571428571428571,0.7142857142857143,0.8095238095238095,1.16,1.382,0.83,0.7,0.78,1.4933931827545166,
results/experiments_results_random/n20/random_n20_p06.json,random_n20_p06.json,results/experiments_results_random/n20,random,46,20,0.6,0.15,,,66,80.4,60.0,60.0,509,45,56,29,54,67.3,50.0,50.0,47.0,47.0,66,true,283,32,41,1.1,1.34,1.0,0.75,0.9333333333333333,1.08,1.3459999999999999,0.94,0.64,0.82,0.6471900939941406,
results/experiments_results_random/n20/random_n20_p06.json,random_n20_p06.json,results/experiments_results_random/n20,random,47,20,0.6,0.15,,,79,86.0,64.0,54.0,490,45,50,30,59,66.8,48.0,48.0,39.0,39.0,21,false,265,31,36,1.234375,1.34375,0.84375,0.703125,0.78125,1.2291666666666667,1.3916666666666666,0.8125,0.6458333333333334,0.75,1.2165899276733398,
results/experiments_results_random/n20/random_n20_p06.json,random_n20_p06.json,results/experiments_results_random/n20,random,48,20,0.6,0.15,,,77,85.2,65.0,56.0,484,39,53,28,57,64.6,47.0,47.0,42.0,42.0,52,true,257,32,38,1.1846153846153846,1.310769230769231,0.8615384615384616,0.6,0.8153846153846154,1.2127659574468086,1.3744680851063829,0.8936170212765957,0.6808510638297872,0.8085106382978723,1.691175937652588,
results/experiments_results_random/n20/random_n20_p06.json,random_n20_p06.json,results/experiments_results_random/n20,random,49,20,0.6,0.15,,,81,86.1,64.0,56.0,503,42,52,31,59,65.8,47.0,47.0,40.5,40.5,54,true,249,32,37,1.265625,1.3453125,0.875,0.65625,0.8125,1.2553191489361701,1.4,0.8617021276595744,0.6808510638297872,0.7872340425531915,1.610443115234375,
results/experiments_results_random/n20/random_n20_p06.json,random_n20_p06.json,results/experiments_results_random/n20,random,50,20,0.6,0.15,,,69,78.2,62.0,62.0,496,48,58,32,57,64.7,49.0,49.0,46.5,46.5,66,false,267,35,41,1.1129032258064515,1.261290322580645,1.0,0.7741935483870968,0.9354838709677419,1.163265306122449,1.3204081632653062,0.9489795918367347,0.7142857142857143,0.8367346938775511,0.995913028717041,
results/experiments_results_random/n20/random_n20_p05.json,random_n20_p05.json,results/experiments_results_random/n20,random,1,20,0.5,0.15,,,76,81.7,56.0,46.5,421,39,42,22,58,66.9,45.0,45.0,35.5,35.5,25,true,254,29,33,1.3571428571428572,1.4589285714285716,0.8303571428571429,0.6964285714285714,0.75,1.288888888888889,1.4866666666666668,0.7888888888888889,0.6444444444444445,0.7333333333333333,1.5774080753326416,
results/experiments_results_random/n20/random_n20_p05.json,random_n20_p05.json,results/experiments_results_random/n20,random,2,20,0.5,0.15,,,73,78.1,60.0,45.5,418,38,44,29,49,54.1,39.0,39.0,31.0,31.0,17,false,194,26,29,1.2166666666666666,1.3016666666666665,0.7583333333333333,0.6333333333333333,0.7333333333333333,1.2564102564102564,1.3871794871794871,0.7948717948717948,0.6666666666666666,0.7435897435897436,2.3893978595733643,
results/experiments_results_random/n20/random_n20_p05.json,random_n20_p05.json,results/experiments_results_random/n20,random,3,20,0.5,0.15,,,65,76.6,55.0,47.0,419,34,43,24,50,57.5,40.0,40.0,35.0,35.0,23,true,225,27,29,1.1818181818181819,1.3927272727272726,0.8545454545454545,0.6181818181818182,0.7818181818181819,1.25,1.4375,0.875,0.675,0.725,0.8631711006164551,
results/experiments_results_random/n20/random_n20_p05.json,random_n20_p05.json,results/experiments_results_random/n20,random,4,20,0.5,0.15,,,64,73.5,55.0,42.5,383,36,41,22,50,57.3,40.0,40.0,31.5,31.5,18,false,219,25,28,1.1636363636363636,1.3363636363636364,0.7727272727272727,0.6545454545454545,0.7454545454545455,1.25,1.4324999999999999,0.7875,0.625,0.7,1.510227918624878,
results/experiments_results_random/n20/random_n20_p05.json,random_n20_p05.json,results/experiments_results_random/n20,random,5,20,0.5,0.15,,,73,80.3,61.0,48.0,432,39,44,27,51,57.5,40.0,40.0,34.5,34.5,11,true,215,28,32,1.1967213114754098,1.3163934426229509,0.7868852459016393,0.639344262295082,0.7213114754098361,1.275,1.4375,0.8625,0.7,0.8,1.4488320350646973,
results/experiments_results_random/n20/random_n20_p05.json,random_n20_p05.json,results/experiments_results_random/n20,random,6,20,0.5,0.15,,,67,75.2,56.0,44.0,396,38,41,24,49,58.8,39.0,39.0,32.0,32.0,22,true,207,26,30,1.1964285714285714,1.342857142857143,0.7857142857142857,0.6785714285714286,0.7321428571428571,1.2564102564102564,1.5076923076923077,0.8205128205128205,0.6666666666666666,0.7692307692307693,1.7058022022247314,
results/experiments_results_random/n20/random_n20_p05.json,random_n20_p05.json,results/experiments_results_random/n20,random,7,20,0.5,0.15,,,71,79.0,55.0,44.5,400,38,43,25,54,58.3,40.0,40.0,32.0,32.0,24,false,217,28,31,1.290909090909091,1.4363636363636363,0.8090909090909091,0.6909090909090909,0.7818181818181819,1.35,1.4575,0.8,0.7,0.775,1.3305511474609375,
results/experiments_results_random/n20/random_n20_p05.json,random_n20_p05.json,results/experiments_results_random/n20,random,8,20,0.5,0.15,,,70,84.2,61.0,51.49999999999999,469,43,49,23,63,68.7,50.0,50.0,40.0,40.0,28,true,294,33,39,1.1475409836065573,1.3803278688524592,0.8442622950819672,0.7049180327868853,0.8032786885245902,1.26,1.374,0.8,0.66,0.78,2.138137102127075,
results/experiments_results_random/n20/random_n20_p05.json,random_n20_p05.json,results/experiments_results_random/n20,random,9,20,0.5,0.15,,,66,73.6,54.0,43.0,373,36,40,26,43,49.4,35.0,35.0,30.0,30.0,16,true,170,23,27,1.2222222222222223,1.362962962962963,0.7962962962962963,0.6666666666666666,0.7407407407407407,1.2285714285714286,1.4114285714285715,0.8571428571428571,0.6571428571428571,0.7714285714285715,1.5135979652404785,
results/experiments_results_random/n20/random_n20_p05.json,random_n20_p05.json,results/experiments_results_random/n20,random,10,20,0.5,0.15,,,81,86.6,63.0,52.0,501,43,49,26,58,67.3,47.0,47.0,39.0,39.0,24,true,284,32,37,1.2857142857142858,1.3746031746031746,0.8253968253968254,0.6825396825396826,0.7777777777777778,1.2340425531914894,1.4319148936170212,0.8297872340425532,0.6808510638297872,0.7872340425531915,1.8067090511322021,
results/experiments_results_random/n20/random_n20_p05.json,random_n20_p05.json,results/experiments_results_random/n20,random,11,20,0.5,0.15,,,76,79.3,60.0,51.5,450,41,49,39,46,50.1,36.0,36.0,32.0,32.0,33,false,164,24,28,1.2666666666666666,1.3216666666666665,0.8583333333333333,0.6833333333333333,0.8166666666666667,1.2777777777777777,1.3916666666666666,0.8888888888888888,0.6666666666666666,0.7777777777777778,1.1505560874938965,
results/experiments_results_random/n20/random_n20_p05.json,random_n20_p05.json,results/experiments_results_random/n20,random,12,20,0.5,0.15,,,77,84.5,65.0,51.0,486,41,49,35,53,57.8,41.0,41.0,33.5,33.5,48,false,211,27,31,1.1846153846153846,1.3,0.7846153846153846,0.6307692307692307,0.7538461538461538,1.2926829268292683,1.4097560975609755,0.8170731707317073,0.6585365853658537,0.7560975609756098,3.0068578720092773,
results/experiments_results_random/n20/random_n20_p05.json,random_n20_p05.json,results/experiments_results_random/n20,random,13,20,0.5,0.15,,,71,80.4,59.0,45.0,418,38,42,25,51,55.0,41.0,41.0,32.0,32.0,11,false,213,27,30,1.2033898305084745,1.3627118644067797,0.7627118644067796,0.6440677966101694,0.711864406779661,1.2439024390243902,1.3414634146341464,0.7804878048780488,0.6585365853658537,0.7317073170731707,2.139874219894409,
results/experiments_results_random/n20/random_n20_p05.json,random_n20_p05.json,results/experiments_results_random/n20,random,14,20,0.5,0.15,,,75,81.4,59.0,48.0,427,41,46,30,46,57.1,41.0,41.0,33.0,33.0,18,false,207,26,30,1.271186440677966,1.3796610169491526,0.8135593220338984,0.6949152542372882,0.7796610169491526,1.1219512195121952,1.3926829268292684,0.8048780487804879,0.6341463414634146,0.7317073170731707,1.867236852645874,
results/experiments_results_random/n20/random_n20_p05.json,random_n20_p05.json,results/experiments_results_random/n20,random,15,20,0.5,0.15,,,72,77.1,59.0,47.5,407,39,43,16,57,63.5,48.0,48.0,39.5,39.5,12,false,267,33,36,1.2203389830508475,1.306779661016949,0.8050847457627118,0.6610169491525424,0.7288135593220338,1.1875,1.3229166666666667,0.8229166666666666,0.6875,0.75,2.717625141143799,
results/experiments_results_random/n20/random_n20_p05.json,random_n20_p05.json,results/experiments_results_random/n20,random,16,20,0.5,0.15,,,65,75.9,60.0,47.5,414,38,44,31,47,52.9,39.0,39.0,32.0,32.0,28,true,185,23,29,1.0833333333333333,1.2650000000000001,0.7916666666666666,0.6333333333333333,0.7333333333333333,1.205128205128205,1.3564102564102565,0.8205128205128205,0.5897435897435898,0.7435897435897436,1.7308752536773682,
results/experiments_results_random/n20/random_n20_p05.json,random_n20_p05.json,results/experiments_results_random/n20,random,17,20,0.5,0.15,,,73,80.6,60.0,48.0,433,37,45,26,54,57.6,43.0,43.0,35.0,35.0,18,true,231,26,32,1.2166666666666666,1.3433333333333333,0.8,0.6166666666666667,0.75,1.255813953488372,1.3395348837209302,0.813953488372093,0.6046511627906976,0.7441860465116279,1.9467401504516602,
results/experiments_results_random/n20/random_n20_p05.json,random_n20_p05.json,results/experiments_results_random/n20,random,18,20,0.5,0.15,,,67,76.1,53.0,45.5,403,33,40,34,42,48.0,31.0,31.0,28.5,28.5,26,false,150,19,25,1.2641509433962264,1.4358490566037734,0.8584905660377359,0.6226415094339622,0.7547169811320755,1.3548387096774193,1.5483870967741935,0.9193548387096774,0.6129032258064516,0.8064516129032258,1.2214620113372803,
results/experiments_results_random/n20/random_n20_p05.json,random_n20_p05.json,results/experiments_results_random/n20,random,19,20,0.5,0.15,,,68,75.7,58.0,46.0,413,40,44,35,43,49.5,34.0,34.0,28.5,28.5,27,false,165,22,26,1.1724137931034482,1.3051724137931036,0.7931034482758621,0.6896551724137931,0.7586206896551724,1.2647058823529411,1.4558823529411764,0.8382352941176471,0.6470588235294118,0.7647058823529411,2.1239380836486816,
results/experiments_results_random/n20/random_n20_p05.json,random_n20_p05.json,results/experiments_results_random/n20,random,20,20,0.5,0.15,,,72,82.0,64.0,52.5,478,41,48,28,53,63.9,46.0,46.0,38.5,38.5,37,true,261,29,37,1.125,1.28125,0.8203125,0.640625,0.75,1.1521739130434783,1.3891304347826086,0.8369565217391305,0.6304347826086957,0.8043478260869565,1.8518247604370117,
results/experiments_results_random/n20/random_n20_p05.json,random_n20_p05.json,results/experiments_results_random/n20,random,21,20,0.5,0.15,,,76,84.9,63.0,48.5,457,41,47,30,49,56.2,42.0,42.0,33.5,33.5,29,false,213,27,30,1.2063492063492063,1.3476190476190477,0.7698412698412699,0.6507936507936508,0.746031746031746,1.1666666666666667,1.3380952380952382,0.7976190476190477,0.6428571428571429,0.7142857142857143,2.4438469409942627,
results/experiments_results_random/n20/random_n20_p05.json,random_n20_p05.json,results/experiments_results_random/n20,random,22,20,0.5,0.15,,,76,80.7,62.0,48.5,448,40,46,31,46,55.9,40.0,40.0,33.0,33.0,36,true,213,26,29,1.2258064516129032,1.3016129032258066,0.782258064516129,0.6451612903225806,0.7419354838709677,1.15,1.3975,0.825,0.65,0.725,2.2853899002075195,
results/experiments_results_random/n20/random_n20_p05.json,random_n20_p05.json,results/experiments_results_random/n20,random,23,20,0.5,0.15,,,75,81.8,60.0,45.5,419,39,43,29,52,55.4,36.0,36.0,31.0,31.0,27,false,192,25,28,1.25,1.3633333333333333,0.7583333333333333,0.65,0.7166666666666667,1.4444444444444444,1.5388888888888888,0.8611111111111112,0.6944444444444444,0.7777777777777778,1.76027512550354,
results/experiments_results_random/n20/random_n20_p05.json,random_n20_p05.json,results/experiments_results_random/n20,random,24,20,0.5,0.15,,,69,75.3,60.0,49.5,434,40,45,25,52,57.7,45.0,45.0,37.0,37.0,32,false,241,29,31,1.15,1.255,0.825,0.6666666666666666,0.75,1.1555555555555554,1.2822222222222224,0.8222222222222222,0.6444444444444445,0.6888888888888889,1.631878137588501,
results/experiments_results_random/n20/random_n20_p05.json,random_n20_p05.json,results/experiments_results_random/n20,random,25,20,0.5,0.15,,,74,84.7,63.0,52.5,484,43,50,33,51,59.3,43.0,43.0,36.0,36.0,59,true,222,29,33,1.1746031746031746,1.3444444444444446,0.8333333333333334,0.6825396825396826,0.7936507936507936,1.186046511627907,1.3790697674418604,0.8372093023255814,0.6744186046511628,0.7674418604651163,1.9209809303283691,
results/experiments_results_random/n20/random_n20_p05.json,random_n20_p05.json,results/experiments_results_random/n20,random,26,20,0.5,0.15,,,73,78.9,59.0,48.0,425,39,45,18,58,67.9,49.0,49.0,39.0,39.0,22,false,282,34,36,1.2372881355932204,1.3372881355932205,0.8135593220338984,0.6610169491525424,0.7627118644067796,1.183673469387755,1.385714285714286,0.7959183673469388,0.6938775510204082,0.7346938775510204,2.786515951156616,
results/experiments_results_random/n20/random_n20_p05.json,random_n20_p05.json,results/experiments_results_random/n20,random,27,20,0.5,0.15,,,69,73.4,56.0,42.0,393,37,42,29,44,48.5,35.0,35.0,27.5,27.5,16,false,163,23,26,1.2321428571428572,1.3107142857142857,0.75,0.6607142857142857,0.75,1.2571428571428571,1.3857142857142857,0.7857142857142857,0.6571428571428571,0.7428571428571429,1.6450450420379639,
results/experiments_results_random/n20/random_n20_p05.json,random_n20_p05.json,results/experiments_results_random/n20,random,28,20,0.5,0.15,,,62,70.0,51.0,39.5,337,32,38,28,40,43.6,31.0,31.0,25.5,25.5,15,true,135,21,23,1.2156862745098038,1.3725490196078431,0.7745098039215687,0.6274509803921569,0.7450980392156863,1.2903225806451613,1.4064516129032258,0.8225806451612904,0.6774193548387096,0.7419354838709677,0.8355340957641602,
results/experiments_results_random/n20/random_n20_p05.json,random_n20_p05.json,results/experiments_results_random/n20,random,29,20,0.5,0.15,,,72,79.7,60.0,46.5,431,38,44,24,53,58.9,41.0,41.0,34.5,34.5,27,true,225,26,31,1.2,1.3283333333333334,0.775,0.6333333333333333,0.7333333333333333,1.2926829268292683,1.4365853658536585,0.8414634146341463,0.6341463414634146,0.7560975609756098,1.9550769329071045,
results/experiments_results_random/n20/random_n20_p05.json,random_n20_p05.json,results/experiments_results_random/n20,random,30,20,0.5,0.15,,,73,79.3,61.0,51.0,442,40,48,23,58,63.9,49.0,49.0,39.5,39.5,26,true,263,31,36,1.1967213114754098,1.3,0.8360655737704918,0.6557377049180327,0.7868852459016393,1.183673469387755,1.304081632653061,0.8061224489795918,0.6326530612244898,0.7346938775510204,1.9265658855438232,
results/experiments_results_random/n20/random_n20_p05.json,random_n20_p05.json,results/experiments_results_random/n20,random,31,20,0.5,0.15,,,62,74.5,54.0,44.0,379,38,40,30,40,50.3,33.0,33.0,29.0,29.0,23,false,152,22,25,1.1481481481481481,1.3796296296296295,0.8148148148148148,0.7037037037037037,0.7407407407407407,1.2121212121212122,1.5242424242424242,0.8787878787878788,0.6666666666666666,0.7575757575757576,0.9103739261627197,
results/experiments_results_random/n20/random_n20_p05.json,random_n20_p05.json,results/experiments_results_random/n20,random,32,20,0.5,0.15,,,77,83.9,66.0,51.5,488,43,49,34,57,61.5,44.0,44.0,34.5,34.5,38,false,228,28,33,1.1666666666666667,1.2712121212121212,0.7803030303030303,0.6515151515151515,0.7424242424242424,1.2954545454545454,1.3977272727272727,0.7840909090909091,0.6363636363636364,0.75,2.683145046234131,
results/experiments_results_random/n20/random_n20_p05.json,random_n20_p05.json,results/experiments_results_random/n20,random,33,20,0.5,0.15,,,68,76.0,58.0,46.5,414,37,44,25,47,55.0,41.0,41.0,34.0,34.0,23,true,217,27,32,1.1724137931034482,1.3103448275862069,0.8017241379310345,0.6379310344827587,0.7586206896551724,1.146341463414634,1.3414634146341464,0.8292682926829268,0.6585365853658537,0.7804878048780488,1.3239917755126953,
results/experiments_results_random/n20/random_n20_p05.json,random_n20_p05.json,results/experiments_results_random/n20,random,34,20,0.5,0.15,,,66,77.4,57.0,45.5,412,38,43,23,52,58.8,40.0,40.0,34.0,34.0,19,true,227,28,32,1.1578947368421053,1.3578947368421053,0.7982456140350878,0.6666666666666666,0.7543859649122807,1.3,1.47,0.85,0.7,0.8,1.2905480861663818,
results/experiments_results_random/n20/random_n20_p05.json,random_n20_p05.json,results/experiments_results_random/n20,random,35,20,0.5,0.15,,,77,86.2,61.0,53.0,462,45,50,30,59,65.0,45.0,45.0,38.0,38.0,51,false,235,30,35,1.2622950819672132,1.4131147540983606,0.8688524590163934,0.7377049180327869,0.819672131147541,1.3111111111111111,1.4444444444444444,0.8444444444444444,0.6666666666666666,0.7777777777777778,1.3241379261016846,
results/experiments_results_random/n20/random_n20_p05.json,random_n20_p05.json,results/experiments_results_random/n20,random,36,20,0.5,0.15,,,82,88.6,66.0,56.5,493,45,50,24,69,72.9,55.0,55.0,44.5,44.5,40,false,307,33,41,1.2424242424242424,1.3424242424242423,0.8560606060606061,0.6818181818181818,0.7575757575757576,1.2545454545454546,1.3254545454545457,0.8090909090909091,0.6,0.7454545454545455,3.3828818798065186,
results/experiments_results_random/n20/random_n20_p05.json,random_n20_p05.json,results/experiments_results_random/n20,random,37,20,0.5,0.15,,,76,84.8,63.0,50.0,469,41,47,33,53,58.6,43.0,43.0,33.5,33.5,39,true,212,28,31,1.2063492063492063,1.346031746031746,0.7936507936507936,0.6507936507936508,0.746031746031746,1.2325581395348837,1.3627906976744186,0.7790697674418605,0.6511627906976745,0.7209302325581395,2.615586042404175,
results/experiments_results_random/n20/random_n20_p05.json,random_n20_p05.json,results/experiments_results_random/n20,random,38,20,0.5,0.15,,,73,80.0,63.0,50.0,452,42,46,35,50,54.9,40.0,40.0,32.5,32.5,43,false,193,25,30,1.1587301587301588,1.2698412698412698,0.7936507936507936,0.6666666666666666,0.7301587301587301,1.25,1.3725,0.8125,0.625,0.75,2.1448147296905518,
results/experiments_results_random/n20/random_n20_p05.json,random_n20_p05.json,results/experiments_results_random/n20,random,39,20,0.5,0.15,,,73,82.8,63.0,50.0,451,42,48,33,50,55.9,41.0,41.0,33.5,33.5,23,false,199,26,30,1.1587301587301588,1.3142857142857143,0.7936507936507936,0.6666666666666666,0.7619047619047619,1.2195121951219512,1.3634146341463413,0.8170731707317073,0.6341463414634146,0.7317073170731707,3.6619458198547363,
results/experiments_results_random/n20/random_n20_p05.json,random_n20_p05.json,results/experiments_results_random/n20,random,40,20,0.5,0.15,,,72,83.1,61.0,49.0,453,39,47,28,53,63.8,43.0,43.0,35.0,35.0,8,true,249,27,33,1.180327868852459,1.362295081967213,0.8032786885245902,0.639344262295082,0.7704918032786885,1.2325581395348837,1.483720930232558,0.813953488372093,0.627906976744186,0.7674418604651163,1.6302168369293213,
results/experiments_results_random/n20/random_n20_p05.json,random_n20_p05.json,results/experiments_results_random/n20,random,41,20,0.5,0.15,,,65,69.2,52.0,41.0,345,37,39,21,49,54.7,39.0,39.0,30.5,30.5,7,false,201,26,28,1.25,1.330769230769231,0.7884615384615384,0.7115384615384616,0.75,1.2564102564102564,1.4025641025641027,0.782051282051282,0.6666666666666666,0.717948717948718,2.2891809940338135,
results/experiments_results_random/n20/random_n20_p05.json,random_n20_p05.json,results/experiments_results_random/n20,random,42,20,0.5,0.15,,,77,82.6,63.0,49.0,461,41,47,29,49,57.8,42.0,42.0,34.5,34.5,42,true,223,30,32,1.2222222222222223,1.3111111111111111,0.7777777777777778,0.6507936507936508,0.746031746031746,1.1666666666666667,1.3761904761904762,0.8214285714285714,0.7142857142857143,0.7619047619047619,2.4957098960876465,
results/experiments_results_random/n20/random_n20_p05.json,random_n20_p05.json,results/experiments_results_random/n20,random,43,20,0.5,0.15,,,71,75.8,59.0,47.0,411,40,45,29,46,57.6,39.0,39.0,32.5,32.5,26,false,191,27,31,1.2033898305084745,1.2847457627118644,0.7966101694915254,0.6779661016949152,0.7627118644067796,1.1794871794871795,1.476923076923077,0.8333333333333334,0.6923076923076923,0.7948717948717948,1.8139331340789795,
results/experiments_results_random/n20/random_n20_p05.json,random_n20_p05.json,results/experiments_results_random/n20,random,44,20,0.5,0.15,,,71,80.9,58.0,46.5,430,38,43,24,53,58.2,41.0,41.0,34.5,34.5,9,true,229,27,31,1.2241379310344827,1.3948275862068966,0.8017241379310345,0.6551724137931034,0.7413793103448276,1.2926829268292683,1.4195121951219514,0.8414634146341463,0.6585365853658537,0.7560975609756098,1.4589660167694092,
results/experiments_results_random/n20/random_n20_p05.json,random_n20_p05.json,results/experiments_results_random/n20,random,45,20,0.5,0.15,,,67,77.4,58.0,46.0,409,40,43,25,55,57.3,42.0,42.0,33.5,33.5,20,false,218,27,31,1.1551724137931034,1.3344827586206898,0.7931034482758621,0.6896551724137931,0.7413793103448276,1.3095238095238095,1.3642857142857143,0.7976190476190477,0.6428571428571429,0.7380952380952381,1.814596176147461,
results/experiments_results_random/n20/random_n20_p05.json,random_n20_p05.json,results/experiments_results_random/n20,random,46,20,0.5,0.15,,,75,82.6,63.0,52.0,470,41,50,29,56,61.2,44.0,44.0,37.5,37.5,36,true,235,29,34,1.1904761904761905,1.3111111111111111,0.8253968253968254,0.6507936507936508,0.7936507936507936,1.2727272727272727,1.3909090909090909,0.8522727272727273,0.6590909090909091,0.7727272727272727,1.9138591289520264,
results/experiments_results_random/n20/random_n20_p05.json,random_n20_p05.json,results/experiments_results_random/n20,random,47,20,0.5,0.15,,,64,71.9,56.0,43.5,384,36,42,30,40,49.8,36.0,36.0,28.5,28.5,6,false,176,24,27,1.1428571428571428,1.2839285714285715,0.7767857142857143,0.6428571428571429,0.75,1.1111111111111112,1.3833333333333333,0.7916666666666666,0.6666666666666666,0.75,1.5361170768737793,
results/experiments_results_random/n20/random_n20_p05.json,random_n20_p05.json,results/experiments_results_random/n20,random,48,20,0.5,0.15,,,74,79.5,55.0,46.5,417,41,44,28,41,52.2,35.0,35.0,32.5,32.5,29,true,186,23,29,1.3454545454545455,1.4454545454545455,0.8454545454545455,0.7454545454545455,0.8,1.1714285714285715,1.4914285714285715,0.9285714285714286,0.6571428571428571,0.8285714285714286,1.0059027671813965,
results/experiments_results_random/n20/random_n20_p05.json,random_n20_p05.json,results/experiments_results_random/n20,random,49,20,0.5,0.15,,,70,79.7,58.0,45.5,423,36,41,31,44,52.1,35.0,35.0,30.0,30.0,19,false,164,22,26,1.206896551724138,1.3741379310344828,0.7844827586206896,0.6206896551724138,0.7068965517241379,1.2571428571428571,1.4885714285714287,0.8571428571428571,0.6285714285714286,0.7428571428571429,1.1141879558563232,
results/experiments_results_random/n20/random_n20_p05.json,random_n20_p05.json,results/experiments_results_random/n20,random,50,20,0.5,0.15,,,77,83.1,59.0,52.0,457,38,47,32,58,62.7,42.0,42.0,36.0,36.0,33,true,220,28,31,1.305084745762712,1.4084745762711863,0.8813559322033898,0.6440677966101694,0.7966101694915254,1.380952380952381,1.4928571428571429,0.8571428571428571,0.6666666666666666,0.7380952380952381,1.255770206451416,
results/experiments_results_random/n20/random_n20_p04.json,random_n20_p04.json,results/experiments_results_random/n20,random,1,20,0.4,0.15,,,64,68.9,48.0,37.5,328,32,36,22,44,50.9,33.0,33.0,26.5,26.5,16,true,164,22,26,1.3333333333333333,1.4354166666666668,0.78125,0.6666666666666666,0.75,1.3333333333333333,1.5424242424242425,0.803030303030303,0.6666666666666666,0.7878787878787878,1.2736382484436035,
results/experiments_results_random/n20/random_n20_p04.json,random_n20_p04.json,results/experiments_results_random/n20,random,2,20,0.4,0.15,,,61,63.8,44.0,36.0,295,30,35,29,31,35.5,25.0,25.0,21.5,21.5,6,true,103,15,19,1.3863636363636365,1.45,0.8181818181818182,0.6818181818181818,0.7954545454545454,1.24,1.42,0.86,0.6,0.76,0.6841299533843994,
results/experiments_results_random/n20/random_n20_p04.json,random_n20_p04.json,results/experiments_results_random/n20,random,3,20,0.4,0.15,,,61,68.0,46.0,38.0,327,31,35,24,39,43.6,30.0,30.0,26.0,26.0,10,true,146,19,22,1.326086956521739,1.4782608695652173,0.8260869565217391,0.6739130434782609,0.7608695652173914,1.3,1.4533333333333334,0.8666666666666667,0.6333333333333333,0.7333333333333333,0.8945529460906982,
results/experiments_results_random/n20/random_n20_p04.json,random_n20_p04.json,results/experiments_results_random/n20,random,4,20,0.4,0.15,,,54,63.5,45.0,34.0,280,29,32,22,35,42.6,28.0,28.0,23.0,23.0,9,false,124,18,19,1.2,1.4111111111111112,0.7555555555555555,0.6444444444444445,0.7111111111111111,1.25,1.5214285714285716,0.8214285714285714,0.6428571428571429,0.6785714285714286,0.9635789394378662,
results/experiments_results_random/n20/random_n20_p04.json,random_n20_p04.json,results/experiments_results_random/n20,random,5,20,0.4,0.15,,,60,68.3,50.0,37.5,321,34,37,27,38,41.1,29.0,29.0,24.0,24.0,3,false,136,20,21,1.2,1.3659999999999999,0.75,0.68,0.74,1.3103448275862069,1.4172413793103449,0.8275862068965517,0.6896551724137931,0.7241379310344828,1.4940581321716309,
results/experiments_results_random/n20/random_n20_p04.json,random_n20_p04.json,results/experiments_results_random/n20,random,6,20,0.4,0.15,,,58,65.6,46.0,36.5,300,30,34,24,40,44.3,28.0,28.0,24.5,24.5,11,true,124,19,23,1.2608695652173914,1.4260869565217391,0.7934782608695652,0.6521739130434783,0.7391304347826086,1.4285714285714286,1.582142857142857,0.875,0.6785714285714286,0.8214285714285714,0.9199421405792236,
results/experiments_results_random/n20/random_n20_p04.json,random_n20_p04.json,results/experiments_results_random/n20,random,7,20,0.4,0.15,,,63,67.2,47.0,36.0,309,29,33,25,42,46.9,31.0,31.0,23.5,23.5,13,true,147,19,22,1.3404255319148937,1.4297872340425533,0.7659574468085106,0.6170212765957447,0.7021276595744681,1.3548387096774193,1.5129032258064516,0.7580645161290323,0.6129032258064516,0.7096774193548387,0.9635446071624756,
results/experiments_results_random/n20/random_n20_p04.json,random_n20_p04.json,results/experiments_results_random/n20,random,8,20,0.4,0.15,,,61,69.5,49.0,41.0,350,33,38,23,42,48.5,34.0,34.0,29.5,29.5,9,true,181,25,26,1.2448979591836735,1.4183673469387754,0.8367346938775511,0.673469387755102,0.7755102040816326,1.2352941176470589,1.4264705882352942,0.8676470588235294,0.7352941176470589,0.7647058823529411,0.7453470230102539,
results/experiments_results_random/n20/random_n20_p04.json,random_n20_p04.json,results/experiments_results_random/n20,random,9,20,0.4,0.15,,,53,64.3,45.0,35.0,285,28,34,26,28,35.0,25.0,25.0,21.5,21.5,7,false,104,17,19,1.1777777777777778,1.4288888888888889,0.7777777777777778,0.6222222222222222,0.7555555555555555,1.12,1.4,0.86,0.68,0.76,0.8747682571411133,
results/experiments_results_random/n20/random_n20_p04.json,random_n20_p04.json,results/experiments_results_random/n20,random,10,20,0.4,0.15,,,72,78.7,53.0,40.5,389,36,38,26,48,52.5,35.0,35.0,27.5,27.5,10,true,181,22,26,1.3584905660377358,1.4849056603773585,0.7641509433962265,0.6792452830188679,0.7169811320754716,1.3714285714285714,1.5,0.7857142857142857,0.6285714285714286,0.7428571428571429,1.2808198928833008,
results/experiments_results_random/n20/random_n20_p04.json,random_n20_p04.json,results/experiments_results_random/n20,random,11,20,0.4,0.15,,,64,73.3,55.0,43.5,367,36,40,39,37,40.2,30.0,30.0,24.0,24.0,12,false,116,20,23,1.1636363636363636,1.3327272727272728,0.7909090909090909,0.6545454545454545,0.7272727272727273,1.2333333333333334,1.34,0.8,0.6666666666666666,0.7666666666666667,1.3598430156707764,
results/experiments_results_random/n20/random_n20_p04.json,random_n20_p04.json,results/experiments_results_random/n20,random,12,20,0.4,0.15,,,70,75.1,53.0,39.0,363,33,38,35,30,36.4,26.0,26.0,21.5,21.5,9,true,112,17,20,1.320754716981132,1.4169811320754715,0.7358490566037735,0.6226415094339622,0.7169811320754716,1.1538461538461537,1.4,0.8269230769230769,0.6538461538461539,0.7692307692307693,1.259986162185669,
results/experiments_results_random/n20/random_n20_p04.json,random_n20_p04.json,results/experiments_results_random/n20,random,13,20,0.4,0.15,,,61,64.5,46.0,34.0,298,29,32,25,33,37.6,27.0,27.0,21.5,21.5,2,false,118,18,19,1.326086956521739,1.4021739130434783,0.7391304347826086,0.6304347826086957,0.6956521739130435,1.2222222222222223,1.3925925925925926,0.7962962962962963,0.6666666666666666,0.7037037037037037,0.8326961994171143,
results/experiments_results_random/n20/random_n20_p04.json,random_n20_p04.json,results/experiments_results_random/n20,random,14,20,0.4,0.15,,,60,71.8,50.0,40.0,343,33,38,30,34,42.2,28.0,28.0,25.0,25.0,5,false,133,18,21,1.2,1.436,0.8,0.66,0.76,1.2142857142857142,1.5071428571428573,0.8928571428571429,0.6428571428571429,0.75,0.7635960578918457,
results/experiments_results_random/n20/random_n20_p04.json,random_n20_p04.json,results/experiments_results_random/n20,random,15,20,0.4,0.15,,,60,64.2,46.0,35.0,287,28,34,16,43,46.4,35.0,35.0,27.0,27.0,5,false,162,23,26,1.3043478260869565,1.3956521739130436,0.7608695652173914,0.6086956521739131,0.7391304347826086,1.2285714285714286,1.3257142857142856,0.7714285714285715,0.6571428571428571,0.7428571428571429,1.0225648880004883,
results/experiments_results_random/n20/random_n20_p04.json,random_n20_p04.json,results/experiments_results_random/n20,random,16,20,0.4,0.15,,,60,68.2,51.0,39.5,328,33,37,31,36,41.8,29.0,29.0,24.0,24.0,7,false,123,21,20,1.1764705882352942,1.3372549019607844,0.7745098039215687,0.6470588235294118,0.7254901960784313,1.2413793103448276,1.4413793103448276,0.8275862068965517,0.7241379310344828,0.6896551724137931,1.077742099761963,
results/experiments_results_random/n20/random_n20_p04.json,random_n20_p04.json,results/experiments_results_random/n20,random,17,20,0.4,0.15,,,60,68.7,47.0,36.5,302,32,34,26,34,40.7,29.0,29.0,23.5,23.5,6,true,123,19,21,1.2765957446808511,1.4617021276595745,0.776595744680851,0.6808510638297872,0.723404255319149,1.1724137931034482,1.403448275862069,0.8103448275862069,0.6551724137931034,0.7241379310344828,0.8412249088287354,
results/experiments_results_random/n20/random_n20_p04.json,random_n20_p04.json,results/experiments_results_random/n20,random,18,20,0.4,0.15,,,63,69.3,50.0,40.5,347,34,38,34,32,37.9,26.0,26.0,23.5,23.5,20,false,106,16,21,1.26,1.386,0.81,0.68,0.76,1.2307692307692308,1.4576923076923076,0.9038461538461539,0.6153846153846154,0.8076923076923077,0.8111958503723145,
results/experiments_results_random/n20/random_n20_p04.json,random_n20_p04.json,results/experiments_results_random/n20,random,19,20,0.4,0.15,,,62,64.8,48.0,35.5,301,29,35,35,27,29.0,21.0,22.0,17.5,17.5,8,false,75,15,16,1.2916666666666667,1.3499999999999999,0.7395833333333334,0.6041666666666666,0.7291666666666666,1.2272727272727273,1.3181818181818181,0.7954545454545454,0.6818181818181818,0.7272727272727273,0.8831396102905273,
results/experiments_results_random/n20/random_n20_p04.json,random_n20_p04.json,results/experiments_results_random/n20,random,20,20,0.4,0.15,,,74,78.6,56.0,43.5,412,37,42,28,45,50.9,35.0,35.0,29.5,29.5,15,false,181,24,27,1.3214285714285714,1.4035714285714285,0.7767857142857143,0.6607142857142857,0.75,1.2857142857142858,1.4542857142857142,0.8428571428571429,0.6857142857142857,0.7714285714285715,1.0959751605987549,
results/experiments_results_random/n20/random_n20_p04.json,random_n20_p04.json,results/experiments_results_random/n20,random,21,20,0.4,0.15,,,65,74.6,51.0,39.0,353,33,38,30,37,42.9,29.0,30.0,24.0,24.0,16,false,122,21,21,1.2745098039215685,1.4627450980392156,0.7647058823529411,0.6470588235294118,0.7450980392156863,1.2333333333333334,1.43,0.8,0.7,0.7,1.0882070064544678,
results/experiments_results_random/n20/random_n20_p04.json,random_n20_p04.json,results/experiments_results_random/n20,random,22,20,0.4,0.15,,,64,71.1,48.0,39.0,343,31,37,31,37,40.7,28.0,28.0,23.5,23.5,8,true,131,19,22,1.3333333333333333,1.48125,0.8125,0.6458333333333334,0.7708333333333334,1.3214285714285714,1.4535714285714287,0.8392857142857143,0.6785714285714286,0.7857142857142857,0.705272912979126,
results/experiments_results_random/n20/random_n20_p04.json,random_n20_p04.json,results/experiments_results_random/n20,random,23,20,0.4,0.15,,,55,66.8,47.0,35.5,304,30,34,29,33,38.8,25.0,25.0,21.0,21.0,10,true,106,18,18,1.1702127659574468,1.4212765957446807,0.7553191489361702,0.6382978723404256,0.723404255319149,1.32,1.5519999999999998,0.84,0.72,0.72,0.7455828189849854,
results/experiments_results_random/n20/random_n20_p04.json,random_n20_p04.json,results/experiments_results_random/n20,random,24,20,0.4,0.15,,,61,67.6,53.0,40.5,358,34,39,25,44,47.3,35.0,35.0,28.0,28.0,10,false,172,22,26,1.150943396226415,1.2754716981132075,0.7641509433962265,0.6415094339622641,0.7358490566037735,1.2571428571428571,1.3514285714285714,0.8,0.6285714285714286,0.7428571428571429,1.6138513088226318,
results/experiments_results_random/n20/random_n20_p04.json,random_n20_p04.json,results/experiments_results_random/n20,random,25,20,0.4,0.15,,,64,70.7,51.0,39.5,344,33,39,33,32,39.0,26.0,26.0,23.0,23.0,15,true,104,18,21,1.2549019607843137,1.3862745098039215,0.7745098039215687,0.6470588235294118,0.7647058823529411,1.2307692307692308,1.5,0.8846153846153846,0.6923076923076923,0.8076923076923077,1.0478758811950684,
results/experiments_results_random/n20/random_n20_p04.json,random_n20_p04.json,results/experiments_results_random/n20,random,26,20,0.4,0.15,,,68,73.3,52.0,40.0,352,35,37,18,50,57.1,41.0,41.0,31.0,31.0,8,false,210,24,29,1.3076923076923077,1.4096153846153845,0.7692307692307693,0.6730769230769231,0.7115384615384616,1.2195121951219512,1.3926829268292684,0.7560975609756098,0.5853658536585366,0.7073170731707317,2.6612741947174072,
results/experiments_results_random/n20/random_n20_p04.json,random_n20_p04.json,results/experiments_results_random/n20,random,27,20,0.4,0.15,,,55,60.3,44.0,33.5,274,27,31,29,26,30.3,21.0,21.0,19.0,19.0,6,true,76,15,15,1.25,1.3704545454545454,0.7613636363636364,0.6136363636363636,0.7045454545454546,1.2380952380952381,1.4428571428571428,0.9047619047619048,0.7142857142857143,0.7142857142857143,0.7404379844665527,
results/experiments_results_random/n20/random_n20_p04.json,random_n20_p04.json,results/experiments_results_random/n20,random,28,20,0.4,0.15,,,51,63.7,44.0,35.5,284,29,30,28,32,37.1,25.0,25.0,21.0,21.0,9,false,100,17,18,1.1590909090909092,1.4477272727272728,0.8068181818181818,0.6590909090909091,0.6818181818181818,1.28,1.484,0.84,0.68,0.72,0.7844018936157227,
results/experiments_results_random/n20/random_n20_p04.json,random_n20_p04.json,results/experiments_results_random/n20,random,29,20,0.4,0.15,,,63,69.6,50.0,39.0,337,32,36,24,43,47.4,32.0,32.0,27.0,27.0,17,false,157,20,25,1.26,1.392,0.78,0.64,0.72,1.34375,1.48125,0.84375,0.625,0.78125,1.1032350063323975,
results/experiments_results_random/n20/random_n20_p04.json,random_n20_p04.json,results/experiments_results_random/n20,random,30,20,0.4,0.15,,,58,69.8,51.0,40.0,338,35,37,23,41,49.4,34.0,34.0,28.5,28.5,12,true,168,23,24,1.1372549019607843,1.3686274509803922,0.7843137254901961,0.6862745098039216,0.7254901960784313,1.2058823529411764,1.4529411764705882,0.8382352941176471,0.6764705882352942,0.7058823529411765,1.0774321556091309,
results/experiments_results_random/n20/random_n20_p04.json,random_n20_p04.json,results/experiments_results_random/n20,random,31,20,0.4,0.15,,,49,60.0,45.0,33.5,279,29,31,30,28,30.5,21.0,21.0,18.5,18.5,8,false,75,16,17,1.0888888888888888,1.3333333333333333,0.7444444444444445,0.6444444444444445,0.6888888888888889,1.3333333333333333,1.4523809523809523,0.8809523809523809,0.7619047619047619,0.8095238095238095,0.8578529357910156,
results/experiments_results_random/n20/random_n20_p04.json,random_n20_p04.json,results/experiments_results_random/n20,random,32,20,0.4,0.15,,,68,74.4,54.0,41.5,384,36,39,34,36,43.6,30.0,30.0,24.5,24.5,11,false,136,21,21,1.2592592592592593,1.377777777777778,0.7685185185185185,0.6666666666666666,0.7222222222222222,1.2,1.4533333333333334,0.8166666666666667,0.7,0.7,1.183908224105835,
results/experiments_results_random/n20/random_n20_p04.json,random_n20_p04.json,results/experiments_results_random/n20,random,33,20,0.4,0.15,,,60,66.4,47.0,37.0,325,31,33,25,38,43.8,31.0,31.0,24.5,24.5,13,false,147,20,22,1.2765957446808511,1.4127659574468086,0.7872340425531915,0.6595744680851063,0.7021276595744681,1.2258064516129032,1.4129032258064516,0.7903225806451613,0.6451612903225806,0.7096774193548387,1.2013869285583496,
results/experiments_results_random/n20/random_n20_p04.json,random_n20_p04.json,results/experiments_results_random/n20,random,34,20,0.4,0.15,,,60,70.6,51.0,39.0,342,32,35,23,42,51.7,36.0,36.0,27.5,27.5,14,false,174,24,26,1.1764705882352942,1.384313725490196,0.7647058823529411,0.6274509803921569,0.6862745098039216,1.1666666666666667,1.4361111111111111,0.7638888888888888,0.6666666666666666,0.7222222222222222,1.8902089595794678,
results/experiments_results_random/n20/random_n20_p04.json,random_n20_p04.json,results/experiments_results_random/n20,random,35,20,0.4,0.15,,,63,78.7,53.0,43.0,382,37,38,30,43,48.3,34.0,34.0,28.0,28.0,37,false,152,24,26,1.1886792452830188,1.4849056603773585,0.8113207547169812,0.6981132075471698,0.7169811320754716,1.2647058823529411,1.4205882352941175,0.8235294117647058,0.7058823529411765,0.7647058823529411,1.2888288497924805,
results/experiments_results_random/n20/random_n20_p04.json,random_n20_p04.json,results/experiments_results_random/n20,random,36,20,0.4,0.15,,,70,75.8,55.0,42.5,369,35,41,24,49,53.9,37.0,37.0,30.5,30.5,8,true,191,25,28,1.2727272727272727,1.3781818181818182,0.7727272727272727,0.6363636363636364,0.7454545454545455,1.3243243243243243,1.4567567567567568,0.8243243243243243,0.6756756756756757,0.7567567567567568,1.3925549983978271,
results/experiments_results_random/n20/random_n20_p04.json,random_n20_p04.json,results/experiments_results_random/n20,random,37,20,0.4,0.15,,,70,76.8,58.0,44.5,410,36,41,33,42,46.4,34.0,34.0,28.0,28.0,20,false,155,23,25,1.206896551724138,1.3241379310344827,0.7672413793103449,0.6206896551724138,0.7068965517241379,1.2352941176470589,1.3647058823529412,0.8235294117647058,0.6764705882352942,0.7352941176470589,2.174314022064209,
results/experiments_results_random/n20/random_n20_p04.json,random_n20_p04.json,results/experiments_results_random/n20,random,38,20,0.4,0.15,,,69,76.0,56.0,42.5,400,36,39,35,38,41.2,31.0,31.0,25.0,25.0,23,false,132,21,22,1.2321428571428572,1.3571428571428572,0.7589285714285714,0.6428571428571429,0.6964285714285714,1.2258064516129032,1.3290322580645162,0.8064516129032258,0.6774193548387096,0.7096774193548387,1.8469152450561523,
results/experiments_results_random/n20/random_n20_p04.json,random_n20_p04.json,results/experiments_results_random/n20,random,39,20,0.4,0.15,,,65,72.7,49.0,40.0,353,31,39,33,34,40.5,27.0,27.0,23.5,23.5,7,false,118,18,20,1.3265306122448979,1.4836734693877551,0.8163265306122449,0.6326530612244898,0.7959183673469388,1.2592592592592593,1.5,0.8703703703703703,0.6666666666666666,0.7407407407407407,1.013188123703003,
results/experiments_results_random/n20/random_n20_p04.json,random_n20_p04.json,results/experiments_results_random/n20,random,40,20,0.4,0.15,,,67,72.1,52.0,41.5,356,34,39,28,36,46.4,32.0,32.0,27.5,27.5,8,true,156,22,26,1.2884615384615385,1.3865384615384615,0.7980769230769231,0.6538461538461539,0.75,1.125,1.45,0.859375,0.6875,0.8125,1.2501249313354492,
results/experiments_results_random/n20/random_n20_p04.json,random_n20_p04.json,results/experiments_results_random/n20,random,41,20,0.4,0.15,,,58,62.4,43.0,33.5,271,28,31,21,37,40.7,29.0,29.0,23.0,23.0,5,true,126,19,21,1.3488372093023255,1.4511627906976743,0.7790697674418605,0.6511627906976745,0.7209302325581395,1.2758620689655173,1.403448275862069,0.7931034482758621,0.6551724137931034,0.7241379310344828,1.1164898872375488,
results/experiments_results_random/n20/random_n20_p04.json,random_n20_p04.json,results/experiments_results_random/n20,random,42,20,0.4,0.15,,,61,69.9,48.0,36.5,320,31,36,29,29,35.2,24.0,24.0,22.0,22.0,10,false,107,16,19,1.2708333333333333,1.45625,0.7604166666666666,0.6458333333333334,0.75,1.2083333333333333,1.4666666666666668,0.9166666666666666,0.6666666666666666,0.7916666666666666,1.0377979278564453,
results/experiments_results_random/n20/random_n20_p04.json,random_n20_p04.json,results/experiments_results_random/n20,random,43,20,0.4,0.15,,,52,59.3,45.0,35.5,296,30,34,29,28,35.4,25.0,26.0,21.0,21.0,7,false,104,16,18,1.1555555555555554,1.3177777777777777,0.7888888888888889,0.6666666666666666,0.7555555555555555,1.0769230769230769,1.3615384615384616,0.8076923076923077,0.6153846153846154,0.6923076923076923,1.0354721546173096,
results/experiments_results_random/n20/random_n20_p04.json,random_n20_p04.json,results/experiments_results_random/n20,random,44,20,0.4,0.15,,,60,65.9,46.0,37.0,314,30,36,24,39,43.6,31.0,31.0,25.0,25.0,3,false,145,21,24,1.3043478260869565,1.432608695652174,0.8043478260869565,0.6521739130434783,0.782608695652174,1.2580645161290323,1.4064516129032258,0.8064516129032258,0.6774193548387096,0.7741935483870968,1.383307933807373,
results/experiments_results_random/n20/random_n20_p04.json,random_n20_p04.json,results/experiments_results_random/n20,random,45,20,0.4,0.15,,,53,62.6,46.0,34.5,288,29,33,25,32,36.8,26.0,26.0,22.0,22.0,6,false,116,19,19,1.1521739130434783,1.3608695652173914,0.75,0.6304347826086957,0.717391304347826,1.2307692307692308,1.4153846153846152,0.8461538461538461,0.7307692307692307,0.7307692307692307,1.2910029888153076,
results/experiments_results_random/n20/random_n20_p04.json,random_n20_p04.json,results/experiments_results_random/n20,random,46,20,0.4,0.15,,,65,71.6,51.0,39.0,342,33,36,29,41,45.5,32.0,32.0,24.5,24.5,18,false,138,21,23,1.2745098039215685,1.4039215686274509,0.7647058823529411,0.6470588235294118,0.7058823529411765,1.28125,1.421875,0.765625,0.65625,0.71875,1.8311350345611572,
results/experiments_results_random/n20/random_n20_p04.json,random_n20_p04.json,results/experiments_results_random/n20,random,47,20,0.4,0.15,,,49,56.0,42.0,32.0,246,26,31,30,23,28.0,20.0,20.0,17.0,17.0,1,true,75,14,15,1.1666666666666667,1.3333333333333333,0.7619047619047619,0.6190476190476191,0.7380952380952381,1.15,1.4,0.85,0.7,0.75,0.9072830677032471,
results/experiments_results_random/n20/random_n20_p04.json,random_n20_p04.json,results/experiments_results_random/n20,random,48,20,0.4,0.15,,,61,68.7,49.0,37.5,319,34,35,28,37,42.0,29.0,29.0,23.5,23.5,4,false,118,19,21,1.2448979591836735,1.4020408163265308,0.7653061224489796,0.6938775510204082,0.7142857142857143,1.2758620689655173,1.4482758620689655,0.8103448275862069,0.6551724137931034,0.7241379310344828,1.52302885055542,
results/experiments_results_random/n20/random_n20_p04.json,random_n20_p04.json,results/experiments_results_random/n20,random,49,20,0.4,0.15,,,62,70.5,48.0,36.0,317,32,34,31,32,36.0,24.0,24.0,20.5,20.5,7,true,95,16,18,1.2916666666666667,1.46875,0.75,0.6666666666666666,0.7083333333333334,1.3333333333333333,1.5,0.8541666666666666,0.6666666666666666,0.75,1.2768630981445312,
results/experiments_results_random/n20/random_n20_p04.json,random_n20_p04.json,results/experiments_results_random/n20,random,50,20,0.4,0.15,,,63,72.7,48.0,41.5,351,34,38,32,39,45.0,28.0,28.0,24.5,24.5,22,false,123,19,22,1.3125,1.5145833333333334,0.8645833333333334,0.7083333333333334,0.7916666666666666,1.3928571428571428,1.6071428571428572,0.875,0.6785714285714286,0.7857142857142857,1.1520380973815918,
results/experiments_results_random/n20/random_n20_p08.json,random_n20_p08.json,results/experiments_results_random/n20,random,1,20,0.8,0.15,,,48,61.8,39.0,39.0,437,35,39,22,53,67.6,39.0,39.0,39.0,39.0,52,true,319,33,39,1.2307692307692308,1.5846153846153845,1.0,0.8974358974358975,1.0,1.358974358974359,1.7333333333333332,1.0,0.8461538461538461,1.0,0.6010551452636719,
results/experiments_results_random/n20/random_n20_p08.json,random_n20_p08.json,results/experiments_results_random/n20,random,2,20,0.8,0.15,,,49,69.0,40.0,40.0,457,38,40,29,58,72.0,40.0,40.0,40.0,40.0,95,true,290,33,40,1.225,1.725,1.0,0.95,1.0,1.45,1.8,1.0,0.825,1.0,0.5993528366088867,
results/experiments_results_random/n20/random_n20_p08.json,random_n20_p08.json,results/experiments_results_random/n20,random,3,20,0.8,0.15,,,45,65.5,32.0,32.0,409,30,32,24,48,65.9,32.0,32.0,32.0,32.0,50,true,300,30,32,1.40625,2.046875,1.0,0.9375,1.0,1.5,2.059375,1.0,0.9375,1.0,0.5268359184265137,
results/experiments_results_random/n20/random_n20_p08.json,random_n20_p08.json,results/experiments_results_random/n20,random,4,20,0.8,0.15,,,72,78.6,45.0,45.0,461,35,45,22,66,78.2,45.0,45.0,45.0,45.0,47,true,335,35,43,1.6,1.7466666666666666,1.0,0.7777777777777778,1.0,1.4666666666666666,1.7377777777777779,1.0,0.7777777777777778,0.9555555555555556,0.6442480087280273,
results/experiments_results_random/n20/random_n20_p08.json,random_n20_p08.json,results/experiments_results_random/n20,random,5,20,0.8,0.15,,,53,63.0,38.0,38.0,439,30,38,27,63,76.8,38.0,38.0,38.0,38.0,55,true,298,30,38,1.394736842105263,1.6578947368421053,1.0,0.7894736842105263,1.0,1.6578947368421053,2.0210526315789474,1.0,0.7894736842105263,1.0,0.4563119411468506,
results/experiments_results_random/n20/random_n20_p08.json,random_n20_p08.json,results/experiments_results_random/n20,random,6,20,0.8,0.15,,,70,77.9,50.0,50.0,503,41,49,24,64,75.1,50.0,50.0,50.0,50.0,84,true,336,40,48,1.4,1.558,1.0,0.82,0.98,1.28,1.5019999999999998,1.0,0.8,0.96,0.4701578617095947,
results/experiments_results_random/n20/random_n20_p08.json,random_n20_p08.json,results/experiments_results_random/n20,random,7,20,0.8,0.15,,,60,71.4,43.0,43.0,477,36,43,25,65,71.8,43.0,43.0,43.0,43.0,64,true,330,37,43,1.3953488372093024,1.66046511627907,1.0,0.8372093023255814,1.0,1.5116279069767442,1.669767441860465,1.0,0.8604651162790697,1.0,0.36887383460998535,
results/experiments_results_random/n20/random_n20_p08.json,random_n20_p08.json,results/experiments_results_random/n20,random,8,20,0.8,0.15,,,44,69.4,33.0,33.0,431,30,33,23,52,74.7,33.0,33.0,33.0,33.0,54,true,315,31,33,1.3333333333333333,2.103030303030303,1.0,0.9090909090909091,1.0,1.5757575757575757,2.2636363636363637,1.0,0.9393939393939394,1.0,0.3687272071838379,
results/experiments_results_random/n20/random_n20_p08.json,random_n20_p08.json,results/experiments_results_random/n20,random,9,20,0.8,0.15,,,45,62.5,34.0,34.0,409,29,34,26,56,67.7,34.0,34.0,34.0,34.0,68,true,283,27,34,1.3235294117647058,1.838235294117647,1.0,0.8529411764705882,1.0,1.6470588235294117,1.9911764705882353,1.0,0.7941176470588235,1.0,0.3681480884552002,
results/experiments_results_random/n20/random_n20_p08.json,random_n20_p08.json,results/experiments_results_random/n20,random,10,20,0.8,0.15,,,63,77.9,42.0,42.0,474,34,42,26,55,72.1,42.0,42.0,42.0,42.0,63,true,316,31,41,1.5,1.8547619047619048,1.0,0.8095238095238095,1.0,1.3095238095238095,1.7166666666666666,1.0,0.7380952380952381,0.9761904761904762,0.37129807472229004,
results/experiments_results_random/n20/random_n20_p08.json,random_n20_p08.json,results/experiments_results_random/n20,random,11,20,0.8,0.15,,,40,60.2,31.0,31.0,405,29,31,39,35,66.3,31.0,31.0,31.0,31.0,103,true,222,27,31,1.2903225806451613,1.941935483870968,1.0,0.9354838709677419,1.0,1.1290322580645162,2.138709677419355,1.0,0.8709677419354839,1.0,0.3351099491119385,
results/experiments_results_random/n20/random_n20_p08.json,random_n20_p08.json,results/experiments_results_random/n20,random,12,20,0.8,0.15,,,37,59.0,37.0,37.0,413,35,37,35,51,65.5,37.0,37.0,37.0,37.0,115,true,236,30,36,1.0,1.5945945945945945,1.0,0.9459459459459459,1.0,1.3783783783783783,1.7702702702702702,1.0,0.8108108108108109,0.972972972972973,0.3763580322265625,
results/experiments_results_random/n20/random_n20_p08.json,random_n20_p08.json,results/experiments_results_random/n20,random,13,20,0.8,0.15,,,48,69.2,39.0,39.0,425,32,39,25,53,65.4,35.0,35.0,35.0,35.0,57,true,278,30,34,1.2307692307692308,1.7743589743589745,1.0,0.8205128205128205,1.0,1.5142857142857142,1.8685714285714288,1.0,0.8571428571428571,0.9714285714285714,0.37812304496765137,
results/experiments_results_random/n20/random_n20_p08.json,random_n20_p08.json,results/experiments_results_random/n20,random,14,20,0.8,0.15,,,55,64.8,35.0,35.0,433,32,35,30,67,76.8,35.0,35.0,35.0,35.0,54,true,295,31,35,1.5714285714285714,1.8514285714285714,1.0,0.9142857142857143,1.0,1.9142857142857144,2.1942857142857144,1.0,0.8857142857142857,1.0,0.35188817977905273,
results/experiments_results_random/n20/random_n20_p08.json,random_n20_p08.json,results/experiments_results_random/n20,random,15,20,0.8,0.15,,,50,69.8,41.0,41.0,471,33,41,16,47,75.5,41.0,41.0,41.0,41.0,28,true,382,33,41,1.2195121951219512,1.7024390243902439,1.0,0.8048780487804879,1.0,1.146341463414634,1.8414634146341464,1.0,0.8048780487804879,1.0,0.39969897270202637,
results/experiments_results_random/n20/random_n20_p08.json,random_n20_p08.json,results/experiments_results_random/n20,random,16,20,0.8,0.15,,,47,71.3,36.0,36.0,440,32,36,31,57,72.4,36.0,36.0,36.0,36.0,105,true,272,31,36,1.3055555555555556,1.9805555555555554,1.0,0.8888888888888888,1.0,1.5833333333333333,2.011111111111111,1.0,0.8611111111111112,1.0,0.35170722007751465,
results/experiments_results_random/n20/random_n20_p08.json,random_n20_p08.json,results/experiments_results_random/n20,random,17,20,0.8,0.15,,,49,67.0,33.0,33.0,387,32,33,26,63,72.8,33.0,33.0,33.0,33.0,39,true,270,30,33,1.4848484848484849,2.0303030303030303,1.0,0.9696969696969697,1.0,1.9090909090909092,2.206060606060606,1.0,0.9090909090909091,1.0,0.3697631359100342,
results/experiments_results_random/n20/random_n20_p08.json,random_n20_p08.json,results/experiments_results_random/n20,random,18,20,0.8,0.15,,,49,60.6,33.0,33.0,395,31,33,34,50,71.3,33.0,33.0,33.0,33.0,80,true,250,30,33,1.4848484848484849,1.8363636363636364,1.0,0.9393939393939394,1.0,1.5151515151515151,2.1606060606060606,1.0,0.9090909090909091,1.0,0.3397808074951172,
results/experiments_results_random/n20/random_n20_p08.json,random_n20_p08.json,results/experiments_results_random/n20,random,19,20,0.8,0.15,,,38,55.5,37.0,37.0,412,35,37,35,60,70.5,37.0,37.0,37.0,37.0,62,true,264,31,37,1.027027027027027,1.5,1.0,0.9459459459459459,1.0,1.6216216216216217,1.9054054054054055,1.0,0.8378378378378378,1.0,0.3612029552459717,
results/experiments_results_random/n20/random_n20_p08.json,random_n20_p08.json,results/experiments_results_random/n20,random,20,20,0.8,0.15,,,55,70.9,34.0,34.0,427,32,34,28,63,70.4,34.0,34.0,34.0,34.0,63,true,289,32,34,1.6176470588235294,2.085294117647059,1.0,0.9411764705882353,1.0,1.8529411764705883,2.070588235294118,1.0,0.9411764705882353,1.0,0.3777947425842285,
results/experiments_results_random/n20/random_n20_p08.json,random_n20_p08.json,results/experiments_results_random/n20,random,21,20,0.8,0.15,,,48,67.2,35.0,35.0,427,31,35,30,53,70.6,35.0,35.0,35.0,35.0,74,true,273,32,35,1.3714285714285714,1.9200000000000002,1.0,0.8857142857142857,1.0,1.5142857142857142,2.017142857142857,1.0,0.9142857142857143,1.0,0.3486762046813965,
results/experiments_results_random/n20/random_n20_p08.json,random_n20_p08.json,results/experiments_results_random/n20,random,22,20,0.8,0.15,,,48,57.9,32.0,32.0,424,30,32,31,65,72.6,32.0,32.0,32.0,32.0,96,true,264,29,32,1.5,1.809375,1.0,0.9375,1.0,2.03125,2.26875,1.0,0.90625,1.0,0.3490898609161377,
results/experiments_results_random/n20/random_n20_p08.json,random_n20_p08.json,results/experiments_results_random/n20,random,23,20,0.8,0.15,,,51,72.0,35.0,35.0,410,33,35,29,60,74.3,35.0,35.0,35.0,35.0,76,true,266,29,35,1.457142857142857,2.057142857142857,1.0,0.9428571428571428,1.0,1.7142857142857142,2.1228571428571428,1.0,0.8285714285714286,1.0,0.37670302391052246,
results/experiments_results_random/n20/random_n20_p08.json,random_n20_p08.json,results/experiments_results_random/n20,random,24,20,0.8,0.15,,,43,61.9,32.0,32.0,401,30,32,25,58,70.2,32.0,32.0,32.0,32.0,45,true,293,29,32,1.34375,1.934375,1.0,0.9375,1.0,1.8125,2.19375,1.0,0.90625,1.0,0.3825550079345703,
results/experiments_results_random/n20/random_n20_p08.json,random_n20_p08.json,results/experiments_results_random/n20,random,25,20,0.8,0.15,,,45,57.7,29.0,29.0,377,28,29,33,51,66.3,29.0,29.0,29.0,29.0,115,true,228,28,29,1.5517241379310345,1.9896551724137932,1.0,0.9655172413793104,1.0,1.7586206896551724,2.286206896551724,1.0,0.9655172413793104,1.0,0.33753180503845215,
results/experiments_results_random/n20/random_n20_p08.json,random_n20_p08.json,results/experiments_results_random/n20,random,26,20,0.8,0.15,,,66,74.9,44.0,44.0,490,39,44,18,73,78.2,44.0,44.0,44.0,44.0,36,true,381,37,43,1.5,1.7022727272727274,1.0,0.8863636363636364,1.0,1.6590909090909092,1.7772727272727273,1.0,0.8409090909090909,0.9772727272727273,0.4051048755645752,
results/experiments_results_random/n20/random_n20_p08.json,random_n20_p08.json,results/experiments_results_random/n20,random,27,20,0.8,0.15,,,54,67.5,40.0,40.0,468,32,40,29,63,73.4,40.0,40.0,40.0,40.0,72,true,305,34,40,1.35,1.6875,1.0,0.8,1.0,1.575,1.8350000000000002,1.0,0.85,1.0,0.3712308406829834,
results/experiments_results_random/n20/random_n20_p08.json,random_n20_p08.json,results/experiments_results_random/n20,random,28,20,0.8,0.15,,,65,74.8,52.0,52.0,502,39,51,28,62,69.6,50.0,50.0,50.0,50.0,71,true,310,38,47,1.25,1.4384615384615385,1.0,0.75,0.9807692307692307,1.24,1.392,1.0,0.76,0.94,0.4410240650177002,
results/experiments_results_random/n20/random_n20_p08.json,random_n20_p08.json,results/experiments_results_random/n20,random,29,20,0.8,0.15,,,33,62.4,33.0,33.0,399,32,33,24,48,67.3,33.0,33.0,33.0,33.0,90,true,270,30,33,1.0,1.8909090909090909,1.0,0.9696969696969697,1.0,1.4545454545454546,2.039393939393939,1.0,0.9090909090909091,1.0,0.38663291931152344,
results/experiments_results_random/n20/random_n20_p08.json,random_n20_p08.json,results/experiments_results_random/n20,random,30,20,0.8,0.15,,,60,72.2,42.0,42.0,449,35,42,23,62,70.2,42.0,42.0,42.0,42.0,44,true,325,36,41,1.4285714285714286,1.7190476190476192,1.0,0.8333333333333334,1.0,1.4761904761904763,1.6714285714285715,1.0,0.8571428571428571,0.9761904761904762,0.38768672943115234,
results/experiments_results_random/n20/random_n20_p08.json,random_n20_p08.json,results/experiments_results_random/n20,random,31,20,0.8,0.15,,,68,77.7,43.0,43.0,467,38,43,30,62,71.0,43.0,43.0,43.0,43.0,64,true,300,35,41,1.5813953488372092,1.8069767441860465,1.0,0.8837209302325582,1.0,1.441860465116279,1.6511627906976745,1.0,0.813953488372093,0.9534883720930233,0.37218785285949707,
results/experiments_results_random/n20/random_n20_p08.json,random_n20_p08.json,results/experiments_results_random/n20,random,32,20,0.8,0.15,,,51,70.8,40.0,40.0,456,34,40,34,59,71.3,40.0,40.0,40.0,40.0,85,true,269,31,38,1.275,1.77,1.0,0.85,1.0,1.475,1.7825,1.0,0.775,0.95,0.3675541877746582,
results/experiments_results_random/n20/random_n20_p08.json,random_n20_p08.json,results/experiments_results_random/n20,random,33,20,0.8,0.15,,,51,64.8,35.0,35.0,431,31,35,25,59,69.1,35.0,35.0,35.0,35.0,63,true,307,32,35,1.457142857142857,1.8514285714285714,1.0,0.8857142857142857,1.0,1.6857142857142857,1.9742857142857142,1.0,0.9142857142857143,1.0,0.3654930591583252,
results/experiments_results_random/n20/random_n20_p08.json,random_n20_p08.json,results/experiments_results_random/n20,random,34,20,0.8,0.15,,,62,78.4,43.0,43.0,470,33,43,23,67,79.5,43.0,43.0,43.0,43.0,58,true,334,34,42,1.441860465116279,1.8232558139534885,1.0,0.7674418604651163,1.0,1.558139534883721,1.8488372093023255,1.0,0.7906976744186046,0.9767441860465116,0.4011819362640381,
results/experiments_results_random/n20/random_n20_p08.json,random_n20_p08.json,results/experiments_results_random/n20,random,35,20,0.8,0.15,,,55,75.9,42.0,42.0,452,34,42,30,62,73.4,42.0,42.0,42.0,42.0,80,true,281,31,41,1.3095238095238095,1.8071428571428574,1.0,0.8095238095238095,1.0,1.4761904761904763,1.7476190476190478,1.0,0.7380952380952381,0.9761904761904762,0.37183403968811035,
results/experiments_results_random/n20/random_n20_p08.json,random_n20_p08.json,results/experiments_results_random/n20,random,36,20,0.8,0.15,,,49,70.4,36.0,36.0,405,34,36,24,53,66.7,36.0,36.0,36.0,36.0,53,true,275,31,34,1.3611111111111112,1.9555555555555557,1.0,0.9444444444444444,1.0,1.4722222222222223,1.8527777777777779,1.0,0.8611111111111112,0.9444444444444444,0.3656587600708008,
results/experiments_results_random/n20/random_n20_p08.json,random_n20_p08.json,results/experiments_results_random/n20,random,37,20,0.8,0.15,,,54,68.2,31.0,31.0,402,31,31,33,63,73.9,31.0,31.0,31.0,31.0,96,true,253,29,31,1.7419354838709677,2.2,1.0,1.0,1.0,2.032258064516129,2.383870967741936,1.0,0.9354838709677419,1.0,0.361037015914917,
results/experiments_results_random/n20/random_n20_p08.json,random_n20_p08.json,results/experiments_results_random/n20,random,38,20,0.8,0.15,,,42,59.9,33.0,33.0,402,32,33,35,58,70.1,33.0,33.0,33.0,33.0,78,true,248,29,33,1.2727272727272727,1.8151515151515152,1.0,0.9696969696969697,1.0,1.7575757575757576,2.124242424242424,1.0,0.8787878787878788,1.0,0.34275102615356445,
results/experiments_results_random/n20/random_n20_p08.json,random_n20_p08.json,results/experiments_results_random/n20,random,39,20,0.8,0.15,,,35,51.0,28.0,28.0,366,27,28,33,57,63.9,28.0,28.0,28.0,28.0,65,true,227,27,28,1.25,1.8214285714285714,1.0,0.9642857142857143,1.0,2.0357142857142856,2.282142857142857,1.0,0.9642857142857143,1.0,0.3422422409057617,
results/experiments_results_random/n20/random_n20_p08.json,random_n20_p08.json,results/experiments_results_random/n20,random,40,20,0.8,0.15,,,45,60.6,36.0,36.0,404,33,36,28,45,65.4,36.0,36.0,36.0,36.0,50,true,266,32,34,1.25,1.6833333333333333,1.0,0.9166666666666666,1.0,1.25,1.8166666666666669,1.0,0.8888888888888888,0.9444444444444444,0.3763279914855957,
results/experiments_results_random/n20/random_n20_p08.json,random_n20_p08.json,results/experiments_results_random/n20,random,41,20,0.8,0.15,,,68,80.1,47.0,47.0,503,36,47,21,65,78.3,47.0,47.0,47.0,47.0,44,true,373,37,47,1.446808510638298,1.704255319148936,1.0,0.7659574468085106,1.0,1.3829787234042554,1.6659574468085105,1.0,0.7872340425531915,1.0,0.4088139533996582,
results/experiments_results_random/n20/random_n20_p08.json,random_n20_p08.json,results/experiments_results_random/n20,random,42,20,0.8,0.15,,,44,59.6,32.0,32.0,393,29,32,29,53,70.3,32.0,32.0,32.0,32.0,68,true,264,28,32,1.375,1.8625,1.0,0.90625,1.0,1.65625,2.196875,1.0,0.875,1.0,0.35179996490478516,
results/experiments_results_random/n20/random_n20_p08.json,random_n20_p08.json,results/experiments_results_random/n20,random,43,20,0.8,0.15,,,56,66.8,42.0,42.0,466,37,42,29,68,74.9,42.0,42.0,42.0,42.0,71,true,307,33,40,1.3333333333333333,1.5904761904761904,1.0,0.8809523809523809,1.0,1.619047619047619,1.7833333333333334,1.0,0.7857142857142857,0.9523809523809523,0.37914586067199707,
results/experiments_results_random/n20/random_n20_p08.json,random_n20_p08.json,results/experiments_results_random/n20,random,44,20,0.8,0.15,,,53,76.9,43.0,43.0,487,37,43,24,56,73.9,43.0,43.0,43.0,43.0,64,true,332,34,43,1.2325581395348837,1.7883720930232558,1.0,0.8604651162790697,1.0,1.302325581395349,1.7186046511627908,1.0,0.7906976744186046,1.0,0.3778250217437744,
results/experiments_results_random/n20/random_n20_p08.json,random_n20_p08.json,results/experiments_results_random/n20,random,45,20,0.8,0.15,,,50,69.6,36.0,36.0,441,34,36,25,62,72.2,36.0,36.0,36.0,36.0,49,true,317,32,36,1.3888888888888888,1.9333333333333331,1.0,0.9444444444444444,1.0,1.7222222222222223,2.0055555555555555,1.0,0.8888888888888888,1.0,0.37737083435058594,
results/experiments_results_random/n20/random_n20_p08.json,random_n20_p08.json,results/experiments_results_random/n20,random,46,20,0.8,0.15,,,21,39.8,21.0,21.0,310,20,21,29,21,51.8,21.0,21.0,21.0,21.0,83,true,203,21,21,1.0,1.8952380952380952,1.0,0.9523809523809523,1.0,1.0,2.4666666666666663,1.0,1.0,1.0,0.3483140468597412,
results/experiments_results_random/n20/random_n20_p08.json,random_n20_p08.json,results/experiments_results_random/n20,random,47,20,0.8,0.15,,,62,74.2,41.0,41.0,471,34,41,30,53,76.7,41.0,41.0,41.0,41.0,47,true,316,34,41,1.5121951219512195,1.8097560975609757,1.0,0.8292682926829268,1.0,1.2926829268292683,1.8707317073170733,1.0,0.8292682926829268,1.0,0.357619047164917,
results/experiments_results_random/n20/random_n20_p08.json,random_n20_p08.json,results/experiments_results_random/n20,random,48,20,0.8,0.15,,,48,67.1,37.0,37.0,436,36,37,28,56,70.4,37.0,37.0,37.0,37.0,71,true,290,33,37,1.2972972972972974,1.8135135135135134,1.0,0.972972972972973,1.0,1.5135135135135136,1.9027027027027028,1.0,0.8918918918918919,1.0,0.38521909713745117,
results/experiments_results_random/n20/random_n20_p08.json,random_n20_p08.json,results/experiments_results_random/n20,random,49,20,0.8,0.15,,,50,70.7,38.0,38.0,434,35,38,31,54,69.9,38.0,38.0,38.0,38.0,100,true,262,31,37,1.3157894736842106,1.8605263157894738,1.0,0.9210526315789473,1.0,1.4210526315789473,1.8394736842105264,1.0,0.8157894736842105,0.9736842105263158,0.399446964263916,
results/experiments_results_random/n20/random_n20_p08.json,random_n20_p08.json,results/experiments_results_random/n20,random,50,20,0.8,0.15,,,34,60.2,34.0,34.0,402,30,34,32,56,71.2,34.0,34.0,34.0,34.0,84,true,249,28,33,1.0,1.7705882352941178,1.0,0.8823529411764706,1.0,1.6470588235294117,2.0941176470588236,1.0,0.8235294117647058,0.9705882352941176,0.3481130599975586,
results/experiments_results_random/n20/random_n20_p03.json,random_n20_p03.json,results/experiments_results_random/n20,random,1,20,0.3,0.15,,,43,48.4,35.0,27.0,193,21,25,22,21,26.7,18.0,18.0,16.0,16.0,3,true,62,13,14,1.2285714285714286,1.3828571428571428,0.7714285714285715,0.6,0.7142857142857143,1.1666666666666667,1.4833333333333334,0.8888888888888888,0.7222222222222222,0.7777777777777778,0.5347588062286377,
results/experiments_results_random/n20/random_n20_p03.json,random_n20_p03.json,results/experiments_results_random/n20,random,2,20,0.3,0.15,,,49,55.9,38.0,30.0,225,25,29,29,19,24.1,17.0,17.0,15.0,15.0,3,false,58,11,14,1.2894736842105263,1.4710526315789474,0.7894736842105263,0.6578947368421053,0.7631578947368421,1.1176470588235294,1.4176470588235295,0.8823529411764706,0.6470588235294118,0.8235294117647058,0.4805328845977783,
results/experiments_results_random/n20/random_n20_p03.json,random_n20_p03.json,results/experiments_results_random/n20,random,3,20,0.3,0.15,,,44,47.0,32.0,27.5,185,22,23,24,20,23.0,16.0,16.0,14.5,14.5,3,false,51,11,12,1.375,1.46875,0.859375,0.6875,0.71875,1.25,1.4375,0.90625,0.6875,0.75,0.4291362762451172,
results/experiments_results_random/n20/random_n20_p03.json,random_n20_p03.json,results/experiments_results_random/n20,random,4,20,0.3,0.15,,,31,36.1,27.0,21.5,128,20,20,22,10,12.0,9.0,9.0,8.0,8.0,4,true,21,7,7,1.1481481481481481,1.337037037037037,0.7962962962962963,0.7407407407407407,0.7407407407407407,1.1111111111111112,1.3333333333333333,0.8888888888888888,0.7777777777777778,0.7777777777777778,0.42748284339904785,
results/experiments_results_random/n20/random_n20_p03.json,random_n20_p03.json,results/experiments_results_random/n20,random,5,20,0.3,0.15,,,42,52.6,36.0,27.5,199,23,26,27,20,23.0,17.0,17.0,14.0,14.0,0,true,51,11,13,1.1666666666666667,1.4611111111111112,0.7638888888888888,0.6388888888888888,0.7222222222222222,1.1764705882352942,1.3529411764705883,0.8235294117647058,0.6470588235294118,0.7647058823529411,0.5007002353668213,
results/experiments_results_random/n20/random_n20_p03.json,random_n20_p03.json,results/experiments_results_random/n20,random,6,20,0.3,0.15,,,48,52.0,35.0,27.5,192,25,26,24,25,27.0,17.0,17.0,15.5,15.5,4,true,58,12,14,1.3714285714285714,1.4857142857142858,0.7857142857142857,0.7142857142857143,0.7428571428571429,1.4705882352941178,1.588235294117647,0.9117647058823529,0.7058823529411765,0.8235294117647058,0.4891979694366455,
results/experiments_results_random/n20/random_n20_p03.json,random_n20_p03.json,results/experiments_results_random/n20,random,7,20,0.3,0.15,,,42,49.3,34.0,26.5,186,22,25,25,20,22.8,15.0,16.0,13.5,13.5,4,false,55,10,11,1.2352941176470589,1.45,0.7794117647058824,0.6470588235294118,0.7352941176470589,1.25,1.425,0.84375,0.625,0.6875,0.4822568893432617,
results/experiments_results_random/n20/random_n20_p03.json,random_n20_p03.json,results/experiments_results_random/n20,random,8,20,0.3,0.15,,,45,50.3,37.0,29.0,205,25,28,23,25,28.0,21.0,21.0,17.5,17.5,2,false,69,15,15,1.2162162162162162,1.3594594594594593,0.7837837837837838,0.6756756756756757,0.7567567567567568,1.1904761904761905,1.3333333333333333,0.8333333333333334,0.7142857142857143,0.7142857142857143,0.5079708099365234,
results/experiments_results_random/n20/random_n20_p03.json,random_n20_p03.json,results/experiments_results_random/n20,random,9,20,0.3,0.15,,,39,42.5,30.0,24.0,150,20,23,26,15,16.2,12.0,12.0,11.0,11.0,0,true,32,8,10,1.3,1.4166666666666667,0.8,0.6666666666666666,0.7666666666666667,1.25,1.3499999999999999,0.9166666666666666,0.6666666666666666,0.8333333333333334,0.4966928958892822,
results/experiments_results_random/n20/random_n20_p03.json,random_n20_p03.json,results/experiments_results_random/n20,random,10,20,0.3,0.15,,,48,57.3,38.0,28.5,238,24,28,26,22,27.9,19.0,19.0,15.5,15.5,1,false,71,13,13,1.263157894736842,1.5078947368421052,0.75,0.631578947368421,0.7368421052631579,1.1578947368421053,1.4684210526315788,0.8157894736842105,0.6842105263157895,0.6842105263157895,0.6631360054016113,
results/experiments_results_random/n20/random_n20_p03.json,random_n20_p03.json,results/experiments_results_random/n20,random,11,20,0.3,0.15,,,50,60.4,42.0,33.5,264,28,31,39,20,22.9,16.0,16.0,14.0,14.0,4,false,52,11,12,1.1904761904761905,1.438095238095238,0.7976190476190477,0.6666666666666666,0.7380952380952381,1.25,1.43125,0.875,0.6875,0.75,0.6606218814849854,
results/experiments_results_random/n20/random_n20_p03.json,random_n20_p03.json,results/experiments_results_random/n20,random,12,20,0.3,0.15,,,64,71.1,48.0,35.5,325,30,34,35,25,29.2,22.0,22.0,18.0,18.0,7,true,83,15,16,1.3333333333333333,1.48125,0.7395833333333334,0.625,0.7083333333333334,1.1363636363636365,1.3272727272727272,0.8181818181818182,0.6818181818181818,0.7272727272727273,0.6974608898162842,
results/experiments_results_random/n20/random_n20_p03.json,random_n20_p03.json,results/experiments_results_random/n20,random,13,20,0.3,0.15,,,40,46.2,30.0,24.0,164,18,22,25,15,17.8,13.0,13.0,11.0,11.0,2,false,40,8,11,1.3333333333333333,1.54,0.8,0.6,0.7333333333333333,1.1538461538461537,1.3692307692307693,0.8461538461538461,0.6153846153846154,0.8461538461538461,0.7006049156188965,
results/experiments_results_random/n20/random_n20_p03.json,random_n20_p03.json,results/experiments_results_random/n20,random,14,20,0.3,0.15,,,47,59.5,39.0,30.0,233,25,28,30,19,24.8,17.0,17.0,15.0,15.0,2,false,56,11,13,1.205128205128205,1.5256410256410255,0.7692307692307693,0.6410256410256411,0.717948717948718,1.1176470588235294,1.4588235294117649,0.8823529411764706,0.6470588235294118,0.7647058823529411,0.9029841423034668,
results/experiments_results_random/n20/random_n20_p03.json,random_n20_p03.json,results/experiments_results_random/n20,random,15,20,0.3,0.15,,,43,51.9,33.0,24.5,181,20,22,16,23,27.3,19.0,19.0,16.5,16.5,0,true,73,14,15,1.303030303030303,1.5727272727272728,0.7424242424242424,0.6060606060606061,0.6666666666666666,1.2105263157894737,1.436842105263158,0.868421052631579,0.7368421052631579,0.7894736842105263,0.8822979927062988,
results/experiments_results_random/n20/random_n20_p03.json,random_n20_p03.json,results/experiments_results_random/n20,random,16,20,0.3,0.15,,,42,49.1,34.0,27.5,190,21,25,31,15,16.4,12.0,12.0,12.000000000000014,12.0,1,true,29,8,10,1.2352941176470589,1.4441176470588235,0.8088235294117647,0.6176470588235294,0.7352941176470589,1.25,1.3666666666666665,1.0,0.6666666666666666,0.8333333333333334,0.6056971549987793,
results/experiments_results_random/n20/random_n20_p03.json,random_n20_p03.json,results/experiments_results_random/n20,random,17,20,0.3,0.15,,,44,53.4,35.0,27.5,204,24,27,26,20,23.0,17.0,17.0,14.5,14.5,1,false,58,11,12,1.2571428571428571,1.5257142857142856,0.7857142857142857,0.6857142857142857,0.7714285714285715,1.1764705882352942,1.3529411764705883,0.8529411764705882,0.6470588235294118,0.7058823529411765,0.7993080615997314,
results/experiments_results_random/n20/random_n20_p03.json,random_n20_p03.json,results/experiments_results_random/n20,random,18,20,0.3,0.15,,,52,61.8,39.0,31.0,259,26,29,34,20,22.7,14.0,14.0,13.5,13.5,4,true,49,9,12,1.3333333333333333,1.5846153846153845,0.7948717948717948,0.6666666666666666,0.7435897435897436,1.4285714285714286,1.6214285714285714,0.9642857142857143,0.6428571428571429,0.8571428571428571,0.6781949996948242,
results/experiments_results_random/n20/random_n20_p03.json,random_n20_p03.json,results/experiments_results_random/n20,random,19,20,0.3,0.15,,,48,50.6,38.0,29.0,224,22,27,35,15,17.0,11.0,11.0,10.75,10.75,3,false,35,7,8,1.263157894736842,1.3315789473684212,0.7631578947368421,0.5789473684210527,0.7105263157894737,1.3636363636363635,1.5454545454545454,0.9772727272727273,0.6363636363636364,0.7272727272727273,0.5947589874267578,
results/experiments_results_random/n20/random_n20_p03.json,random_n20_p03.json,results/experiments_results_random/n20,random,20,20,0.3,0.15,,,54,58.6,43.0,33.0,267,29,32,28,26,30.8,22.0,22.0,19.0,19.0,4,false,82,14,17,1.255813953488372,1.3627906976744186,0.7674418604651163,0.6744186046511628,0.7441860465116279,1.1818181818181819,1.4000000000000001,0.8636363636363636,0.6363636363636364,0.7727272727272727,1.2433700561523438,
results/experiments_results_random/n20/random_n20_p03.json,random_n20_p03.json,results/experiments_results_random/n20,random,21,20,0.3,0.15,,,48,58.1,40.0,30.0,243,25,29,30,21,23.3,16.0,16.0,15.0,15.0,1,false,52,11,12,1.2,1.4525000000000001,0.75,0.625,0.725,1.3125,1.45625,0.9375,0.6875,0.75,0.8816390037536621,
results/experiments_results_random/n20/random_n20_p03.json,random_n20_p03.json,results/experiments_results_random/n20,random,22,20,0.3,0.15,,,44,50.4,35.0,29.0,199,22,27,31,18,21.9,15.0,15.0,13.5,13.5,3,false,46,9,11,1.2571428571428571,1.44,0.8285714285714286,0.6285714285714286,0.7714285714285715,1.2,1.46,0.9,0.6,0.7333333333333333,0.6292130947113037,
results/experiments_results_random/n20/random_n20_p03.json,random_n20_p03.json,results/experiments_results_random/n20,random,23,20,0.3,0.15,,,45,49.5,36.0,27.0,194,23,26,29,17,19.1,14.0,14.0,12.0,12.0,5,false,37,10,11,1.25,1.375,0.75,0.6388888888888888,0.7222222222222222,1.2142857142857142,1.3642857142857143,0.8571428571428571,0.7142857142857143,0.7857142857142857,0.6634471416473389,
results/experiments_results_random/n20/random_n20_p03.json,random_n20_p03.json,results/experiments_results_random/n20,random,24,20,0.3,0.15,,,44,51.1,33.0,26.5,195,20,24,25,18,22.8,15.0,15.0,13.5,13.5,0,true,57,11,12,1.3333333333333333,1.5484848484848486,0.803030303030303,0.6060606060606061,0.7272727272727273,1.2,1.52,0.9,0.7333333333333333,0.8,0.6699700355529785,
results/experiments_results_random/n20/random_n20_p03.json,random_n20_p03.json,results/experiments_results_random/n20,random,25,20,0.3,0.15,,,53,61.4,43.0,32.5,265,27,31,33,23,26.1,18.0,18.0,16.0,16.0,7,false,59,12,13,1.2325581395348837,1.427906976744186,0.7558139534883721,0.627906976744186,0.7209302325581395,1.2777777777777777,1.4500000000000002,0.8888888888888888,0.6666666666666666,0.7222222222222222,0.8676791191101074,
results/experiments_results_random/n20/random_n20_p03.json,random_n20_p03.json,results/experiments_results_random/n20,random,26,20,0.3,0.15,,,50,55.8,37.0,30.0,220,25,29,18,30,35.3,23.0,23.0,21.0,21.0,5,false,99,16,18,1.3513513513513513,1.508108108108108,0.8108108108108109,0.6756756756756757,0.7837837837837838,1.3043478260869565,1.534782608695652,0.9130434782608695,0.6956521739130435,0.782608695652174,0.8107428550720215,
results/experiments_results_random/n20/random_n20_p03.json,random_n20_p03.json,results/experiments_results_random/n20,random,27,20,0.3,0.15,,,43,50.0,35.0,26.0,186,24,24,29,14,15.9,10.0,10.0,10.0,10.0,3,false,28,7,8,1.2285714285714286,1.4285714285714286,0.7428571428571429,0.6857142857142857,0.6857142857142857,1.4,1.59,1.0,0.7,0.8,0.7716050148010254,
results/experiments_results_random/n20/random_n20_p03.json,random_n20_p03.json,results/experiments_results_random/n20,random,28,20,0.3,0.15,,,33,41.0,28.0,23.5,148,19,21,28,11,13.2,9.0,9.0,8.0,8.0,0,true,22,7,7,1.1785714285714286,1.4642857142857142,0.8392857142857143,0.6785714285714286,0.75,1.2222222222222223,1.4666666666666666,0.8888888888888888,0.7777777777777778,0.7777777777777778,0.5687150955200195,
results/experiments_results_random/n20/random_n20_p03.json,random_n20_p03.json,results/experiments_results_random/n20,random,29,20,0.3,0.15,,,49,55.4,39.0,30.5,229,27,29,24,23,28.7,19.0,20.0,18.5,18.5,8,false,77,14,15,1.2564102564102564,1.4205128205128206,0.782051282051282,0.6923076923076923,0.7435897435897436,1.15,1.435,0.925,0.7,0.75,0.690248966217041,
results/experiments_results_random/n20/random_n20_p03.json,random_n20_p03.json,results/experiments_results_random/n20,random,30,20,0.3,0.15,,,41,48.4,34.0,27.0,201,22,25,23,21,26.1,18.0,18.0,15.5,15.5,1,false,69,13,13,1.2058823529411764,1.423529411764706,0.7941176470588235,0.6470588235294118,0.7352941176470589,1.1666666666666667,1.4500000000000002,0.8611111111111112,0.7222222222222222,0.7222222222222222,0.6790668964385986,
results/experiments_results_random/n20/random_n20_p03.json,random_n20_p03.json,results/experiments_results_random/n20,random,31,20,0.3,0.15,,,39,41.5,30.0,24.5,165,20,22,30,11,12.7,9.0,10.0,9.0,9.25,2,false,20,7,7,1.3,1.3833333333333333,0.8166666666666667,0.6666666666666666,0.7333333333333333,1.1,1.27,0.925,0.7,0.7,0.5053210258483887,
results/experiments_results_random/n20/random_n20_p03.json,random_n20_p03.json,results/experiments_results_random/n20,random,32,20,0.3,0.15,,,54,59.9,40.0,30.5,240,24,28,34,19,21.4,16.0,16.0,13.5,13.5,2,false,45,11,13,1.35,1.4975,0.7625,0.6,0.7,1.1875,1.3375,0.84375,0.6875,0.8125,0.5988337993621826,
results/experiments_results_random/n20/random_n20_p03.json,random_n20_p03.json,results/experiments_results_random/n20,random,33,20,0.3,0.15,,,43,48.3,36.0,28.0,206,23,26,25,23,25.2,18.0,18.0,15.5,15.5,5,true,71,12,14,1.1944444444444444,1.3416666666666666,0.7777777777777778,0.6388888888888888,0.7222222222222222,1.2777777777777777,1.4,0.8611111111111112,0.6666666666666666,0.7777777777777778,0.6462767124176025,
results/experiments_results_random/n20/random_n20_p03.json,random_n20_p03.json,results/experiments_results_random/n20,random,34,20,0.3,0.15,,,45,52.9,38.0,28.0,211,25,25,23,24,27.5,20.0,20.0,16.5,16.5,3,false,73,13,15,1.1842105263157894,1.3921052631578947,0.7368421052631579,0.6578947368421053,0.6578947368421053,1.2,1.375,0.825,0.65,0.75,0.8121793270111084,
results/experiments_results_random/n20/random_n20_p03.json,random_n20_p03.json,results/experiments_results_random/n20,random,35,20,0.3,0.15,,,49,61.8,40.0,31.0,244,26,30,30,24,28.9,17.0,18.0,16.0,16.0,9,false,61,14,14,1.225,1.545,0.775,0.65,0.75,1.3333333333333333,1.6055555555555554,0.8888888888888888,0.7777777777777778,0.7777777777777778,0.6685507297515869,
results/experiments_results_random/n20/random_n20_p03.json,random_n20_p03.json,results/experiments_results_random/n20,random,36,20,0.3,0.15,,,51,56.7,39.0,29.5,233,25,27,24,23,29.4,21.0,21.0,17.5,17.5,2,false,78,13,15,1.3076923076923077,1.453846153846154,0.7564102564102564,0.6410256410256411,0.6923076923076923,1.0952380952380953,1.4,0.8333333333333334,0.6190476190476191,0.7142857142857143,0.6659259796142578,
results/experiments_results_random/n20/random_n20_p03.json,random_n20_p03.json,results/experiments_results_random/n20,random,37,20,0.3,0.15,,,60,64.5,43.0,34.5,294,30,31,33,28,30.4,22.0,22.0,18.0,18.0,3,false,84,14,16,1.3953488372093024,1.5,0.8023255813953488,0.6976744186046512,0.7209302325581395,1.2727272727272727,1.3818181818181818,0.8181818181818182,0.6363636363636364,0.7272727272727273,0.6565937995910645,
results/experiments_results_random/n20/random_n20_p03.json,random_n20_p03.json,results/experiments_results_random/n20,random,38,20,0.3,0.15,,,56,66.1,45.0,33.5,295,29,31,35,22,25.6,18.0,18.0,15.5,15.5,3,false,68,12,14,1.2444444444444445,1.4688888888888887,0.7444444444444445,0.6444444444444445,0.6888888888888889,1.2222222222222223,1.4222222222222223,0.8611111111111112,0.6666666666666666,0.7777777777777778,0.9893748760223389,
results/experiments_results_random/n20/random_n20_p03.json,random_n20_p03.json,results/experiments_results_random/n20,random,39,20,0.3,0.15,,,56,61.5,42.0,31.5,256,26,31,33,20,24.9,16.0,16.0,14.5,14.5,3,false,52,11,12,1.3333333333333333,1.4642857142857142,0.75,0.6190476190476191,0.7380952380952381,1.25,1.55625,0.90625,0.6875,0.75,0.9546787738800049,
results/experiments_results_random/n20/random_n20_p03.json,random_n20_p03.json,results/experiments_results_random/n20,random,40,20,0.3,0.15,,,44,49.1,36.0,28.0,211,23,26,28,19,23.0,16.0,16.0,14.0,14.0,4,false,52,12,13,1.2222222222222223,1.363888888888889,0.7777777777777778,0.6388888888888888,0.7222222222222222,1.1875,1.4375,0.875,0.75,0.8125,0.6183669567108154,
results/experiments_results_random/n20/random_n20_p03.json,random_n20_p03.json,results/experiments_results_random/n20,random,41,20,0.3,0.15,,,41,45.7,31.0,25.5,175,20,25,21,23,24.9,18.0,18.0,15.0,15.0,1,false,63,13,14,1.3225806451612903,1.474193548387097,0.8225806451612904,0.6451612903225806,0.8064516129032258,1.2777777777777777,1.3833333333333333,0.8333333333333334,0.7222222222222222,0.7777777777777778,0.7020049095153809,
results/experiments_results_random/n20/random_n20_p03.json,random_n20_p03.json,results/experiments_results_random/n20,random,42,20,0.3,0.15,,,45,53.5,35.0,27.5,204,26,27,29,18,21.0,15.0,15.0,13.0,13.0,5,false,48,10,12,1.2857142857142858,1.5285714285714285,0.7857142857142857,0.7428571428571429,0.7714285714285715,1.2,1.4,0.8666666666666667,0.6666666666666666,0.8,0.7069497108459473,
results/experiments_results_random/n20/random_n20_p03.json,random_n20_p03.json,results/experiments_results_random/n20,random,43,20,0.3,0.15,,,43,46.7,33.0,26.5,184,22,25,29,16,19.3,13.0,13.0,12.0,12.0,0,true,42,9,10,1.303030303030303,1.4151515151515153,0.803030303030303,0.6666666666666666,0.7575757575757576,1.2307692307692308,1.4846153846153847,0.9230769230769231,0.6923076923076923,0.7692307692307693,0.5996379852294922,
results/experiments_results_random/n20/random_n20_p03.json,random_n20_p03.json,results/experiments_results_random/n20,random,44,20,0.3,0.15,,,50,57.3,38.0,30.5,237,27,29,24,28,33.2,24.0,24.0,18.5,18.5,3,false,93,15,18,1.3157894736842106,1.5078947368421052,0.8026315789473685,0.7105263157894737,0.7631578947368421,1.1666666666666667,1.3833333333333335,0.7708333333333334,0.625,0.75,0.6768639087677002,
results/experiments_results_random/n20/random_n20_p03.json,random_n20_p03.json,results/experiments_results_random/n20,random,45,20,0.3,0.15,,,43,49.3,33.0,25.0,189,22,25,25,14,19.0,13.0,13.0,12.0,12.0,1,true,48,10,10,1.303030303030303,1.493939393939394,0.7575757575757576,0.6666666666666666,0.7575757575757576,1.0769230769230769,1.4615384615384615,0.9230769230769231,0.7692307692307693,0.7692307692307693,0.6528902053833008,
results/experiments_results_random/n20/random_n20_p03.json,random_n20_p03.json,results/experiments_results_random/n20,random,46,20,0.3,0.15,,,48,55.4,38.0,30.5,222,24,28,29,22,25.9,18.0,18.0,16.0,16.0,8,false,55,12,14,1.263157894736842,1.4578947368421051,0.8026315789473685,0.631578947368421,0.7368421052631579,1.2222222222222223,1.4388888888888889,0.8888888888888888,0.6666666666666666,0.7777777777777778,0.9247837066650391,
results/experiments_results_random/n20/random_n20_p03.json,random_n20_p03.json,results/experiments_results_random/n20,random,47,20,0.3,0.15,,,38,48.0,34.0,26.5,187,23,24,30,18,19.1,12.0,12.0,11.5,11.5,0,true,38,9,9,1.1176470588235294,1.411764705882353,0.7794117647058824,0.6764705882352942,0.7058823529411765,1.5,1.5916666666666668,0.9583333333333334,0.75,0.75,0.7938840389251709,
results/experiments_results_random/n20/random_n20_p03.json,random_n20_p03.json,results/experiments_results_random/n20,random,48,20,0.3,0.15,,,43,47.0,33.0,25.0,170,22,23,28,11,15.3,9.0,9.0,9.0,9.0,0,true,28,7,8,1.303030303030303,1.4242424242424243,0.7575757575757576,0.6666666666666666,0.696969696969697,1.2222222222222223,1.7000000000000002,1.0,0.7777777777777778,0.8888888888888888,0.818091869354248,
results/experiments_results_random/n20/random_n20_p03.json,random_n20_p03.json,results/experiments_results_random/n20,random,49,20,0.3,0.15,,,45,51.6,36.0,29.0,218,25,27,31,17,19.9,14.0,15.0,13.5,13.5,4,false,43,11,11,1.25,1.4333333333333333,0.8055555555555556,0.6944444444444444,0.75,1.1333333333333333,1.3266666666666667,0.9,0.7333333333333333,0.7333333333333333,0.7379970550537109,
results/experiments_results_random/n20/random_n20_p03.json,random_n20_p03.json,results/experiments_results_random/n20,random,50,20,0.3,0.15,,,57,63.7,41.0,32.5,260,27,32,32,27,29.4,20.0,20.0,16.5,16.5,7,true,66,14,14,1.3902439024390243,1.553658536585366,0.7926829268292683,0.6585365853658537,0.7804878048780488,1.35,1.47,0.825,0.7,0.7,1.2598578929901123,
results/experiments_results_random/n20/random_n20_p02.json,random_n20_p02.json,results/experiments_results_random/n20,random,1,20,0.2,0.15,,,23,25.0,19.0,15.0,80,15,13,22,2,3.0,2.0,2.0,1.5,1.5,0,true,3,1,1,1.2105263157894737,1.3157894736842106,0.7894736842105263,0.7894736842105263,0.6842105263157895,1.0,1.5,0.75,0.5,0.5,0.43563079833984375,
results/experiments_results_random/n20/random_n20_p02.json,random_n20_p02.json,results/experiments_results_random/n20,random,2,20,0.2,0.15,,,30,36.9,26.0,20.0,118,17,19,29,5,6.2,5.0,5.0,4.5,4.5,0,true,10,3,4,1.1538461538461537,1.419230769230769,0.7692307692307693,0.6538461538461539,0.7307692307692307,1.0,1.24,0.9,0.6,0.8,0.35680699348449707,
results/experiments_results_random/n20/random_n20_p02.json,random_n20_p02.json,results/experiments_results_random/n20,random,3,20,0.2,0.15,,,26,29.6,20.0,16.5,88,13,15,24,5,5.9,4.0,4.0,4.0,4.0,0,true,9,4,4,1.3,1.48,0.825,0.65,0.75,1.25,1.475,1.0,1.0,1.0,0.4095418453216553,
results/experiments_results_random/n20/random_n20_p02.json,random_n20_p02.json,results/experiments_results_random/n20,random,4,20,0.2,0.15,,,20,22.8,16.0,13.5,62,10,12,22,2,2.8,2.0,2.0,2.0,2.0,0,true,4,2,2,1.25,1.425,0.84375,0.625,0.75,1.0,1.4,1.0,1.0,1.0,0.4236640930175781,
results/experiments_results_random/n20/random_n20_p02.json,random_n20_p02.json,results/experiments_results_random/n20,random,5,20,0.2,0.15,,,23,30.0,19.0,17.5,84,12,14,27,3,3.5,3.0,3.0,3.0,3.0,0,true,4,2,3,1.2105263157894737,1.5789473684210527,0.9210526315789473,0.631578947368421,0.7368421052631579,1.0,1.1666666666666667,1.0,0.6666666666666666,1.0,0.34996604919433594,
results/experiments_results_random/n20/random_n20_p02.json,random_n20_p02.json,results/experiments_results_random/n20,random,6,20,0.2,0.15,,,26,28.5,19.0,17.5,76,14,16,24,4,5.7,3.0,3.0,3.0,3.0,1,false,5,3,3,1.368421052631579,1.5,0.9210526315789473,0.7368421052631579,0.8421052631578947,1.3333333333333333,1.9000000000000001,1.0,1.0,1.0,0.3699951171875,
results/experiments_results_random/n20/random_n20_p02.json,random_n20_p02.json,results/experiments_results_random/n20,random,7,20,0.2,0.15,,,28,31.8,23.0,18.0,95,13,17,25,5,6.9,5.0,5.0,5.0,5.0,0,true,10,3,4,1.2173913043478262,1.382608695652174,0.782608695652174,0.5652173913043478,0.7391304347826086,1.0,1.3800000000000001,1.0,0.6,0.8,0.37531328201293945,
results/experiments_results_random/n20/random_n20_p02.json,random_n20_p02.json,results/experiments_results_random/n20,random,8,20,0.2,0.15,,,30,34.9,23.0,19.0,109,16,17,23,7,9.6,7.0,7.0,6.5,6.666666666666657,1,false,13,6,6,1.3043478260869565,1.517391304347826,0.8260869565217391,0.6956521739130435,0.7391304347826086,1.0,1.3714285714285714,0.952380952380951,0.8571428571428571,0.8571428571428571,0.4453399181365967,
results/experiments_results_random/n20/random_n20_p02.json,random_n20_p02.json,results/experiments_results_random/n20,random,9,20,0.2,0.15,,,22,27.6,19.0,16.5,79,14,14,26,2,2.9,2.0,2.0,2.0,2.0,0,true,4,2,2,1.1578947368421053,1.4526315789473685,0.868421052631579,0.7368421052631579,0.7368421052631579,1.0,1.45,1.0,1.0,1.0,0.35160398483276367,
results/experiments_results_random/n20/random_n20_p02.json,random_n20_p02.json,results/experiments_results_random/n20,random,10,20,0.2,0.15,,,27,32.0,22.0,17.0,92,15,15,26,3,3.7,3.0,3.0,3.0,3.0,0,true,4,3,3,1.2272727272727273,1.4545454545454546,0.7727272727272727,0.6818181818181818,0.6818181818181818,1.0,1.2333333333333334,1.0,1.0,1.0,0.389711856842041,
results/experiments_results_random/n20/random_n20_p02.json,random_n20_p02.json,results/experiments_results_random/n20,random,11,20,0.2,0.15,,,39,45.0,31.0,23.5,157,22,22,39,2,2.6,1.0,2.0,1.0,2.0,1,false,3,1,1,1.2580645161290323,1.4516129032258065,0.7580645161290323,0.7096774193548387,0.7096774193548387,1.0,1.3,1.0,0.5,0.5,0.3939671516418457,
results/experiments_results_random/n20/random_n20_p02.json,random_n20_p02.json,results/experiments_results_random/n20,random,12,20,0.2,0.15,,,44,47.0,32.0,24.0,162,21,22,35,6,6.3,6.0,6.0,6.0,6.0,0,true,7,5,6,1.375,1.46875,0.75,0.65625,0.6875,1.0,1.05,1.0,0.8333333333333334,1.0,0.3978102207183838,
results/experiments_results_random/n20/random_n20_p02.json,random_n20_p02.json,results/experiments_results_random/n20,random,13,20,0.2,0.15,,,24,28.3,21.0,17.0,88,15,16,25,4,5.1,4.0,4.0,4.0,4.0,0,true,8,4,4,1.1428571428571428,1.3476190476190477,0.8095238095238095,0.7142857142857143,0.7619047619047619,1.0,1.275,1.0,1.0,1.0,0.429642915725708,
results/experiments_results_random/n20/random_n20_p02.json,random_n20_p02.json,results/experiments_results_random/n20,random,14,20,0.2,0.15,,,37,45.6,29.0,22.0,151,19,20,30,6,7.4,5.0,6.0,5.0,6.0,1,false,13,3,5,1.2758620689655173,1.5724137931034483,0.7586206896551724,0.6551724137931034,0.6896551724137931,1.0,1.2333333333333334,1.0,0.5,0.8333333333333334,0.39456629753112793,
results/experiments_results_random/n20/random_n20_p02.json,random_n20_p02.json,results/experiments_results_random/n20,random,15,20,0.2,0.15,,,20,23.6,17.0,12.0,52,10,11,16,3,3.9,3.0,3.0,3.0,3.0,0,true,6,3,3,1.1764705882352942,1.3882352941176472,0.7058823529411765,0.5882352941176471,0.6470588235294118,1.0,1.3,1.0,1.0,1.0,0.4389991760253906,
results/experiments_results_random/n20/random_n20_p02.json,random_n20_p02.json,results/experiments_results_random/n20,random,16,20,0.2,0.15,,,32,38.3,25.0,21.0,133,16,18,31,5,6.3,4.0,4.0,4.0,4.0,0,true,10,4,4,1.28,1.5319999999999998,0.84,0.64,0.72,1.25,1.575,1.0,1.0,1.0,0.36789703369140625,
results/experiments_results_random/n20/random_n20_p02.json,random_n20_p02.json,results/experiments_results_random/n20,random,17,20,0.2,0.15,,,29,36.1,23.0,18.0,102,15,17,26,5,5.3,5.0,5.0,4.5,4.5,0,true,7,4,4,1.2608695652173914,1.5695652173913044,0.782608695652174,0.6521739130434783,0.7391304347826086,1.0,1.06,0.9,0.8,0.8,0.4812769889831543,
results/experiments_results_random/n20/random_n20_p02.json,random_n20_p02.json,results/experiments_results_random/n20,random,18,20,0.2,0.15,,,34,41.1,28.0,21.5,142,18,20,34,3,3.8,3.0,3.0,3.0,3.0,0,true,5,2,3,1.2142857142857142,1.467857142857143,0.7678571428571429,0.6428571428571429,0.7142857142857143,1.0,1.2666666666666666,1.0,0.6666666666666666,1.0,0.3939378261566162,
results/experiments_results_random/n20/random_n20_p02.json,random_n20_p02.json,results/experiments_results_random/n20,random,19,20,0.2,0.15,,,37,42.3,29.0,23.0,157,19,22,35,6,7.2,6.0,6.0,5.5,5.5,0,true,12,4,4,1.2758620689655173,1.4586206896551723,0.7931034482758621,0.6551724137931034,0.7586206896551724,1.0,1.2,0.9166666666666666,0.6666666666666666,0.6666666666666666,0.3841729164123535,
results/experiments_results_random/n20/random_n20_p02.json,random_n20_p02.json,results/experiments_results_random/n20,random,20,20,0.2,0.15,,,32,34.4,25.0,20.0,114,15,17,28,5,6.7,4.0,4.0,4.0,4.0,0,true,10,4,4,1.28,1.376,0.8,0.6,0.68,1.25,1.675,1.0,1.0,1.0,0.41121792793273926,
results/experiments_results_random/n20/random_n20_p02.json,random_n20_p02.json,results/experiments_results_random/n20,random,21,20,0.2,0.15,,,35,41.4,28.0,21.0,135,18,20,30,6,7.3,5.0,5.0,5.0,5.0,1,false,8,4,4,1.25,1.4785714285714284,0.75,0.6428571428571429,0.7142857142857143,1.2,1.46,1.0,0.8,0.8,0.4022562503814697,
results/experiments_results_random/n20/random_n20_p02.json,random_n20_p02.json,results/experiments_results_random/n20,random,22,20,0.2,0.15,,,32,36.0,24.0,22.0,122,16,19,31,4,7.0,4.0,4.0,3.5,3.5,0,true,12,3,3,1.3333333333333333,1.5,0.9166666666666666,0.6666666666666666,0.7916666666666666,1.0,1.75,0.875,0.75,0.75,0.3553009033203125,
results/experiments_results_random/n20/random_n20_p02.json,random_n20_p02.json,results/experiments_results_random/n20,random,23,20,0.2,0.15,,,30,35.9,25.0,19.5,114,17,19,29,4,4.8,3.0,3.0,3.0,3.0,0,true,5,3,3,1.2,1.436,0.78,0.68,0.76,1.3333333333333333,1.5999999999999999,1.0,1.0,1.0,0.3561868667602539,
results/experiments_results_random/n20/random_n20_p02.json,random_n20_p02.json,results/experiments_results_random/n20,random,24,20,0.2,0.15,,,23,28.5,20.0,16.5,85,13,14,25,5,5.6,4.0,4.0,4.0,4.0,0,true,8,3,4,1.15,1.425,0.825,0.65,0.7,1.25,1.4,1.0,0.75,1.0,0.4582970142364502,
results/experiments_results_random/n20/random_n20_p02.json,random_n20_p02.json,results/experiments_results_random/n20,random,25,20,0.2,0.15,,,29,35.2,24.0,19.5,109,16,18,33,3,3.0,2.0,2.0,2.0,2.0,0,true,4,2,2,1.2083333333333333,1.4666666666666668,0.8125,0.6666666666666666,0.75,1.5,1.5,1.0,1.0,1.0,0.34612607955932617,
results/experiments_results_random/n20/random_n20_p02.json,random_n20_p02.json,results/experiments_results_random/n20,random,26,20,0.2,0.15,,,22,27.3,18.0,15.0,66,12,14,18,6,7.1,5.0,5.0,4.5,4.5,0,true,11,4,4,1.2222222222222223,1.5166666666666666,0.8333333333333334,0.6666666666666666,0.7777777777777778,1.2,1.42,0.9,0.8,0.8,0.3755979537963867,
results/experiments_results_random/n20/random_n20_p02.json,random_n20_p02.json,results/experiments_results_random/n20,random,27,20,0.2,0.15,,,26,33.0,23.0,18.0,97,15,16,29,1,1.6,0.0,1.0,0.0,1.0,1,false,0,0,0,1.1304347826086956,1.434782608695652,0.782608695652174,0.6521739130434783,0.6956521739130435,1.0,1.6,1.0,0.0,0.0,0.38872218132019043,
results/experiments_results_random/n20/random_n20_p02.json,random_n20_p02.json,results/experiments_results_random/n20,random,28,20,0.2,0.15,,,29,32.0,22.0,18.0,94,14,16,28,3,3.1,3.0,3.0,3.0,3.0,0,true,4,3,3,1.3181818181818181,1.4545454545454546,0.8181818181818182,0.6363636363636364,0.7272727272727273,1.0,1.0333333333333334,1.0,1.0,1.0,0.4620680809020996,
results/experiments_results_random/n20/random_n20_p02.json,random_n20_p02.json,results/experiments_results_random/n20,random,29,20,0.2,0.15,,,27,32.3,22.0,17.5,90,15,16,24,3,3.8,3.0,3.0,3.0,3.0,0,true,5,3,3,1.2272727272727273,1.468181818181818,0.7954545454545454,0.6818181818181818,0.7272727272727273,1.0,1.2666666666666666,1.0,1.0,1.0,0.5263948440551758,
results/experiments_results_random/n20/random_n20_p02.json,random_n20_p02.json,results/experiments_results_random/n20,random,30,20,0.2,0.15,,,26,28.2,21.0,17.0,91,13,16,23,3,3.4,3.0,3.0,3.0,3.0,0,true,7,2,2,1.2380952380952381,1.3428571428571427,0.8095238095238095,0.6190476190476191,0.7619047619047619,1.0,1.1333333333333333,1.0,0.6666666666666666,0.6666666666666666,0.5797991752624512,
results/experiments_results_random/n20/random_n20_p02.json,random_n20_p02.json,results/experiments_results_random/n20,random,31,20,0.2,0.15,,,23,28.3,21.0,16.5,94,12,14,30,0,0.0,0.0,0.0,0.0,0.0,0,true,0,0,0,1.0952380952380953,1.3476190476190477,0.7857142857142857,0.5714285714285714,0.6666666666666666,,,,,,0.40583205223083496,
results/experiments_results_random/n20/random_n20_p02.json,random_n20_p02.json,results/experiments_results_random/n20,random,32,20,0.2,0.15,,,36,44.3,30.0,22.5,153,17,21,34,5,5.6,4.0,4.0,4.0,4.0,0,true,9,3,4,1.2,1.4766666666666666,0.75,0.5666666666666667,0.7,1.25,1.4,1.0,0.75,1.0,0.48628997802734375,
results/experiments_results_random/n20/random_n20_p02.json,random_n20_p02.json,results/experiments_results_random/n20,random,33,20,0.2,0.15,,,27,34.7,23.0,18.5,105,16,17,25,7,7.9,5.0,5.0,5.0,5.0,0,true,12,5,5,1.173913043478261,1.5086956521739132,0.8043478260869565,0.6956521739130435,0.7391304347826086,1.4,1.58,1.0,1.0,1.0,0.4733920097351074,
results/experiments_results_random/n20/random_n20_p02.json,random_n20_p02.json,results/experiments_results_random/n20,random,34,20,0.2,0.15,,,27,29.8,21.0,16.0,79,13,14,23,4,4.6,4.0,4.0,3.5,3.5,0,true,6,3,3,1.2857142857142858,1.4190476190476191,0.7619047619047619,0.6190476190476191,0.6666666666666666,1.0,1.15,0.875,0.75,0.75,0.6512451171875,
results/experiments_results_random/n20/random_n20_p02.json,random_n20_p02.json,results/experiments_results_random/n20,random,35,20,0.2,0.15,,,35,38.6,27.0,20.0,121,17,18,30,4,5.0,3.0,3.0,3.0,3.0,0,true,4,3,3,1.2962962962962963,1.4296296296296296,0.7407407407407407,0.6296296296296297,0.6666666666666666,1.3333333333333333,1.6666666666666667,1.0,1.0,1.0,0.9642539024353027,
results/experiments_results_random/n20/random_n20_p02.json,random_n20_p02.json,results/experiments_results_random/n20,random,36,20,0.2,0.15,,,32,33.8,25.0,19.0,111,15,18,24,6,8.3,6.0,6.0,6.0,6.0,0,true,13,4,5,1.28,1.3519999999999999,0.76,0.6,0.72,1.0,1.3833333333333335,1.0,0.6666666666666666,0.8333333333333334,0.6290078163146973,
results/experiments_results_random/n20/random_n20_p02.json,random_n20_p02.json,results/experiments_results_random/n20,random,37,20,0.2,0.15,,,38,40.9,27.0,21.5,137,17,20,33,3,4.1,3.0,3.0,3.0,3.0,0,true,7,3,3,1.4074074074074074,1.5148148148148148,0.7962962962962963,0.6296296296296297,0.7407407407407407,1.0,1.3666666666666665,1.0,1.0,1.0,0.5011050701141357,
results/experiments_results_random/n20/random_n20_p02.json,random_n20_p02.json,results/experiments_results_random/n20,random,38,20,0.2,0.15,,,30,38.1,24.0,20.0,120,16,19,35,2,2.0,2.0,2.0,2.0,2.0,0,true,2,2,2,1.25,1.5875000000000001,0.8333333333333334,0.6666666666666666,0.7916666666666666,1.0,1.0,1.0,1.0,1.0,0.5619630813598633,
results/experiments_results_random/n20/random_n20_p02.json,random_n20_p02.json,results/experiments_results_random/n20,random,39,20,0.2,0.15,,,35,41.0,28.0,21.5,143,17,20,33,4,5.0,3.0,3.0,3.0,3.0,0,true,6,3,3,1.25,1.4642857142857142,0.7678571428571429,0.6071428571428571,0.7142857142857143,1.3333333333333333,1.6666666666666667,1.0,1.0,1.0,0.642866849899292,
results/experiments_results_random/n20/random_n20_p02.json,random_n20_p02.json,results/experiments_results_random/n20,random,40,20,0.2,0.15,,,20,25.7,19.0,16.0,81,15,14,28,2,2.2,2.0,2.0,1.5,1.5,0,true,3,1,1,1.0526315789473684,1.3526315789473684,0.8421052631578947,0.7894736842105263,0.7368421052631579,1.0,1.1,0.75,0.5,0.5,0.5114650726318359,
results/experiments_results_random/n20/random_n20_p02.json,random_n20_p02.json,results/experiments_results_random/n20,random,41,20,0.2,0.15,,,24,27.8,19.0,16.0,76,13,14,21,5,6.6,5.0,5.0,5.0,5.0,0,true,8,3,4,1.263157894736842,1.4631578947368422,0.8421052631578947,0.6842105263157895,0.7368421052631579,1.0,1.3199999999999998,1.0,0.6,0.8,0.8629660606384277,
results/experiments_results_random/n20/random_n20_p02.json,random_n20_p02.json,results/experiments_results_random/n20,random,42,20,0.2,0.15,,,32,40.9,26.0,19.5,127,16,19,29,3,3.9,3.0,3.0,3.0,3.0,0,true,6,3,3,1.2307692307692308,1.573076923076923,0.75,0.6153846153846154,0.7307692307692307,1.0,1.3,1.0,1.0,1.0,0.5785577297210693,
results/experiments_results_random/n20/random_n20_p02.json,random_n20_p02.json,results/experiments_results_random/n20,random,43,20,0.2,0.15,,,26,29.5,21.0,17.0,88,14,15,29,1,1.0,1.0,1.0,1.0,1.0,0,true,1,1,1,1.2380952380952381,1.4047619047619047,0.8095238095238095,0.6666666666666666,0.7142857142857143,1.0,1.0,1.0,1.0,1.0,0.6555497646331787,
results/experiments_results_random/n20/random_n20_p02.json,random_n20_p02.json,results/experiments_results_random/n20,random,44,20,0.2,0.15,,,28,34.5,24.0,20.0,110,16,19,24,7,10.7,7.0,7.0,7.0,7.0,0,true,17,5,7,1.1666666666666667,1.4375,0.8333333333333334,0.6666666666666666,0.7916666666666666,1.0,1.5285714285714285,1.0,0.7142857142857143,1.0,0.5473787784576416,
results/experiments_results_random/n20/random_n20_p02.json,random_n20_p02.json,results/experiments_results_random/n20,random,45,20,0.2,0.15,,,24,29.8,20.0,16.0,84,13,14,25,3,3.0,3.0,3.0,3.0,3.0,0,true,3,3,3,1.2,1.49,0.8,0.65,0.7,1.0,1.0,1.0,1.0,1.0,0.5510740280151367,
results/experiments_results_random/n20/random_n20_p02.json,random_n20_p02.json,results/experiments_results_random/n20,random,46,20,0.2,0.15,,,32,38.2,26.0,21.0,120,20,20,29,5,6.4,4.0,4.0,4.0,4.0,0,true,7,4,4,1.2307692307692308,1.4692307692307693,0.8076923076923077,0.7692307692307693,0.7692307692307693,1.25,1.6,1.0,1.0,1.0,0.525752067565918,
results/experiments_results_random/n20/random_n20_p02.json,random_n20_p02.json,results/experiments_results_random/n20,random,47,20,0.2,0.15,,,30,37.2,25.0,19.5,125,17,19,30,2,2.8,2.0,2.0,2.0,2.0,0,true,4,2,2,1.2,1.4880000000000002,0.78,0.68,0.76,1.0,1.4,1.0,1.0,1.0,0.5806252956390381,
results/experiments_results_random/n20/random_n20_p02.json,random_n20_p02.json,results/experiments_results_random/n20,random,48,20,0.2,0.15,,,29,33.3,25.0,18.0,105,15,16,28,4,4.3,4.0,4.0,3.0,3.0,0,true,6,2,2,1.16,1.3319999999999999,0.72,0.6,0.64,1.0,1.075,0.75,0.5,0.5,0.6235709190368652,
results/experiments_results_random/n20/random_n20_p02.json,random_n20_p02.json,results/experiments_results_random/n20,random,49,20,0.2,0.15,,,29,33.4,24.0,19.0,103,16,17,31,3,3.0,2.0,2.0,2.0,2.0,0,true,3,2,2,1.2083333333333333,1.3916666666666666,0.7916666666666666,0.6666666666666666,0.7083333333333334,1.5,1.5,1.0,1.0,1.0,0.5728621482849121,
results/experiments_results_random/n20/random_n20_p02.json,random_n20_p02.json,results/experiments_results_random/n20,random,50,20,0.2,0.15,,,37,43.7,29.0,22.0,145,20,21,32,5,5.9,5.0,5.0,4.5,4.5,0,true,8,4,4,1.2758620689655173,1.506896551724138,0.7586206896551724,0.6896551724137931,0.7241379310344828,1.0,1.1800000000000002,0.9,0.8,0.8,0.6456451416015625,
results/experiments_results_random/n10/random_n10_p03.json,random_n10_p03.json,results/experiments_results_random/n10,random,1,10,0.3,0.15,,,8,10.8,6.0,6.0,21,4,4,6,3,4.3,3.0,3.0,3.0,3.0,0,true,6,2,2,1.3333333333333333,1.8,1.0,0.6666666666666666,0.6666666666666666,1.0,1.4333333333333333,1.0,0.6666666666666666,0.6666666666666666,0.04331374168395996,
results/experiments_results_random/n10/random_n10_p03.json,random_n10_p03.json,results/experiments_results_random/n10,random,2,10,0.3,0.15,,,7,7.9,6.0,5.5,21,4,4,4,4,5.4,4.0,4.0,3.5,3.5,0,true,9,3,3,1.1666666666666667,1.3166666666666667,0.9166666666666666,0.6666666666666666,0.6666666666666666,1.0,1.35,0.875,0.75,0.75,0.038513898849487305,
results/experiments_results_random/n10/random_n10_p03.json,random_n10_p03.json,results/experiments_results_random/n10,random,3,10,0.3,0.15,,,8,9.6,7.0,7.0,22,6,6,6,3,3.5,3.0,3.0,3.0,3.0,0,true,4,2,2,1.1428571428571428,1.3714285714285714,1.0,0.8571428571428571,0.8571428571428571,1.0,1.1666666666666667,1.0,0.6666666666666666,0.6666666666666666,0.03570103645324707,
results/experiments_results_random/n10/random_n10_p03.json,random_n10_p03.json,results/experiments_results_random/n10,random,4,10,0.3,0.15,,,4,4.6,3.0,3.0,7,3,3,2,2,3.1,2.0,2.0,2.0,2.0,0,true,3,2,2,1.3333333333333333,1.5333333333333332,1.0,1.0,1.0,1.0,1.55,1.0,1.0,1.0,0.040055036544799805,
results/experiments_results_random/n10/random_n10_p03.json,random_n10_p03.json,results/experiments_results_random/n10,random,5,10,0.3,0.15,,,8,10.6,7.0,7.0,23,5,6,8,3,3.0,2.0,2.0,2.0,2.0,0,true,3,2,2,1.1428571428571428,1.5142857142857142,1.0,0.7142857142857143,0.8571428571428571,1.5,1.5,1.0,1.0,1.0,0.0341649055480957,
results/experiments_results_random/n10/random_n10_p03.json,random_n10_p03.json,results/experiments_results_random/n10,random,6,10,0.3,0.15,,,6,7.2,6.0,5.5,17,4,4,8,1,1.5,1.0,1.0,1.0,1.0,0,true,1,1,1,1.0,1.2,0.9166666666666666,0.6666666666666666,0.6666666666666666,1.0,1.5,1.0,1.0,1.0,0.034423112869262695,
results/experiments_results_random/n10/random_n10_p03.json,random_n10_p03.json,results/experiments_results_random/n10,random,7,10,0.3,0.15,,,9,12.1,8.0,7.5,27,6,7,5,5,7.0,5.0,5.0,4.5,4.5,0,true,13,3,4,1.125,1.5125,0.9375,0.75,0.875,1.0,1.4,0.9,0.6,0.8,0.03913998603820801,
results/experiments_results_random/n10/random_n10_p03.json,random_n10_p03.json,results/experiments_results_random/n10,random,8,10,0.3,0.15,,,8,9.3,8.0,7.333333333333332,23,4,6,6,3,4.2,3.0,3.0,3.0,3.0,0,true,7,3,3,1.0,1.1625,0.9166666666666665,0.5,0.75,1.0,1.4000000000000001,1.0,1.0,1.0,0.038604021072387695,
results/experiments_results_random/n10/random_n10_p03.json,random_n10_p03.json,results/experiments_results_random/n10,random,9,10,0.3,0.15,,,7,9.5,7.0,6.5,24,5,5,8,2,2.9,2.0,2.0,2.0,2.0,0,true,5,2,2,1.0,1.3571428571428572,0.9285714285714286,0.7142857142857143,0.7142857142857143,1.0,1.45,1.0,1.0,1.0,0.035833120346069336,
results/experiments_results_random/n10/random_n10_p03.json,random_n10_p03.json,results/experiments_results_random/n10,random,10,10,0.3,0.15,,,6,9.0,6.0,6.0,21,5,5,7,3,3.9,3.0,3.0,3.0,3.0,1,false,5,2,3,1.0,1.5,1.0,0.8333333333333334,0.8333333333333334,1.0,1.3,1.0,0.6666666666666666,1.0,0.03541302680969238,
results/experiments_results_random/n10/random_n10_p03.json,random_n10_p03.json,results/experiments_results_random/n10,random,11,10,0.3,0.15,,,10,12.4,9.0,7.5,34,6,7,10,4,4.7,3.0,3.0,3.0,3.0,0,true,8,3,3,1.1111111111111112,1.3777777777777778,0.8333333333333334,0.6666666666666666,0.7777777777777778,1.3333333333333333,1.5666666666666667,1.0,1.0,1.0,0.038082122802734375,
results/experiments_results_random/n10/random_n10_p03.json,random_n10_p03.json,results/experiments_results_random/n10,random,12,10,0.3,0.15,,,10,12.3,9.0,8.5,32,7,8,7,4,5.0,4.0,4.0,4.0,4.0,1,true,8,3,4,1.1111111111111112,1.3666666666666667,0.9444444444444444,0.7777777777777778,0.8888888888888888,1.0,1.25,1.0,0.75,1.0,0.038355112075805664,
results/experiments_results_random/n10/random_n10_p03.json,random_n10_p03.json,results/experiments_results_random/n10,random,13,10,0.3,0.15,,,6,8.8,6.0,6.0,23,4,5,9,0,0.7,0.0,0.0,0.0,0.0,0,true,0,0,0,1.0,1.4666666666666668,1.0,0.6666666666666666,0.8333333333333334,,,,,,0.031052112579345703,
results/experiments_results_random/n10/random_n10_p03.json,random_n10_p03.json,results/experiments_results_random/n10,random,14,10,0.3,0.15,,,5,6.8,5.0,5.0,13,4,4,3,4,5.3,3.0,3.0,3.0,3.0,0,true,7,3,3,1.0,1.3599999999999999,1.0,0.8,0.8,1.3333333333333333,1.7666666666666666,1.0,1.0,1.0,0.04044318199157715,
results/experiments_results_random/n10/random_n10_p03.json,random_n10_p03.json,results/experiments_results_random/n10,random,15,10,0.3,0.15,,,8,9.3,7.0,6.5,20,5,5,6,3,4.2,3.0,3.0,3.0,3.0,0,true,7,2,3,1.1428571428571428,1.3285714285714287,0.9285714285714286,0.7142857142857143,0.7142857142857143,1.0,1.4000000000000001,1.0,0.6666666666666666,1.0,0.03682589530944824,
results/experiments_results_random/n10/random_n10_p03.json,random_n10_p03.json,results/experiments_results_random/n10,random,16,10,0.3,0.15,,,7,8.9,6.0,5.5,20,4,4,7,3,3.9,3.0,3.0,2.5,2.5,0,true,6,2,2,1.1666666666666667,1.4833333333333334,0.9166666666666666,0.6666666666666666,0.6666666666666666,1.0,1.3,0.8333333333333334,0.6666666666666666,0.6666666666666666,0.035513877868652344,
results/experiments_results_random/n10/random_n10_p03.json,random_n10_p03.json,results/experiments_results_random/n10,random,17,10,0.3,0.15,,,8,12.4,8.0,7.0,27,6,7,6,3,4.2,3.0,3.0,3.0,3.0,0,true,6,3,3,1.0,1.55,0.875,0.75,0.875,1.0,1.4000000000000001,1.0,1.0,1.0,0.040770769119262695,
results/experiments_results_random/n10/random_n10_p03.json,random_n10_p03.json,results/experiments_results_random/n10,random,18,10,0.3,0.15,,,8,9.2,6.0,6.0,18,4,5,9,0,0.0,0.0,0.0,0.0,0.0,0,true,0,0,0,1.3333333333333333,1.5333333333333332,1.0,0.6666666666666666,0.8333333333333334,,,,,,0.030121326446533203,
results/experiments_results_random/n10/random_n10_p03.json,random_n10_p03.json,results/experiments_results_random/n10,random,19,10,0.3,0.15,,,4,5.3,4.0,3.5,9,3,3,5,0,0.0,0.0,0.0,0.0,0.0,0,true,0,0,0,1.0,1.325,0.875,0.75,0.75,,,,,,0.03396725654602051,
results/experiments_results_random/n10/random_n10_p03.json,random_n10_p03.json,results/experiments_results_random/n10,random,20,10,0.3,0.15,,,8,11.8,8.0,8.0,27,7,7,11,3,3.6,3.0,3.0,2.5,2.5,0,true,4,2,2,1.0,1.475,1.0,0.875,0.875,1.0,1.2,0.8333333333333334,0.6666666666666666,0.6666666666666666,0.031854867935180664,
results/experiments_results_random/n10/random_n10_p03.json,random_n10_p03.json,results/experiments_results_random/n10,random,21,10,0.3,0.15,,,9,11.7,8.0,7.25,26,6,6,4,6,7.5,6.0,6.0,5.0,5.0,0,true,14,4,4,1.125,1.4625,0.90625,0.75,0.75,1.0,1.25,0.8333333333333334,0.6666666666666666,0.6666666666666666,0.042150259017944336,
results/experiments_results_random/n10/random_n10_p03.json,random_n10_p03.json,results/experiments_results_random/n10,random,22,10,0.3,0.15,,,5,7.5,4.0,4.0,14,3,4,8,1,1.7,1.0,1.0,1.0,1.0,0,true,2,1,1,1.25,1.875,1.0,0.75,1.0,1.0,1.7,1.0,1.0,1.0,0.03125309944152832,
results/experiments_results_random/n10/random_n10_p03.json,random_n10_p03.json,results/experiments_results_random/n10,random,23,10,0.3,0.15,,,6,7.1,6.0,5.0,15,4,4,6,2,2.6,2.0,2.0,2.0,2.0,0,true,3,1,1,1.0,1.1833333333333333,0.8333333333333334,0.6666666666666666,0.6666666666666666,1.0,1.3,1.0,0.5,0.5,0.03592181205749512,
results/experiments_results_random/n10/random_n10_p03.json,random_n10_p03.json,results/experiments_results_random/n10,random,24,10,0.3,0.15,,,7,8.3,5.0,5.0,17,4,5,6,2,3.1,2.0,2.0,2.0,2.0,0,true,5,2,2,1.4,1.6600000000000001,1.0,0.8,1.0,1.0,1.55,1.0,1.0,1.0,0.03623080253601074,
results/experiments_results_random/n10/random_n10_p03.json,random_n10_p03.json,results/experiments_results_random/n10,random,25,10,0.3,0.15,,,10,13.9,10.0,9.0,38,6,8,10,4,4.4,4.0,4.0,4.0,4.0,0,true,7,2,4,1.0,1.3900000000000001,0.9,0.6,0.8,1.0,1.1,1.0,0.5,1.0,0.03675079345703125,
results/experiments_results_random/n10/random_n10_p03.json,random_n10_p03.json,results/experiments_results_random/n10,random,26,10,0.3,0.15,,,11,13.8,9.0,7.5,33,7,7,4,8,9.5,7.0,7.0,5.5,5.5,0,true,18,5,5,1.2222222222222223,1.5333333333333334,0.8333333333333334,0.7777777777777778,0.7777777777777778,1.1428571428571428,1.3571428571428572,0.7857142857142857,0.7142857142857143,0.7142857142857143,0.04579901695251465,
results/experiments_results_random/n10/random_n10_p03.json,random_n10_p03.json,results/experiments_results_random/n10,random,27,10,0.3,0.15,,,10,11.9,8.0,7.0,27,6,6,8,2,2.4,2.0,2.0,2.0,2.0,0,true,3,1,1,1.25,1.4875,0.875,0.75,0.75,1.0,1.2,1.0,0.5,0.5,0.03438282012939453,
results/experiments_results_random/n10/random_n10_p03.json,random_n10_p03.json,results/experiments_results_random/n10,random,28,10,0.3,0.15,,,7,9.0,5.0,5.0,17,4,5,9,1,1.8,1.0,1.0,1.0,1.0,0,true,2,1,1,1.4,1.8,1.0,0.8,1.0,1.0,1.8,1.0,1.0,1.0,0.03248310089111328,
results/experiments_results_random/n10/random_n10_p03.json,random_n10_p03.json,results/experiments_results_random/n10,random,29,10,0.3,0.15,,,12,15.2,11.0,8.0,38,7,7,7,5,6.5,4.0,4.0,4.0,4.0,0,true,11,3,3,1.0909090909090908,1.3818181818181818,0.7272727272727273,0.6363636363636364,0.6363636363636364,1.25,1.625,1.0,0.75,0.75,0.04310297966003418,
results/experiments_results_random/n10/random_n10_p03.json,random_n10_p03.json,results/experiments_results_random/n10,random,30,10,0.3,0.15,,,8,10.8,8.0,7.0,26,5,6,5,4,5.9,4.0,4.0,4.0,4.0,0,true,9,2,3,1.0,1.35,0.875,0.625,0.75,1.0,1.475,1.0,0.5,0.75,0.04166078567504883,
results/experiments_results_random/n10/random_n10_p03.json,random_n10_p03.json,results/experiments_results_random/n10,random,31,10,0.3,0.15,,,6,8.7,6.0,6.0,18,4,5,8,1,1.5,1.0,1.0,1.0,1.0,1,false,1,1,1,1.0,1.45,1.0,0.6666666666666666,0.8333333333333334,1.0,1.5,1.0,1.0,1.0,0.033467769622802734,
results/experiments_results_random/n10/random_n10_p03.json,random_n10_p03.json,results/experiments_results_random/n10,random,32,10,0.3,0.15,,,5,7.2,5.0,5.0,16,4,5,6,2,2.2,2.0,2.0,2.0,2.0,0,true,3,1,2,1.0,1.44,1.0,0.8,1.0,1.0,1.1,1.0,0.5,1.0,0.03539013862609863,
results/experiments_results_random/n10/random_n10_p03.json,random_n10_p03.json,results/experiments_results_random/n10,random,33,10,0.3,0.15,,,9,9.6,8.0,7.5,25,7,6,5,5,5.3,5.0,5.0,4.5,4.5,0,true,10,4,4,1.125,1.2,0.9375,0.875,0.75,1.0,1.06,0.9,0.8,0.8,0.04246783256530762,
results/experiments_results_random/n10/random_n10_p03.json,random_n10_p03.json,results/experiments_results_random/n10,random,34,10,0.3,0.15,,,5,6.7,5.0,5.0,16,3,4,6,1,1.0,1.0,1.0,1.0,1.0,0,true,1,1,1,1.0,1.34,1.0,0.6,0.8,1.0,1.0,1.0,1.0,1.0,0.03381991386413574,
results/experiments_results_random/n10/random_n10_p03.json,random_n10_p03.json,results/experiments_results_random/n10,random,35,10,0.3,0.15,,,12,13.3,10.0,8.5,32,6,7,11,2,2.9,2.0,2.0,2.0,2.0,0,true,4,2,2,1.2,1.33,0.85,0.6,0.7,1.0,1.45,1.0,1.0,1.0,0.03520011901855469,
results/experiments_results_random/n10/random_n10_p03.json,random_n10_p03.json,results/experiments_results_random/n10,random,36,10,0.3,0.15,,,12,14.6,10.0,8.0,35,7,7,4,8,8.4,6.0,6.0,6.0,6.0,0,true,16,4,5,1.2,1.46,0.8,0.7,0.7,1.3333333333333333,1.4000000000000001,1.0,0.6666666666666666,0.8333333333333334,0.04367375373840332,
results/experiments_results_random/n10/random_n10_p03.json,random_n10_p03.json,results/experiments_results_random/n10,random,37,10,0.3,0.15,,,11,13.5,10.0,8.5,34,7,7,11,4,4.4,4.0,4.0,3.0,3.0,0,true,8,3,3,1.1,1.35,0.85,0.7,0.7,1.0,1.1,0.75,0.75,0.75,0.037542104721069336,
results/experiments_results_random/n10/random_n10_p03.json,random_n10_p03.json,results/experiments_results_random/n10,random,38,10,0.3,0.15,,,8,12.3,7.0,6.5,25,5,5,6,4,5.4,4.0,4.0,3.5,3.5,0,true,8,3,3,1.1428571428571428,1.7571428571428573,0.9285714285714286,0.7142857142857143,0.7142857142857143,1.0,1.35,0.875,0.75,0.75,0.03812003135681152,
results/experiments_results_random/n10/random_n10_p03.json,random_n10_p03.json,results/experiments_results_random/n10,random,39,10,0.3,0.15,,,6,10.7,6.0,6.0,23,5,5,4,6,8.4,5.0,5.0,5.0,5.0,0,true,15,4,4,1.0,1.7833333333333332,1.0,0.8333333333333334,0.8333333333333334,1.2,1.6800000000000002,1.0,0.8,0.8,0.04027199745178223,
results/experiments_results_random/n10/random_n10_p03.json,random_n10_p03.json,results/experiments_results_random/n10,random,40,10,0.3,0.15,,,8,10.6,8.0,7.5,22,5,6,7,5,5.4,4.0,4.0,4.0,4.0,0,true,7,3,4,1.0,1.325,0.9375,0.625,0.75,1.25,1.35,1.0,0.75,1.0,0.036473989486694336,
results/experiments_results_random/n10/random_n10_p03.json,random_n10_p03.json,results/experiments_results_random/n10,random,41,10,0.3,0.15,,,5,6.4,5.0,4.5,13,3,4,4,2,2.8,2.0,2.0,2.0,2.0,0,true,4,2,2,1.0,1.28,0.9,0.6,0.8,1.0,1.4,1.0,1.0,1.0,0.03825187683105469,
results/experiments_results_random/n10/random_n10_p03.json,random_n10_p03.json,results/experiments_results_random/n10,random,42,10,0.3,0.15,,,5,6.5,5.0,4.5,14,4,4,5,3,3.2,3.0,3.0,2.5,2.5,0,true,5,2,2,1.0,1.3,0.9,0.8,0.8,1.0,1.0666666666666667,0.8333333333333334,0.6666666666666666,0.6666666666666666,0.035971879959106445,
results/experiments_results_random/n10/random_n10_p03.json,random_n10_p03.json,results/experiments_results_random/n10,random,43,10,0.3,0.15,,,8,9.9,7.0,7.0,21,5,6,10,1,1.6,1.0,1.0,1.0,1.0,0,true,2,1,1,1.1428571428571428,1.4142857142857144,1.0,0.7142857142857143,0.8571428571428571,1.0,1.6,1.0,1.0,1.0,0.03420209884643555,
results/experiments_results_random/n10/random_n10_p03.json,random_n10_p03.json,results/experiments_results_random/n10,random,44,10,0.3,0.15,,,10,13.6,9.0,8.0,30,6,8,5,5,6.9,5.0,5.0,5.0,5.0,0,true,12,3,4,1.1111111111111112,1.511111111111111,0.8888888888888888,0.6666666666666666,0.8888888888888888,1.0,1.3800000000000001,1.0,0.6,0.8,0.045072317123413086,
results/experiments_results_random/n10/random_n10_p03.json,random_n10_p03.json,results/experiments_results_random/n10,random,45,10,0.3,0.15,,,8,9.5,6.0,6.0,22,5,5,8,1,1.4,1.0,1.0,1.0,1.0,0,true,2,1,1,1.3333333333333333,1.5833333333333333,1.0,0.8333333333333334,0.8333333333333334,1.0,1.4,1.0,1.0,1.0,0.03507423400878906,
results/experiments_results_random/n10/random_n10_p03.json,random_n10_p03.json,results/experiments_results_random/n10,random,46,10,0.3,0.15,,,8,9.7,7.0,7.0,22,6,7,9,1,2.0,1.0,1.0,1.0,1.0,0,true,3,1,1,1.1428571428571428,1.3857142857142857,1.0,0.8571428571428571,1.0,1.0,2.0,1.0,1.0,1.0,0.03203701972961426,
results/experiments_results_random/n10/random_n10_p03.json,random_n10_p03.json,results/experiments_results_random/n10,random,47,10,0.3,0.15,,,6,6.7,5.0,4.5,13,4,4,4,1,1.0,1.0,1.0,1.0,1.0,0,true,1,1,1,1.2,1.34,0.9,0.8,0.8,1.0,1.0,1.0,1.0,1.0,0.04007077217102051,
results/experiments_results_random/n10/random_n10_p03.json,random_n10_p03.json,results/experiments_results_random/n10,random,48,10,0.3,0.15,,,7,9.9,7.0,6.0,22,5,6,7,2,2.2,2.0,2.0,2.0,2.0,1,true,2,2,2,1.0,1.4142857142857144,0.8571428571428571,0.7142857142857143,0.8571428571428571,1.0,1.1,1.0,1.0,1.0,0.03467297554016113,
results/experiments_results_random/n10/random_n10_p03.json,random_n10_p03.json,results/experiments_results_random/n10,random,49,10,0.3,0.15,,,9,10.2,7.0,6.5,21,5,6,9,2,3.0,2.0,2.0,2.0,2.0,0,true,4,1,2,1.2857142857142858,1.457142857142857,0.9285714285714286,0.7142857142857143,0.8571428571428571,1.0,1.5,1.0,0.5,1.0,0.03413510322570801,
results/experiments_results_random/n10/random_n10_p03.json,random_n10_p03.json,results/experiments_results_random/n10,random,50,10,0.3,0.15,,,11,12.3,8.0,7.0,28,6,7,8,3,3.0,2.0,2.0,2.0,2.0,0,true,6,2,2,1.375,1.5375,0.875,0.75,0.875,1.5,1.5,1.0,1.0,1.0,0.038477182388305664,
results/experiments_results_random/n10/random_n10_p02.json,random_n10_p02.json,results/experiments_results_random/n10,random,1,10,0.2,0.15,,,3,3.5,3.0,3.0,4,3,3,6,0,0.0,0.0,0.0,0.0,0.0,0,true,0,0,0,1.0,1.1666666666666667,1.0,1.0,1.0,,,,,,0.06066584587097168,
results/experiments_results_random/n10/random_n10_p02.json,random_n10_p02.json,results/experiments_results_random/n10,random,2,10,0.2,0.15,,,3,3.6,3.0,3.0,6,2,2,4,0,0.0,0.0,0.0,0.0,0.0,0,true,0,0,0,1.0,1.2,1.0,0.6666666666666666,0.6666666666666666,,,,,,0.034497976303100586,
results/experiments_results_random/n10/random_n10_p02.json,random_n10_p02.json,results/experiments_results_random/n10,random,3,10,0.2,0.15,,,3,4.0,3.0,3.0,7,2,3,6,0,0.0,0.0,0.0,0.0,0.0,0,true,0,0,0,1.0,1.3333333333333333,1.0,0.6666666666666666,1.0,,,,,,0.031018972396850586,
results/experiments_results_random/n10/random_n10_p02.json,random_n10_p02.json,results/experiments_results_random/n10,random,4,10,0.2,0.15,,,2,2.8,2.0,2.0,4,2,2,2,1,1.0,1.0,1.0,1.0,1.0,0,true,1,1,1,1.0,1.4,1.0,1.0,1.0,1.0,1.0,1.0,1.0,1.0,0.03807210922241211,
results/experiments_results_random/n10/random_n10_p02.json,random_n10_p02.json,results/experiments_results_random/n10,random,5,10,0.2,0.15,,,3,4.0,3.0,3.0,7,2,2,8,0,0.0,0.0,0.0,0.0,0.0,0,true,0,0,0,1.0,1.3333333333333333,1.0,0.6666666666666666,0.6666666666666666,,,,,,0.02981114387512207,
results/experiments_results_random/n10/random_n10_p02.json,random_n10_p02.json,results/experiments_results_random/n10,random,6,10,0.2,0.15,,,4,4.9,4.0,4.0,13,3,4,8,0,0.0,0.0,0.0,0.0,0.0,0,true,0,0,0,1.0,1.225,1.0,0.75,1.0,,,,,,0.03137612342834473,
results/experiments_results_random/n10/random_n10_p02.json,random_n10_p02.json,results/experiments_results_random/n10,random,7,10,0.2,0.15,,,4,6.7,4.0,4.0,11,3,3,5,1,1.0,1.0,1.0,1.0,1.0,0,true,1,1,1,1.0,1.675,1.0,0.75,0.75,1.0,1.0,1.0,1.0,1.0,0.033586978912353516,
results/experiments_results_random/n10/random_n10_p02.json,random_n10_p02.json,results/experiments_results_random/n10,random,8,10,0.2,0.15,,,6,7.4,5.0,5.0,13,4,4,6,1,1.5,1.0,1.0,1.0,1.0,0,true,2,1,1,1.2,1.48,1.0,0.8,0.8,1.0,1.5,1.0,1.0,1.0,0.03603982925415039,
results/experiments_results_random/n10/random_n10_p02.json,random_n10_p02.json,results/experiments_results_random/n10,random,9,10,0.2,0.15,,,5,6.9,5.0,4.5,16,4,3,8,0,0.0,0.0,0.0,0.0,0.0,0,true,0,0,0,1.0,1.3800000000000001,0.9,0.8,0.6,,,,,,0.0296018123626709,
results/experiments_results_random/n10/random_n10_p02.json,random_n10_p02.json,results/experiments_results_random/n10,random,10,10,0.2,0.15,,,4,5.6,4.0,4.0,10,3,4,7,0,0.0,0.0,0.0,0.0,0.0,0,true,0,0,0,1.0,1.4,1.0,0.75,1.0,,,,,,0.029757022857666016,
results/experiments_results_random/n10/random_n10_p02.json,random_n10_p02.json,results/experiments_results_random/n10,random,11,10,0.2,0.15,,,4,5.0,4.0,4.0,12,4,4,10,0,0.0,0.0,0.0,0.0,0.0,0,true,0,0,0,1.0,1.25,1.0,1.0,1.0,,,,,,0.02780294418334961,
results/experiments_results_random/n10/random_n10_p02.json,random_n10_p02.json,results/experiments_results_random/n10,random,12,10,0.2,0.15,,,7,7.9,6.0,5.5,16,5,5,7,0,0.6,0.0,0.0,0.0,0.0,0,true,0,0,0,1.1666666666666667,1.3166666666666667,0.9166666666666666,0.8333333333333334,0.8333333333333334,,,,,,0.03097701072692871,
results/experiments_results_random/n10/random_n10_p02.json,random_n10_p02.json,results/experiments_results_random/n10,random,13,10,0.2,0.15,,,6,7.8,6.0,4.5,15,3,4,9,0,0.0,0.0,0.0,0.0,0.0,0,true,0,0,0,1.0,1.3,0.75,0.5,0.6666666666666666,,,,,,0.029668092727661133,
results/experiments_results_random/n10/random_n10_p02.json,random_n10_p02.json,results/experiments_results_random/n10,random,14,10,0.2,0.15,,,4,4.6,4.0,3.5,8,3,3,3,3,4.2,3.0,3.0,2.5,2.5,0,true,5,2,2,1.0,1.15,0.875,0.75,0.75,1.0,1.4000000000000001,0.8333333333333334,0.6666666666666666,0.6666666666666666,0.03814816474914551,
results/experiments_results_random/n10/random_n10_p02.json,random_n10_p02.json,results/experiments_results_random/n10,random,15,10,0.2,0.15,,,4,5.1,4.0,3.5,8,3,3,6,0,0.0,0.0,0.0,0.0,0.0,0,true,0,0,0,1.0,1.275,0.875,0.75,0.75,,,,,,0.030421972274780273,
results/experiments_results_random/n10/random_n10_p02.json,random_n10_p02.json,results/experiments_results_random/n10,random,16,10,0.2,0.15,,,5,7.0,5.0,4.5,15,3,4,7,1,1.2,1.0,1.0,1.0,1.0,0,true,2,1,1,1.0,1.4,0.9,0.6,0.8,1.0,1.2,1.0,1.0,1.0,0.03561234474182129,
results/experiments_results_random/n10/random_n10_p02.json,random_n10_p02.json,results/experiments_results_random/n10,random,17,10,0.2,0.15,,,5,7.6,5.0,4.5,14,4,4,6,2,2.4,2.0,2.0,1.5,1.5,0,true,3,1,1,1.0,1.52,0.9,0.8,0.8,1.0,1.2,0.75,0.5,0.5,0.03441190719604492,
results/experiments_results_random/n10/random_n10_p02.json,random_n10_p02.json,results/experiments_results_random/n10,random,18,10,0.2,0.15,,,6,8.1,5.0,5.0,16,3,4,9,0,0.0,0.0,0.0,0.0,0.0,0,true,0,0,0,1.2,1.6199999999999999,1.0,0.6,0.8,,,,,,0.02834296226501465,
results/experiments_results_random/n10/random_n10_p02.json,random_n10_p02.json,results/experiments_results_random/n10,random,19,10,0.2,0.15,,,3,4.8,3.0,3.0,8,3,3,5,0,0.0,0.0,0.0,0.0,0.0,0,true,0,0,0,1.0,1.5999999999999999,1.0,1.0,1.0,,,,,,0.033082008361816406,
results/experiments_results_random/n10/random_n10_p02.json,random_n10_p02.json,results/experiments_results_random/n10,random,20,10,0.2,0.15,,,7,8.6,6.0,6.0,17,4,4,11,0,0.0,0.0,0.0,0.0,0.0,0,true,0,0,0,1.1666666666666667,1.4333333333333333,1.0,0.6666666666666666,0.6666666666666666,,,,,,0.02842402458190918,
results/experiments_results_random/n10/random_n10_p02.json,random_n10_p02.json,results/experiments_results_random/n10,random,21,10,0.2,0.15,,,5,6.7,5.0,4.5,12,3,4,4,3,3.3,2.0,2.0,2.0,2.0,0,true,4,2,2,1.0,1.34,0.9,0.6,0.8,1.5,1.65,1.0,1.0,1.0,0.037142038345336914,
results/experiments_results_random/n10/random_n10_p02.json,random_n10_p02.json,results/experiments_results_random/n10,random,22,10,0.2,0.15,,,6,8.1,5.0,5.0,14,4,5,8,1,1.0,1.0,1.0,1.0,1.0,0,true,1,1,1,1.2,1.6199999999999999,1.0,0.8,1.0,1.0,1.0,1.0,1.0,1.0,0.030015945434570312,
results/experiments_results_random/n10/random_n10_p02.json,random_n10_p02.json,results/experiments_results_random/n10,random,23,10,0.2,0.15,,,4,4.2,4.0,3.5,6,3,3,6,0,0.0,0.0,0.0,0.0,0.0,0,true,0,0,0,1.0,1.05,0.875,0.75,0.75,,,,,,0.030276060104370117,
results/experiments_results_random/n10/random_n10_p02.json,random_n10_p02.json,results/experiments_results_random/n10,random,24,10,0.2,0.15,,,5,6.0,5.0,4.5,9,4,4,6,1,1.0,1.0,1.0,1.0,1.0,0,true,1,1,1,1.0,1.2,0.9,0.8,0.8,1.0,1.0,1.0,1.0,1.0,0.031748056411743164,
results/experiments_results_random/n10/random_n10_p02.json,random_n10_p02.json,results/experiments_results_random/n10,random,25,10,0.2,0.15,,,7,8.5,7.0,6.0,19,5,6,10,1,1.0,1.0,1.0,1.0,1.0,0,true,1,1,1,1.0,1.2142857142857142,0.8571428571428571,0.7142857142857143,0.8571428571428571,1.0,1.0,1.0,1.0,1.0,0.03001093864440918,
results/experiments_results_random/n10/random_n10_p02.json,random_n10_p02.json,results/experiments_results_random/n10,random,26,10,0.2,0.15,,,4,4.4,3.0,3.0,7,2,2,4,1,1.8,1.0,1.0,1.0,1.0,0,true,2,1,1,1.3333333333333333,1.4666666666666668,1.0,0.6666666666666666,0.6666666666666666,1.0,1.8,1.0,1.0,1.0,0.03417015075683594,
results/experiments_results_random/n10/random_n10_p02.json,random_n10_p02.json,results/experiments_results_random/n10,random,27,10,0.2,0.15,,,6,7.5,6.0,5.0,15,4,4,8,0,0.0,0.0,0.0,0.0,0.0,0,true,0,0,0,1.0,1.25,0.8333333333333334,0.6666666666666666,0.6666666666666666,,,,,,0.03001880645751953,
results/experiments_results_random/n10/random_n10_p02.json,random_n10_p02.json,results/experiments_results_random/n10,random,28,10,0.2,0.15,,,7,9.3,7.0,5.5,17,4,5,9,1,1.0,1.0,1.0,1.0,1.0,0,true,1,1,1,1.0,1.3285714285714287,0.7857142857142857,0.5714285714285714,0.7142857142857143,1.0,1.0,1.0,1.0,1.0,0.0331268310546875,
results/experiments_results_random/n10/random_n10_p02.json,random_n10_p02.json,results/experiments_results_random/n10,random,29,10,0.2,0.15,,,4,5.3,4.0,4.0,11,2,3,7,1,1.0,1.0,1.0,1.0,1.0,0,true,1,1,1,1.0,1.325,1.0,0.5,0.75,1.0,1.0,1.0,1.0,1.0,0.03322792053222656,
results/experiments_results_random/n10/random_n10_p02.json,random_n10_p02.json,results/experiments_results_random/n10,random,30,10,0.2,0.15,,,6,7.0,5.0,4.5,14,3,4,5,2,2.0,2.0,2.0,2.0,2.0,0,true,2,2,2,1.2,1.4,0.9,0.6,0.8,1.0,1.0,1.0,1.0,1.0,0.03553414344787598,
results/experiments_results_random/n10/random_n10_p02.json,random_n10_p02.json,results/experiments_results_random/n10,random,31,10,0.2,0.15,,,6,7.1,5.0,4.5,14,4,3,8,0,0.0,0.0,0.0,0.0,0.0,0,true,0,0,0,1.2,1.42,0.9,0.8,0.6,,,,,,0.029810190200805664,
results/experiments_results_random/n10/random_n10_p02.json,random_n10_p02.json,results/experiments_results_random/n10,random,32,10,0.2,0.15,,,4,5.7,4.0,4.0,11,4,3,6,1,1.0,1.0,1.0,1.0,1.0,0,true,1,1,1,1.0,1.425,1.0,1.0,0.75,1.0,1.0,1.0,1.0,1.0,0.03361773490905762,
results/experiments_results_random/n10/random_n10_p02.json,random_n10_p02.json,results/experiments_results_random/n10,random,33,10,0.2,0.15,,,3,3.9,3.0,3.0,7,2,2,5,0,0.0,0.0,0.0,0.0,0.0,0,true,0,0,0,1.0,1.3,1.0,0.6666666666666666,0.6666666666666666,,,,,,0.03132891654968262,
results/experiments_results_random/n10/random_n10_p02.json,random_n10_p02.json,results/experiments_results_random/n10,random,34,10,0.2,0.15,,,3,5.1,3.0,3.0,9,2,3,6,0,0.0,0.0,0.0,0.0,0.0,0,true,0,0,0,1.0,1.7,1.0,0.6666666666666666,1.0,,,,,,0.030004024505615234,
results/experiments_results_random/n10/random_n10_p02.json,random_n10_p02.json,results/experiments_results_random/n10,random,35,10,0.2,0.15,,,9,10.6,8.0,6.5,23,5,6,11,0,0.0,0.0,0.0,0.0,0.0,0,true,0,0,0,1.125,1.325,0.8125,0.625,0.75,,,,,,0.031462907791137695,
results/experiments_results_random/n10/random_n10_p02.json,random_n10_p02.json,results/experiments_results_random/n10,random,36,10,0.2,0.15,,,6,7.9,6.0,4.5,15,3,4,4,3,3.0,2.0,2.0,2.0,2.0,0,true,4,2,2,1.0,1.3166666666666667,0.75,0.5,0.6666666666666666,1.5,1.5,1.0,1.0,1.0,0.03594517707824707,
results/experiments_results_random/n10/random_n10_p02.json,random_n10_p02.json,results/experiments_results_random/n10,random,37,10,0.2,0.15,,,7,9.0,7.0,6.0,19,5,6,11,0,0.0,0.0,0.0,0.0,0.0,0,true,0,0,0,1.0,1.2857142857142858,0.8571428571428571,0.7142857142857143,0.8571428571428571,,,,,,0.0276031494140625,
results/experiments_results_random/n10/random_n10_p02.json,random_n10_p02.json,results/experiments_results_random/n10,random,38,10,0.2,0.15,,,2,3.7,2.0,2.0,6,2,2,6,0,0.0,0.0,0.0,0.0,0.0,0,true,0,0,0,1.0,1.85,1.0,1.0,1.0,,,,,,0.030767202377319336,
results/experiments_results_random/n10/random_n10_p02.json,random_n10_p02.json,results/experiments_results_random/n10,random,39,10,0.2,0.15,,,2,2.4,2.0,2.0,4,2,2,4,0,0.0,0.0,0.0,0.0,0.0,0,true,0,0,0,1.0,1.2,1.0,1.0,1.0,,,,,,0.032234907150268555,
results/experiments_results_random/n10/random_n10_p02.json,random_n10_p02.json,results/experiments_results_random/n10,random,40,10,0.2,0.15,,,4,5.5,4.0,4.0,11,3,4,7,0,0.0,0.0,0.0,0.0,0.0,0,true,0,0,0,1.0,1.375,1.0,0.75,1.0,,,,,,0.030359983444213867,
results/experiments_results_random/n10/random_n10_p02.json,random_n10_p02.json,results/experiments_results_random/n10,random,41,10,0.2,0.15,,,4,4.5,3.0,3.0,7,2,2,4,1,1.3,1.0,1.0,1.0,1.0,0,true,1,1,1,1.3333333333333333,1.5,1.0,0.6666666666666666,0.6666666666666666,1.0,1.3,1.0,1.0,1.0,0.036936044692993164,
results/experiments_results_random/n10/random_n10_p02.json,random_n10_p02.json,results/experiments_results_random/n10,random,42,10,0.2,0.15,,,4,5.5,4.0,4.0,11,3,3,5,1,1.4,1.0,1.0,1.0,1.0,0,true,2,1,1,1.0,1.375,1.0,0.75,0.75,1.0,1.4,1.0,1.0,1.0,0.037992000579833984,
results/experiments_results_random/n10/random_n10_p02.json,random_n10_p02.json,results/experiments_results_random/n10,random,43,10,0.2,0.15,,,4,5.5,4.0,4.0,11,3,4,10,0,0.0,0.0,0.0,0.0,0.0,0,true,0,0,0,1.0,1.375,1.0,0.75,1.0,,,,,,0.027751922607421875,
results/experiments_results_random/n10/random_n10_p02.json,random_n10_p02.json,results/experiments_results_random/n10,random,44,10,0.2,0.15,,,6,6.4,5.0,4.5,13,4,4,5,2,2.3,2.0,2.0,2.0,2.0,0,true,3,1,1,1.2,1.28,0.9,0.8,0.8,1.0,1.15,1.0,0.5,0.5,0.03507709503173828,
results/experiments_results_random/n10/random_n10_p02.json,random_n10_p02.json,results/experiments_results_random/n10,random,45,10,0.2,0.15,,,7,7.8,6.0,5.0,18,4,4,8,0,0.0,0.0,0.0,0.0,0.0,0,true,0,0,0,1.1666666666666667,1.3,0.8333333333333334,0.6666666666666666,0.6666666666666666,,,,,,0.03225517272949219,
results/experiments_results_random/n10/random_n10_p02.json,random_n10_p02.json,results/experiments_results_random/n10,random,46,10,0.2,0.15,,,5,6.2,5.0,5.0,16,4,4,9,2,2.4,2.0,2.0,1.5,1.5,0,true,3,1,1,1.0,1.24,1.0,0.8,0.8,1.0,1.2,0.75,0.5,0.5,0.03092193603515625,
results/experiments_results_random/n10/random_n10_p02.json,random_n10_p02.json,results/experiments_results_random/n10,random,47,10,0.2,0.15,,,3,3.5,3.0,2.5,7,2,2,4,1,1.0,1.0,1.0,1.0,1.0,0,true,1,1,1,1.0,1.1666666666666667,0.8333333333333334,0.6666666666666666,0.6666666666666666,1.0,1.0,1.0,1.0,1.0,0.03544807434082031,
results/experiments_results_random/n10/random_n10_p02.json,random_n10_p02.json,results/experiments_results_random/n10,random,48,10,0.2,0.15,,,5,5.7,4.0,4.0,8,3,4,7,0,0.5,0.0,0.0,0.0,0.0,0,true,0,0,0,1.25,1.425,1.0,0.75,1.0,,,,,,0.029468059539794922,
results/experiments_results_random/n10/random_n10_p02.json,random_n10_p02.json,results/experiments_results_random/n10,random,49,10,0.2,0.15,,,5,6.7,5.0,4.0,14,4,4,9,0,0.0,0.0,0.0,0.0,0.0,0,true,0,0,0,1.0,1.34,0.8,0.8,0.8,,,,,,0.02820611000061035,
results/experiments_results_random/n10/random_n10_p02.json,random_n10_p02.json,results/experiments_results_random/n10,random,50,10,0.2,0.15,,,6,7.5,6.0,4.5,13,4,4,8,0,0.0,0.0,0.0,0.0,0.0,0,true,0,0,0,1.0,1.25,0.75,0.6666666666666666,0.6666666666666666,,,,,,0.029050111770629883,
results/experiments_results_random/n10/random_n10_p05.json,random_n10_p05.json,results/experiments_results_random/n10,random,1,10,0.5,0.15,,,11,14.5,9.0,9.0,42,6,8,6,9,11.3,7.0,7.0,7.0,7.0,0,true,23,4,6,1.2222222222222223,1.6111111111111112,1.0,0.6666666666666666,0.8888888888888888,1.2857142857142858,1.6142857142857143,1.0,0.5714285714285714,0.8571428571428571,0.04297184944152832,
results/experiments_results_random/n10/random_n10_p05.json,random_n10_p05.json,results/experiments_results_random/n10,random,2,10,0.5,0.15,,,14,15.4,11.0,10.0,44,8,8,4,9,11.8,8.0,8.0,8.0,8.0,0,true,27,7,6,1.2727272727272727,1.4000000000000001,0.9090909090909091,0.7272727272727273,0.7272727272727273,1.125,1.475,1.0,0.875,0.75,0.047016143798828125,
results/experiments_results_random/n10/random_n10_p05.json,random_n10_p05.json,results/experiments_results_random/n10,random,3,10,0.5,0.15,,,14,18.3,13.0,11.0,51,9,10,6,9,10.9,8.0,8.0,8.0,8.0,1,true,24,6,7,1.0769230769230769,1.4076923076923078,0.8461538461538461,0.6923076923076923,0.7692307692307693,1.125,1.3625,1.0,0.75,0.875,0.04551506042480469,
results/experiments_results_random/n10/random_n10_p05.json,random_n10_p05.json,results/experiments_results_random/n10,random,4,10,0.5,0.15,,,15,18.1,11.0,9.5,43,8,8,2,11,14.7,9.0,9.0,8.5,8.5,0,true,33,7,8,1.3636363636363635,1.6454545454545455,0.8636363636363636,0.7272727272727273,0.7272727272727273,1.2222222222222223,1.6333333333333333,0.9444444444444444,0.7777777777777778,0.8888888888888888,0.051666975021362305,
results/experiments_results_random/n10/random_n10_p05.json,random_n10_p05.json,results/experiments_results_random/n10,random,5,10,0.5,0.15,,,14,17.9,12.0,12.0,51,10,10,8,10,12.3,8.0,8.0,8.0,8.0,2,true,22,6,7,1.1666666666666667,1.4916666666666665,1.0,0.8333333333333334,0.8333333333333334,1.25,1.5375,1.0,0.75,0.875,0.04028677940368652,
results/experiments_results_random/n10/random_n10_p05.json,random_n10_p05.json,results/experiments_results_random/n10,random,6,10,0.5,0.15,,,16,17.2,13.0,11.5,48,9,10,8,8,10.5,7.0,7.0,7.0,7.0,0,true,21,4,5,1.2307692307692308,1.323076923076923,0.8846153846153846,0.6923076923076923,0.7692307692307693,1.1428571428571428,1.5,1.0,0.5714285714285714,0.7142857142857143,0.04320716857910156,
results/experiments_results_random/n10/random_n10_p05.json,random_n10_p05.json,results/experiments_results_random/n10,random,7,10,0.5,0.15,,,12,13.5,11.0,10.5,38,9,9,5,10,11.1,9.0,9.0,8.0,8.0,1,false,23,5,7,1.0909090909090908,1.2272727272727273,0.9545454545454546,0.8181818181818182,0.8181818181818182,1.1111111111111112,1.2333333333333334,0.8888888888888888,0.5555555555555556,0.7777777777777778,0.048200130462646484,
results/experiments_results_random/n10/random_n10_p05.json,random_n10_p05.json,results/experiments_results_random/n10,random,8,10,0.5,0.15,,,14,17.9,13.0,13.0,56,10,11,6,12,15.9,10.0,10.0,10.0,10.0,0,true,37,8,10,1.0769230769230769,1.376923076923077,1.0,0.7692307692307693,0.8461538461538461,1.2,1.59,1.0,0.8,1.0,0.040489912033081055,
results/experiments_results_random/n10/random_n10_p05.json,random_n10_p05.json,results/experiments_results_random/n10,random,9,10,0.5,0.15,,,11,12.9,9.0,9.0,35,7,7,8,5,8.1,4.0,5.0,4.0,5.0,2,false,14,4,3,1.2222222222222223,1.4333333333333333,1.0,0.7777777777777778,0.7777777777777778,1.0,1.6199999999999999,1.0,0.8,0.6,0.03394508361816406,
results/experiments_results_random/n10/random_n10_p05.json,random_n10_p05.json,results/experiments_results_random/n10,random,10,10,0.5,0.15,,,12,15.0,10.0,10.0,42,8,9,7,10,11.2,8.0,8.0,7.5,7.5,2,true,21,5,6,1.2,1.5,1.0,0.8,0.9,1.25,1.4,0.9375,0.625,0.75,0.0355839729309082,
results/experiments_results_random/n10/random_n10_p05.json,random_n10_p05.json,results/experiments_results_random/n10,random,11,10,0.5,0.15,,,15,17.8,13.0,12.5,52,8,10,10,7,9.0,7.0,7.0,6.666666666666668,6.666666666666668,4,false,14,5,6,1.1538461538461537,1.3692307692307693,0.9615384615384616,0.6153846153846154,0.7692307692307693,1.0,1.2857142857142858,0.9523809523809526,0.7142857142857143,0.8571428571428571,0.04161691665649414,
results/experiments_results_random/n10/random_n10_p05.json,random_n10_p05.json,results/experiments_results_random/n10,random,12,10,0.5,0.15,,,16,17.8,12.0,12.0,50,9,10,7,11,12.8,9.0,9.0,8.5,8.5,1,true,26,6,6,1.3333333333333333,1.4833333333333334,1.0,0.75,0.8333333333333334,1.2222222222222223,1.4222222222222223,0.9444444444444444,0.6666666666666666,0.6666666666666666,0.039338111877441406,
results/experiments_results_random/n10/random_n10_p05.json,random_n10_p05.json,results/experiments_results_random/n10,random,13,10,0.5,0.15,,,11,12.7,10.0,9.5,36,9,7,9,5,6.1,5.0,5.0,4.5,4.5,0,true,9,3,4,1.1,1.27,0.95,0.9,0.7,1.0,1.22,0.9,0.6,0.8,0.03444528579711914,
results/experiments_results_random/n10/random_n10_p05.json,random_n10_p05.json,results/experiments_results_random/n10,random,14,10,0.5,0.15,,,9,10.6,7.0,7.0,25,6,7,3,8,9.0,5.0,5.0,5.0,5.0,0,true,17,5,5,1.2857142857142858,1.5142857142857142,1.0,0.8571428571428571,1.0,1.6,1.8,1.0,1.0,1.0,0.0395510196685791,
results/experiments_results_random/n10/random_n10_p05.json,random_n10_p05.json,results/experiments_results_random/n10,random,15,10,0.5,0.15,,,13,14.2,10.0,10.0,41,7,9,6,11,12.3,8.0,8.0,8.0,8.0,3,false,25,6,7,1.3,1.42,1.0,0.7,0.9,1.375,1.5375,1.0,0.75,0.875,0.038535118103027344,
results/experiments_results_random/n10/random_n10_p05.json,random_n10_p05.json,results/experiments_results_random/n10,random,16,10,0.5,0.15,,,9,10.4,9.0,8.5,28,8,8,7,5,6.1,4.0,4.0,4.0,4.0,0,true,11,4,4,1.0,1.1555555555555557,0.9444444444444444,0.8888888888888888,0.8888888888888888,1.25,1.525,1.0,1.0,1.0,0.03484010696411133,
results/experiments_results_random/n10/random_n10_p05.json,random_n10_p05.json,results/experiments_results_random/n10,random,17,10,0.5,0.15,,,14,16.7,13.0,11.5,49,9,10,6,8,8.6,7.0,7.0,7.0,7.0,0,true,22,7,7,1.0769230769230769,1.2846153846153845,0.8846153846153846,0.6923076923076923,0.7692307692307693,1.1428571428571428,1.2285714285714284,1.0,1.0,1.0,0.043322086334228516,
results/experiments_results_random/n10/random_n10_p05.json,random_n10_p05.json,results/experiments_results_random/n10,random,18,10,0.5,0.15,,,15,17.1,12.0,10.0,48,9,10,9,5,6.3,4.0,4.0,4.0,4.0,0,true,10,4,4,1.25,1.425,0.8333333333333334,0.75,0.8333333333333334,1.25,1.575,1.0,1.0,1.0,0.03917503356933594,
results/experiments_results_random/n10/random_n10_p05.json,random_n10_p05.json,results/experiments_results_random/n10,random,19,10,0.5,0.15,,,12,14.6,10.0,10.0,39,7,8,5,10,11.4,8.0,8.0,7.5,7.5,0,true,23,5,7,1.2,1.46,1.0,0.7,0.8,1.25,1.425,0.9375,0.625,0.875,0.04204416275024414,
results/experiments_results_random/n10/random_n10_p05.json,random_n10_p05.json,results/experiments_results_random/n10,random,20,10,0.5,0.15,,,12,16.1,12.0,12.0,47,9,11,11,6,8.3,6.0,6.0,6.0,6.0,7,true,11,4,5,1.0,1.3416666666666668,1.0,0.75,0.9166666666666666,1.0,1.3833333333333335,1.0,0.6666666666666666,0.8333333333333334,0.03419780731201172,
results/experiments_results_random/n10/random_n10_p05.json,random_n10_p05.json,results/experiments_results_random/n10,random,21,10,0.5,0.15,,,15,16.8,12.0,11.5,47,9,11,4,9,13.2,9.0,9.0,8.5,8.5,1,false,32,6,7,1.25,1.4000000000000001,0.9583333333333334,0.75,0.9166666666666666,1.0,1.4666666666666666,0.9444444444444444,0.6666666666666666,0.7777777777777778,0.04997611045837402,
results/experiments_results_random/n10/random_n10_p05.json,random_n10_p05.json,results/experiments_results_random/n10,random,22,10,0.5,0.15,,,13,15.6,12.0,11.0,47,9,10,8,8,9.6,6.0,6.0,6.0,6.0,1,true,19,4,5,1.0833333333333333,1.3,0.9166666666666666,0.75,0.8333333333333334,1.3333333333333333,1.5999999999999999,1.0,0.6666666666666666,0.8333333333333334,0.03966379165649414,
results/experiments_results_random/n10/random_n10_p05.json,random_n10_p05.json,results/experiments_results_random/n10,random,23,10,0.5,0.15,,,15,16.9,11.0,10.5,45,8,10,6,8,12.2,7.0,7.0,7.0,7.0,1,true,27,5,6,1.3636363636363635,1.5363636363636362,0.9545454545454546,0.7272727272727273,0.9090909090909091,1.1428571428571428,1.7428571428571427,1.0,0.7142857142857143,0.8571428571428571,0.04361605644226074,
results/experiments_results_random/n10/random_n10_p05.json,random_n10_p05.json,results/experiments_results_random/n10,random,24,10,0.5,0.15,,,13,16.4,12.0,11.5,49,8,9,6,10,12.3,8.0,8.0,8.0,8.0,1,true,27,6,7,1.0833333333333333,1.3666666666666665,0.9583333333333334,0.6666666666666666,0.75,1.25,1.5375,1.0,0.75,0.875,0.042742013931274414,
results/experiments_results_random/n10/random_n10_p05.json,random_n10_p05.json,results/experiments_results_random/n10,random,25,10,0.5,0.15,,,14,15.7,12.0,11.666666666666668,46,9,10,10,6,7.9,5.0,5.0,5.0,5.0,2,false,12,4,4,1.1666666666666667,1.3083333333333333,0.9722222222222223,0.75,0.8333333333333334,1.2,1.58,1.0,0.8,0.8,0.03416013717651367,
results/experiments_results_random/n10/random_n10_p05.json,random_n10_p05.json,results/experiments_results_random/n10,random,26,10,0.5,0.15,,,17,18.7,13.0,11.0,52,8,10,4,14,15.4,10.0,11.0,9.0,9.0,1,false,34,7,8,1.3076923076923077,1.4384615384615385,0.8461538461538461,0.6153846153846154,0.7692307692307693,1.2727272727272727,1.4000000000000001,0.8181818181818182,0.6363636363636364,0.7272727272727273,0.05643916130065918,
results/experiments_results_random/n10/random_n10_p05.json,random_n10_p05.json,results/experiments_results_random/n10,random,27,10,0.5,0.15,,,15,18.3,13.0,12.5,59,9,10,8,9,12.6,8.0,8.0,7.5,8.0,7,true,24,5,7,1.1538461538461537,1.4076923076923078,0.9615384615384616,0.6923076923076923,0.7692307692307693,1.125,1.575,1.0,0.625,0.875,0.03916215896606445,
results/experiments_results_random/n10/random_n10_p05.json,random_n10_p05.json,results/experiments_results_random/n10,random,28,10,0.5,0.15,,,11,15.1,10.0,10.0,41,7,9,9,5,7.1,5.0,5.0,5.0,5.0,0,true,12,3,3,1.1,1.51,1.0,0.7,0.9,1.0,1.42,1.0,0.6,0.6,0.03344106674194336,
results/experiments_results_random/n10/random_n10_p05.json,random_n10_p05.json,results/experiments_results_random/n10,random,29,10,0.5,0.15,,,16,17.6,12.0,11.5,54,8,9,7,10,12.0,7.0,7.0,7.0,7.0,2,true,24,6,6,1.3333333333333333,1.4666666666666668,0.9583333333333334,0.6666666666666666,0.75,1.4285714285714286,1.7142857142857142,1.0,0.8571428571428571,0.8571428571428571,0.044158935546875,
results/experiments_results_random/n10/random_n10_p05.json,random_n10_p05.json,results/experiments_results_random/n10,random,30,10,0.5,0.15,,,15,16.3,13.0,12.0,51,8,12,5,9,12.8,9.0,9.0,9.0,9.0,0,true,31,7,8,1.1538461538461537,1.2538461538461538,0.9230769230769231,0.6153846153846154,0.9230769230769231,1.0,1.4222222222222223,1.0,0.7777777777777778,0.8888888888888888,0.045146942138671875,
results/experiments_results_random/n10/random_n10_p05.json,random_n10_p05.json,results/experiments_results_random/n10,random,31,10,0.5,0.15,,,12,14.6,10.0,10.0,41,7,9,8,7,7.8,4.0,4.0,4.0,4.0,5,true,11,4,4,1.2,1.46,1.0,0.7,0.9,1.75,1.95,1.0,1.0,1.0,0.038906097412109375,
results/experiments_results_random/n10/random_n10_p05.json,random_n10_p05.json,results/experiments_results_random/n10,random,32,10,0.5,0.15,,,13,15.6,11.0,10.5,44,8,9,6,7,9.7,7.0,7.0,7.0,7.0,0,true,20,5,5,1.1818181818181819,1.4181818181818182,0.9545454545454546,0.7272727272727273,0.8181818181818182,1.0,1.3857142857142857,1.0,0.7142857142857143,0.7142857142857143,0.044091224670410156,
results/experiments_results_random/n10/random_n10_p05.json,random_n10_p05.json,results/experiments_results_random/n10,random,33,10,0.5,0.15,,,14,14.4,11.0,10.5,42,7,10,5,8,9.6,8.0,8.0,7.5,7.5,1,true,22,7,6,1.2727272727272727,1.309090909090909,0.9545454545454546,0.6363636363636364,0.9090909090909091,1.0,1.2,0.9375,0.875,0.75,0.039775848388671875,
results/experiments_results_random/n10/random_n10_p05.json,random_n10_p05.json,results/experiments_results_random/n10,random,34,10,0.5,0.15,,,12,13.9,10.0,10.0,41,6,9,6,7,9.8,7.0,7.0,7.0,7.0,0,true,20,6,6,1.2,1.3900000000000001,1.0,0.6,0.9,1.0,1.4000000000000001,1.0,0.8571428571428571,0.8571428571428571,0.03830718994140625,
results/experiments_results_random/n10/random_n10_p05.json,random_n10_p05.json,results/experiments_results_random/n10,random,35,10,0.5,0.15,,,12,16.5,12.0,12.0,51,7,11,11,7,9.5,6.0,6.0,5.5,5.5,1,true,17,5,5,1.0,1.375,1.0,0.5833333333333334,0.9166666666666666,1.1666666666666667,1.5833333333333333,0.9166666666666666,0.8333333333333334,0.8333333333333334,0.03344082832336426,
results/experiments_results_random/n10/random_n10_p05.json,random_n10_p05.json,results/experiments_results_random/n10,random,36,10,0.5,0.15,,,14,16.8,11.0,11.0,50,9,10,4,10,15.2,9.0,9.0,9.0,9.0,1,true,38,7,8,1.2727272727272727,1.5272727272727273,1.0,0.8181818181818182,0.9090909090909091,1.1111111111111112,1.6888888888888889,1.0,0.7777777777777778,0.8888888888888888,0.041233062744140625,
results/experiments_results_random/n10/random_n10_p05.json,random_n10_p05.json,results/experiments_results_random/n10,random,37,10,0.5,0.15,,,14,18.1,12.0,12.0,53,10,11,11,6,9.2,6.0,6.0,6.0,6.0,4,true,19,5,4,1.1666666666666667,1.5083333333333335,1.0,0.8333333333333334,0.9166666666666666,1.0,1.5333333333333332,1.0,0.8333333333333334,0.6666666666666666,0.03302907943725586,
results/experiments_results_random/n10/random_n10_p05.json,random_n10_p05.json,results/experiments_results_random/n10,random,38,10,0.5,0.15,,,15,17.0,10.0,10.0,44,8,8,6,11,14.3,8.0,8.0,8.0,8.0,1,true,26,5,7,1.5,1.7,1.0,0.8,0.8,1.375,1.7875,1.0,0.625,0.875,0.03812694549560547,
results/experiments_results_random/n10/random_n10_p05.json,random_n10_p05.json,results/experiments_results_random/n10,random,39,10,0.5,0.15,,,14,15.7,11.0,10.0,40,9,8,4,8,11.3,8.0,8.0,8.0,8.0,0,true,26,7,7,1.2727272727272727,1.4272727272727272,0.9090909090909091,0.8181818181818182,0.7272727272727273,1.0,1.4125,1.0,0.875,0.875,0.043779850006103516,
results/experiments_results_random/n10/random_n10_p05.json,random_n10_p05.json,results/experiments_results_random/n10,random,40,10,0.5,0.15,,,13,15.2,11.0,11.0,48,10,10,7,11,13.0,9.0,9.0,9.0,9.0,0,true,29,7,7,1.1818181818181819,1.3818181818181818,1.0,0.9090909090909091,0.9090909090909091,1.2222222222222223,1.4444444444444444,1.0,0.7777777777777778,0.7777777777777778,0.03667187690734863,
results/experiments_results_random/n10/random_n10_p05.json,random_n10_p05.json,results/experiments_results_random/n10,random,41,10,0.5,0.15,,,12,15.4,11.0,9.0,42,8,8,4,9,11.8,8.0,8.0,7.0,7.0,0,true,28,6,6,1.0909090909090908,1.4000000000000001,0.8181818181818182,0.7272727272727273,0.7272727272727273,1.125,1.475,0.875,0.75,0.75,0.05084991455078125,
results/experiments_results_random/n10/random_n10_p05.json,random_n10_p05.json,results/experiments_results_random/n10,random,42,10,0.5,0.15,,,14,17.0,12.0,11.0,43,8,10,5,9,10.5,7.0,7.0,7.0,7.0,0,true,22,5,6,1.1666666666666667,1.4166666666666667,0.9166666666666666,0.6666666666666666,0.8333333333333334,1.2857142857142858,1.5,1.0,0.7142857142857143,0.8571428571428571,0.04159832000732422,
results/experiments_results_random/n10/random_n10_p05.json,random_n10_p05.json,results/experiments_results_random/n10,random,43,10,0.5,0.15,,,14,16.5,13.0,12.833333333333336,50,8,10,10,8,10.5,8.0,8.0,7.5,7.5,5,true,17,6,7,1.0769230769230769,1.2692307692307692,0.9871794871794873,0.6153846153846154,0.7692307692307693,1.0,1.3125,0.9375,0.75,0.875,0.03627800941467285,
results/experiments_results_random/n10/random_n10_p05.json,random_n10_p05.json,results/experiments_results_random/n10,random,44,10,0.5,0.15,,,14,17.8,12.0,11.0,48,8,10,5,10,12.0,8.0,8.0,8.0,8.0,0,true,27,6,6,1.1666666666666667,1.4833333333333334,0.9166666666666666,0.6666666666666666,0.8333333333333334,1.25,1.5,1.0,0.75,0.75,0.04392504692077637,
results/experiments_results_random/n10/random_n10_p05.json,random_n10_p05.json,results/experiments_results_random/n10,random,45,10,0.5,0.15,,,9,11.6,8.0,8.0,32,7,8,8,5,7.1,5.0,5.0,5.0,5.0,0,true,10,5,4,1.125,1.45,1.0,0.875,1.0,1.0,1.42,1.0,1.0,0.8,0.03469705581665039,
results/experiments_results_random/n10/random_n10_p05.json,random_n10_p05.json,results/experiments_results_random/n10,random,46,10,0.5,0.15,,,13,15.3,12.0,11.5,41,7,10,9,7,8.1,5.0,5.0,5.0,5.0,3,true,12,4,5,1.0833333333333333,1.2750000000000001,0.9583333333333334,0.5833333333333334,0.8333333333333334,1.4,1.6199999999999999,1.0,0.8,1.0,0.038336992263793945,
results/experiments_results_random/n10/random_n10_p05.json,random_n10_p05.json,results/experiments_results_random/n10,random,47,10,0.5,0.15,,,7,11.3,7.0,6.5,23,6,6,4,5,6.6,4.0,4.0,4.0,4.0,0,true,9,2,4,1.0,1.6142857142857143,0.9285714285714286,0.8571428571428571,0.8571428571428571,1.25,1.65,1.0,0.5,1.0,0.04034996032714844,
results/experiments_results_random/n10/random_n10_p05.json,random_n10_p05.json,results/experiments_results_random/n10,random,48,10,0.5,0.15,,,12,13.4,10.0,10.0,46,7,9,7,8,11.0,7.0,8.0,6.5,6.5,2,false,23,5,6,1.2,1.34,1.0,0.7,0.9,1.0,1.375,0.8125,0.625,0.75,0.04030632972717285,
results/experiments_results_random/n10/random_n10_p05.json,random_n10_p05.json,results/experiments_results_random/n10,random,49,10,0.5,0.15,,,14,15.7,11.0,9.5,40,8,9,9,6,6.9,4.0,5.0,4.0,4.666666666666668,1,true,11,3,4,1.2727272727272727,1.4272727272727272,0.8636363636363636,0.7272727272727273,0.8181818181818182,1.2,1.3800000000000001,0.9333333333333336,0.6,0.8,0.0386660099029541,
results/experiments_results_random/n10/random_n10_p05.json,random_n10_p05.json,results/experiments_results_random/n10,random,50,10,0.5,0.15,,,11,16.6,11.0,10.5,45,8,8,8,7,7.6,6.0,7.0,6.0,6.333333333333332,2,false,17,5,5,1.0,1.5090909090909093,0.9545454545454546,0.7272727272727273,0.7272727272727273,1.0,1.0857142857142856,0.9047619047619045,0.7142857142857143,0.7142857142857143,0.036724090576171875,
results/experiments_results_random/n10/random_n10_p04.json,random_n10_p04.json,results/experiments_results_random/n10,random,1,10,0.4,0.15,,,9,12.0,7.0,7.0,25,5,5,6,5,6.4,4.0,4.0,4.0,4.0,1,true,9,3,4,1.2857142857142858,1.7142857142857142,1.0,0.7142857142857143,0.7142857142857143,1.25,1.6,1.0,0.75,1.0,0.04223895072937012,
results/experiments_results_random/n10/random_n10_p04.json,random_n10_p04.json,results/experiments_results_random/n10,random,2,10,0.4,0.15,,,10,11.5,9.0,7.0,29,5,6,4,7,8.6,6.0,6.0,5.0,5.0,0,true,15,4,4,1.1111111111111112,1.2777777777777777,0.7777777777777778,0.5555555555555556,0.6666666666666666,1.1666666666666667,1.4333333333333333,0.8333333333333334,0.6666666666666666,0.6666666666666666,0.04926705360412598,
results/experiments_results_random/n10/random_n10_p04.json,random_n10_p04.json,results/experiments_results_random/n10,random,3,10,0.4,0.15,,,12,13.8,10.0,8.5,35,7,8,6,5,6.1,5.0,5.0,5.0,5.0,0,true,12,3,4,1.2,1.3800000000000001,0.85,0.7,0.8,1.0,1.22,1.0,0.6,0.8,0.040766000747680664,
results/experiments_results_random/n10/random_n10_p04.json,random_n10_p04.json,results/experiments_results_random/n10,random,4,10,0.4,0.15,,,8,9.7,7.0,6.0,20,6,6,2,6,8.3,5.0,5.0,4.5,4.5,0,true,14,3,4,1.1428571428571428,1.3857142857142857,0.8571428571428571,0.8571428571428571,0.8571428571428571,1.2,1.6600000000000001,0.9,0.6,0.8,0.0447998046875,
results/experiments_results_random/n10/random_n10_p04.json,random_n10_p04.json,results/experiments_results_random/n10,random,5,10,0.4,0.15,,,13,15.0,11.0,9.5,40,7,9,8,6,6.9,5.0,5.0,5.0,5.0,2,false,9,4,5,1.1818181818181819,1.3636363636363635,0.8636363636363636,0.6363636363636364,0.8181818181818182,1.2,1.3800000000000001,1.0,0.8,1.0,0.04257011413574219,
results/experiments_results_random/n10/random_n10_p04.json,random_n10_p04.json,results/experiments_results_random/n10,random,6,10,0.4,0.15,,,12,13.7,10.0,9.0,34,7,8,8,4,7.0,4.0,4.0,4.0,4.0,0,true,11,4,4,1.2,1.3699999999999999,0.9,0.7,0.8,1.0,1.75,1.0,1.0,1.0,0.04083991050720215,
results/experiments_results_random/n10/random_n10_p04.json,random_n10_p04.json,results/experiments_results_random/n10,random,7,10,0.4,0.15,,,10,13.4,9.0,9.0,34,6,7,5,7,9.2,7.0,7.0,6.5,6.5,0,true,18,5,5,1.1111111111111112,1.488888888888889,1.0,0.6666666666666666,0.7777777777777778,1.0,1.3142857142857143,0.9285714285714286,0.7142857142857143,0.7142857142857143,0.04190516471862793,
results/experiments_results_random/n10/random_n10_p04.json,random_n10_p04.json,results/experiments_results_random/n10,random,8,10,0.4,0.15,,,13,16.9,11.0,11.0,47,8,11,6,8,13.9,8.0,8.0,8.0,8.0,0,true,25,6,6,1.1818181818181819,1.5363636363636362,1.0,0.7272727272727273,1.0,1.0,1.7375,1.0,0.75,0.75,0.042269229888916016,
results/experiments_results_random/n10/random_n10_p04.json,random_n10_p04.json,results/experiments_results_random/n10,random,9,10,0.4,0.15,,,10,11.8,8.0,8.0,29,6,6,8,4,5.2,3.0,3.0,3.0,3.0,0,true,8,3,2,1.25,1.475,1.0,0.75,0.75,1.3333333333333333,1.7333333333333334,1.0,1.0,0.6666666666666666,0.03528189659118652,
results/experiments_results_random/n10/random_n10_p04.json,random_n10_p04.json,results/experiments_results_random/n10,random,10,10,0.4,0.15,,,12,14.0,9.0,9.0,35,8,8,7,7,9.2,6.0,6.0,6.0,6.0,1,true,16,5,6,1.3333333333333333,1.5555555555555556,1.0,0.8888888888888888,0.8888888888888888,1.1666666666666667,1.5333333333333332,1.0,0.8333333333333334,1.0,0.03703880310058594,
results/experiments_results_random/n10/random_n10_p04.json,random_n10_p04.json,results/experiments_results_random/n10,random,11,10,0.4,0.15,,,13,15.2,11.0,10.0,41,6,9,10,5,6.4,4.0,4.0,4.0,4.0,2,true,9,4,4,1.1818181818181819,1.3818181818181818,0.9090909090909091,0.5454545454545454,0.8181818181818182,1.25,1.6,1.0,1.0,1.0,0.04178190231323242,
results/experiments_results_random/n10/random_n10_p04.json,random_n10_p04.json,results/experiments_results_random/n10,random,12,10,0.4,0.15,,,13,15.5,11.0,9.5,43,8,9,7,6,8.5,6.0,6.0,6.0,6.0,1,true,15,4,5,1.1818181818181819,1.4090909090909092,0.8636363636363636,0.7272727272727273,0.8181818181818182,1.0,1.4166666666666667,1.0,0.6666666666666666,0.8333333333333334,0.042830705642700195,
results/experiments_results_random/n10/random_n10_p04.json,random_n10_p04.json,results/experiments_results_random/n10,random,13,10,0.4,0.15,,,7,8.7,7.0,6.5,24,4,5,9,1,1.1,1.0,1.0,1.0,1.0,0,true,1,1,1,1.0,1.2428571428571427,0.9285714285714286,0.5714285714285714,0.7142857142857143,1.0,1.1,1.0,1.0,1.0,0.03309512138366699,
results/experiments_results_random/n10/random_n10_p04.json,random_n10_p04.json,results/experiments_results_random/n10,random,14,10,0.4,0.15,,,6,7.9,6.0,5.5,17,4,5,3,5,7.2,4.0,4.0,4.0,4.0,0,true,11,3,3,1.0,1.3166666666666667,0.9166666666666666,0.6666666666666666,0.8333333333333334,1.25,1.8,1.0,0.75,0.75,0.04044079780578613,
results/experiments_results_random/n10/random_n10_p04.json,random_n10_p04.json,results/experiments_results_random/n10,random,15,10,0.4,0.15,,,10,12.5,10.0,9.66666666666667,33,7,8,6,7,8.5,7.0,7.0,6.5,6.5,0,true,15,5,6,1.0,1.25,0.966666666666667,0.7,0.8,1.0,1.2142857142857142,0.9285714285714286,0.7142857142857143,0.8571428571428571,0.03948807716369629,
results/experiments_results_random/n10/random_n10_p04.json,random_n10_p04.json,results/experiments_results_random/n10,random,16,10,0.4,0.15,,,8,9.1,7.0,7.0,21,6,6,7,3,3.8,3.0,3.0,3.0,3.0,0,true,6,3,3,1.1428571428571428,1.3,1.0,0.8571428571428571,0.8571428571428571,1.0,1.2666666666666666,1.0,1.0,1.0,0.03715920448303223,
results/experiments_results_random/n10/random_n10_p04.json,random_n10_p04.json,results/experiments_results_random/n10,random,17,10,0.4,0.15,,,10,12.3,8.0,8.0,28,7,8,6,5,6.2,5.0,5.0,5.0,5.0,0,true,9,5,5,1.25,1.5375,1.0,0.875,1.0,1.0,1.24,1.0,1.0,1.0,0.038393259048461914,
results/experiments_results_random/n10/random_n10_p04.json,random_n10_p04.json,results/experiments_results_random/n10,random,18,10,0.4,0.15,,,15,16.3,11.0,9.5,43,7,8,9,3,4.3,3.0,3.0,3.0,3.0,0,true,6,3,3,1.3636363636363635,1.481818181818182,0.8636363636363636,0.6363636363636364,0.7272727272727273,1.0,1.4333333333333333,1.0,1.0,1.0,0.041224002838134766,
results/experiments_results_random/n10/random_n10_p04.json,random_n10_p04.json,results/experiments_results_random/n10,random,19,10,0.4,0.15,,,7,8.4,6.0,5.0,16,4,5,5,2,2.0,2.0,2.0,2.0,2.0,0,true,4,1,2,1.1666666666666667,1.4000000000000001,0.8333333333333334,0.6666666666666666,0.8333333333333334,1.0,1.0,1.0,0.5,1.0,0.055622100830078125,
results/experiments_results_random/n10/random_n10_p04.json,random_n10_p04.json,results/experiments_results_random/n10,random,20,10,0.4,0.15,,,12,13.6,9.0,9.0,36,8,9,11,5,6.4,5.0,5.0,5.0,5.0,2,true,9,4,4,1.3333333333333333,1.511111111111111,1.0,0.8888888888888888,1.0,1.0,1.28,1.0,0.8,0.8,0.03360176086425781,
results/experiments_results_random/n10/random_n10_p04.json,random_n10_p04.json,results/experiments_results_random/n10,random,21,10,0.4,0.15,,,9,12.7,8.0,8.0,32,7,7,4,7,9.4,7.0,7.0,6.0,6.0,0,true,20,4,6,1.125,1.5875,1.0,0.875,0.875,1.0,1.342857142857143,0.8571428571428571,0.5714285714285714,0.8571428571428571,0.046034812927246094,
results/experiments_results_random/n10/random_n10_p04.json,random_n10_p04.json,results/experiments_results_random/n10,random,22,10,0.4,0.15,,,9,11.8,8.0,7.5,33,6,7,8,5,6.0,4.0,4.0,3.5,3.5,0,true,11,2,3,1.125,1.475,0.9375,0.75,0.875,1.25,1.5,0.875,0.5,0.75,0.03878283500671387,
results/experiments_results_random/n10/random_n10_p04.json,random_n10_p04.json,results/experiments_results_random/n10,random,23,10,0.4,0.15,,,8,9.8,8.0,7.0,23,5,6,6,4,5.4,4.0,4.0,4.0,4.0,0,true,9,3,3,1.0,1.225,0.875,0.625,0.75,1.0,1.35,1.0,0.75,0.75,0.03863215446472168,
results/experiments_results_random/n10/random_n10_p04.json,random_n10_p04.json,results/experiments_results_random/n10,random,24,10,0.4,0.15,,,12,13.8,9.0,9.0,32,7,8,6,6,7.5,5.0,5.0,5.0,5.0,0,true,14,4,4,1.3333333333333333,1.5333333333333334,1.0,0.7777777777777778,0.8888888888888888,1.2,1.5,1.0,0.8,0.8,0.03867292404174805,
results/experiments_results_random/n10/random_n10_p04.json,random_n10_p04.json,results/experiments_results_random/n10,random,25,10,0.4,0.15,,,14,16.0,12.0,11.0,49,8,9,10,8,8.7,6.0,6.0,6.0,6.0,1,true,15,5,5,1.1666666666666667,1.3333333333333333,0.9166666666666666,0.6666666666666666,0.75,1.3333333333333333,1.45,1.0,0.8333333333333334,0.8333333333333334,0.04086804389953613,
results/experiments_results_random/n10/random_n10_p04.json,random_n10_p04.json,results/experiments_results_random/n10,random,26,10,0.4,0.15,,,13,16.3,11.0,9.5,43,8,9,4,9,11.6,9.0,9.0,7.5,7.5,0,true,26,6,6,1.1818181818181819,1.481818181818182,0.8636363636363636,0.7272727272727273,0.8181818181818182,1.0,1.2888888888888888,0.8333333333333334,0.6666666666666666,0.6666666666666666,0.0500178337097168,
results/experiments_results_random/n10/random_n10_p04.json,random_n10_p04.json,results/experiments_results_random/n10,random,27,10,0.4,0.15,,,14,16.0,10.0,10.0,43,7,9,8,8,9.4,5.0,6.0,5.0,6.0,2,false,14,4,4,1.4,1.6,1.0,0.7,0.9,1.3333333333333333,1.5666666666666667,1.0,0.6666666666666666,0.6666666666666666,0.03710293769836426,
results/experiments_results_random/n10/random_n10_p04.json,random_n10_p04.json,results/experiments_results_random/n10,random,28,10,0.4,0.15,,,11,13.9,10.0,9.0,36,7,8,9,4,5.1,4.0,4.0,4.0,4.0,0,true,9,2,2,1.1,1.3900000000000001,0.9,0.7,0.8,1.0,1.275,1.0,0.5,0.5,0.038919925689697266,
results/experiments_results_random/n10/random_n10_p04.json,random_n10_p04.json,results/experiments_results_random/n10,random,29,10,0.4,0.15,,,15,17.6,12.0,10.0,50,7,9,7,8,10.3,7.0,7.0,6.0,6.25,3,false,19,5,5,1.25,1.4666666666666668,0.8333333333333334,0.5833333333333334,0.75,1.1428571428571428,1.4714285714285715,0.8928571428571429,0.7142857142857143,0.7142857142857143,0.052625179290771484,
results/experiments_results_random/n10/random_n10_p04.json,random_n10_p04.json,results/experiments_results_random/n10,random,30,10,0.4,0.15,,,14,15.5,11.0,10.5,44,8,9,5,9,11.0,9.0,9.0,7.5,7.5,0,true,24,5,6,1.2727272727272727,1.4090909090909092,0.9545454545454546,0.7272727272727273,0.8181818181818182,1.0,1.2222222222222223,0.8333333333333334,0.5555555555555556,0.6666666666666666,0.0506291389465332,
results/experiments_results_random/n10/random_n10_p04.json,random_n10_p04.json,results/experiments_results_random/n10,random,31,10,0.4,0.15,,,11,13.5,10.0,8.0,34,5,7,8,2,2.9,2.0,2.0,2.0,2.0,1,true,4,2,2,1.1,1.35,0.8,0.5,0.7,1.0,1.45,1.0,1.0,1.0,0.04034590721130371,
results/experiments_results_random/n10/random_n10_p04.json,random_n10_p04.json,results/experiments_results_random/n10,random,32,10,0.4,0.15,,,11,12.8,9.0,8.0,35,6,7,6,7,7.8,5.0,5.0,5.0,5.0,0,true,16,4,4,1.2222222222222223,1.4222222222222223,0.8888888888888888,0.6666666666666666,0.7777777777777778,1.4,1.56,1.0,0.8,0.8,0.04159212112426758,
results/experiments_results_random/n10/random_n10_p04.json,random_n10_p04.json,results/experiments_results_random/n10,random,33,10,0.4,0.15,,,10,11.5,9.0,8.5,31,7,8,5,5,6.0,5.0,5.0,5.0,5.0,0,true,13,5,5,1.1111111111111112,1.2777777777777777,0.9444444444444444,0.7777777777777778,0.8888888888888888,1.0,1.2,1.0,1.0,1.0,0.04325103759765625,
results/experiments_results_random/n10/random_n10_p04.json,random_n10_p04.json,results/experiments_results_random/n10,random,34,10,0.4,0.15,,,9,11.9,8.0,8.0,32,7,8,6,7,7.6,6.0,6.0,5.5,5.5,0,true,12,4,4,1.125,1.4875,1.0,0.875,1.0,1.1666666666666667,1.2666666666666666,0.9166666666666666,0.6666666666666666,0.6666666666666666,0.03740119934082031,
results/experiments_results_random/n10/random_n10_p04.json,random_n10_p04.json,results/experiments_results_random/n10,random,35,10,0.4,0.15,,,10,13.7,9.0,9.0,39,7,8,11,6,6.5,4.0,4.0,4.0,4.0,1,false,8,3,3,1.1111111111111112,1.5222222222222221,1.0,0.7777777777777778,0.8888888888888888,1.5,1.625,1.0,0.75,0.75,0.03307390213012695,
results/experiments_results_random/n10/random_n10_p04.json,random_n10_p04.json,results/experiments_results_random/n10,random,36,10,0.4,0.15,,,12,16.0,11.0,10.0,42,8,9,4,10,12.3,9.0,9.0,8.0,8.0,0,true,24,6,7,1.0909090909090908,1.4545454545454546,0.9090909090909091,0.7272727272727273,0.8181818181818182,1.1111111111111112,1.3666666666666667,0.8888888888888888,0.6666666666666666,0.7777777777777778,0.0528256893157959,
results/experiments_results_random/n10/random_n10_p04.json,random_n10_p04.json,results/experiments_results_random/n10,random,37,10,0.4,0.15,,,15,17.9,14.0,12.0,52,10,11,11,6,7.8,6.0,6.0,5.5,5.5,2,true,18,4,3,1.0714285714285714,1.2785714285714285,0.8571428571428571,0.7142857142857143,0.7857142857142857,1.0,1.3,0.9166666666666666,0.6666666666666666,0.5,0.0406498908996582,
results/experiments_results_random/n10/random_n10_p04.json,random_n10_p04.json,results/experiments_results_random/n10,random,38,10,0.4,0.15,,,9,12.6,8.0,8.0,29,5,6,6,5,8.2,5.0,5.0,5.0,5.0,0,true,14,3,4,1.125,1.575,1.0,0.625,0.75,1.0,1.64,1.0,0.6,0.8,0.03867602348327637,
results/experiments_results_random/n10/random_n10_p04.json,random_n10_p04.json,results/experiments_results_random/n10,random,39,10,0.4,0.15,,,10,13.0,9.0,8.5,31,7,7,4,6,8.5,6.0,6.0,6.0,6.0,0,true,17,5,6,1.1111111111111112,1.4444444444444444,0.9444444444444444,0.7777777777777778,0.7777777777777778,1.0,1.4166666666666667,1.0,0.8333333333333334,1.0,0.041610002517700195,
results/experiments_results_random/n10/random_n10_p04.json,random_n10_p04.json,results/experiments_results_random/n10,random,40,10,0.4,0.15,,,9,13.6,9.0,9.0,38,8,9,7,6,10.9,6.0,6.0,6.0,6.0,0,true,22,5,6,1.0,1.511111111111111,1.0,0.8888888888888888,1.0,1.0,1.8166666666666667,1.0,0.8333333333333334,1.0,0.03780484199523926,
results/experiments_results_random/n10/random_n10_p04.json,random_n10_p04.json,results/experiments_results_random/n10,random,41,10,0.4,0.15,,,11,13.9,10.0,8.5,35,7,8,4,8,10.4,7.0,7.0,6.5,6.5,0,true,22,5,6,1.1,1.3900000000000001,0.85,0.7,0.8,1.1428571428571428,1.4857142857142858,0.9285714285714286,0.7142857142857143,0.8571428571428571,0.05092811584472656,
results/experiments_results_random/n10/random_n10_p04.json,random_n10_p04.json,results/experiments_results_random/n10,random,42,10,0.4,0.15,,,9,11.2,8.0,7.5,25,7,7,5,6,6.5,5.0,5.0,4.5,4.5,0,true,11,4,4,1.125,1.4,0.9375,0.875,0.875,1.2,1.3,0.9,0.8,0.8,0.04053974151611328,
results/experiments_results_random/n10/random_n10_p04.json,random_n10_p04.json,results/experiments_results_random/n10,random,43,10,0.4,0.15,,,11,12.2,9.0,9.0,31,7,8,10,4,5.5,4.0,4.0,4.0,4.0,1,false,6,3,3,1.2222222222222223,1.3555555555555554,1.0,0.7777777777777778,0.8888888888888888,1.0,1.375,1.0,0.75,0.75,0.03343510627746582,
results/experiments_results_random/n10/random_n10_p04.json,random_n10_p04.json,results/experiments_results_random/n10,random,44,10,0.4,0.15,,,11,14.4,10.0,9.5,37,7,8,5,9,10.4,8.0,8.0,7.0,7.0,0,true,21,6,7,1.1,1.44,0.95,0.7,0.8,1.125,1.3,0.875,0.75,0.875,0.04847884178161621,
results/experiments_results_random/n10/random_n10_p04.json,random_n10_p04.json,results/experiments_results_random/n10,random,45,10,0.4,0.15,,,8,9.5,8.0,7.5,24,5,7,8,4,4.3,3.0,3.0,3.0,3.0,0,true,5,3,3,1.0,1.1875,0.9375,0.625,0.875,1.3333333333333333,1.4333333333333333,1.0,1.0,1.0,0.03699898719787598,
results/experiments_results_random/n10/random_n10_p04.json,random_n10_p04.json,results/experiments_results_random/n10,random,46,10,0.4,0.15,,,10,11.7,9.0,8.5,30,8,7,9,3,3.7,3.0,3.0,3.0,3.0,0,true,6,2,3,1.1111111111111112,1.2999999999999998,0.9444444444444444,0.8888888888888888,0.7777777777777778,1.0,1.2333333333333334,1.0,0.6666666666666666,1.0,0.03808403015136719,
results/experiments_results_random/n10/random_n10_p04.json,random_n10_p04.json,results/experiments_results_random/n10,random,47,10,0.4,0.15,,,5,6.8,4.0,4.0,13,3,3,4,3,3.2,3.0,3.0,3.0,3.0,0,true,3,3,3,1.25,1.7,1.0,0.75,0.75,1.0,1.0666666666666667,1.0,1.0,1.0,0.03673601150512695,
results/experiments_results_random/n10/random_n10_p04.json,random_n10_p04.json,results/experiments_results_random/n10,random,48,10,0.4,0.15,,,10,12.5,10.0,9.0,37,6,8,7,7,7.9,6.0,6.0,6.0,6.0,2,true,15,4,5,1.0,1.25,0.9,0.6,0.8,1.1666666666666667,1.3166666666666667,1.0,0.6666666666666666,0.8333333333333334,0.04187607765197754,
results/experiments_results_random/n10/random_n10_p04.json,random_n10_p04.json,results/experiments_results_random/n10,random,49,10,0.4,0.15,,,12,13.9,10.0,9.0,35,7,9,9,4,5.5,3.0,4.0,3.0,4.0,1,false,8,2,3,1.2,1.3900000000000001,0.9,0.7,0.9,1.0,1.375,1.0,0.5,0.75,0.03801703453063965,
results/experiments_results_random/n10/random_n10_p04.json,random_n10_p04.json,results/experiments_results_random/n10,random,50,10,0.4,0.15,,,12,15.0,10.0,9.0,39,7,8,8,6,6.9,5.0,5.0,5.0,5.0,1,true,14,4,4,1.2,1.5,0.9,0.7,0.8,1.2,1.3800000000000001,1.0,0.8,0.8,0.04132676124572754,
results/experiments_results_random/n10/random_n10_p08.json,random_n10_p08.json,results/experiments_results_random/n10,random,1,10,0.8,0.15,,,10,13.5,9.0,9.0,46,8,9,6,9,14.6,9.0,9.0,9.0,9.0,6,true,30,6,9,1.1111111111111112,1.5,1.0,0.8888888888888888,1.0,1.0,1.6222222222222222,1.0,0.6666666666666666,1.0,0.04903292655944824,
results/experiments_results_random/n10/random_n10_p08.json,random_n10_p08.json,results/experiments_results_random/n10,random,2,10,0.8,0.15,,,10,16.4,9.0,9.0,53,9,9,4,8,15.3,8.0,8.0,8.0,8.0,1,true,39,6,8,1.1111111111111112,1.822222222222222,1.0,1.0,1.0,1.0,1.9125,1.0,0.75,1.0,0.04193878173828125,
results/experiments_results_random/n10/random_n10_p08.json,random_n10_p08.json,results/experiments_results_random/n10,random,3,10,0.8,0.15,,,10,15.8,7.0,7.0,44,7,7,6,12,16.8,7.0,7.0,7.0,7.0,3,true,33,7,7,1.4285714285714286,2.257142857142857,1.0,1.0,1.0,1.7142857142857142,2.4,1.0,1.0,1.0,0.036535024642944336,
results/experiments_results_random/n10/random_n10_p08.json,random_n10_p08.json,results/experiments_results_random/n10,random,4,10,0.8,0.15,,,11,15.9,11.0,11.0,54,9,11,2,12,15.6,11.0,11.0,11.0,11.0,1,true,47,9,11,1.0,1.4454545454545455,1.0,0.8181818181818182,1.0,1.0909090909090908,1.4181818181818182,1.0,0.8181818181818182,1.0,0.045858144760131836,
results/experiments_results_random/n10/random_n10_p08.json,random_n10_p08.json,results/experiments_results_random/n10,random,5,10,0.8,0.15,,,10,13.0,10.0,10.0,49,8,10,8,12,14.8,10.0,10.0,10.0,10.0,0,true,31,8,10,1.0,1.3,1.0,0.8,1.0,1.2,1.48,1.0,0.8,1.0,0.038496971130371094,
results/experiments_results_random/n10/random_n10_p08.json,random_n10_p08.json,results/experiments_results_random/n10,random,6,10,0.8,0.15,,,14,18.0,12.0,12.0,53,10,11,8,13,14.4,11.0,11.0,11.0,11.0,1,true,31,7,11,1.1666666666666667,1.5,1.0,0.8333333333333334,0.9166666666666666,1.1818181818181819,1.309090909090909,1.0,0.6363636363636364,1.0,0.0393369197845459,
results/experiments_results_random/n10/random_n10_p08.json,random_n10_p08.json,results/experiments_results_random/n10,random,7,10,0.8,0.15,,,9,12.6,9.0,9.0,46,8,9,5,9,15.2,9.0,9.0,9.0,9.0,2,true,32,7,9,1.0,1.4,1.0,0.8888888888888888,1.0,1.0,1.6888888888888889,1.0,0.7777777777777778,1.0,0.0392918586730957,
results/experiments_results_random/n10/random_n10_p08.json,random_n10_p08.json,results/experiments_results_random/n10,random,8,10,0.8,0.15,,,7,12.9,7.0,7.0,44,7,7,6,13,18.2,7.0,7.0,7.0,7.0,0,true,35,7,7,1.0,1.842857142857143,1.0,1.0,1.0,1.8571428571428572,2.6,1.0,1.0,1.0,0.03861808776855469,
results/experiments_results_random/n10/random_n10_p08.json,random_n10_p08.json,results/experiments_results_random/n10,random,9,10,0.8,0.15,,,16,18.0,12.0,12.0,62,9,12,8,13,14.2,11.0,11.0,11.0,11.0,3,true,36,7,9,1.3333333333333333,1.5,1.0,0.75,1.0,1.1818181818181819,1.2909090909090908,1.0,0.6363636363636364,0.8181818181818182,0.04332709312438965,
results/experiments_results_random/n10/random_n10_p08.json,random_n10_p08.json,results/experiments_results_random/n10,random,10,10,0.8,0.15,,,13,16.2,11.0,11.0,53,8,11,7,12,15.9,10.0,10.0,10.0,10.0,5,true,35,7,9,1.1818181818181819,1.4727272727272727,1.0,0.7272727272727273,1.0,1.2,1.59,1.0,0.7,0.9,0.04003119468688965,
results/experiments_results_random/n10/random_n10_p08.json,random_n10_p08.json,results/experiments_results_random/n10,random,11,10,0.8,0.15,,,14,15.4,9.0,9.0,50,8,9,10,12,14.0,9.0,9.0,9.0,9.0,6,true,25,8,8,1.5555555555555556,1.7111111111111112,1.0,0.8888888888888888,1.0,1.3333333333333333,1.5555555555555556,1.0,0.8888888888888888,0.8888888888888888,0.03408217430114746,
results/experiments_results_random/n10/random_n10_p08.json,random_n10_p08.json,results/experiments_results_random/n10,random,12,10,0.8,0.15,,,11,12.4,8.0,8.0,43,8,8,7,11,12.3,8.0,8.0,8.0,8.0,2,false,27,6,7,1.375,1.55,1.0,1.0,1.0,1.375,1.5375,1.0,0.75,0.875,0.03767108917236328,
results/experiments_results_random/n10/random_n10_p08.json,random_n10_p08.json,results/experiments_results_random/n10,random,13,10,0.8,0.15,,,12,15.6,12.0,12.0,52,9,11,9,14,14.7,10.0,10.0,10.0,10.0,0,true,31,8,9,1.0,1.3,1.0,0.75,0.9166666666666666,1.4,1.47,1.0,0.8,0.9,0.0379030704498291,
results/experiments_results_random/n10/random_n10_p08.json,random_n10_p08.json,results/experiments_results_random/n10,random,14,10,0.8,0.15,,,10,16.6,9.0,9.0,45,9,9,3,10,16.0,8.0,8.0,8.0,8.0,2,true,37,8,8,1.1111111111111112,1.8444444444444446,1.0,1.0,1.0,1.25,2.0,1.0,1.0,1.0,0.04265403747558594,
results/experiments_results_random/n10/random_n10_p08.json,random_n10_p08.json,results/experiments_results_random/n10,random,15,10,0.8,0.15,,,11,12.2,9.0,9.0,42,8,9,6,12,15.0,9.0,9.0,9.0,9.0,1,true,31,7,9,1.2222222222222223,1.3555555555555554,1.0,0.8888888888888888,1.0,1.3333333333333333,1.6666666666666667,1.0,0.7777777777777778,1.0,0.03838801383972168,
results/experiments_results_random/n10/random_n10_p08.json,random_n10_p08.json,results/experiments_results_random/n10,random,16,10,0.8,0.15,,,12,13.5,11.0,11.0,46,9,10,7,10,13.7,10.0,10.0,10.0,10.0,1,false,31,8,9,1.0909090909090908,1.2272727272727273,1.0,0.8181818181818182,0.9090909090909091,1.0,1.3699999999999999,1.0,0.8,0.9,0.04651379585266113,
results/experiments_results_random/n10/random_n10_p08.json,random_n10_p08.json,results/experiments_results_random/n10,random,17,10,0.8,0.15,,,8,12.8,8.0,8.0,44,8,8,6,10,15.9,8.0,8.0,8.0,8.0,0,true,30,6,8,1.0,1.6,1.0,1.0,1.0,1.25,1.9875,1.0,0.75,1.0,0.03758597373962402,
results/experiments_results_random/n10/random_n10_p08.json,random_n10_p08.json,results/experiments_results_random/n10,random,18,10,0.8,0.15,,,8,15.0,8.0,8.0,45,8,8,9,11,14.8,8.0,8.0,8.0,8.0,4,true,24,7,8,1.0,1.875,1.0,1.0,1.0,1.375,1.85,1.0,0.875,1.0,0.03378009796142578,
results/experiments_results_random/n10/random_n10_p08.json,random_n10_p08.json,results/experiments_results_random/n10,random,19,10,0.8,0.15,,,14,14.9,9.0,9.0,52,8,9,5,13,16.5,9.0,9.0,9.0,9.0,1,true,38,8,9,1.5555555555555556,1.6555555555555557,1.0,0.8888888888888888,1.0,1.4444444444444444,1.8333333333333333,1.0,0.8888888888888888,1.0,0.039553165435791016,
results/experiments_results_random/n10/random_n10_p08.json,random_n10_p08.json,results/experiments_results_random/n10,random,20,10,0.8,0.15,,,5,8.6,5.0,5.0,26,5,5,11,10,13.9,5.0,5.0,5.0,5.0,2,true,17,5,5,1.0,1.72,1.0,1.0,1.0,2.0,2.7800000000000002,1.0,1.0,1.0,0.029968976974487305,
results/experiments_results_random/n10/random_n10_p08.json,random_n10_p08.json,results/experiments_results_random/n10,random,21,10,0.8,0.15,,,11,13.1,6.0,6.0,42,5,6,4,13,14.4,6.0,6.0,6.0,6.0,1,true,33,6,6,1.8333333333333333,2.183333333333333,1.0,0.8333333333333334,1.0,2.1666666666666665,2.4,1.0,1.0,1.0,0.039035797119140625,
results/experiments_results_random/n10/random_n10_p08.json,random_n10_p08.json,results/experiments_results_random/n10,random,22,10,0.8,0.15,,,14,15.1,7.0,7.0,47,5,7,8,14,16.7,7.0,7.0,7.0,7.0,10,true,28,5,7,2.0,2.157142857142857,1.0,0.7142857142857143,1.0,2.0,2.3857142857142857,1.0,0.7142857142857143,1.0,0.03533792495727539,
results/experiments_results_random/n10/random_n10_p08.json,random_n10_p08.json,results/experiments_results_random/n10,random,23,10,0.8,0.15,,,12,16.4,9.0,9.0,47,7,9,6,12,15.5,9.0,9.0,9.0,9.0,3,true,34,7,7,1.3333333333333333,1.822222222222222,1.0,0.7777777777777778,1.0,1.3333333333333333,1.7222222222222223,1.0,0.7777777777777778,0.7777777777777778,0.037554025650024414,
results/experiments_results_random/n10/random_n10_p08.json,random_n10_p08.json,results/experiments_results_random/n10,random,24,10,0.8,0.15,,,9,15.8,8.0,8.0,42,8,8,6,10,17.1,8.0,8.0,8.0,8.0,4,true,28,7,8,1.125,1.975,1.0,1.0,1.0,1.25,2.1375,1.0,0.875,1.0,0.0367889404296875,
results/experiments_results_random/n10/random_n10_p08.json,random_n10_p08.json,results/experiments_results_random/n10,random,25,10,0.8,0.15,,,3,9.2,3.0,3.0,22,3,3,10,8,12.8,3.0,3.0,3.0,3.0,11,true,10,3,3,1.0,3.0666666666666664,1.0,1.0,1.0,2.6666666666666665,4.266666666666667,1.0,1.0,1.0,0.03174591064453125,
results/experiments_results_random/n10/random_n10_p08.json,random_n10_p08.json,results/experiments_results_random/n10,random,26,10,0.8,0.15,,,8,10.0,8.0,8.0,38,7,7,4,13,14.8,8.0,8.0,8.0,8.0,1,true,30,7,7,1.0,1.25,1.0,0.875,0.875,1.625,1.85,1.0,0.875,0.875,0.03920102119445801,
results/experiments_results_random/n10/random_n10_p08.json,random_n10_p08.json,results/experiments_results_random/n10,random,27,10,0.8,0.15,,,15,16.9,10.0,10.0,56,9,10,8,13,14.6,9.0,9.0,9.0,9.0,9,true,31,7,7,1.5,1.69,1.0,0.9,1.0,1.4444444444444444,1.6222222222222222,1.0,0.7777777777777778,0.7777777777777778,0.03844714164733887,
results/experiments_results_random/n10/random_n10_p08.json,random_n10_p08.json,results/experiments_results_random/n10,random,28,10,0.8,0.15,,,17,18.1,14.0,14.0,61,9,12,9,11,14.3,8.0,8.0,8.0,8.0,5,true,31,6,8,1.2142857142857142,1.292857142857143,1.0,0.6428571428571429,0.8571428571428571,1.375,1.7875,1.0,0.75,1.0,0.03853487968444824,
results/experiments_results_random/n10/random_n10_p08.json,random_n10_p08.json,results/experiments_results_random/n10,random,29,10,0.8,0.15,,,9,12.5,9.0,9.0,46,8,9,7,10,14.5,8.0,8.0,8.0,8.0,5,true,29,7,8,1.0,1.3888888888888888,1.0,0.8888888888888888,1.0,1.25,1.8125,1.0,0.875,1.0,0.03803396224975586,
results/experiments_results_random/n10/random_n10_p08.json,random_n10_p08.json,results/experiments_results_random/n10,random,30,10,0.8,0.15,,,9,12.4,9.0,9.0,47,8,9,5,9,13.0,9.0,9.0,9.0,9.0,2,true,35,8,9,1.0,1.3777777777777778,1.0,0.8888888888888888,1.0,1.0,1.4444444444444444,1.0,0.8888888888888888,1.0,0.03871488571166992,
results/experiments_results_random/n10/random_n10_p08.json,random_n10_p08.json,results/experiments_results_random/n10,random,31,10,0.8,0.15,,,8,12.3,8.0,8.0,48,8,8,8,13,17.4,8.0,8.0,8.0,8.0,5,true,31,7,7,1.0,1.5375,1.0,1.0,1.0,1.625,2.175,1.0,0.875,0.875,0.03577423095703125,
results/experiments_results_random/n10/random_n10_p08.json,random_n10_p08.json,results/experiments_results_random/n10,random,32,10,0.8,0.15,,,14,15.5,12.0,12.0,52,10,12,6,12,16.9,10.0,10.0,10.0,10.0,0,true,36,9,9,1.1666666666666667,1.2916666666666667,1.0,0.8333333333333334,1.0,1.2,1.69,1.0,0.9,0.9,0.040773868560791016,
results/experiments_results_random/n10/random_n10_p08.json,random_n10_p08.json,results/experiments_results_random/n10,random,33,10,0.8,0.15,,,12,16.0,9.0,9.0,50,9,9,5,11,16.8,9.0,9.0,9.0,9.0,1,true,38,9,9,1.3333333333333333,1.7777777777777777,1.0,1.0,1.0,1.2222222222222223,1.8666666666666667,1.0,1.0,1.0,0.03870534896850586,
results/experiments_results_random/n10/random_n10_p08.json,random_n10_p08.json,results/experiments_results_random/n10,random,34,10,0.8,0.15,,,11,14.7,11.0,11.0,45,11,10,6,12,14.2,10.0,10.0,10.0,10.0,1,true,32,8,8,1.0,1.3363636363636362,1.0,1.0,0.9090909090909091,1.2,1.42,1.0,0.8,0.8,0.04096579551696777,
results/experiments_results_random/n10/random_n10_p08.json,random_n10_p08.json,results/experiments_results_random/n10,random,35,10,0.8,0.15,,,13,13.7,11.0,11.0,51,9,11,11,9,13.6,9.0,9.0,9.0,9.0,2,true,25,6,8,1.1818181818181819,1.2454545454545454,1.0,0.8181818181818182,1.0,1.0,1.511111111111111,1.0,0.6666666666666666,0.8888888888888888,0.03531289100646973,
results/experiments_results_random/n10/random_n10_p08.json,random_n10_p08.json,results/experiments_results_random/n10,random,36,10,0.8,0.15,,,8,12.1,8.0,8.0,44,8,8,4,11,13.6,8.0,8.0,8.0,8.0,2,true,37,7,8,1.0,1.5125,1.0,1.0,1.0,1.375,1.7,1.0,0.875,1.0,0.03944563865661621,
results/experiments_results_random/n10/random_n10_p08.json,random_n10_p08.json,results/experiments_results_random/n10,random,37,10,0.8,0.15,,,5,10.3,5.0,5.0,36,5,5,11,10,11.9,5.0,5.0,5.0,5.0,15,true,13,4,5,1.0,2.06,1.0,1.0,1.0,2.0,2.38,1.0,0.8,1.0,0.03242206573486328,
results/experiments_results_random/n10/random_n10_p08.json,random_n10_p08.json,results/experiments_results_random/n10,random,38,10,0.8,0.15,,,7,11.1,7.0,7.0,33,6,7,6,8,16.6,7.0,7.0,7.0,7.0,0,true,28,6,6,1.0,1.5857142857142856,1.0,0.8571428571428571,1.0,1.1428571428571428,2.3714285714285714,1.0,0.8571428571428571,0.8571428571428571,0.036947011947631836,
results/experiments_results_random/n10/random_n10_p08.json,random_n10_p08.json,results/experiments_results_random/n10,random,39,10,0.8,0.15,,,12,13.5,7.0,7.0,46,7,7,4,14,15.2,7.0,7.0,7.0,7.0,3,true,37,7,7,1.7142857142857142,1.9285714285714286,1.0,1.0,1.0,2.0,2.1714285714285713,1.0,1.0,1.0,0.039223670959472656,
results/experiments_results_random/n10/random_n10_p08.json,random_n10_p08.json,results/experiments_results_random/n10,random,40,10,0.8,0.15,,,2,2.5,2.0,2.0,14,2,2,7,2,8.4,2.0,2.0,2.0,2.0,2,true,8,2,2,1.0,1.25,1.0,1.0,1.0,1.0,4.2,1.0,1.0,1.0,0.03248882293701172,
results/experiments_results_random/n10/random_n10_p08.json,random_n10_p08.json,results/experiments_results_random/n10,random,41,10,0.8,0.15,,,16,16.8,13.0,13.0,54,9,12,4,13,16.0,11.0,11.0,11.0,11.0,1,true,41,9,10,1.2307692307692308,1.2923076923076924,1.0,0.6923076923076923,0.9230769230769231,1.1818181818181819,1.4545454545454546,1.0,0.8181818181818182,0.9090909090909091,0.044023990631103516,
results/experiments_results_random/n10/random_n10_p08.json,random_n10_p08.json,results/experiments_results_random/n10,random,42,10,0.8,0.15,,,10,15.0,10.0,10.0,50,9,9,5,15,17.5,10.0,10.0,10.0,10.0,2,true,40,8,9,1.0,1.5,1.0,0.9,0.9,1.5,1.75,1.0,0.8,0.9,0.03998899459838867,
results/experiments_results_random/n10/random_n10_p08.json,random_n10_p08.json,results/experiments_results_random/n10,random,43,10,0.8,0.15,,,8,11.8,8.0,8.0,38,7,8,10,12,14.4,7.0,7.0,7.0,7.0,5,true,20,5,7,1.0,1.475,1.0,0.875,1.0,1.7142857142857142,2.0571428571428574,1.0,0.7142857142857143,1.0,0.03368806838989258,
results/experiments_results_random/n10/random_n10_p08.json,random_n10_p08.json,results/experiments_results_random/n10,random,44,10,0.8,0.15,,,12,17.3,11.0,11.0,55,10,11,5,13,14.0,10.0,10.0,10.0,10.0,1,true,37,8,9,1.0909090909090908,1.5727272727272728,1.0,0.9090909090909091,1.0,1.3,1.4,1.0,0.8,0.9,0.04064488410949707,
results/experiments_results_random/n10/random_n10_p08.json,random_n10_p08.json,results/experiments_results_random/n10,random,45,10,0.8,0.15,,,7,11.9,7.0,7.0,44,7,7,8,11,14.8,7.0,7.0,7.0,7.0,1,true,31,6,7,1.0,1.7,1.0,1.0,1.0,1.5714285714285714,2.1142857142857143,1.0,0.8571428571428571,1.0,0.034828901290893555,
results/experiments_results_random/n10/random_n10_p08.json,random_n10_p08.json,results/experiments_results_random/n10,random,46,10,0.8,0.15,,,6,13.2,6.0,6.0,42,6,6,9,12,15.4,6.0,6.0,6.0,6.0,11,true,23,5,6,1.0,2.1999999999999997,1.0,1.0,1.0,2.0,2.566666666666667,1.0,0.8333333333333334,1.0,0.033661842346191406,
results/experiments_results_random/n10/random_n10_p08.json,random_n10_p08.json,results/experiments_results_random/n10,random,47,10,0.8,0.15,,,9,13.8,9.0,9.0,45,8,9,4,14,17.3,9.0,9.0,9.0,9.0,1,true,37,8,9,1.0,1.5333333333333334,1.0,0.8888888888888888,1.0,1.5555555555555556,1.9222222222222223,1.0,0.8888888888888888,1.0,0.04140591621398926,
results/experiments_results_random/n10/random_n10_p08.json,random_n10_p08.json,results/experiments_results_random/n10,random,48,10,0.8,0.15,,,6,10.9,6.0,6.0,34,6,6,7,13,14.8,6.0,6.0,6.0,6.0,4,true,21,6,6,1.0,1.8166666666666667,1.0,1.0,1.0,2.1666666666666665,2.466666666666667,1.0,1.0,1.0,0.034774065017700195,
results/experiments_results_random/n10/random_n10_p08.json,random_n10_p08.json,results/experiments_results_random/n10,random,49,10,0.8,0.15,,,10,15.3,9.0,9.0,48,9,9,9,13,16.0,9.0,9.0,9.0,9.0,6,true,28,5,8,1.1111111111111112,1.7000000000000002,1.0,1.0,1.0,1.4444444444444444,1.7777777777777777,1.0,0.5555555555555556,0.8888888888888888,0.034902095794677734,
results/experiments_results_random/n10/random_n10_p08.json,random_n10_p08.json,results/experiments_results_random/n10,random,50,10,0.8,0.15,,,8,13.9,8.0,8.0,49,8,8,8,13,15.9,8.0,8.0,8.0,8.0,7,true,31,6,8,1.0,1.7375,1.0,1.0,1.0,1.625,1.9875,1.0,0.75,1.0,0.03541111946105957,
results/experiments_results_random/n10/random_n10_p07.json,random_n10_p07.json,results/experiments_results_random/n10,random,1,10,0.7,0.15,,,16,17.2,12.0,12.0,55,9,11,6,10,14.0,10.0,10.0,10.0,10.0,1,true,32,8,10,1.3333333333333333,1.4333333333333333,1.0,0.75,0.9166666666666666,1.0,1.4,1.0,0.8,1.0,0.04701709747314453,
results/experiments_results_random/n10/random_n10_p07.json,random_n10_p07.json,results/experiments_results_random/n10,random,2,10,0.7,0.15,,,12,17.3,11.0,11.0,57,9,11,4,10,17.0,10.0,10.0,10.0,10.0,1,true,44,7,10,1.0909090909090908,1.5727272727272728,1.0,0.8181818181818182,1.0,1.0,1.7,1.0,0.7,1.0,0.05544304847717285,
results/experiments_results_random/n10/random_n10_p07.json,random_n10_p07.json,results/experiments_results_random/n10,random,3,10,0.7,0.15,,,13,17.9,13.0,12.5,54,9,11,6,15,17.3,11.0,11.0,11.0,11.0,2,true,38,9,10,1.0,1.376923076923077,0.9615384615384616,0.6923076923076923,0.8461538461538461,1.3636363636363635,1.5727272727272728,1.0,0.8181818181818182,0.9090909090909091,0.04567694664001465,
results/experiments_results_random/n10/random_n10_p07.json,random_n10_p07.json,results/experiments_results_random/n10,random,4,10,0.7,0.15,,,14,17.3,13.0,13.0,53,11,12,2,15,17.0,13.0,13.0,13.0,13.0,1,false,46,10,11,1.0769230769230769,1.330769230769231,1.0,0.8461538461538461,0.9230769230769231,1.1538461538461537,1.3076923076923077,1.0,0.7692307692307693,0.8461538461538461,0.049771785736083984,
results/experiments_results_random/n10/random_n10_p07.json,random_n10_p07.json,results/experiments_results_random/n10,random,5,10,0.7,0.15,,,16,17.0,13.0,13.0,59,9,13,8,13,14.8,10.0,10.0,10.0,10.0,5,true,32,8,9,1.2307692307692308,1.3076923076923077,1.0,0.6923076923076923,1.0,1.3,1.48,1.0,0.8,0.9,0.04038381576538086,
results/experiments_results_random/n10/random_n10_p07.json,random_n10_p07.json,results/experiments_results_random/n10,random,6,10,0.7,0.15,,,14,18.0,14.0,14.0,54,10,12,8,11,14.1,11.0,11.0,10.5,10.5,1,true,32,7,9,1.0,1.2857142857142858,1.0,0.7142857142857143,0.8571428571428571,1.0,1.2818181818181817,0.9545454545454546,0.6363636363636364,0.8181818181818182,0.041908979415893555,
results/experiments_results_random/n10/random_n10_p07.json,random_n10_p07.json,results/experiments_results_random/n10,random,7,10,0.7,0.15,,,11,12.4,11.0,11.0,44,9,9,5,9,14.5,9.0,9.0,9.0,9.0,3,true,30,7,7,1.0,1.1272727272727272,1.0,0.8181818181818182,0.8181818181818182,1.0,1.6111111111111112,1.0,0.7777777777777778,0.7777777777777778,0.04095911979675293,
results/experiments_results_random/n10/random_n10_p07.json,random_n10_p07.json,results/experiments_results_random/n10,random,8,10,0.7,0.15,,,13,15.4,10.0,10.0,50,8,10,6,13,16.8,10.0,10.0,10.0,10.0,0,true,35,8,10,1.3,1.54,1.0,0.8,1.0,1.3,1.6800000000000002,1.0,0.8,1.0,0.03871798515319824,
results/experiments_results_random/n10/random_n10_p07.json,random_n10_p07.json,results/experiments_results_random/n10,random,9,10,0.7,0.15,,,11,13.8,11.0,10.5,42,7,10,8,9,10.5,7.0,7.0,7.0,7.0,2,true,22,5,6,1.0,1.2545454545454546,0.9545454545454546,0.6363636363636364,0.9090909090909091,1.2857142857142858,1.5,1.0,0.7142857142857143,0.8571428571428571,0.03894996643066406,
results/experiments_results_random/n10/random_n10_p07.json,random_n10_p07.json,results/experiments_results_random/n10,random,10,10,0.7,0.15,,,15,17.1,12.0,12.0,53,8,10,7,12,14.8,10.0,10.0,10.0,10.0,5,false,31,6,8,1.25,1.425,1.0,0.6666666666666666,0.8333333333333334,1.2,1.48,1.0,0.6,0.8,0.04037189483642578,
results/experiments_results_random/n10/random_n10_p07.json,random_n10_p07.json,results/experiments_results_random/n10,random,11,10,0.7,0.15,,,14,15.8,10.0,10.0,52,8,10,10,10,12.7,9.0,9.0,9.0,9.0,7,false,24,8,9,1.4,1.58,1.0,0.8,1.0,1.1111111111111112,1.411111111111111,1.0,0.8888888888888888,1.0,0.03569293022155762,
results/experiments_results_random/n10/random_n10_p07.json,random_n10_p07.json,results/experiments_results_random/n10,random,12,10,0.7,0.15,,,12,15.1,11.0,11.0,50,8,11,7,12,13.3,8.0,8.0,8.0,8.0,2,true,30,6,8,1.0909090909090908,1.3727272727272728,1.0,0.7272727272727273,1.0,1.5,1.6625,1.0,0.75,1.0,0.043901920318603516,
results/experiments_results_random/n10/random_n10_p07.json,random_n10_p07.json,results/experiments_results_random/n10,random,13,10,0.7,0.15,,,12,15.7,12.0,12.0,46,8,9,9,10,11.6,8.0,8.0,8.0,8.0,0,true,21,6,7,1.0,1.3083333333333333,1.0,0.6666666666666666,0.75,1.25,1.45,1.0,0.75,0.875,0.03731203079223633,
results/experiments_results_random/n10/random_n10_p07.json,random_n10_p07.json,results/experiments_results_random/n10,random,14,10,0.7,0.15,,,10,14.6,10.0,9.5,44,6,9,3,9,12.4,9.0,9.0,9.0,9.0,0,true,31,7,9,1.0,1.46,0.95,0.6,0.9,1.0,1.3777777777777778,1.0,0.7777777777777778,1.0,0.04239392280578613,
results/experiments_results_random/n10/random_n10_p07.json,random_n10_p07.json,results/experiments_results_random/n10,random,15,10,0.7,0.15,,,12,16.1,12.0,12.0,50,8,12,6,12,14.1,12.0,12.0,11.5,11.5,1,false,33,9,11,1.0,1.3416666666666668,1.0,0.6666666666666666,1.0,1.0,1.175,0.9583333333333334,0.75,0.9166666666666666,0.045854806900024414,
results/experiments_results_random/n10/random_n10_p07.json,random_n10_p07.json,results/experiments_results_random/n10,random,16,10,0.7,0.15,,,13,15.0,12.0,12.0,50,10,11,7,10,14.5,10.0,10.0,10.0,10.0,0,true,32,6,8,1.0833333333333333,1.25,1.0,0.8333333333333334,0.9166666666666666,1.0,1.45,1.0,0.6,0.8,0.04025125503540039,
results/experiments_results_random/n10/random_n10_p07.json,random_n10_p07.json,results/experiments_results_random/n10,random,17,10,0.7,0.15,,,9,13.3,9.0,9.0,46,8,9,6,11,15.9,9.0,9.0,9.0,9.0,0,true,31,7,8,1.0,1.4777777777777779,1.0,0.8888888888888888,1.0,1.2222222222222223,1.7666666666666666,1.0,0.7777777777777778,0.8888888888888888,0.037384986877441406,
results/experiments_results_random/n10/random_n10_p07.json,random_n10_p07.json,results/experiments_results_random/n10,random,18,10,0.7,0.15,,,14,18.2,13.0,13.0,59,10,12,9,9,12.4,9.0,9.0,9.0,9.0,3,true,25,8,7,1.0769230769230769,1.4,1.0,0.7692307692307693,0.9230769230769231,1.0,1.3777777777777778,1.0,0.8888888888888888,0.7777777777777778,0.03809475898742676,
results/experiments_results_random/n10/random_n10_p07.json,random_n10_p07.json,results/experiments_results_random/n10,random,19,10,0.7,0.15,,,18,19.9,14.0,14.0,64,9,12,5,17,18.3,13.0,13.0,12.75,12.75,0,true,46,10,11,1.2857142857142858,1.4214285714285713,1.0,0.6428571428571429,0.8571428571428571,1.3076923076923077,1.4076923076923078,0.9807692307692307,0.7692307692307693,0.8461538461538461,0.07569479942321777,
results/experiments_results_random/n10/random_n10_p07.json,random_n10_p07.json,results/experiments_results_random/n10,random,20,10,0.7,0.15,,,11,14.0,9.0,9.0,46,8,9,11,10,13.1,9.0,9.0,8.5,9.0,11,true,22,6,7,1.2222222222222223,1.5555555555555556,1.0,0.8888888888888888,1.0,1.1111111111111112,1.4555555555555555,1.0,0.6666666666666666,0.7777777777777778,0.03334212303161621,
results/experiments_results_random/n10/random_n10_p07.json,random_n10_p07.json,results/experiments_results_random/n10,random,21,10,0.7,0.15,,,12,16.8,12.0,12.0,55,9,11,4,11,13.5,10.0,10.0,10.0,10.0,1,true,38,9,9,1.0,1.4000000000000001,1.0,0.75,0.9166666666666666,1.1,1.35,1.0,0.9,0.9,0.043489933013916016,
results/experiments_results_random/n10/random_n10_p07.json,random_n10_p07.json,results/experiments_results_random/n10,random,22,10,0.7,0.15,,,14,17.1,10.0,10.0,53,10,10,8,15,16.0,8.0,8.0,8.0,8.0,5,true,27,6,7,1.4,1.7100000000000002,1.0,1.0,1.0,1.875,2.0,1.0,0.75,0.875,0.039153337478637695,
results/experiments_results_random/n10/random_n10_p07.json,random_n10_p07.json,results/experiments_results_random/n10,random,23,10,0.7,0.15,,,14,16.7,11.0,11.0,50,8,10,6,12,14.6,9.0,9.0,9.0,9.0,3,true,33,7,9,1.2727272727272727,1.518181818181818,1.0,0.7272727272727273,0.9090909090909091,1.3333333333333333,1.6222222222222222,1.0,0.7777777777777778,1.0,0.05955314636230469,
results/experiments_results_random/n10/random_n10_p07.json,random_n10_p07.json,results/experiments_results_random/n10,random,24,10,0.7,0.15,,,17,19.8,14.0,14.0,63,11,12,6,16,18.2,12.0,12.0,12.0,12.0,5,false,43,9,10,1.2142857142857142,1.4142857142857144,1.0,0.7857142857142857,0.8571428571428571,1.3333333333333333,1.5166666666666666,1.0,0.75,0.8333333333333334,0.04590892791748047,
results/experiments_results_random/n10/random_n10_p07.json,random_n10_p07.json,results/experiments_results_random/n10,random,25,10,0.7,0.15,,,10,17.3,10.0,10.0,52,9,10,10,14,15.7,10.0,10.0,10.0,10.0,9,true,27,6,8,1.0,1.73,1.0,0.9,1.0,1.4,1.5699999999999998,1.0,0.6,0.8,0.04021191596984863,
results/experiments_results_random/n10/random_n10_p07.json,random_n10_p07.json,results/experiments_results_random/n10,random,26,10,0.7,0.15,,,12,15.8,12.0,12.0,50,8,11,4,12,15.2,12.0,12.0,12.0,12.0,3,false,36,9,10,1.0,1.3166666666666667,1.0,0.6666666666666666,0.9166666666666666,1.0,1.2666666666666666,1.0,0.75,0.8333333333333334,0.04570317268371582,
results/experiments_results_random/n10/random_n10_p07.json,random_n10_p07.json,results/experiments_results_random/n10,random,27,10,0.7,0.15,,,17,20.1,14.0,14.0,63,10,12,8,14,16.3,11.0,11.0,10.5,10.5,9,true,33,8,8,1.2142857142857142,1.4357142857142857,1.0,0.7142857142857143,0.8571428571428571,1.2727272727272727,1.481818181818182,0.9545454545454546,0.7272727272727273,0.7272727272727273,0.04476118087768555,
results/experiments_results_random/n10/random_n10_p07.json,random_n10_p07.json,results/experiments_results_random/n10,random,28,10,0.7,0.15,,,14,17.3,13.0,13.0,58,10,11,9,12,13.5,8.0,8.0,8.0,8.0,4,true,27,7,7,1.0769230769230769,1.330769230769231,1.0,0.7692307692307693,0.8461538461538461,1.5,1.6875,1.0,0.875,0.875,0.04045581817626953,
results/experiments_results_random/n10/random_n10_p07.json,random_n10_p07.json,results/experiments_results_random/n10,random,29,10,0.7,0.15,,,16,16.8,13.0,13.0,55,12,13,7,11,14.4,10.0,10.0,10.0,10.0,5,true,32,8,10,1.2307692307692308,1.2923076923076924,1.0,0.9230769230769231,1.0,1.1,1.44,1.0,0.8,1.0,0.04106307029724121,
results/experiments_results_random/n10/random_n10_p07.json,random_n10_p07.json,results/experiments_results_random/n10,random,30,10,0.7,0.15,,,12,14.4,12.0,12.0,51,9,11,5,12,12.9,10.0,10.0,10.0,10.0,2,true,33,7,10,1.0,1.2,1.0,0.75,0.9166666666666666,1.2,1.29,1.0,0.7,1.0,0.04230904579162598,
results/experiments_results_random/n10/random_n10_p07.json,random_n10_p07.json,results/experiments_results_random/n10,random,31,10,0.7,0.15,,,9,13.1,9.0,9.0,49,7,9,8,15,17.0,9.0,9.0,9.0,9.0,5,false,30,6,8,1.0,1.4555555555555555,1.0,0.7777777777777778,1.0,1.6666666666666667,1.8888888888888888,1.0,0.6666666666666666,0.8888888888888888,0.03919696807861328,
results/experiments_results_random/n10/random_n10_p07.json,random_n10_p07.json,results/experiments_results_random/n10,random,32,10,0.7,0.15,,,16,17.5,13.0,13.0,54,10,13,6,14,16.8,10.0,10.0,10.0,10.0,0,true,36,8,10,1.2307692307692308,1.3461538461538463,1.0,0.7692307692307693,1.0,1.4,1.6800000000000002,1.0,0.8,1.0,0.0433042049407959,
results/experiments_results_random/n10/random_n10_p07.json,random_n10_p07.json,results/experiments_results_random/n10,random,33,10,0.7,0.15,,,16,17.4,13.0,13.0,55,10,11,5,12,15.2,12.0,12.0,11.5,11.5,1,true,38,8,10,1.2307692307692308,1.3384615384615384,1.0,0.7692307692307693,0.8461538461538461,1.0,1.2666666666666666,0.9583333333333334,0.6666666666666666,0.8333333333333334,0.04458117485046387,
results/experiments_results_random/n10/random_n10_p07.json,random_n10_p07.json,results/experiments_results_random/n10,random,34,10,0.7,0.15,,,12,15.3,11.0,11.0,50,7,10,6,12,14.3,10.0,10.0,10.0,10.0,0,true,35,7,10,1.0909090909090908,1.3909090909090909,1.0,0.6363636363636364,0.9090909090909091,1.2,1.4300000000000002,1.0,0.7,1.0,0.041970014572143555,
results/experiments_results_random/n10/random_n10_p07.json,random_n10_p07.json,results/experiments_results_random/n10,random,35,10,0.7,0.15,,,14,16.2,12.0,12.0,54,9,10,11,10,13.8,9.0,9.0,9.0,9.0,2,true,25,7,7,1.1666666666666667,1.3499999999999999,1.0,0.75,0.8333333333333334,1.1111111111111112,1.5333333333333334,1.0,0.7777777777777778,0.7777777777777778,0.03742527961730957,
results/experiments_results_random/n10/random_n10_p07.json,random_n10_p07.json,results/experiments_results_random/n10,random,36,10,0.7,0.15,,,11,13.6,10.0,10.0,49,10,10,4,11,14.6,10.0,10.0,10.0,10.0,2,true,41,8,10,1.1,1.3599999999999999,1.0,1.0,1.0,1.1,1.46,1.0,0.8,1.0,0.040863990783691406,
results/experiments_results_random/n10/random_n10_p07.json,random_n10_p07.json,results/experiments_results_random/n10,random,37,10,0.7,0.15,,,15,16.9,13.0,13.0,55,9,12,11,10,11.4,9.0,9.0,9.0,9.0,6,false,21,6,8,1.1538461538461537,1.2999999999999998,1.0,0.6923076923076923,0.9230769230769231,1.1111111111111112,1.2666666666666666,1.0,0.6666666666666666,0.8888888888888888,0.03638505935668945,
results/experiments_results_random/n10/random_n10_p07.json,random_n10_p07.json,results/experiments_results_random/n10,random,38,10,0.7,0.15,,,7,10.6,7.0,7.0,35,7,7,6,7,14.0,7.0,7.0,7.0,7.0,2,true,25,6,7,1.0,1.5142857142857142,1.0,1.0,1.0,1.0,2.0,1.0,0.8571428571428571,1.0,0.03859519958496094,
results/experiments_results_random/n10/random_n10_p07.json,random_n10_p07.json,results/experiments_results_random/n10,random,39,10,0.7,0.15,,,15,16.7,13.0,13.0,54,9,12,4,15,16.5,11.0,11.0,11.0,11.0,1,true,39,9,11,1.1538461538461537,1.2846153846153845,1.0,0.6923076923076923,0.9230769230769231,1.3636363636363635,1.5,1.0,0.8181818181818182,1.0,0.04351472854614258,
results/experiments_results_random/n10/random_n10_p07.json,random_n10_p07.json,results/experiments_results_random/n10,random,40,10,0.7,0.15,,,7,8.9,7.0,7.0,40,6,7,7,7,11.5,7.0,7.0,7.0,7.0,1,true,29,5,7,1.0,1.2714285714285716,1.0,0.8571428571428571,1.0,1.0,1.6428571428571428,1.0,0.7142857142857143,1.0,0.03537487983703613,
results/experiments_results_random/n10/random_n10_p07.json,random_n10_p07.json,results/experiments_results_random/n10,random,41,10,0.7,0.15,,,12,15.6,10.0,10.0,46,7,9,4,10,11.6,7.0,7.0,7.0,7.0,0,true,29,6,7,1.2,1.56,1.0,0.7,0.9,1.4285714285714286,1.657142857142857,1.0,0.8571428571428571,1.0,0.04231095314025879,
results/experiments_results_random/n10/random_n10_p07.json,random_n10_p07.json,results/experiments_results_random/n10,random,42,10,0.7,0.15,,,18,19.6,12.0,12.0,54,9,10,5,14,17.3,11.0,11.0,10.5,10.5,1,false,36,6,9,1.5,1.6333333333333335,1.0,0.75,0.8333333333333334,1.2727272727272727,1.5727272727272728,0.9545454545454546,0.5454545454545454,0.8181818181818182,0.05115699768066406,
results/experiments_results_random/n10/random_n10_p07.json,random_n10_p07.json,results/experiments_results_random/n10,random,43,10,0.7,0.15,,,10,13.8,10.0,10.0,43,10,10,10,12,15.0,7.0,7.0,7.0,7.0,4,true,23,6,7,1.0,1.3800000000000001,1.0,1.0,1.0,1.7142857142857142,2.142857142857143,1.0,0.8571428571428571,1.0,0.03503584861755371,
results/experiments_results_random/n10/random_n10_p07.json,random_n10_p07.json,results/experiments_results_random/n10,random,44,10,0.7,0.15,,,12,15.3,12.0,12.0,50,7,11,5,10,12.2,10.0,10.0,10.0,10.0,1,true,31,7,8,1.0,1.2750000000000001,1.0,0.5833333333333334,0.9166666666666666,1.0,1.22,1.0,0.7,0.8,0.040331125259399414,
results/experiments_results_random/n10/random_n10_p07.json,random_n10_p07.json,results/experiments_results_random/n10,random,45,10,0.7,0.15,,,15,17.0,13.0,13.0,56,9,12,8,11,14.1,10.0,10.0,10.0,10.0,0,true,29,7,9,1.1538461538461537,1.3076923076923077,1.0,0.6923076923076923,0.9230769230769231,1.1,1.41,1.0,0.7,0.9,0.039922237396240234,
results/experiments_results_random/n10/random_n10_p07.json,random_n10_p07.json,results/experiments_results_random/n10,random,46,10,0.7,0.15,,,16,17.4,10.0,10.0,55,8,10,9,13,14.2,8.0,8.0,8.0,8.0,6,true,27,7,7,1.6,1.7399999999999998,1.0,0.8,1.0,1.625,1.775,1.0,0.875,0.875,0.03893399238586426,
results/experiments_results_random/n10/random_n10_p07.json,random_n10_p07.json,results/experiments_results_random/n10,random,47,10,0.7,0.15,,,8,13.3,7.0,7.0,37,5,7,4,10,13.5,7.0,7.0,7.0,7.0,0,true,26,6,6,1.1428571428571428,1.9000000000000001,1.0,0.7142857142857143,1.0,1.4285714285714286,1.9285714285714286,1.0,0.8571428571428571,0.8571428571428571,0.04058122634887695,
results/experiments_results_random/n10/random_n10_p07.json,random_n10_p07.json,results/experiments_results_random/n10,random,48,10,0.7,0.15,,,11,13.8,11.0,11.0,49,9,11,7,13,14.7,11.0,11.0,11.0,11.0,5,true,28,9,10,1.0,1.2545454545454546,1.0,0.8181818181818182,1.0,1.1818181818181819,1.3363636363636362,1.0,0.8181818181818182,0.9090909090909091,0.04464316368103027,
results/experiments_results_random/n10/random_n10_p07.json,random_n10_p07.json,results/experiments_results_random/n10,random,49,10,0.7,0.15,,,15,18.6,13.0,13.0,57,10,11,9,13,14.6,9.0,9.0,9.0,9.0,6,true,30,8,9,1.1538461538461537,1.4307692307692308,1.0,0.7692307692307693,0.8461538461538461,1.4444444444444444,1.6222222222222222,1.0,0.8888888888888888,1.0,0.03760409355163574,
results/experiments_results_random/n10/random_n10_p07.json,random_n10_p07.json,results/experiments_results_random/n10,random,50,10,0.7,0.15,,,13,14.9,10.0,10.0,49,8,10,8,12,13.4,9.0,9.0,9.0,9.0,5,true,26,7,8,1.3,1.49,1.0,0.8,1.0,1.3333333333333333,1.488888888888889,1.0,0.7777777777777778,0.8888888888888888,0.03697490692138672,
results/experiments_results_random/n10/random_n10_p06.json,random_n10_p06.json,results/experiments_results_random/n10,random,1,10,0.6,0.15,,,14,19.4,13.0,13.0,55,9,12,6,12,14.0,11.0,11.0,10.333333333333334,10.333333333333334,1,false,30,9,10,1.0769230769230769,1.4923076923076921,1.0,0.6923076923076923,0.9230769230769231,1.0909090909090908,1.2727272727272727,0.9393939393939394,0.8181818181818182,0.9090909090909091,0.05015397071838379,
results/experiments_results_random/n10/random_n10_p06.json,random_n10_p06.json,results/experiments_results_random/n10,random,2,10,0.6,0.15,,,18,19.1,14.0,12.0,58,8,10,4,13,14.2,10.0,10.0,10.0,10.0,0,true,37,7,8,1.2857142857142858,1.3642857142857143,0.8571428571428571,0.5714285714285714,0.7142857142857143,1.3,1.42,1.0,0.7,0.8,0.05057668685913086,
results/experiments_results_random/n10/random_n10_p06.json,random_n10_p06.json,results/experiments_results_random/n10,random,3,10,0.6,0.15,,,18,18.8,14.0,13.0,58,10,12,6,11,13.6,10.0,10.0,10.0,10.0,2,true,32,6,9,1.2857142857142858,1.342857142857143,0.9285714285714286,0.7142857142857143,0.8571428571428571,1.1,1.3599999999999999,1.0,0.6,0.9,0.04958295822143555,
results/experiments_results_random/n10/random_n10_p06.json,random_n10_p06.json,results/experiments_results_random/n10,random,4,10,0.6,0.15,,,15,18.2,13.0,12.0,53,10,11,2,12,16.2,11.0,11.0,11.0,11.0,1,true,42,9,10,1.1538461538461537,1.4,0.9230769230769231,0.7692307692307693,0.8461538461538461,1.0909090909090908,1.4727272727272727,1.0,0.8181818181818182,0.9090909090909091,0.05551004409790039,
results/experiments_results_random/n10/random_n10_p06.json,random_n10_p06.json,results/experiments_results_random/n10,random,5,10,0.6,0.15,,,15,18.3,15.0,13.5,57,8,12,8,11,12.6,9.0,9.0,9.0,9.0,2,false,25,7,8,1.0,1.22,0.9,0.5333333333333333,0.8,1.2222222222222223,1.4,1.0,0.7777777777777778,0.8888888888888888,0.04626607894897461,
results/experiments_results_random/n10/random_n10_p06.json,random_n10_p06.json,results/experiments_results_random/n10,random,6,10,0.6,0.15,,,17,20.3,13.0,13.0,58,10,12,8,10,13.9,9.0,9.0,9.0,9.0,0,true,31,6,8,1.3076923076923077,1.5615384615384615,1.0,0.7692307692307693,0.9230769230769231,1.1111111111111112,1.5444444444444445,1.0,0.6666666666666666,0.8888888888888888,0.040222883224487305,
results/experiments_results_random/n10/random_n10_p06.json,random_n10_p06.json,results/experiments_results_random/n10,random,7,10,0.6,0.15,,,10,11.0,9.0,9.0,39,7,8,5,8,10.5,8.0,8.0,8.0,8.0,2,true,24,6,6,1.1111111111111112,1.2222222222222223,1.0,0.7777777777777778,0.8888888888888888,1.0,1.3125,1.0,0.75,0.75,0.04097414016723633,
results/experiments_results_random/n10/random_n10_p06.json,random_n10_p06.json,results/experiments_results_random/n10,random,8,10,0.6,0.15,,,14,18.1,13.0,13.0,58,9,12,6,13,15.9,11.0,11.0,11.0,11.0,0,true,38,7,11,1.0769230769230769,1.3923076923076925,1.0,0.6923076923076923,0.9230769230769231,1.1818181818181819,1.4454545454545455,1.0,0.6363636363636364,1.0,0.04186201095581055,
results/experiments_results_random/n10/random_n10_p06.json,random_n10_p06.json,results/experiments_results_random/n10,random,9,10,0.6,0.15,,,12,14.0,9.0,9.0,38,8,8,8,7,9.4,5.0,6.0,5.0,5.5,2,false,17,4,4,1.3333333333333333,1.5555555555555556,1.0,0.8888888888888888,0.8888888888888888,1.1666666666666667,1.5666666666666667,0.9166666666666666,0.6666666666666666,0.6666666666666666,0.035962820053100586,
results/experiments_results_random/n10/random_n10_p06.json,random_n10_p06.json,results/experiments_results_random/n10,random,10,10,0.6,0.15,,,13,15.9,13.0,12.5,49,8,12,7,11,12.3,10.0,10.0,9.0,9.0,2,false,26,6,8,1.0,1.2230769230769232,0.9615384615384616,0.6153846153846154,0.9230769230769231,1.1,1.23,0.9,0.6,0.8,0.04641413688659668,
results/experiments_results_random/n10/random_n10_p06.json,random_n10_p06.json,results/experiments_results_random/n10,random,11,10,0.6,0.15,,,17,18.0,13.0,13.0,60,10,12,10,9,10.9,8.0,8.0,8.0,8.0,5,false,24,6,7,1.3076923076923077,1.3846153846153846,1.0,0.7692307692307693,0.9230769230769231,1.125,1.3625,1.0,0.75,0.875,0.037384986877441406,
results/experiments_results_random/n10/random_n10_p06.json,random_n10_p06.json,results/experiments_results_random/n10,random,12,10,0.6,0.15,,,15,17.4,11.0,11.0,50,8,10,7,12,13.4,8.0,8.0,8.0,8.0,1,true,27,8,8,1.3636363636363635,1.5818181818181818,1.0,0.7272727272727273,0.9090909090909091,1.5,1.675,1.0,1.0,1.0,0.03899431228637695,
results/experiments_results_random/n10/random_n10_p06.json,random_n10_p06.json,results/experiments_results_random/n10,random,13,10,0.6,0.15,,,13,15.0,11.0,11.0,42,8,10,9,9,10.5,7.0,7.0,7.0,7.0,0,true,19,5,6,1.1818181818181819,1.3636363636363635,1.0,0.7272727272727273,0.9090909090909091,1.2857142857142858,1.5,1.0,0.7142857142857143,0.8571428571428571,0.03894305229187012,
results/experiments_results_random/n10/random_n10_p06.json,random_n10_p06.json,results/experiments_results_random/n10,random,14,10,0.6,0.15,,,11,12.9,11.0,10.0,36,8,8,3,9,11.1,9.0,9.0,9.0,9.0,0,true,26,7,7,1.0,1.1727272727272728,0.9090909090909091,0.7272727272727273,0.7272727272727273,1.0,1.2333333333333334,1.0,0.7777777777777778,0.7777777777777778,0.04685091972351074,
results/experiments_results_random/n10/random_n10_p06.json,random_n10_p06.json,results/experiments_results_random/n10,random,15,10,0.6,0.15,,,14,18.0,12.0,12.0,52,8,11,6,12,15.6,11.0,11.0,11.0,11.0,1,true,36,7,10,1.1666666666666667,1.5,1.0,0.6666666666666666,0.9166666666666666,1.0909090909090908,1.4181818181818182,1.0,0.6363636363636364,0.9090909090909091,0.04257798194885254,
results/experiments_results_random/n10/random_n10_p06.json,random_n10_p06.json,results/experiments_results_random/n10,random,16,10,0.6,0.15,,,10,13.1,10.0,10.0,40,7,9,7,8,9.7,7.0,7.0,6.5,6.5,0,true,23,6,6,1.0,1.31,1.0,0.7,0.9,1.1428571428571428,1.3857142857142857,0.9285714285714286,0.8571428571428571,0.8571428571428571,0.03888297080993652,
results/experiments_results_random/n10/random_n10_p06.json,random_n10_p06.json,results/experiments_results_random/n10,random,17,10,0.6,0.15,,,14,15.8,14.0,13.5,53,8,12,6,12,13.5,10.0,10.0,10.0,10.0,1,true,32,6,8,1.0,1.1285714285714286,0.9642857142857143,0.5714285714285714,0.8571428571428571,1.2,1.35,1.0,0.6,0.8,0.04340815544128418,
results/experiments_results_random/n10/random_n10_p06.json,random_n10_p06.json,results/experiments_results_random/n10,random,18,10,0.6,0.15,,,18,20.5,14.0,12.0,59,10,11,9,7,9.7,7.0,7.0,7.0,7.0,2,true,19,6,7,1.2857142857142858,1.4642857142857142,0.8571428571428571,0.7142857142857143,0.7857142857142857,1.0,1.3857142857142857,1.0,0.8571428571428571,1.0,0.043489933013916016,
results/experiments_results_random/n10/random_n10_p06.json,random_n10_p06.json,results/experiments_results_random/n10,random,19,10,0.6,0.15,,,18,18.8,12.0,12.0,55,9,11,5,12,14.7,11.0,11.0,10.499999999999998,10.499999999999998,0,true,37,9,9,1.5,1.5666666666666667,1.0,0.75,0.9166666666666666,1.0909090909090908,1.3363636363636362,0.9545454545454544,0.8181818181818182,0.8181818181818182,0.05968284606933594,
results/experiments_results_random/n10/random_n10_p06.json,random_n10_p06.json,results/experiments_results_random/n10,random,20,10,0.6,0.15,,,14,15.7,13.0,13.0,50,9,11,11,9,9.9,7.0,7.0,6.0,6.5,9,false,15,5,5,1.0769230769230769,1.2076923076923076,1.0,0.6923076923076923,0.8461538461538461,1.2857142857142858,1.4142857142857144,0.9285714285714286,0.7142857142857143,0.7142857142857143,0.03778815269470215,
results/experiments_results_random/n10/random_n10_p06.json,random_n10_p06.json,results/experiments_results_random/n10,random,21,10,0.6,0.15,,,13,16.4,11.0,11.0,48,9,10,4,11,13.2,9.0,9.0,9.0,9.0,0,true,32,7,8,1.1818181818181819,1.4909090909090907,1.0,0.8181818181818182,0.9090909090909091,1.2222222222222223,1.4666666666666666,1.0,0.7777777777777778,0.8888888888888888,0.043734073638916016,
results/experiments_results_random/n10/random_n10_p06.json,random_n10_p06.json,results/experiments_results_random/n10,random,22,10,0.6,0.15,,,14,16.3,12.0,12.0,54,9,11,8,9,14.2,8.0,8.0,8.0,8.0,3,true,26,7,7,1.1666666666666667,1.3583333333333334,1.0,0.75,0.9166666666666666,1.125,1.775,1.0,0.875,0.875,0.03838467597961426,
results/experiments_results_random/n10/random_n10_p06.json,random_n10_p06.json,results/experiments_results_random/n10,random,23,10,0.6,0.15,,,15,17.1,12.0,11.5,48,8,11,6,10,12.6,9.0,9.0,8.5,8.5,2,false,29,5,8,1.25,1.425,0.9583333333333334,0.6666666666666666,0.9166666666666666,1.1111111111111112,1.4,0.9444444444444444,0.5555555555555556,0.8888888888888888,0.047591209411621094,
results/experiments_results_random/n10/random_n10_p06.json,random_n10_p06.json,results/experiments_results_random/n10,random,24,10,0.6,0.15,,,16,19.1,14.0,14.0,60,10,12,6,15,16.6,11.0,11.0,11.0,11.0,5,true,38,8,10,1.1428571428571428,1.3642857142857143,1.0,0.7142857142857143,0.8571428571428571,1.3636363636363635,1.5090909090909093,1.0,0.7272727272727273,0.9090909090909091,0.04322195053100586,
results/experiments_results_random/n10/random_n10_p06.json,random_n10_p06.json,results/experiments_results_random/n10,random,25,10,0.6,0.15,,,14,18.8,13.0,13.0,57,9,12,10,13,14.4,9.0,9.0,9.0,9.0,7,true,26,7,8,1.0769230769230769,1.4461538461538461,1.0,0.6923076923076923,0.9230769230769231,1.4444444444444444,1.6,1.0,0.7777777777777778,0.8888888888888888,0.03799581527709961,
results/experiments_results_random/n10/random_n10_p06.json,random_n10_p06.json,results/experiments_results_random/n10,random,26,10,0.6,0.15,,,14,18.0,13.0,13.0,53,9,12,4,13,14.9,11.0,11.0,11.0,11.0,2,true,36,9,10,1.0769230769230769,1.3846153846153846,1.0,0.6923076923076923,0.9230769230769231,1.1818181818181819,1.3545454545454545,1.0,0.8181818181818182,0.9090909090909091,0.045057058334350586,
results/experiments_results_random/n10/random_n10_p06.json,random_n10_p06.json,results/experiments_results_random/n10,random,27,10,0.6,0.15,,,17,18.8,12.0,12.0,61,9,11,8,10,13.8,9.0,9.0,8.5,8.75,7,true,26,6,8,1.4166666666666667,1.5666666666666667,1.0,0.75,0.9166666666666666,1.1111111111111112,1.5333333333333334,0.9722222222222222,0.6666666666666666,0.8888888888888888,0.04062914848327637,
results/experiments_results_random/n10/random_n10_p06.json,random_n10_p06.json,results/experiments_results_random/n10,random,28,10,0.6,0.15,,,16,17.7,13.0,12.0,52,9,11,9,10,12.1,7.0,7.0,7.0,7.0,1,false,24,5,7,1.2307692307692308,1.3615384615384616,0.9230769230769231,0.6923076923076923,0.8461538461538461,1.4285714285714286,1.7285714285714284,1.0,0.7142857142857143,1.0,0.04379105567932129,
results/experiments_results_random/n10/random_n10_p06.json,random_n10_p06.json,results/experiments_results_random/n10,random,29,10,0.6,0.15,,,16,17.5,13.0,13.0,54,10,11,7,11,14.0,10.0,10.0,9.5,9.5,7,true,26,7,8,1.2307692307692308,1.3461538461538463,1.0,0.7692307692307693,0.8461538461538461,1.1,1.4,0.95,0.7,0.8,0.048647165298461914,
results/experiments_results_random/n10/random_n10_p06.json,random_n10_p06.json,results/experiments_results_random/n10,random,30,10,0.6,0.15,,,13,15.3,12.0,12.0,52,10,12,5,9,12.5,9.0,9.0,9.0,9.0,0,true,32,6,9,1.0833333333333333,1.2750000000000001,1.0,0.8333333333333334,1.0,1.0,1.3888888888888888,1.0,0.6666666666666666,1.0,0.04121708869934082,
results/experiments_results_random/n10/random_n10_p06.json,random_n10_p06.json,results/experiments_results_random/n10,random,31,10,0.6,0.15,,,13,15.7,13.0,12.5,49,10,10,8,11,12.2,7.0,7.0,7.0,7.0,7,true,19,6,7,1.0,1.2076923076923076,0.9615384615384616,0.7692307692307693,0.7692307692307693,1.5714285714285714,1.7428571428571427,1.0,0.8571428571428571,1.0,0.044592857360839844,
results/experiments_results_random/n10/random_n10_p06.json,random_n10_p06.json,results/experiments_results_random/n10,random,32,10,0.6,0.15,,,17,19.4,14.0,13.0,56,10,11,6,13,14.8,9.0,9.0,9.0,9.0,0,true,34,7,9,1.2142857142857142,1.3857142857142857,0.9285714285714286,0.7142857142857143,0.7857142857142857,1.4444444444444444,1.6444444444444446,1.0,0.7777777777777778,1.0,0.04706287384033203,
results/experiments_results_random/n10/random_n10_p06.json,random_n10_p06.json,results/experiments_results_random/n10,random,33,10,0.6,0.15,,,15,17.2,12.0,12.0,54,8,12,5,11,14.8,11.0,11.0,10.5,10.5,1,true,37,7,9,1.25,1.4333333333333333,1.0,0.6666666666666666,1.0,1.0,1.3454545454545455,0.9545454545454546,0.6363636363636364,0.8181818181818182,0.04173707962036133,
results/experiments_results_random/n10/random_n10_p06.json,random_n10_p06.json,results/experiments_results_random/n10,random,34,10,0.6,0.15,,,13,15.4,12.0,12.0,48,9,10,6,11,12.4,9.0,9.0,9.0,9.0,0,true,28,7,8,1.0833333333333333,1.2833333333333334,1.0,0.75,0.8333333333333334,1.2222222222222223,1.3777777777777778,1.0,0.7777777777777778,0.8888888888888888,0.04078531265258789,
results/experiments_results_random/n10/random_n10_p06.json,random_n10_p06.json,results/experiments_results_random/n10,random,35,10,0.6,0.15,,,13,16.7,11.0,11.0,51,10,11,11,10,11.7,7.0,7.0,7.0,7.0,1,true,22,5,6,1.1818181818181819,1.518181818181818,1.0,0.9090909090909091,1.0,1.4285714285714286,1.6714285714285713,1.0,0.7142857142857143,0.8571428571428571,0.03473806381225586,
results/experiments_results_random/n10/random_n10_p06.json,random_n10_p06.json,results/experiments_results_random/n10,random,36,10,0.6,0.15,,,14,15.9,11.0,11.0,52,9,10,4,13,16.1,11.0,11.0,11.0,11.0,1,true,43,8,10,1.2727272727272727,1.4454545454545455,1.0,0.8181818181818182,0.9090909090909091,1.1818181818181819,1.4636363636363638,1.0,0.7272727272727273,0.9090909090909091,0.04261493682861328,
results/experiments_results_random/n10/random_n10_p06.json,random_n10_p06.json,results/experiments_results_random/n10,random,37,10,0.6,0.15,,,15,17.4,12.0,12.0,54,10,11,11,8,9.4,8.0,8.0,7.5,7.5,4,true,21,6,6,1.25,1.45,1.0,0.8333333333333334,0.9166666666666666,1.0,1.175,0.9375,0.75,0.75,0.03791308403015137,
results/experiments_results_random/n10/random_n10_p06.json,random_n10_p06.json,results/experiments_results_random/n10,random,38,10,0.6,0.15,,,12,14.7,10.0,10.0,47,8,10,6,12,14.4,9.0,9.0,9.0,9.0,1,true,30,6,9,1.2,1.47,1.0,0.8,1.0,1.3333333333333333,1.6,1.0,0.6666666666666666,1.0,0.040438175201416016,
results/experiments_results_random/n10/random_n10_p06.json,random_n10_p06.json,results/experiments_results_random/n10,random,39,10,0.6,0.15,,,15,19.3,14.0,13.5,58,10,11,4,13,16.5,11.0,11.0,11.0,11.0,1,true,41,7,10,1.0714285714285714,1.3785714285714286,0.9642857142857143,0.7142857142857143,0.7857142857142857,1.1818181818181819,1.5,1.0,0.6363636363636364,0.9090909090909091,0.04791903495788574,
results/experiments_results_random/n10/random_n10_p06.json,random_n10_p06.json,results/experiments_results_random/n10,random,40,10,0.6,0.15,,,13,14.6,10.0,10.0,50,9,10,7,11,13.2,9.0,9.0,9.0,9.0,1,true,31,5,8,1.3,1.46,1.0,0.9,1.0,1.2222222222222223,1.4666666666666666,1.0,0.5555555555555556,0.8888888888888888,0.03870415687561035,
results/experiments_results_random/n10/random_n10_p06.json,random_n10_p06.json,results/experiments_results_random/n10,random,41,10,0.6,0.15,,,13,16.7,11.0,11.0,47,8,9,4,10,12.0,8.0,8.0,8.0,8.0,0,true,30,6,6,1.1818181818181819,1.518181818181818,1.0,0.7272727272727273,0.8181818181818182,1.25,1.5,1.0,0.75,0.75,0.0451200008392334,
results/experiments_results_random/n10/random_n10_p06.json,random_n10_p06.json,results/experiments_results_random/n10,random,42,10,0.6,0.15,,,13,17.4,12.0,11.5,48,8,10,5,8,10.8,7.0,7.0,7.0,7.0,0,true,26,4,7,1.0833333333333333,1.45,0.9583333333333334,0.6666666666666666,0.8333333333333334,1.1428571428571428,1.542857142857143,1.0,0.5714285714285714,1.0,0.042498111724853516,
results/experiments_results_random/n10/random_n10_p06.json,random_n10_p06.json,results/experiments_results_random/n10,random,43,10,0.6,0.15,,,11,14.0,11.0,11.0,46,10,11,10,11,14.4,8.0,8.0,8.0,8.0,5,true,25,8,8,1.0,1.2727272727272727,1.0,0.9090909090909091,1.0,1.375,1.8,1.0,1.0,1.0,0.037957191467285156,
results/experiments_results_random/n10/random_n10_p06.json,random_n10_p06.json,results/experiments_results_random/n10,random,44,10,0.6,0.15,,,11,15.9,11.0,11.0,48,8,11,5,8,12.2,8.0,8.0,8.0,8.0,1,true,30,7,7,1.0,1.4454545454545455,1.0,0.7272727272727273,1.0,1.0,1.525,1.0,0.875,0.875,0.041645050048828125,
results/experiments_results_random/n10/random_n10_p06.json,random_n10_p06.json,results/experiments_results_random/n10,random,45,10,0.6,0.15,,,14,17.1,13.0,12.5,50,9,11,8,10,11.8,9.0,9.0,8.0,8.0,0,true,23,7,7,1.0769230769230769,1.3153846153846156,0.9615384615384616,0.6923076923076923,0.8461538461538461,1.1111111111111112,1.3111111111111111,0.8888888888888888,0.7777777777777778,0.7777777777777778,0.05019092559814453,
results/experiments_results_random/n10/random_n10_p06.json,random_n10_p06.json,results/experiments_results_random/n10,random,46,10,0.6,0.15,,,12,16.0,11.0,11.0,48,9,9,9,9,10.5,7.0,7.0,7.0,7.0,5,true,19,5,5,1.0909090909090908,1.4545454545454546,1.0,0.8181818181818182,0.8181818181818182,1.2857142857142858,1.5,1.0,0.7142857142857143,0.7142857142857143,0.04326009750366211,
results/experiments_results_random/n10/random_n10_p06.json,random_n10_p06.json,results/experiments_results_random/n10,random,47,10,0.6,0.15,,,9,12.4,7.0,7.0,31,7,7,4,6,9.0,5.0,5.0,5.0,5.0,0,true,16,4,5,1.2857142857142858,1.7714285714285716,1.0,1.0,1.0,1.2,1.8,1.0,0.8,1.0,0.04117918014526367,
results/experiments_results_random/n10/random_n10_p06.json,random_n10_p06.json,results/experiments_results_random/n10,random,48,10,0.6,0.15,,,14,16.2,12.0,12.0,56,10,12,7,13,14.6,9.0,10.0,9.0,10.0,3,false,31,7,9,1.1666666666666667,1.3499999999999999,1.0,0.8333333333333334,1.0,1.3,1.46,1.0,0.7,0.9,0.04020285606384277,
results/experiments_results_random/n10/random_n10_p06.json,random_n10_p06.json,results/experiments_results_random/n10,random,49,10,0.6,0.15,,,12,16.8,12.0,12.0,54,10,10,9,11,13.4,8.0,8.0,8.0,8.0,3,true,28,7,8,1.0,1.4000000000000001,1.0,0.8333333333333334,0.8333333333333334,1.375,1.675,1.0,0.875,1.0,0.03920793533325195,
results/experiments_results_random/n10/random_n10_p06.json,random_n10_p06.json,results/experiments_results_random/n10,random,50,10,0.6,0.15,,,13,15.7,10.0,10.0,45,8,10,8,11,12.6,8.0,8.0,8.0,8.0,4,true,22,7,7,1.3,1.5699999999999998,1.0,0.8,1.0,1.375,1.575,1.0,0.875,0.875,0.03708171844482422,
results/experiments_results_random/n5/random_n5_p06.json,random_n5_p06.json,results/experiments_results_random/n5,random,1,5,0.6,0.15,,,3,3.0,3.0,3.0,5,2,2,2,2,2.2,2.0,2.0,2.0,2.0,0,true,2,1,1,1.0,1.0,1.0,0.6666666666666666,0.6666666666666666,1.0,1.1,1.0,0.5,0.5,0.01104879379272461,
results/experiments_results_random/n5/random_n5_p06.json,random_n5_p06.json,results/experiments_results_random/n5,random,2,5,0.6,0.15,,,2,2.6,2.0,2.0,4,2,2,2,2,2.6,1.0,1.0,1.0,1.0,0,true,2,1,1,1.0,1.3,1.0,1.0,1.0,2.0,2.6,1.0,1.0,1.0,0.005918025970458984,
results/experiments_results_random/n5/random_n5_p06.json,random_n5_p06.json,results/experiments_results_random/n5,random,3,5,0.6,0.15,,,4,4.0,2.0,2.0,6,2,2,3,2,2.3,1.0,2.0,1.0,2.0,2,true,2,1,1,2.0,2.0,1.0,1.0,1.0,1.0,1.15,1.0,0.5,0.5,0.006992816925048828,
results/experiments_results_random/n5/random_n5_p06.json,random_n5_p06.json,results/experiments_results_random/n5,random,4,5,0.6,0.15,,,4,4.4,3.0,2.5,6,2,2,1,2,3.1,2.0,2.0,2.0,2.0,0,true,4,2,2,1.3333333333333333,1.4666666666666668,0.8333333333333334,0.6666666666666666,0.6666666666666666,1.0,1.55,1.0,1.0,1.0,0.006623029708862305,
results/experiments_results_random/n5/random_n5_p06.json,random_n5_p06.json,results/experiments_results_random/n5,random,5,5,0.6,0.15,,,3,4.4,3.0,3.0,7,1,2,3,3,3.0,2.0,2.0,2.0,2.0,0,true,4,1,1,1.0,1.4666666666666668,1.0,0.3333333333333333,0.6666666666666666,1.5,1.5,1.0,0.5,0.5,0.0060999393463134766,
results/experiments_results_random/n5/random_n5_p06.json,random_n5_p06.json,results/experiments_results_random/n5,random,6,5,0.6,0.15,,,2,2.6,2.0,2.0,5,2,2,1,2,2.3,2.0,2.0,2.0,2.0,0,true,4,1,2,1.0,1.3,1.0,1.0,1.0,1.0,1.15,1.0,0.5,1.0,0.007470130920410156,
results/experiments_results_random/n5/random_n5_p06.json,random_n5_p06.json,results/experiments_results_random/n5,random,7,5,0.6,0.15,,,2,2.6,2.0,2.0,4,1,1,1,1,1.0,1.0,1.0,1.0,1.0,0,true,1,1,1,1.0,1.3,1.0,0.5,0.5,1.0,1.0,1.0,1.0,1.0,0.006346940994262695,
results/experiments_results_random/n5/random_n5_p06.json,random_n5_p06.json,results/experiments_results_random/n5,random,8,5,0.6,0.15,,,3,3.0,3.0,3.0,5,2,2,1,3,3.3,2.0,2.0,2.0,2.0,0,true,4,2,2,1.0,1.0,1.0,0.6666666666666666,0.6666666666666666,1.5,1.65,1.0,1.0,1.0,0.007133007049560547,
results/experiments_results_random/n5/random_n5_p06.json,random_n5_p06.json,results/experiments_results_random/n5,random,9,5,0.6,0.15,,,1,1.6,1.0,1.0,2,1,1,1,0,0.0,0.0,0.0,0.0,0.0,0,true,0,0,0,1.0,1.6,1.0,1.0,1.0,,,,,,0.005178928375244141,
results/experiments_results_random/n5/random_n5_p06.json,random_n5_p06.json,results/experiments_results_random/n5,random,10,5,0.6,0.15,,,1,1.6,1.0,1.0,3,1,1,2,2,2.0,1.0,1.0,1.0,1.0,0,true,2,1,1,1.0,1.6,1.0,1.0,1.0,2.0,2.0,1.0,1.0,1.0,0.005465984344482422,
results/experiments_results_random/n5/random_n5_p06.json,random_n5_p06.json,results/experiments_results_random/n5,random,11,5,0.6,0.15,,,2,2.6,2.0,2.0,4,2,2,5,0,0.0,0.0,0.0,0.0,0.0,0,true,0,0,0,1.0,1.3,1.0,1.0,1.0,,,,,,0.0044748783111572266,
results/experiments_results_random/n5/random_n5_p06.json,random_n5_p06.json,results/experiments_results_random/n5,random,12,5,0.6,0.15,,,2,2.0,2.0,2.0,4,2,2,1,2,2.4,2.0,2.0,2.0,2.0,0,true,3,1,2,1.0,1.0,1.0,1.0,1.0,1.0,1.2,1.0,0.5,1.0,0.008359909057617188,
results/experiments_results_random/n5/random_n5_p06.json,random_n5_p06.json,results/experiments_results_random/n5,random,13,5,0.6,0.15,,,1,1.0,1.0,1.0,1,1,1,2,0,0.0,0.0,0.0,0.0,0.0,0,true,0,0,0,1.0,1.0,1.0,1.0,1.0,,,,,,0.00479578971862793,
results/experiments_results_random/n5/random_n5_p06.json,random_n5_p06.json,results/experiments_results_random/n5,random,14,5,0.6,0.15,,,2,2.3,2.0,2.0,3,2,2,0,2,2.3,2.0,2.0,2.0,2.0,0,true,3,2,2,1.0,1.15,1.0,1.0,1.0,1.0,1.15,1.0,1.0,1.0,0.006721019744873047,
results/experiments_results_random/n5/random_n5_p06.json,random_n5_p06.json,results/experiments_results_random/n5,random,15,5,0.6,0.15,,,4,4.0,2.0,2.0,6,2,2,2,2,2.7,2.0,2.0,2.0,2.0,0,true,3,2,2,2.0,2.0,1.0,1.0,1.0,1.0,1.35,1.0,1.0,1.0,0.006082057952880859,
results/experiments_results_random/n5/random_n5_p06.json,random_n5_p06.json,results/experiments_results_random/n5,random,16,5,0.6,0.15,,,2,2.0,2.0,2.0,4,2,2,3,2,2.0,1.0,1.0,1.0,1.0,0,true,2,1,1,1.0,1.0,1.0,1.0,1.0,2.0,2.0,1.0,1.0,1.0,0.005629301071166992,
results/experiments_results_random/n5/random_n5_p06.json,random_n5_p06.json,results/experiments_results_random/n5,random,17,5,0.6,0.15,,,3,3.6,3.0,3.0,7,1,2,1,5,5.0,3.0,3.0,3.0,3.0,0,true,7,1,2,1.0,1.2,1.0,0.3333333333333333,0.6666666666666666,1.6666666666666667,1.6666666666666667,1.0,0.3333333333333333,0.6666666666666666,0.00712895393371582,
results/experiments_results_random/n5/random_n5_p06.json,random_n5_p06.json,results/experiments_results_random/n5,random,18,5,0.6,0.15,,,3,3.0,3.0,3.0,5,2,2,2,1,2.1,1.0,1.0,1.0,1.0,0,true,2,1,1,1.0,1.0,1.0,0.6666666666666666,0.6666666666666666,1.0,2.1,1.0,1.0,1.0,0.005977153778076172,
results/experiments_results_random/n5/random_n5_p06.json,random_n5_p06.json,results/experiments_results_random/n5,random,19,5,0.6,0.15,,,5,5.3,4.0,3.0,9,2,2,1,3,4.0,3.0,3.0,2.5,2.5,0,true,6,2,2,1.25,1.325,0.75,0.5,0.5,1.0,1.3333333333333333,0.8333333333333334,0.6666666666666666,0.6666666666666666,0.007077932357788086,
results/experiments_results_random/n5/random_n5_p06.json,random_n5_p06.json,results/experiments_results_random/n5,random,20,5,0.6,0.15,,,2,2.6,2.0,2.0,4,2,2,3,1,1.3,1.0,1.0,1.0,1.0,0,true,1,1,1,1.0,1.3,1.0,1.0,1.0,1.0,1.3,1.0,1.0,1.0,0.005106210708618164,
results/experiments_results_random/n5/random_n5_p06.json,random_n5_p06.json,results/experiments_results_random/n5,random,21,5,0.6,0.15,,,1,1.0,1.0,1.0,1,1,1,2,0,0.0,0.0,0.0,0.0,0.0,0,true,0,0,0,1.0,1.0,1.0,1.0,1.0,,,,,,0.004778146743774414,
results/experiments_results_random/n5/random_n5_p06.json,random_n5_p06.json,results/experiments_results_random/n5,random,22,5,0.6,0.15,,,4,4.0,2.0,2.0,6,2,2,2,0,0.0,0.0,0.0,0.0,0.0,0,true,0,0,0,2.0,2.0,1.0,1.0,1.0,,,,,,0.0056040287017822266,
results/experiments_results_random/n5/random_n5_p06.json,random_n5_p06.json,results/experiments_results_random/n5,random,23,5,0.6,0.15,,,3,3.0,2.0,2.0,4,2,2,2,1,1.7,1.0,1.0,1.0,1.0,0,true,2,1,1,1.5,1.5,1.0,1.0,1.0,1.0,1.7,1.0,1.0,1.0,0.00639796257019043,
results/experiments_results_random/n5/random_n5_p06.json,random_n5_p06.json,results/experiments_results_random/n5,random,24,5,0.6,0.15,,,1,1.6,1.0,1.0,3,1,1,1,3,3.1,1.0,1.0,1.0,1.0,0,true,3,1,1,1.0,1.6,1.0,1.0,1.0,3.0,3.1,1.0,1.0,1.0,0.007157087326049805,
results/experiments_results_random/n5/random_n5_p06.json,random_n5_p06.json,results/experiments_results_random/n5,random,25,5,0.6,0.15,,,4,4.0,2.0,2.0,6,2,2,3,1,1.4,1.0,1.0,1.0,1.0,0,true,2,1,1,2.0,2.0,1.0,1.0,1.0,1.0,1.4,1.0,1.0,1.0,0.005762815475463867,
results/experiments_results_random/n5/random_n5_p06.json,random_n5_p06.json,results/experiments_results_random/n5,random,26,5,0.6,0.15,,,3,3.0,3.0,3.0,5,2,2,1,2,3.1,2.0,2.0,2.0,2.0,0,true,4,2,2,1.0,1.0,1.0,0.6666666666666666,0.6666666666666666,1.0,1.55,1.0,1.0,1.0,0.007723808288574219,
results/experiments_results_random/n5/random_n5_p06.json,random_n5_p06.json,results/experiments_results_random/n5,random,27,5,0.6,0.15,,,2,2.6,2.0,2.0,4,2,2,2,1,1.4,1.0,1.0,1.0,1.0,0,true,1,1,1,1.0,1.3,1.0,1.0,1.0,1.0,1.4,1.0,1.0,1.0,0.00577092170715332,
results/experiments_results_random/n5/random_n5_p06.json,random_n5_p06.json,results/experiments_results_random/n5,random,28,5,0.6,0.15,,,2,2.3,2.0,2.0,3,2,2,2,0,0.0,0.0,0.0,0.0,0.0,0,true,0,0,0,1.0,1.15,1.0,1.0,1.0,,,,,,0.004853010177612305,
results/experiments_results_random/n5/random_n5_p06.json,random_n5_p06.json,results/experiments_results_random/n5,random,29,5,0.6,0.15,,,0,0.0,0.0,0.0,0,0,0,4,1,1.6,0.0,0.0,0.0,0.0,0,true,0,0,0,,,,,,,,,,,0.0032656192779541016,
results/experiments_results_random/n5/random_n5_p06.json,random_n5_p06.json,results/experiments_results_random/n5,random,30,5,0.6,0.15,,,2,2.0,2.0,2.0,4,2,2,2,2,3.1,2.0,2.0,2.0,2.0,0,true,3,1,2,1.0,1.0,1.0,1.0,1.0,1.0,1.55,1.0,0.5,1.0,0.006357908248901367,
results/experiments_results_random/n5/random_n5_p06.json,random_n5_p06.json,results/experiments_results_random/n5,random,31,5,0.6,0.15,,,4,4.0,2.0,2.0,6,2,2,3,1,1.7,1.0,1.0,1.0,1.0,0,true,2,1,1,2.0,2.0,1.0,1.0,1.0,1.0,1.7,1.0,1.0,1.0,0.005853891372680664,
results/experiments_results_random/n5/random_n5_p06.json,random_n5_p06.json,results/experiments_results_random/n5,random,32,5,0.6,0.15,,,2,2.3,2.0,2.0,5,1,1,0,2,2.3,2.0,2.0,2.0,2.0,0,true,5,1,1,1.0,1.15,1.0,0.5,0.5,1.0,1.15,1.0,0.5,0.5,0.00881505012512207,
results/experiments_results_random/n5/random_n5_p06.json,random_n5_p06.json,results/experiments_results_random/n5,random,33,5,0.6,0.15,,,2,3.4,2.0,2.0,6,2,2,0,2,3.4,2.0,2.0,2.0,2.0,0,true,6,2,2,1.0,1.7,1.0,1.0,1.0,1.0,1.7,1.0,1.0,1.0,0.007213115692138672,
results/experiments_results_random/n5/random_n5_p06.json,random_n5_p06.json,results/experiments_results_random/n5,random,34,5,0.6,0.15,,,2,2.0,2.0,2.0,3,1,1,1,1,1.0,1.0,1.0,1.0,1.0,0,true,1,1,1,1.0,1.0,1.0,0.5,0.5,1.0,1.0,1.0,1.0,1.0,0.006268024444580078,
results/experiments_results_random/n5/random_n5_p06.json,random_n5_p06.json,results/experiments_results_random/n5,random,35,5,0.6,0.15,,,2,2.7,2.0,2.0,5,2,2,2,1,1.1,1.0,1.0,1.0,1.0,0,true,1,1,1,1.0,1.35,1.0,1.0,1.0,1.0,1.1,1.0,1.0,1.0,0.006016969680786133,
results/experiments_results_random/n5/random_n5_p06.json,random_n5_p06.json,results/experiments_results_random/n5,random,36,5,0.6,0.15,,,3,3.0,3.0,3.0,5,2,2,1,2,2.0,2.0,2.0,2.0,2.0,0,true,3,1,1,1.0,1.0,1.0,0.6666666666666666,0.6666666666666666,1.0,1.0,1.0,0.5,0.5,0.0072939395904541016,
results/experiments_results_random/n5/random_n5_p06.json,random_n5_p06.json,results/experiments_results_random/n5,random,37,5,0.6,0.15,,,2,3.1,2.0,2.0,5,2,2,3,1,1.3,1.0,1.0,1.0,1.0,0,true,1,1,1,1.0,1.55,1.0,1.0,1.0,1.0,1.3,1.0,1.0,1.0,0.0059587955474853516,
results/experiments_results_random/n5/random_n5_p06.json,random_n5_p06.json,results/experiments_results_random/n5,random,38,5,0.6,0.15,,,2,3.4,2.0,2.0,6,2,2,1,1,1.6,1.0,1.0,1.0,1.0,0,true,3,1,1,1.0,1.7,1.0,1.0,1.0,1.0,1.6,1.0,1.0,1.0,0.006675004959106445,
results/experiments_results_random/n5/random_n5_p06.json,random_n5_p06.json,results/experiments_results_random/n5,random,39,5,0.6,0.15,,,3,3.0,3.0,3.0,5,2,2,1,2,2.3,2.0,2.0,2.0,2.0,0,true,3,2,2,1.0,1.0,1.0,0.6666666666666666,0.6666666666666666,1.0,1.15,1.0,1.0,1.0,0.0068988800048828125,
results/experiments_results_random/n5/random_n5_p06.json,random_n5_p06.json,results/experiments_results_random/n5,random,40,5,0.6,0.15,,,1,1.0,1.0,1.0,1,1,1,1,0,0.0,0.0,0.0,0.0,0.0,0,true,0,0,0,1.0,1.0,1.0,1.0,1.0,,,,,,0.00518488883972168,
results/experiments_results_random/n5/random_n5_p06.json,random_n5_p06.json,results/experiments_results_random/n5,random,41,5,0.6,0.15,,,2,2.0,2.0,2.0,3,2,2,1,1,1.3,1.0,1.0,1.0,1.0,0,true,2,1,1,1.0,1.0,1.0,1.0,1.0,1.0,1.3,1.0,1.0,1.0,0.006136894226074219,
results/experiments_results_random/n5/random_n5_p06.json,random_n5_p06.json,results/experiments_results_random/n5,random,42,5,0.6,0.15,,,2,2.9,2.0,2.0,4,1,2,2,0,0.0,0.0,0.0,0.0,0.0,0,true,0,0,0,1.0,1.45,1.0,0.5,1.0,,,,,,0.005012989044189453,
results/experiments_results_random/n5/random_n5_p06.json,random_n5_p06.json,results/experiments_results_random/n5,random,43,5,0.6,0.15,,,3,3.3,3.0,3.0,6,2,2,2,1,1.3,1.0,1.0,1.0,1.0,0,true,2,1,1,1.0,1.0999999999999999,1.0,0.6666666666666666,0.6666666666666666,1.0,1.3,1.0,1.0,1.0,0.005766153335571289,
results/experiments_results_random/n5/random_n5_p06.json,random_n5_p06.json,results/experiments_results_random/n5,random,44,5,0.6,0.15,,,2,2.0,2.0,2.0,4,2,2,1,1,1.3,1.0,1.0,1.0,1.0,0,true,2,1,1,1.0,1.0,1.0,1.0,1.0,1.0,1.3,1.0,1.0,1.0,0.0071849822998046875,
results/experiments_results_random/n5/random_n5_p06.json,random_n5_p06.json,results/experiments_results_random/n5,random,45,5,0.6,0.15,,,3,3.6,2.0,2.0,5,2,2,0,3,3.6,2.0,2.0,2.0,2.0,0,true,5,2,2,1.5,1.8,1.0,1.0,1.0,1.5,1.8,1.0,1.0,1.0,0.008219003677368164,
results/experiments_results_random/n5/random_n5_p06.json,random_n5_p06.json,results/experiments_results_random/n5,random,46,5,0.6,0.15,,,2,2.0,2.0,2.0,3,2,2,2,0,0.0,0.0,0.0,0.0,0.0,0,true,0,0,0,1.0,1.0,1.0,1.0,1.0,,,,,,0.005233049392700195,
results/experiments_results_random/n5/random_n5_p06.json,random_n5_p06.json,results/experiments_results_random/n5,random,47,5,0.6,0.15,,,2,3.2,2.0,2.0,5,2,2,1,2,2.6,2.0,2.0,2.0,2.0,0,true,3,2,2,1.0,1.6,1.0,1.0,1.0,1.0,1.3,1.0,1.0,1.0,0.007784843444824219,
results/experiments_results_random/n5/random_n5_p06.json,random_n5_p06.json,results/experiments_results_random/n5,random,48,5,0.6,0.15,,,2,3.4,2.0,2.0,6,2,2,0,2,3.4,2.0,2.0,2.0,2.0,0,true,6,2,2,1.0,1.7,1.0,1.0,1.0,1.0,1.7,1.0,1.0,1.0,0.008269071578979492,
results/experiments_results_random/n5/random_n5_p06.json,random_n5_p06.json,results/experiments_results_random/n5,random,49,5,0.6,0.15,,,4,4.0,2.0,2.0,6,2,2,2,1,2.1,1.0,1.0,1.0,1.0,0,true,3,1,1,2.0,2.0,1.0,1.0,1.0,1.0,2.1,1.0,1.0,1.0,0.00658106803894043,
results/experiments_results_random/n5/random_n5_p06.json,random_n5_p06.json,results/experiments_results_random/n5,random,50,5,0.6,0.15,,,2,2.8,2.0,2.0,4,2,2,1,2,2.4,2.0,2.0,2.0,2.0,0,true,3,1,1,1.0,1.4,1.0,1.0,1.0,1.0,1.2,1.0,0.5,0.5,0.007112979888916016,
results/experiments_results_random/n5/random_n5_p07.json,random_n5_p07.json,results/experiments_results_random/n5,random,1,5,0.7,0.15,,,3,3.0,3.0,3.0,5,2,2,2,2,2.2,2.0,2.0,2.0,2.0,0,true,2,1,1,1.0,1.0,1.0,0.6666666666666666,0.6666666666666666,1.0,1.1,1.0,0.5,0.5,0.010648250579833984,
results/experiments_results_random/n5/random_n5_p07.json,random_n5_p07.json,results/experiments_results_random/n5,random,2,5,0.7,0.15,,,2,2.8,2.0,2.0,4,2,2,2,1,2.0,1.0,1.0,1.0,1.0,1,true,1,1,1,1.0,1.4,1.0,1.0,1.0,1.0,2.0,1.0,1.0,1.0,0.006810903549194336,
results/experiments_results_random/n5/random_n5_p07.json,random_n5_p07.json,results/experiments_results_random/n5,random,3,5,0.7,0.15,,,4,4.0,2.0,2.0,6,2,2,3,2,2.3,1.0,2.0,1.0,2.0,2,true,2,1,1,2.0,2.0,1.0,1.0,1.0,1.0,1.15,1.0,0.5,0.5,0.006531238555908203,
results/experiments_results_random/n5/random_n5_p07.json,random_n5_p07.json,results/experiments_results_random/n5,random,4,5,0.7,0.15,,,4,4.0,2.0,2.0,6,2,2,1,3,3.0,2.0,2.0,2.0,2.0,0,true,4,2,2,2.0,2.0,1.0,1.0,1.0,1.5,1.5,1.0,1.0,1.0,0.008858919143676758,
results/experiments_results_random/n5/random_n5_p07.json,random_n5_p07.json,results/experiments_results_random/n5,random,5,5,0.7,0.15,,,3,4.4,3.0,3.0,7,1,2,3,3,3.0,2.0,2.0,2.0,2.0,0,true,4,1,1,1.0,1.4666666666666668,1.0,0.3333333333333333,0.6666666666666666,1.5,1.5,1.0,0.5,0.5,0.005766153335571289,
results/experiments_results_random/n5/random_n5_p07.json,random_n5_p07.json,results/experiments_results_random/n5,random,6,5,0.7,0.15,,,1,1.6,1.0,1.0,3,1,1,1,3,3.7,1.0,1.0,1.0,1.0,0,true,3,1,1,1.0,1.6,1.0,1.0,1.0,3.0,3.7,1.0,1.0,1.0,0.006105899810791016,
results/experiments_results_random/n5/random_n5_p07.json,random_n5_p07.json,results/experiments_results_random/n5,random,7,5,0.7,0.15,,,3,3.0,2.0,2.0,4,2,2,1,2,2.0,2.0,2.0,2.0,2.0,0,true,2,2,2,1.5,1.5,1.0,1.0,1.0,1.0,1.0,1.0,1.0,1.0,0.006335020065307617,
results/experiments_results_random/n5/random_n5_p07.json,random_n5_p07.json,results/experiments_results_random/n5,random,8,5,0.7,0.15,,,3,3.0,3.0,3.0,5,2,2,1,3,3.3,2.0,2.0,2.0,2.0,0,true,4,2,2,1.0,1.0,1.0,0.6666666666666666,0.6666666666666666,1.5,1.65,1.0,1.0,1.0,0.007299184799194336,
results/experiments_results_random/n5/random_n5_p07.json,random_n5_p07.json,results/experiments_results_random/n5,random,9,5,0.7,0.15,,,3,3.0,2.0,2.0,4,1,1,1,1,1.4,1.0,1.0,1.0,1.0,0,true,2,1,1,1.5,1.5,1.0,0.5,0.5,1.0,1.4,1.0,1.0,1.0,0.006072998046875,
results/experiments_results_random/n5/random_n5_p07.json,random_n5_p07.json,results/experiments_results_random/n5,random,10,5,0.7,0.15,,,2,2.0,2.0,2.0,4,2,2,2,1,1.0,1.0,1.0,1.0,1.0,0,true,1,1,1,1.0,1.0,1.0,1.0,1.0,1.0,1.0,1.0,1.0,1.0,0.006160736083984375,
results/experiments_results_random/n5/random_n5_p07.json,random_n5_p07.json,results/experiments_results_random/n5,random,11,5,0.7,0.15,,,4,4.0,2.0,2.0,6,2,2,5,1,1.0,0.0,1.0,0.0,1.0,1,false,0,0,0,2.0,2.0,1.0,1.0,1.0,1.0,1.0,1.0,0.0,0.0,0.00476384162902832,
results/experiments_results_random/n5/random_n5_p07.json,random_n5_p07.json,results/experiments_results_random/n5,random,12,5,0.7,0.15,,,3,3.0,3.0,3.0,5,2,2,1,3,3.3,2.0,2.0,2.0,2.0,0,true,4,2,2,1.0,1.0,1.0,0.6666666666666666,0.6666666666666666,1.5,1.65,1.0,1.0,1.0,0.007063150405883789,
results/experiments_results_random/n5/random_n5_p07.json,random_n5_p07.json,results/experiments_results_random/n5,random,13,5,0.7,0.15,,,2,2.0,2.0,2.0,3,2,2,2,1,1.0,1.0,1.0,1.0,1.0,0,true,1,1,1,1.0,1.0,1.0,1.0,1.0,1.0,1.0,1.0,1.0,1.0,0.006692171096801758,
results/experiments_results_random/n5/random_n5_p07.json,random_n5_p07.json,results/experiments_results_random/n5,random,14,5,0.7,0.15,,,3,3.9,3.0,2.5,6,2,2,0,3,3.9,3.0,3.0,2.5,2.5,0,true,6,2,2,1.0,1.3,0.8333333333333334,0.6666666666666666,0.6666666666666666,1.0,1.3,0.8333333333333334,0.6666666666666666,0.6666666666666666,0.007066965103149414,
results/experiments_results_random/n5/random_n5_p07.json,random_n5_p07.json,results/experiments_results_random/n5,random,15,5,0.7,0.15,,,3,4.2,3.0,3.0,7,1,2,2,2,3.5,2.0,2.0,2.0,2.0,0,true,4,2,2,1.0,1.4000000000000001,1.0,0.3333333333333333,0.6666666666666666,1.0,1.75,1.0,1.0,1.0,0.005673885345458984,
results/experiments_results_random/n5/random_n5_p07.json,random_n5_p07.json,results/experiments_results_random/n5,random,16,5,0.7,0.15,,,3,3.0,3.0,3.0,5,2,2,3,1,1.6,1.0,1.0,1.0,1.0,0,true,1,1,1,1.0,1.0,1.0,0.6666666666666666,0.6666666666666666,1.0,1.6,1.0,1.0,1.0,0.00549006462097168,
results/experiments_results_random/n5/random_n5_p07.json,random_n5_p07.json,results/experiments_results_random/n5,random,17,5,0.7,0.15,,,2,3.2,2.0,2.0,6,2,2,1,3,3.6,2.0,2.0,2.0,2.0,0,true,5,1,2,1.0,1.6,1.0,1.0,1.0,1.5,1.8,1.0,0.5,1.0,0.006222248077392578,
results/experiments_results_random/n5/random_n5_p07.json,random_n5_p07.json,results/experiments_results_random/n5,random,18,5,0.7,0.15,,,2,2.6,2.0,2.0,4,2,2,2,3,3.7,2.0,2.0,2.0,2.0,0,true,3,2,2,1.0,1.3,1.0,1.0,1.0,1.5,1.85,1.0,1.0,1.0,0.006309032440185547,
results/experiments_results_random/n5/random_n5_p07.json,random_n5_p07.json,results/experiments_results_random/n5,random,19,5,0.7,0.15,,,5,5.3,4.0,3.0,9,2,2,1,3,4.0,3.0,3.0,2.5,2.5,0,true,6,2,2,1.25,1.325,0.75,0.5,0.5,1.0,1.3333333333333333,0.8333333333333334,0.6666666666666666,0.6666666666666666,0.0075359344482421875,
results/experiments_results_random/n5/random_n5_p07.json,random_n5_p07.json,results/experiments_results_random/n5,random,20,5,0.7,0.15,,,1,2.4,1.0,1.0,3,1,1,3,1,2.0,1.0,1.0,1.0,1.0,0,true,1,1,1,1.0,2.4,1.0,1.0,1.0,1.0,2.0,1.0,1.0,1.0,0.004834890365600586,
results/experiments_results_random/n5/random_n5_p07.json,random_n5_p07.json,results/experiments_results_random/n5,random,21,5,0.7,0.15,,,5,5.6,4.0,3.0,9,2,2,2,2,2.0,2.0,2.0,2.0,2.0,0,true,3,1,2,1.25,1.4,0.75,0.5,0.5,1.0,1.0,1.0,0.5,1.0,0.006545305252075195,
results/experiments_results_random/n5/random_n5_p07.json,random_n5_p07.json,results/experiments_results_random/n5,random,22,5,0.7,0.15,,,3,3.0,3.0,3.0,5,2,2,2,1,1.3,1.0,1.0,1.0,1.0,1,true,1,1,1,1.0,1.0,1.0,0.6666666666666666,0.6666666666666666,1.0,1.3,1.0,1.0,1.0,0.006707191467285156,
results/experiments_results_random/n5/random_n5_p07.json,random_n5_p07.json,results/experiments_results_random/n5,random,23,5,0.7,0.15,,,4,4.0,2.0,2.0,6,2,2,2,3,3.7,2.0,2.0,2.0,2.0,0,true,4,1,1,2.0,2.0,1.0,1.0,1.0,1.5,1.85,1.0,0.5,0.5,0.006164073944091797,
results/experiments_results_random/n5/random_n5_p07.json,random_n5_p07.json,results/experiments_results_random/n5,random,24,5,0.7,0.15,,,1,1.6,1.0,1.0,3,1,1,1,3,3.1,1.0,1.0,1.0,1.0,0,true,3,1,1,1.0,1.6,1.0,1.0,1.0,3.0,3.1,1.0,1.0,1.0,0.006897926330566406,
results/experiments_results_random/n5/random_n5_p07.json,random_n5_p07.json,results/experiments_results_random/n5,random,25,5,0.7,0.15,,,4,4.0,2.0,2.0,6,2,2,3,1,1.4,1.0,1.0,1.0,1.0,0,true,2,1,1,2.0,2.0,1.0,1.0,1.0,1.0,1.4,1.0,1.0,1.0,0.0055081844329833984,
results/experiments_results_random/n5/random_n5_p07.json,random_n5_p07.json,results/experiments_results_random/n5,random,26,5,0.7,0.15,,,2,3.2,2.0,2.0,6,2,2,1,3,3.3,2.0,2.0,2.0,2.0,0,true,5,1,2,1.0,1.6,1.0,1.0,1.0,1.5,1.65,1.0,0.5,1.0,0.006560087203979492,
results/experiments_results_random/n5/random_n5_p07.json,random_n5_p07.json,results/experiments_results_random/n5,random,27,5,0.7,0.15,,,3,3.0,3.0,3.0,5,2,2,2,2,2.3,2.0,2.0,2.0,2.0,0,true,2,2,2,1.0,1.0,1.0,0.6666666666666666,0.6666666666666666,1.0,1.15,1.0,1.0,1.0,0.0059661865234375,
results/experiments_results_random/n5/random_n5_p07.json,random_n5_p07.json,results/experiments_results_random/n5,random,28,5,0.7,0.15,,,2,2.3,2.0,2.0,3,2,2,2,0,0.0,0.0,0.0,0.0,0.0,0,true,0,0,0,1.0,1.15,1.0,1.0,1.0,,,,,,0.004742860794067383,
results/experiments_results_random/n5/random_n5_p07.json,random_n5_p07.json,results/experiments_results_random/n5,random,29,5,0.7,0.15,,,0,0.0,0.0,0.0,0,0,0,4,1,1.6,0.0,0.0,0.0,0.0,0,true,0,0,0,,,,,,,,,,,0.0032110214233398438,
results/experiments_results_random/n5/random_n5_p07.json,random_n5_p07.json,results/experiments_results_random/n5,random,30,5,0.7,0.15,,,2,2.0,2.0,2.0,4,2,2,2,2,3.1,2.0,2.0,2.0,2.0,0,true,3,1,2,1.0,1.0,1.0,1.0,1.0,1.0,1.55,1.0,0.5,1.0,0.006073951721191406,
results/experiments_results_random/n5/random_n5_p07.json,random_n5_p07.json,results/experiments_results_random/n5,random,31,5,0.7,0.15,,,2,3.2,2.0,2.0,6,2,2,3,1,1.7,1.0,1.0,1.0,1.0,1,true,1,1,1,1.0,1.6,1.0,1.0,1.0,1.0,1.7,1.0,1.0,1.0,0.005980014801025391,
results/experiments_results_random/n5/random_n5_p07.json,random_n5_p07.json,results/experiments_results_random/n5,random,32,5,0.7,0.15,,,3,3.0,3.0,3.0,5,2,2,0,3,3.0,3.0,3.0,3.0,3.0,0,true,5,2,2,1.0,1.0,1.0,0.6666666666666666,0.6666666666666666,1.0,1.0,1.0,0.6666666666666666,0.6666666666666666,0.007280826568603516,
results/experiments_results_random/n5/random_n5_p07.json,random_n5_p07.json,results/experiments_results_random/n5,random,33,5,0.7,0.15,,,2,3.4,2.0,2.0,6,2,2,0,2,3.4,2.0,2.0,2.0,2.0,0,true,6,2,2,1.0,1.7,1.0,1.0,1.0,1.0,1.7,1.0,1.0,1.0,0.007601737976074219,
results/experiments_results_random/n5/random_n5_p07.json,random_n5_p07.json,results/experiments_results_random/n5,random,34,5,0.7,0.15,,,3,3.3,3.0,2.5,6,1,2,1,2,2.3,2.0,2.0,2.0,2.0,0,true,3,1,1,1.0,1.0999999999999999,0.8333333333333334,0.3333333333333333,0.6666666666666666,1.0,1.15,1.0,0.5,0.5,0.00678706169128418,
results/experiments_results_random/n5/random_n5_p07.json,random_n5_p07.json,results/experiments_results_random/n5,random,35,5,0.7,0.15,,,2,2.7,2.0,2.0,5,2,2,2,1,1.1,1.0,1.0,1.0,1.0,0,true,1,1,1,1.0,1.35,1.0,1.0,1.0,1.0,1.1,1.0,1.0,1.0,0.00621795654296875,
results/experiments_results_random/n5/random_n5_p07.json,random_n5_p07.json,results/experiments_results_random/n5,random,36,5,0.7,0.15,,,2,2.8,2.0,2.0,4,2,2,1,1,1.8,1.0,1.0,1.0,1.0,0,true,2,1,1,1.0,1.4,1.0,1.0,1.0,1.0,1.8,1.0,1.0,1.0,0.006546974182128906,
results/experiments_results_random/n5/random_n5_p07.json,random_n5_p07.json,results/experiments_results_random/n5,random,37,5,0.7,0.15,,,3,3.3,3.0,3.0,6,2,2,3,2,2.6,2.0,2.0,1.5,1.5,0,true,3,1,1,1.0,1.0999999999999999,1.0,0.6666666666666666,0.6666666666666666,1.0,1.3,0.75,0.5,0.5,0.00597381591796875,
results/experiments_results_random/n5/random_n5_p07.json,random_n5_p07.json,results/experiments_results_random/n5,random,38,5,0.7,0.15,,,3,3.8,3.0,3.0,7,1,2,1,2,2.0,2.0,2.0,2.0,2.0,0,true,4,2,2,1.0,1.2666666666666666,1.0,0.3333333333333333,0.6666666666666666,1.0,1.0,1.0,1.0,1.0,0.006873130798339844,
results/experiments_results_random/n5/random_n5_p07.json,random_n5_p07.json,results/experiments_results_random/n5,random,39,5,0.7,0.15,,,4,4.0,2.0,2.0,6,2,2,1,4,4.4,2.0,2.0,2.0,2.0,0,true,5,2,2,2.0,2.0,1.0,1.0,1.0,2.0,2.2,1.0,1.0,1.0,0.006257057189941406,
results/experiments_results_random/n5/random_n5_p07.json,random_n5_p07.json,results/experiments_results_random/n5,random,40,5,0.7,0.15,,,2,3.4,2.0,2.0,5,2,2,1,2,3.0,2.0,2.0,2.0,2.0,0,true,4,1,2,1.0,1.7,1.0,1.0,1.0,1.0,1.5,1.0,0.5,1.0,0.00722813606262207,
results/experiments_results_random/n5/random_n5_p07.json,random_n5_p07.json,results/experiments_results_random/n5,random,41,5,0.7,0.15,,,2,3.1,2.0,2.0,5,2,2,1,1,1.3,1.0,1.0,1.0,1.0,0,true,2,1,1,1.0,1.55,1.0,1.0,1.0,1.0,1.3,1.0,1.0,1.0,0.0073359012603759766,
results/experiments_results_random/n5/random_n5_p07.json,random_n5_p07.json,results/experiments_results_random/n5,random,42,5,0.7,0.15,,,3,3.0,2.0,2.0,4,2,2,2,1,1.3,1.0,1.0,1.0,1.0,0,true,1,1,1,1.5,1.5,1.0,1.0,1.0,1.0,1.3,1.0,1.0,1.0,0.006134033203125,
results/experiments_results_random/n5/random_n5_p07.json,random_n5_p07.json,results/experiments_results_random/n5,random,43,5,0.7,0.15,,,2,2.6,2.0,2.0,4,2,2,2,2,2.0,2.0,2.0,2.0,2.0,0,true,2,1,1,1.0,1.3,1.0,1.0,1.0,1.0,1.0,1.0,0.5,0.5,0.005845785140991211,
results/experiments_results_random/n5/random_n5_p07.json,random_n5_p07.json,results/experiments_results_random/n5,random,44,5,0.7,0.15,,,2,3.4,2.0,2.0,6,2,2,1,2,2.7,2.0,2.0,2.0,2.0,0,true,4,2,2,1.0,1.7,1.0,1.0,1.0,1.0,1.35,1.0,1.0,1.0,0.0064239501953125,
results/experiments_results_random/n5/random_n5_p07.json,random_n5_p07.json,results/experiments_results_random/n5,random,45,5,0.7,0.15,,,2,2.6,2.0,2.0,4,2,2,0,2,2.6,2.0,2.0,2.0,2.0,0,true,4,2,2,1.0,1.3,1.0,1.0,1.0,1.0,1.3,1.0,1.0,1.0,0.007668256759643555,
results/experiments_results_random/n5/random_n5_p07.json,random_n5_p07.json,results/experiments_results_random/n5,random,46,5,0.7,0.15,,,2,3.4,2.0,2.0,6,2,2,2,2,2.3,2.0,2.0,2.0,2.0,0,true,3,1,1,1.0,1.7,1.0,1.0,1.0,1.0,1.15,1.0,0.5,0.5,0.006001949310302734,
results/experiments_results_random/n5/random_n5_p07.json,random_n5_p07.json,results/experiments_results_random/n5,random,47,5,0.7,0.15,,,2,3.2,2.0,2.0,5,2,2,1,2,2.6,2.0,2.0,2.0,2.0,0,true,3,2,2,1.0,1.6,1.0,1.0,1.0,1.0,1.3,1.0,1.0,1.0,0.00767207145690918,
results/experiments_results_random/n5/random_n5_p07.json,random_n5_p07.json,results/experiments_results_random/n5,random,48,5,0.7,0.15,,,4,4.0,2.0,2.0,6,2,2,0,4,4.0,2.0,2.0,2.0,2.0,0,true,6,2,2,2.0,2.0,1.0,1.0,1.0,2.0,2.0,1.0,1.0,1.0,0.006929874420166016,
results/experiments_results_random/n5/random_n5_p07.json,random_n5_p07.json,results/experiments_results_random/n5,random,49,5,0.7,0.15,,,4,4.0,2.0,2.0,6,2,2,2,2,3.1,2.0,2.0,2.0,2.0,0,true,3,2,2,2.0,2.0,1.0,1.0,1.0,1.0,1.55,1.0,1.0,1.0,0.006003141403198242,
results/experiments_results_random/n5/random_n5_p07.json,random_n5_p07.json,results/experiments_results_random/n5,random,50,5,0.7,0.15,,,1,1.8,1.0,1.0,3,1,1,1,1,2.4,1.0,1.0,1.0,1.0,0,true,3,1,1,1.0,1.8,1.0,1.0,1.0,1.0,2.4,1.0,1.0,1.0,0.007346153259277344,
results/experiments_results_random/n5/random_n5_p08.json,random_n5_p08.json,results/experiments_results_random/n5,random,1,5,0.8,0.15,,,3,3.0,3.0,3.0,5,2,2,2,2,2.2,2.0,2.0,2.0,2.0,0,true,2,1,1,1.0,1.0,1.0,0.6666666666666666,0.6666666666666666,1.0,1.1,1.0,0.5,0.5,0.022119998931884766,
results/experiments_results_random/n5/random_n5_p08.json,random_n5_p08.json,results/experiments_results_random/n5,random,2,5,0.8,0.15,,,1,1.8,1.0,1.0,3,1,1,2,2,2.4,1.0,1.0,1.0,1.0,1,true,1,1,1,1.0,1.8,1.0,1.0,1.0,2.0,2.4,1.0,1.0,1.0,0.005692720413208008,
results/experiments_results_random/n5/random_n5_p08.json,random_n5_p08.json,results/experiments_results_random/n5,random,3,5,0.8,0.15,,,1,1.8,1.0,1.0,3,1,1,3,2,2.7,1.0,1.0,1.0,1.0,1,true,1,1,1,1.0,1.8,1.0,1.0,1.0,2.0,2.7,1.0,1.0,1.0,0.005682945251464844,
results/experiments_results_random/n5/random_n5_p08.json,random_n5_p08.json,results/experiments_results_random/n5,random,4,5,0.8,0.15,,,4,4.0,2.0,2.0,6,2,2,1,3,3.0,2.0,2.0,2.0,2.0,0,true,4,2,2,2.0,2.0,1.0,1.0,1.0,1.5,1.5,1.0,1.0,1.0,0.007582902908325195,
results/experiments_results_random/n5/random_n5_p08.json,random_n5_p08.json,results/experiments_results_random/n5,random,5,5,0.8,0.15,,,3,4.4,3.0,3.0,7,1,2,3,3,3.0,2.0,2.0,2.0,2.0,0,true,4,1,1,1.0,1.4666666666666668,1.0,0.3333333333333333,0.6666666666666666,1.5,1.5,1.0,0.5,0.5,0.00661015510559082,
results/experiments_results_random/n5/random_n5_p08.json,random_n5_p08.json,results/experiments_results_random/n5,random,6,5,0.8,0.15,,,1,1.6,1.0,1.0,3,1,1,1,3,3.7,1.0,1.0,1.0,1.0,0,true,3,1,1,1.0,1.6,1.0,1.0,1.0,3.0,3.7,1.0,1.0,1.0,0.005897998809814453,
results/experiments_results_random/n5/random_n5_p08.json,random_n5_p08.json,results/experiments_results_random/n5,random,7,5,0.8,0.15,,,3,3.0,3.0,3.0,5,2,2,1,2,2.9,2.0,2.0,2.0,2.0,0,true,4,2,2,1.0,1.0,1.0,0.6666666666666666,0.6666666666666666,1.0,1.45,1.0,1.0,1.0,0.007523059844970703,
results/experiments_results_random/n5/random_n5_p08.json,random_n5_p08.json,results/experiments_results_random/n5,random,8,5,0.8,0.15,,,2,2.6,2.0,2.0,4,2,2,1,1,2.0,1.0,1.0,1.0,1.0,0,true,2,1,1,1.0,1.3,1.0,1.0,1.0,1.0,2.0,1.0,1.0,1.0,0.006482124328613281,
results/experiments_results_random/n5/random_n5_p08.json,random_n5_p08.json,results/experiments_results_random/n5,random,9,5,0.8,0.15,,,2,2.6,2.0,2.0,4,2,2,1,1,1.6,1.0,1.0,1.0,1.0,0,true,2,1,1,1.0,1.3,1.0,1.0,1.0,1.0,1.6,1.0,1.0,1.0,0.0070569515228271484,
results/experiments_results_random/n5/random_n5_p08.json,random_n5_p08.json,results/experiments_results_random/n5,random,10,5,0.8,0.15,,,2,2.0,2.0,2.0,4,2,2,2,1,1.0,1.0,1.0,1.0,1.0,0,true,1,1,1,1.0,1.0,1.0,1.0,1.0,1.0,1.0,1.0,1.0,1.0,0.006893157958984375,
results/experiments_results_random/n5/random_n5_p08.json,random_n5_p08.json,results/experiments_results_random/n5,random,11,5,0.8,0.15,,,4,4.0,2.0,2.0,6,2,2,5,1,1.0,0.0,1.0,0.0,1.0,1,false,0,0,0,2.0,2.0,1.0,1.0,1.0,1.0,1.0,1.0,0.0,0.0,0.0045928955078125,
results/experiments_results_random/n5/random_n5_p08.json,random_n5_p08.json,results/experiments_results_random/n5,random,12,5,0.8,0.15,,,3,3.0,3.0,3.0,5,2,2,1,3,3.3,2.0,2.0,2.0,2.0,0,true,4,2,2,1.0,1.0,1.0,0.6666666666666666,0.6666666666666666,1.5,1.65,1.0,1.0,1.0,0.0077021121978759766,
results/experiments_results_random/n5/random_n5_p08.json,random_n5_p08.json,results/experiments_results_random/n5,random,13,5,0.8,0.15,,,2,2.0,2.0,2.0,3,2,2,2,1,1.0,1.0,1.0,1.0,1.0,0,true,1,1,1,1.0,1.0,1.0,1.0,1.0,1.0,1.0,1.0,1.0,1.0,0.006587982177734375,
results/experiments_results_random/n5/random_n5_p08.json,random_n5_p08.json,results/experiments_results_random/n5,random,14,5,0.8,0.15,,,2,2.0,2.0,2.0,4,2,2,0,2,2.0,2.0,2.0,2.0,2.0,0,true,4,2,2,1.0,1.0,1.0,1.0,1.0,1.0,1.0,1.0,1.0,1.0,0.006543159484863281,
results/experiments_results_random/n5/random_n5_p08.json,random_n5_p08.json,results/experiments_results_random/n5,random,15,5,0.8,0.15,,,4,4.0,2.0,2.0,6,2,2,2,2,3.1,2.0,2.0,2.0,2.0,1,true,3,1,2,2.0,2.0,1.0,1.0,1.0,1.0,1.55,1.0,0.5,1.0,0.0062520503997802734,
results/experiments_results_random/n5/random_n5_p08.json,random_n5_p08.json,results/experiments_results_random/n5,random,16,5,0.8,0.15,,,3,3.0,3.0,3.0,5,2,2,3,1,1.6,1.0,1.0,1.0,1.0,0,true,1,1,1,1.0,1.0,1.0,0.6666666666666666,0.6666666666666666,1.0,1.6,1.0,1.0,1.0,0.0055081844329833984,
results/experiments_results_random/n5/random_n5_p08.json,random_n5_p08.json,results/experiments_results_random/n5,random,17,5,0.8,0.15,,,1,1.0,1.0,1.0,3,1,1,1,1,3.1,1.0,1.0,1.0,1.0,0,true,3,1,1,1.0,1.0,1.0,1.0,1.0,1.0,3.1,1.0,1.0,1.0,0.0057909488677978516,
results/experiments_results_random/n5/random_n5_p08.json,random_n5_p08.json,results/experiments_results_random/n5,random,18,5,0.8,0.15,,,1,1.6,1.0,1.0,3,1,1,2,3,3.6,1.0,1.0,1.0,1.0,0,true,3,1,1,1.0,1.6,1.0,1.0,1.0,3.0,3.6,1.0,1.0,1.0,0.006623983383178711,
results/experiments_results_random/n5/random_n5_p08.json,random_n5_p08.json,results/experiments_results_random/n5,random,19,5,0.8,0.15,,,4,4.0,2.0,2.0,6,2,2,1,3,3.0,2.0,2.0,2.0,2.0,0,true,4,2,2,2.0,2.0,1.0,1.0,1.0,1.5,1.5,1.0,1.0,1.0,0.006437063217163086,
results/experiments_results_random/n5/random_n5_p08.json,random_n5_p08.json,results/experiments_results_random/n5,random,20,5,0.8,0.15,,,1,2.4,1.0,1.0,3,1,1,3,1,2.0,1.0,1.0,1.0,1.0,0,true,1,1,1,1.0,2.4,1.0,1.0,1.0,1.0,2.0,1.0,1.0,1.0,0.0048830509185791016,
results/experiments_results_random/n5/random_n5_p08.json,random_n5_p08.json,results/experiments_results_random/n5,random,21,5,0.8,0.15,,,4,4.0,2.0,2.0,6,2,2,2,2,3.0,2.0,2.0,2.0,2.0,1,true,3,2,2,2.0,2.0,1.0,1.0,1.0,1.0,1.5,1.0,1.0,1.0,0.006169795989990234,
results/experiments_results_random/n5/random_n5_p08.json,random_n5_p08.json,results/experiments_results_random/n5,random,22,5,0.8,0.15,,,3,3.0,3.0,3.0,5,2,2,2,1,1.3,1.0,1.0,1.0,1.0,1,true,1,1,1,1.0,1.0,1.0,0.6666666666666666,0.6666666666666666,1.0,1.3,1.0,1.0,1.0,0.00792384147644043,
results/experiments_results_random/n5/random_n5_p08.json,random_n5_p08.json,results/experiments_results_random/n5,random,23,5,0.8,0.15,,,1,1.8,1.0,1.0,3,1,1,2,1,2.4,1.0,1.0,1.0,1.0,0,true,2,1,1,1.0,1.8,1.0,1.0,1.0,1.0,2.4,1.0,1.0,1.0,0.005465030670166016,
results/experiments_results_random/n5/random_n5_p08.json,random_n5_p08.json,results/experiments_results_random/n5,random,24,5,0.8,0.15,,,2,2.6,2.0,2.0,4,2,2,1,3,3.0,2.0,2.0,2.0,2.0,0,true,3,1,1,1.0,1.3,1.0,1.0,1.0,1.5,1.5,1.0,0.5,0.5,0.0061571598052978516,
results/experiments_results_random/n5/random_n5_p08.json,random_n5_p08.json,results/experiments_results_random/n5,random,25,5,0.8,0.15,,,1,1.6,1.0,1.0,3,1,1,3,1,2.5,1.0,1.0,1.0,1.0,0,true,2,1,1,1.0,1.6,1.0,1.0,1.0,1.0,2.5,1.0,1.0,1.0,0.005692005157470703,
results/experiments_results_random/n5/random_n5_p08.json,random_n5_p08.json,results/experiments_results_random/n5,random,26,5,0.8,0.15,,,1,1.6,1.0,1.0,3,1,1,1,1,2.8,1.0,1.0,1.0,1.0,0,true,3,1,1,1.0,1.6,1.0,1.0,1.0,1.0,2.8,1.0,1.0,1.0,0.005827188491821289,
results/experiments_results_random/n5/random_n5_p08.json,random_n5_p08.json,results/experiments_results_random/n5,random,27,5,0.8,0.15,,,4,4.0,2.0,2.0,6,2,2,2,2,3.1,2.0,2.0,2.0,2.0,1,true,3,1,2,2.0,2.0,1.0,1.0,1.0,1.0,1.55,1.0,0.5,1.0,0.0061037540435791016,
results/experiments_results_random/n5/random_n5_p08.json,random_n5_p08.json,results/experiments_results_random/n5,random,28,5,0.8,0.15,,,4,4.0,2.0,2.0,6,2,2,2,2,2.7,2.0,2.0,2.0,2.0,0,true,3,1,2,2.0,2.0,1.0,1.0,1.0,1.0,1.35,1.0,0.5,1.0,0.006289005279541016,
results/experiments_results_random/n5/random_n5_p08.json,random_n5_p08.json,results/experiments_results_random/n5,random,29,5,0.8,0.15,,,0,0.0,0.0,0.0,0,0,0,4,1,1.6,0.0,0.0,0.0,0.0,0,true,0,0,0,,,,,,,,,,,0.0033330917358398438,
results/experiments_results_random/n5/random_n5_p08.json,random_n5_p08.json,results/experiments_results_random/n5,random,30,5,0.8,0.15,,,1,1.8,1.0,1.0,3,1,1,2,1,1.8,1.0,1.0,1.0,1.0,0,true,1,1,1,1.0,1.8,1.0,1.0,1.0,1.0,1.8,1.0,1.0,1.0,0.005847930908203125,
results/experiments_results_random/n5/random_n5_p08.json,random_n5_p08.json,results/experiments_results_random/n5,random,31,5,0.8,0.15,,,2,3.2,2.0,2.0,6,2,2,3,1,1.7,1.0,1.0,1.0,1.0,1,true,1,1,1,1.0,1.6,1.0,1.0,1.0,1.0,1.7,1.0,1.0,1.0,0.005845069885253906,
results/experiments_results_random/n5/random_n5_p08.json,random_n5_p08.json,results/experiments_results_random/n5,random,32,5,0.8,0.15,,,3,3.0,3.0,3.0,5,2,2,0,3,3.0,3.0,3.0,3.0,3.0,0,true,5,2,2,1.0,1.0,1.0,0.6666666666666666,0.6666666666666666,1.0,1.0,1.0,0.6666666666666666,0.6666666666666666,0.007147789001464844,
results/experiments_results_random/n5/random_n5_p08.json,random_n5_p08.json,results/experiments_results_random/n5,random,33,5,0.8,0.15,,,1,1.8,1.0,1.0,3,1,1,0,1,1.8,1.0,1.0,1.0,1.0,0,true,3,1,1,1.0,1.8,1.0,1.0,1.0,1.0,1.8,1.0,1.0,1.0,0.006426095962524414,
results/experiments_results_random/n5/random_n5_p08.json,random_n5_p08.json,results/experiments_results_random/n5,random,34,5,0.8,0.15,,,2,3.2,2.0,2.0,6,2,2,1,2,2.6,2.0,2.0,2.0,2.0,0,true,4,2,2,1.0,1.6,1.0,1.0,1.0,1.0,1.3,1.0,1.0,1.0,0.007813215255737305,
results/experiments_results_random/n5/random_n5_p08.json,random_n5_p08.json,results/experiments_results_random/n5,random,35,5,0.8,0.15,,,2,2.7,2.0,2.0,5,2,2,2,1,1.1,1.0,1.0,1.0,1.0,0,true,1,1,1,1.0,1.35,1.0,1.0,1.0,1.0,1.1,1.0,1.0,1.0,0.006117105484008789,
results/experiments_results_random/n5/random_n5_p08.json,random_n5_p08.json,results/experiments_results_random/n5,random,36,5,0.8,0.15,,,2,2.8,2.0,2.0,4,2,2,1,1,1.8,1.0,1.0,1.0,1.0,0,true,2,1,1,1.0,1.4,1.0,1.0,1.0,1.0,1.8,1.0,1.0,1.0,0.006563663482666016,
results/experiments_results_random/n5/random_n5_p08.json,random_n5_p08.json,results/experiments_results_random/n5,random,37,5,0.8,0.15,,,1,1.6,1.0,1.0,3,1,1,3,2,2.0,1.0,1.0,1.0,1.0,0,true,2,1,1,1.0,1.6,1.0,1.0,1.0,2.0,2.0,1.0,1.0,1.0,0.0051920413970947266,
results/experiments_results_random/n5/random_n5_p08.json,random_n5_p08.json,results/experiments_results_random/n5,random,38,5,0.8,0.15,,,2,2.0,2.0,2.0,4,2,2,1,1,1.0,1.0,1.0,1.0,1.0,0,true,2,1,1,1.0,1.0,1.0,1.0,1.0,1.0,1.0,1.0,1.0,1.0,0.006676912307739258,
results/experiments_results_random/n5/random_n5_p08.json,random_n5_p08.json,results/experiments_results_random/n5,random,39,5,0.8,0.15,,,1,2.2,1.0,1.0,3,1,1,1,3,3.4,1.0,1.0,1.0,1.0,0,true,3,1,1,1.0,2.2,1.0,1.0,1.0,3.0,3.4,1.0,1.0,1.0,0.005645036697387695,
results/experiments_results_random/n5/random_n5_p08.json,random_n5_p08.json,results/experiments_results_random/n5,random,40,5,0.8,0.15,,,2,2.8,2.0,2.0,4,2,2,1,2,2.7,2.0,2.0,2.0,2.0,0,true,3,2,2,1.0,1.4,1.0,1.0,1.0,1.0,1.35,1.0,1.0,1.0,0.005985736846923828,
results/experiments_results_random/n5/random_n5_p08.json,random_n5_p08.json,results/experiments_results_random/n5,random,41,5,0.8,0.15,,,3,3.0,3.0,3.0,5,2,2,1,2,2.3,2.0,2.0,2.0,2.0,0,true,3,2,2,1.0,1.0,1.0,0.6666666666666666,0.6666666666666666,1.0,1.15,1.0,1.0,1.0,0.007217884063720703,
results/experiments_results_random/n5/random_n5_p08.json,random_n5_p08.json,results/experiments_results_random/n5,random,42,5,0.8,0.15,,,2,2.8,2.0,2.0,4,2,2,2,3,3.6,2.0,2.0,2.0,2.0,0,true,3,1,2,1.0,1.4,1.0,1.0,1.0,1.5,1.8,1.0,0.5,1.0,0.006557941436767578,
results/experiments_results_random/n5/random_n5_p08.json,random_n5_p08.json,results/experiments_results_random/n5,random,43,5,0.8,0.15,,,1,1.6,1.0,1.0,3,1,1,2,1,1.0,1.0,1.0,1.0,1.0,0,true,1,1,1,1.0,1.6,1.0,1.0,1.0,1.0,1.0,1.0,1.0,1.0,0.005421876907348633,
results/experiments_results_random/n5/random_n5_p08.json,random_n5_p08.json,results/experiments_results_random/n5,random,44,5,0.8,0.15,,,2,3.4,2.0,2.0,6,2,2,1,2,2.7,2.0,2.0,2.0,2.0,0,true,4,2,2,1.0,1.7,1.0,1.0,1.0,1.0,1.35,1.0,1.0,1.0,0.006440877914428711,
results/experiments_results_random/n5/random_n5_p08.json,random_n5_p08.json,results/experiments_results_random/n5,random,45,5,0.8,0.15,,,1,1.6,1.0,1.0,3,1,1,0,1,1.6,1.0,1.0,1.0,1.0,0,true,3,1,1,1.0,1.6,1.0,1.0,1.0,1.0,1.6,1.0,1.0,1.0,0.0064411163330078125,
results/experiments_results_random/n5/random_n5_p08.json,random_n5_p08.json,results/experiments_results_random/n5,random,46,5,0.8,0.15,,,2,2.0,2.0,2.0,4,2,2,2,1,1.9,1.0,1.0,1.0,1.0,0,true,2,1,1,1.0,1.0,1.0,1.0,1.0,1.0,1.9,1.0,1.0,1.0,0.0055141448974609375,
results/experiments_results_random/n5/random_n5_p08.json,random_n5_p08.json,results/experiments_results_random/n5,random,47,5,0.8,0.15,,,2,2.6,2.0,2.0,4,2,2,1,2,3.5,2.0,2.0,2.0,2.0,0,true,4,2,2,1.0,1.3,1.0,1.0,1.0,1.0,1.75,1.0,1.0,1.0,0.006556034088134766,
results/experiments_results_random/n5/random_n5_p08.json,random_n5_p08.json,results/experiments_results_random/n5,random,48,5,0.8,0.15,,,1,1.8,1.0,1.0,3,1,1,0,1,1.8,1.0,1.0,1.0,1.0,0,true,3,1,1,1.0,1.8,1.0,1.0,1.0,1.0,1.8,1.0,1.0,1.0,0.006414890289306641,
results/experiments_results_random/n5/random_n5_p08.json,random_n5_p08.json,results/experiments_results_random/n5,random,49,5,0.8,0.15,,,1,2.4,1.0,1.0,3,1,1,2,1,1.8,1.0,1.0,1.0,1.0,0,true,1,1,1,1.0,2.4,1.0,1.0,1.0,1.0,1.8,1.0,1.0,1.0,0.005644798278808594,
results/experiments_results_random/n5/random_n5_p08.json,random_n5_p08.json,results/experiments_results_random/n5,random,50,5,0.8,0.15,,,2,2.0,2.0,2.0,4,2,2,1,2,2.3,2.0,2.0,2.0,2.0,0,true,3,1,2,1.0,1.0,1.0,1.0,1.0,1.0,1.15,1.0,0.5,1.0,0.006132841110229492,
results/experiments_results_random/n5/random_n5_p04.json,random_n5_p04.json,results/experiments_results_random/n5,random,1,5,0.4,0.15,,,1,1.0,1.0,1.0,1,1,1,2,0,0.0,0.0,0.0,0.0,0.0,0,true,0,0,0,1.0,1.0,1.0,1.0,1.0,,,,,,0.009206056594848633,
results/experiments_results_random/n5/random_n5_p04.json,random_n5_p04.json,results/experiments_results_random/n5,random,2,5,0.4,0.15,,,2,2.6,2.0,2.0,4,2,2,2,2,2.6,1.0,1.0,1.0,1.0,0,true,2,1,1,1.0,1.3,1.0,1.0,1.0,2.0,2.6,1.0,1.0,1.0,0.0062351226806640625,
results/experiments_results_random/n5/random_n5_p04.json,random_n5_p04.json,results/experiments_results_random/n5,random,3,5,0.4,0.15,,,1,2.4,1.0,1.0,3,1,1,3,1,1.0,1.0,1.0,1.0,1.0,0,true,1,1,1,1.0,2.4,1.0,1.0,1.0,1.0,1.0,1.0,1.0,1.0,0.005860328674316406,
results/experiments_results_random/n5/random_n5_p04.json,random_n5_p04.json,results/experiments_results_random/n5,random,4,5,0.4,0.15,,,1,1.0,1.0,1.0,1,1,1,1,1,1.0,1.0,1.0,1.0,1.0,0,true,1,1,1,1.0,1.0,1.0,1.0,1.0,1.0,1.0,1.0,1.0,1.0,0.00583195686340332,
results/experiments_results_random/n5/random_n5_p04.json,random_n5_p04.json,results/experiments_results_random/n5,random,5,5,0.4,0.15,,,1,2.2,1.0,1.0,3,1,1,3,0,0.0,0.0,0.0,0.0,0.0,0,true,0,0,0,1.0,2.2,1.0,1.0,1.0,,,,,,0.005440950393676758,
results/experiments_results_random/n5/random_n5_p04.json,random_n5_p04.json,results/experiments_results_random/n5,random,6,5,0.4,0.15,,,1,1.6,1.0,1.0,2,1,1,1,1,1.3,1.0,1.0,1.0,1.0,0,true,1,1,1,1.0,1.6,1.0,1.0,1.0,1.0,1.3,1.0,1.0,1.0,0.0063397884368896484,
results/experiments_results_random/n5/random_n5_p04.json,random_n5_p04.json,results/experiments_results_random/n5,random,7,5,0.4,0.15,,,1,1.7,1.0,1.0,2,1,1,1,0,0.0,0.0,0.0,0.0,0.0,0,true,0,0,0,1.0,1.7,1.0,1.0,1.0,,,,,,0.0057430267333984375,
results/experiments_results_random/n5/random_n5_p04.json,random_n5_p04.json,results/experiments_results_random/n5,random,8,5,0.4,0.15,,,1,2.4,1.0,1.0,3,1,1,1,1,1.8,1.0,1.0,1.0,1.0,0,true,2,1,1,1.0,2.4,1.0,1.0,1.0,1.0,1.8,1.0,1.0,1.0,0.007234811782836914,
results/experiments_results_random/n5/random_n5_p04.json,random_n5_p04.json,results/experiments_results_random/n5,random,9,5,0.4,0.15,,,1,1.0,1.0,1.0,1,1,1,1,0,0.0,0.0,0.0,0.0,0.0,0,true,0,0,0,1.0,1.0,1.0,1.0,1.0,,,,,,0.005922794342041016,
results/experiments_results_random/n5/random_n5_p04.json,random_n5_p04.json,results/experiments_results_random/n5,random,10,5,0.4,0.15,,,1,1.0,1.0,1.0,1,1,1,2,0,0.0,0.0,0.0,0.0,0.0,0,true,0,0,0,1.0,1.0,1.0,1.0,1.0,,,,,,0.004798173904418945,
results/experiments_results_random/n5/random_n5_p04.json,random_n5_p04.json,results/experiments_results_random/n5,random,11,5,0.4,0.15,,,1,1.6,1.0,1.0,3,1,1,5,0,0.0,0.0,0.0,0.0,0.0,0,true,0,0,0,1.0,1.6,1.0,1.0,1.0,,,,,,0.00462794303894043,
results/experiments_results_random/n5/random_n5_p04.json,random_n5_p04.json,results/experiments_results_random/n5,random,12,5,0.4,0.15,,,2,2.0,2.0,2.0,4,2,2,1,2,2.4,2.0,2.0,2.0,2.0,0,true,3,1,2,1.0,1.0,1.0,1.0,1.0,1.0,1.2,1.0,0.5,1.0,0.007185935974121094,
results/experiments_results_random/n5/random_n5_p04.json,random_n5_p04.json,results/experiments_results_random/n5,random,13,5,0.4,0.15,,,1,1.0,1.0,1.0,1,1,1,2,0,0.0,0.0,0.0,0.0,0.0,0,true,0,0,0,1.0,1.0,1.0,1.0,1.0,,,,,,0.005234956741333008,
results/experiments_results_random/n5/random_n5_p04.json,random_n5_p04.json,results/experiments_results_random/n5,random,14,5,0.4,0.15,,,0,0.0,0.0,0.0,0,0,0,0,0,0.0,0.0,0.0,0.0,0.0,0,true,0,0,0,,,,,,,,,,,0.005318880081176758,
results/experiments_results_random/n5/random_n5_p04.json,random_n5_p04.json,results/experiments_results_random/n5,random,15,5,0.4,0.15,,,2,2.8,2.0,2.0,4,1,1,2,1,1.0,1.0,1.0,1.0,1.0,0,true,1,1,1,1.0,1.4,1.0,0.5,0.5,1.0,1.0,1.0,1.0,1.0,0.006247997283935547,
results/experiments_results_random/n5/random_n5_p04.json,random_n5_p04.json,results/experiments_results_random/n5,random,16,5,0.4,0.15,,,2,2.0,2.0,2.0,3,2,2,3,0,0.0,0.0,0.0,0.0,0.0,0,true,0,0,0,1.0,1.0,1.0,1.0,1.0,,,,,,0.004650115966796875,
results/experiments_results_random/n5/random_n5_p04.json,random_n5_p04.json,results/experiments_results_random/n5,random,17,5,0.4,0.15,,,3,3.0,3.0,2.5,5,2,2,1,2,2.3,2.0,2.0,2.0,2.0,0,true,3,1,1,1.0,1.0,0.8333333333333334,0.6666666666666666,0.6666666666666666,1.0,1.15,1.0,0.5,0.5,0.00667119026184082,
results/experiments_results_random/n5/random_n5_p04.json,random_n5_p04.json,results/experiments_results_random/n5,random,18,5,0.4,0.15,,,1,1.0,1.0,1.0,2,1,1,2,1,1.0,1.0,1.0,1.0,1.0,0,true,1,1,1,1.0,1.0,1.0,1.0,1.0,1.0,1.0,1.0,1.0,1.0,0.007234096527099609,
results/experiments_results_random/n5/random_n5_p04.json,random_n5_p04.json,results/experiments_results_random/n5,random,19,5,0.4,0.15,,,2,2.3,2.0,2.0,3,1,1,1,1,1.0,1.0,1.0,1.0,1.0,0,true,1,1,1,1.0,1.15,1.0,0.5,0.5,1.0,1.0,1.0,1.0,1.0,0.0060939788818359375,
results/experiments_results_random/n5/random_n5_p04.json,random_n5_p04.json,results/experiments_results_random/n5,random,20,5,0.4,0.15,,,1,1.4,1.0,1.0,2,1,1,3,0,0.0,0.0,0.0,0.0,0.0,0,true,0,0,0,1.0,1.4,1.0,1.0,1.0,,,,,,0.004763126373291016,
results/experiments_results_random/n5/random_n5_p04.json,random_n5_p04.json,results/experiments_results_random/n5,random,21,5,0.4,0.15,,,0,0.0,0.0,0.0,0,0,0,2,0,0.0,0.0,0.0,0.0,0.0,0,true,0,0,0,,,,,,,,,,,0.004706859588623047,
results/experiments_results_random/n5/random_n5_p04.json,random_n5_p04.json,results/experiments_results_random/n5,random,22,5,0.4,0.15,,,2,2.3,2.0,2.0,4,1,2,2,1,1.0,1.0,1.0,1.0,1.0,0,true,1,1,1,1.0,1.15,1.0,0.5,1.0,1.0,1.0,1.0,1.0,1.0,0.005693912506103516,
results/experiments_results_random/n5/random_n5_p04.json,random_n5_p04.json,results/experiments_results_random/n5,random,23,5,0.4,0.15,,,2,2.0,2.0,2.0,3,2,2,2,0,0.0,0.0,0.0,0.0,0.0,0,true,0,0,0,1.0,1.0,1.0,1.0,1.0,,,,,,0.005070209503173828,
results/experiments_results_random/n5/random_n5_p04.json,random_n5_p04.json,results/experiments_results_random/n5,random,24,5,0.4,0.15,,,0,0.0,0.0,0.0,0,0,0,1,0,0.0,0.0,0.0,0.0,0.0,0,true,0,0,0,,,,,,,,,,,0.0047228336334228516,
results/experiments_results_random/n5/random_n5_p04.json,random_n5_p04.json,results/experiments_results_random/n5,random,25,5,0.4,0.15,,,4,4.0,2.0,2.0,6,2,2,3,1,1.4,1.0,1.0,1.0,1.0,0,true,2,1,1,2.0,2.0,1.0,1.0,1.0,1.0,1.4,1.0,1.0,1.0,0.006000041961669922,
results/experiments_results_random/n5/random_n5_p04.json,random_n5_p04.json,results/experiments_results_random/n5,random,26,5,0.4,0.15,,,1,1.7,1.0,1.0,2,1,1,1,1,1.4,1.0,1.0,1.0,1.0,0,true,1,1,1,1.0,1.7,1.0,1.0,1.0,1.0,1.4,1.0,1.0,1.0,0.006554126739501953,
results/experiments_results_random/n5/random_n5_p04.json,random_n5_p04.json,results/experiments_results_random/n5,random,27,5,0.4,0.15,,,2,2.6,2.0,2.0,4,2,2,2,1,1.4,1.0,1.0,1.0,1.0,0,true,1,1,1,1.0,1.3,1.0,1.0,1.0,1.0,1.4,1.0,1.0,1.0,0.0057070255279541016,
results/experiments_results_random/n5/random_n5_p04.json,random_n5_p04.json,results/experiments_results_random/n5,random,28,5,0.4,0.15,,,1,1.0,1.0,1.0,1,1,1,2,0,0.0,0.0,0.0,0.0,0.0,0,true,0,0,0,1.0,1.0,1.0,1.0,1.0,,,,,,0.004927158355712891,
results/experiments_results_random/n5/random_n5_p04.json,random_n5_p04.json,results/experiments_results_random/n5,random,29,5,0.4,0.15,,,2,2.0,2.0,2.0,4,2,2,4,1,1.9,1.0,1.0,1.0,1.0,0,true,1,1,1,1.0,1.0,1.0,1.0,1.0,1.0,1.9,1.0,1.0,1.0,0.006226062774658203,
results/experiments_results_random/n5/random_n5_p04.json,random_n5_p04.json,results/experiments_results_random/n5,random,30,5,0.4,0.15,,,3,3.0,3.0,2.5,5,2,2,2,1,1.7,1.0,1.0,1.0,1.0,0,true,2,1,1,1.0,1.0,0.8333333333333334,0.6666666666666666,0.6666666666666666,1.0,1.7,1.0,1.0,1.0,0.007370948791503906,
results/experiments_results_random/n5/random_n5_p04.json,random_n5_p04.json,results/experiments_results_random/n5,random,31,5,0.4,0.15,,,1,2.4,1.0,1.0,3,1,1,3,1,1.0,1.0,1.0,1.0,1.0,0,true,1,1,1,1.0,2.4,1.0,1.0,1.0,1.0,1.0,1.0,1.0,1.0,0.0050601959228515625,
results/experiments_results_random/n5/random_n5_p04.json,random_n5_p04.json,results/experiments_results_random/n5,random,32,5,0.4,0.15,,,2,2.0,2.0,1.5,3,1,1,0,2,2.0,2.0,2.0,1.5,1.5,0,true,3,1,1,1.0,1.0,0.75,0.5,0.5,1.0,1.0,0.75,0.5,0.5,0.0071430206298828125,
results/experiments_results_random/n5/random_n5_p04.json,random_n5_p04.json,results/experiments_results_random/n5,random,33,5,0.4,0.15,,,1,1.0,1.0,1.0,1,1,1,0,1,1.0,1.0,1.0,1.0,1.0,0,true,1,1,1,1.0,1.0,1.0,1.0,1.0,1.0,1.0,1.0,1.0,1.0,0.006249904632568359,
results/experiments_results_random/n5/random_n5_p04.json,random_n5_p04.json,results/experiments_results_random/n5,random,34,5,0.4,0.15,,,1,1.0,1.0,1.0,1,1,1,1,0,0.0,0.0,0.0,0.0,0.0,0,true,0,0,0,1.0,1.0,1.0,1.0,1.0,,,,,,0.00539398193359375,
results/experiments_results_random/n5/random_n5_p04.json,random_n5_p04.json,results/experiments_results_random/n5,random,35,5,0.4,0.15,,,2,2.1,2.0,1.5,3,1,1,2,0,0.0,0.0,0.0,0.0,0.0,0,true,0,0,0,1.0,1.05,0.75,0.5,0.5,,,,,,0.005795955657958984,
results/experiments_results_random/n5/random_n5_p04.json,random_n5_p04.json,results/experiments_results_random/n5,random,36,5,0.4,0.15,,,2,2.3,2.0,2.0,3,1,2,1,1,1.3,1.0,1.0,1.0,1.0,0,true,2,1,1,1.0,1.15,1.0,0.5,1.0,1.0,1.3,1.0,1.0,1.0,0.006899118423461914,
results/experiments_results_random/n5/random_n5_p04.json,random_n5_p04.json,results/experiments_results_random/n5,random,37,5,0.4,0.15,,,2,2.7,2.0,2.0,4,2,2,3,1,1.0,1.0,1.0,1.0,1.0,0,true,1,1,1,1.0,1.35,1.0,1.0,1.0,1.0,1.0,1.0,1.0,1.0,0.00638890266418457,
results/experiments_results_random/n5/random_n5_p04.json,random_n5_p04.json,results/experiments_results_random/n5,random,38,5,0.4,0.15,,,0,0.0,0.0,0.0,0,0,0,1,0,0.0,0.0,0.0,0.0,0.0,0,true,0,0,0,,,,,,,,,,,0.004655122756958008,
results/experiments_results_random/n5/random_n5_p04.json,random_n5_p04.json,results/experiments_results_random/n5,random,39,5,0.4,0.15,,,2,2.0,2.0,2.0,3,2,2,1,1,1.0,1.0,1.0,1.0,1.0,0,true,1,1,1,1.0,1.0,1.0,1.0,1.0,1.0,1.0,1.0,1.0,1.0,0.006085872650146484,
results/experiments_results_random/n5/random_n5_p04.json,random_n5_p04.json,results/experiments_results_random/n5,random,40,5,0.4,0.15,,,0,0.0,0.0,0.0,0,0,0,1,0,0.0,0.0,0.0,0.0,0.0,0,true,0,0,0,,,,,,,,,,,0.004709959030151367,
results/experiments_results_random/n5/random_n5_p04.json,random_n5_p04.json,results/experiments_results_random/n5,random,41,5,0.4,0.15,,,1,1.0,1.0,1.0,1,1,1,1,0,0.0,0.0,0.0,0.0,0.0,0,true,0,0,0,1.0,1.0,1.0,1.0,1.0,,,,,,0.005240917205810547,
results/experiments_results_random/n5/random_n5_p04.json,random_n5_p04.json,results/experiments_results_random/n5,random,42,5,0.4,0.15,,,1,1.0,1.0,1.0,1,1,1,2,0,0.0,0.0,0.0,0.0,0.0,0,true,0,0,0,1.0,1.0,1.0,1.0,1.0,,,,,,0.0052509307861328125,
results/experiments_results_random/n5/random_n5_p04.json,random_n5_p04.json,results/experiments_results_random/n5,random,43,5,0.4,0.15,,,1,1.5,1.0,1.0,2,1,1,2,1,1.0,1.0,1.0,1.0,1.0,0,true,1,1,1,1.0,1.5,1.0,1.0,1.0,1.0,1.0,1.0,1.0,1.0,0.0064258575439453125,
results/experiments_results_random/n5/random_n5_p04.json,random_n5_p04.json,results/experiments_results_random/n5,random,44,5,0.4,0.15,,,3,3.0,2.0,2.0,4,2,2,1,2,2.3,2.0,2.0,2.0,2.0,0,true,3,2,2,1.5,1.5,1.0,1.0,1.0,1.0,1.15,1.0,1.0,1.0,0.006784915924072266,
results/experiments_results_random/n5/random_n5_p04.json,random_n5_p04.json,results/experiments_results_random/n5,random,45,5,0.4,0.15,,,0,0.0,0.0,0.0,0,0,0,0,0,0.0,0.0,0.0,0.0,0.0,0,true,0,0,0,,,,,,,,,,,0.005476713180541992,
results/experiments_results_random/n5/random_n5_p04.json,random_n5_p04.json,results/experiments_results_random/n5,random,46,5,0.4,0.15,,,1,1.5,1.0,1.0,2,1,1,2,0,0.0,0.0,0.0,0.0,0.0,0,true,0,0,0,1.0,1.5,1.0,1.0,1.0,,,,,,0.004895925521850586,
results/experiments_results_random/n5/random_n5_p04.json,random_n5_p04.json,results/experiments_results_random/n5,random,47,5,0.4,0.15,,,1,1.4,1.0,1.0,2,1,1,1,0,0.0,0.0,0.0,0.0,0.0,0,true,0,0,0,1.0,1.4,1.0,1.0,1.0,,,,,,0.006417036056518555,
results/experiments_results_random/n5/random_n5_p04.json,random_n5_p04.json,results/experiments_results_random/n5,random,48,5,0.4,0.15,,,0,0.0,0.0,0.0,0,0,0,0,0,0.0,0.0,0.0,0.0,0.0,0,true,0,0,0,,,,,,,,,,,0.005846977233886719,
results/experiments_results_random/n5/random_n5_p04.json,random_n5_p04.json,results/experiments_results_random/n5,random,49,5,0.4,0.15,,,2,2.0,1.0,1.0,2,1,1,2,0,0.9,0.0,0.0,0.0,0.0,0,true,0,0,0,2.0,2.0,1.0,1.0,1.0,,,,,,0.00545501708984375,
results/experiments_results_random/n5/random_n5_p04.json,random_n5_p04.json,results/experiments_results_random/n5,random,50,5,0.4,0.15,,,1,1.3,1.0,1.0,2,1,1,1,0,0.0,0.0,0.0,0.0,0.0,0,true,0,0,0,1.0,1.3,1.0,1.0,1.0,,,,,,0.005825042724609375,
results/experiments_results_random/n5/random_n5_p05.json,random_n5_p05.json,results/experiments_results_random/n5,random,1,5,0.5,0.15,,,2,3.5,2.0,2.0,5,1,2,2,0,0.0,0.0,0.0,0.0,0.0,0,true,0,0,0,1.0,1.75,1.0,0.5,1.0,,,,,,0.01168513298034668,
results/experiments_results_random/n5/random_n5_p05.json,random_n5_p05.json,results/experiments_results_random/n5,random,2,5,0.5,0.15,,,2,2.6,2.0,2.0,4,2,2,2,2,2.6,1.0,1.0,1.0,1.0,0,true,2,1,1,1.0,1.3,1.0,1.0,1.0,2.0,2.6,1.0,1.0,1.0,0.006197929382324219,
results/experiments_results_random/n5/random_n5_p05.json,random_n5_p05.json,results/experiments_results_random/n5,random,3,5,0.5,0.15,,,3,3.0,3.0,3.0,5,2,2,3,2,2.0,1.0,1.0,1.0,1.0,1,true,1,1,1,1.0,1.0,1.0,0.6666666666666666,0.6666666666666666,2.0,2.0,1.0,1.0,1.0,0.005569934844970703,
results/experiments_results_random/n5/random_n5_p05.json,random_n5_p05.json,results/experiments_results_random/n5,random,4,5,0.5,0.15,,,1,1.0,1.0,1.0,1,1,1,1,1,1.0,1.0,1.0,1.0,1.0,0,true,1,1,1,1.0,1.0,1.0,1.0,1.0,1.0,1.0,1.0,1.0,1.0,0.0061528682708740234,
results/experiments_results_random/n5/random_n5_p05.json,random_n5_p05.json,results/experiments_results_random/n5,random,5,5,0.5,0.15,,,2,2.6,2.0,2.0,4,2,2,3,1,1.4,1.0,1.0,1.0,1.0,0,true,2,1,1,1.0,1.3,1.0,1.0,1.0,1.0,1.4,1.0,1.0,1.0,0.0069158077239990234,
results/experiments_results_random/n5/random_n5_p05.json,random_n5_p05.json,results/experiments_results_random/n5,random,6,5,0.5,0.15,,,1,1.6,1.0,1.0,2,1,1,1,1,1.3,1.0,1.0,1.0,1.0,0,true,1,1,1,1.0,1.6,1.0,1.0,1.0,1.0,1.3,1.0,1.0,1.0,0.006478071212768555,
results/experiments_results_random/n5/random_n5_p05.json,random_n5_p05.json,results/experiments_results_random/n5,random,7,5,0.5,0.15,,,2,2.6,2.0,2.0,4,1,1,1,1,1.0,1.0,1.0,1.0,1.0,0,true,1,1,1,1.0,1.3,1.0,0.5,0.5,1.0,1.0,1.0,1.0,1.0,0.006595134735107422,
results/experiments_results_random/n5/random_n5_p05.json,random_n5_p05.json,results/experiments_results_random/n5,random,8,5,0.5,0.15,,,3,3.0,3.0,3.0,5,2,2,1,3,3.3,2.0,2.0,2.0,2.0,0,true,4,2,2,1.0,1.0,1.0,0.6666666666666666,0.6666666666666666,1.5,1.65,1.0,1.0,1.0,0.006784915924072266,
results/experiments_results_random/n5/random_n5_p05.json,random_n5_p05.json,results/experiments_results_random/n5,random,9,5,0.5,0.15,,,1,1.6,1.0,1.0,2,1,1,1,0,0.0,0.0,0.0,0.0,0.0,0,true,0,0,0,1.0,1.6,1.0,1.0,1.0,,,,,,0.005670070648193359,
results/experiments_results_random/n5/random_n5_p05.json,random_n5_p05.json,results/experiments_results_random/n5,random,10,5,0.5,0.15,,,0,0.0,0.0,0.0,0,0,0,2,0,0.7,0.0,0.0,0.0,0.0,0,true,0,0,0,,,,,,,,,,,0.004575014114379883,
results/experiments_results_random/n5/random_n5_p05.json,random_n5_p05.json,results/experiments_results_random/n5,random,11,5,0.5,0.15,,,2,2.6,2.0,2.0,4,2,2,5,0,0.0,0.0,0.0,0.0,0.0,0,true,0,0,0,1.0,1.3,1.0,1.0,1.0,,,,,,0.0051479339599609375,
results/experiments_results_random/n5/random_n5_p05.json,random_n5_p05.json,results/experiments_results_random/n5,random,12,5,0.5,0.15,,,2,2.0,2.0,2.0,4,2,2,1,2,2.4,2.0,2.0,2.0,2.0,0,true,3,1,2,1.0,1.0,1.0,1.0,1.0,1.0,1.2,1.0,0.5,1.0,0.00730586051940918,
results/experiments_results_random/n5/random_n5_p05.json,random_n5_p05.json,results/experiments_results_random/n5,random,13,5,0.5,0.15,,,1,1.0,1.0,1.0,1,1,1,2,0,0.0,0.0,0.0,0.0,0.0,0,true,0,0,0,1.0,1.0,1.0,1.0,1.0,,,,,,0.004977226257324219,
results/experiments_results_random/n5/random_n5_p05.json,random_n5_p05.json,results/experiments_results_random/n5,random,14,5,0.5,0.15,,,1,1.0,1.0,1.0,1,1,1,0,1,1.0,1.0,1.0,1.0,1.0,0,true,1,1,1,1.0,1.0,1.0,1.0,1.0,1.0,1.0,1.0,1.0,1.0,0.0066149234771728516,
results/experiments_results_random/n5/random_n5_p05.json,random_n5_p05.json,results/experiments_results_random/n5,random,15,5,0.5,0.15,,,3,4.1,3.0,2.5,6,1,2,2,1,1.7,1.0,1.0,1.0,1.0,0,true,2,1,1,1.0,1.3666666666666665,0.8333333333333334,0.3333333333333333,0.6666666666666666,1.0,1.7,1.0,1.0,1.0,0.0059659481048583984,
results/experiments_results_random/n5/random_n5_p05.json,random_n5_p05.json,results/experiments_results_random/n5,random,16,5,0.5,0.15,,,1,1.8,1.0,1.0,3,1,1,3,0,0.9,0.0,0.0,0.0,0.0,0,true,0,0,0,1.0,1.8,1.0,1.0,1.0,,,,,,0.0051326751708984375,
results/experiments_results_random/n5/random_n5_p05.json,random_n5_p05.json,results/experiments_results_random/n5,random,17,5,0.5,0.15,,,2,3.2,2.0,2.0,6,2,2,1,3,3.6,2.0,2.0,2.0,2.0,0,true,5,1,2,1.0,1.6,1.0,1.0,1.0,1.5,1.8,1.0,0.5,1.0,0.00742030143737793,
results/experiments_results_random/n5/random_n5_p05.json,random_n5_p05.json,results/experiments_results_random/n5,random,18,5,0.5,0.15,,,2,2.6,2.0,2.0,4,2,2,2,1,1.0,1.0,1.0,1.0,1.0,0,true,1,1,1,1.0,1.3,1.0,1.0,1.0,1.0,1.0,1.0,1.0,1.0,0.0069730281829833984,
results/experiments_results_random/n5/random_n5_p05.json,random_n5_p05.json,results/experiments_results_random/n5,random,19,5,0.5,0.15,,,3,3.3,3.0,2.5,6,1,2,1,2,2.0,2.0,2.0,2.0,2.0,0,true,3,1,1,1.0,1.0999999999999999,0.8333333333333334,0.3333333333333333,0.6666666666666666,1.0,1.0,1.0,0.5,0.5,0.007178306579589844,
results/experiments_results_random/n5/random_n5_p05.json,random_n5_p05.json,results/experiments_results_random/n5,random,20,5,0.5,0.15,,,3,3.0,3.0,3.0,5,2,2,3,0,0.0,0.0,0.0,0.0,0.0,0,true,0,0,0,1.0,1.0,1.0,0.6666666666666666,0.6666666666666666,,,,,,0.0050618648529052734,
results/experiments_results_random/n5/random_n5_p05.json,random_n5_p05.json,results/experiments_results_random/n5,random,21,5,0.5,0.15,,,1,1.0,1.0,1.0,1,1,1,2,0,0.0,0.0,0.0,0.0,0.0,0,true,0,0,0,1.0,1.0,1.0,1.0,1.0,,,,,,0.004804849624633789,
results/experiments_results_random/n5/random_n5_p05.json,random_n5_p05.json,results/experiments_results_random/n5,random,22,5,0.5,0.15,,,3,3.0,2.0,2.0,4,2,2,2,0,0.0,0.0,0.0,0.0,0.0,0,true,0,0,0,1.5,1.5,1.0,1.0,1.0,,,,,,0.0062410831451416016,
results/experiments_results_random/n5/random_n5_p05.json,random_n5_p05.json,results/experiments_results_random/n5,random,23,5,0.5,0.15,,,3,3.0,2.0,2.0,4,2,2,2,1,1.7,1.0,1.0,1.0,1.0,0,true,2,1,1,1.5,1.5,1.0,1.0,1.0,1.0,1.7,1.0,1.0,1.0,0.006637096405029297,
results/experiments_results_random/n5/random_n5_p05.json,random_n5_p05.json,results/experiments_results_random/n5,random,24,5,0.5,0.15,,,1,1.5,1.0,1.0,2,1,1,1,1,1.0,1.0,1.0,1.0,1.0,0,true,1,1,1,1.0,1.5,1.0,1.0,1.0,1.0,1.0,1.0,1.0,1.0,0.00597691535949707,
results/experiments_results_random/n5/random_n5_p05.json,random_n5_p05.json,results/experiments_results_random/n5,random,25,5,0.5,0.15,,,4,4.0,2.0,2.0,6,2,2,3,1,1.4,1.0,1.0,1.0,1.0,0,true,2,1,1,2.0,2.0,1.0,1.0,1.0,1.0,1.4,1.0,1.0,1.0,0.005867719650268555,
results/experiments_results_random/n5/random_n5_p05.json,random_n5_p05.json,results/experiments_results_random/n5,random,26,5,0.5,0.15,,,2,2.7,2.0,2.0,4,2,2,1,2,2.0,2.0,2.0,2.0,2.0,0,true,2,2,2,1.0,1.35,1.0,1.0,1.0,1.0,1.0,1.0,1.0,1.0,0.006991147994995117,
results/experiments_results_random/n5/random_n5_p05.json,random_n5_p05.json,results/experiments_results_random/n5,random,27,5,0.5,0.15,,,2,2.6,2.0,2.0,4,2,2,2,1,1.4,1.0,1.0,1.0,1.0,0,true,1,1,1,1.0,1.3,1.0,1.0,1.0,1.0,1.4,1.0,1.0,1.0,0.006376028060913086,
results/experiments_results_random/n5/random_n5_p05.json,random_n5_p05.json,results/experiments_results_random/n5,random,28,5,0.5,0.15,,,1,1.0,1.0,1.0,1,1,1,2,0,0.0,0.0,0.0,0.0,0.0,0,true,0,0,0,1.0,1.0,1.0,1.0,1.0,,,,,,0.0049741268157958984,
results/experiments_results_random/n5/random_n5_p05.json,random_n5_p05.json,results/experiments_results_random/n5,random,29,5,0.5,0.15,,,2,2.0,2.0,2.0,4,2,2,4,1,1.9,1.0,1.0,1.0,1.0,0,true,1,1,1,1.0,1.0,1.0,1.0,1.0,1.0,1.9,1.0,1.0,1.0,0.005020856857299805,
results/experiments_results_random/n5/random_n5_p05.json,random_n5_p05.json,results/experiments_results_random/n5,random,30,5,0.5,0.15,,,2,3.2,2.0,2.0,6,2,2,2,3,3.0,2.0,2.0,2.0,2.0,0,true,4,1,1,1.0,1.6,1.0,1.0,1.0,1.5,1.5,1.0,0.5,0.5,0.007765054702758789,
results/experiments_results_random/n5/random_n5_p05.json,random_n5_p05.json,results/experiments_results_random/n5,random,31,5,0.5,0.15,,,4,4.0,2.0,2.0,6,2,2,3,1,1.7,1.0,1.0,1.0,1.0,0,true,2,1,1,2.0,2.0,1.0,1.0,1.0,1.0,1.7,1.0,1.0,1.0,0.005745887756347656,
results/experiments_results_random/n5/random_n5_p05.json,random_n5_p05.json,results/experiments_results_random/n5,random,32,5,0.5,0.15,,,1,1.0,1.0,1.0,2,1,1,0,1,1.0,1.0,1.0,1.0,1.0,0,true,2,1,1,1.0,1.0,1.0,1.0,1.0,1.0,1.0,1.0,1.0,1.0,0.007770061492919922,
results/experiments_results_random/n5/random_n5_p05.json,random_n5_p05.json,results/experiments_results_random/n5,random,33,5,0.5,0.15,,,2,2.0,2.0,2.0,3,1,2,0,2,2.0,2.0,2.0,2.0,2.0,0,true,3,1,2,1.0,1.0,1.0,0.5,1.0,1.0,1.0,1.0,0.5,1.0,0.007021188735961914,
results/experiments_results_random/n5/random_n5_p05.json,random_n5_p05.json,results/experiments_results_random/n5,random,34,5,0.5,0.15,,,1,1.2,1.0,1.0,2,1,1,1,0,0.0,0.0,0.0,0.0,0.0,0,true,0,0,0,1.0,1.2,1.0,1.0,1.0,,,,,,0.006085872650146484,
results/experiments_results_random/n5/random_n5_p05.json,random_n5_p05.json,results/experiments_results_random/n5,random,35,5,0.5,0.15,,,2,2.7,2.0,2.0,5,2,2,2,1,1.1,1.0,1.0,1.0,1.0,0,true,1,1,1,1.0,1.35,1.0,1.0,1.0,1.0,1.1,1.0,1.0,1.0,0.006596088409423828,
results/experiments_results_random/n5/random_n5_p05.json,random_n5_p05.json,results/experiments_results_random/n5,random,36,5,0.5,0.15,,,2,2.7,2.0,2.0,4,2,2,1,1,1.1,1.0,1.0,1.0,1.0,0,true,2,1,1,1.0,1.35,1.0,1.0,1.0,1.0,1.1,1.0,1.0,1.0,0.007525920867919922,
results/experiments_results_random/n5/random_n5_p05.json,random_n5_p05.json,results/experiments_results_random/n5,random,37,5,0.5,0.15,,,2,3.1,2.0,2.0,5,2,2,3,1,1.3,1.0,1.0,1.0,1.0,0,true,1,1,1,1.0,1.55,1.0,1.0,1.0,1.0,1.3,1.0,1.0,1.0,0.006206989288330078,
results/experiments_results_random/n5/random_n5_p05.json,random_n5_p05.json,results/experiments_results_random/n5,random,38,5,0.5,0.15,,,2,3.4,2.0,2.0,6,2,2,1,1,1.6,1.0,1.0,1.0,1.0,0,true,3,1,1,1.0,1.7,1.0,1.0,1.0,1.0,1.6,1.0,1.0,1.0,0.008079051971435547,
results/experiments_results_random/n5/random_n5_p05.json,random_n5_p05.json,results/experiments_results_random/n5,random,39,5,0.5,0.15,,,2,2.0,2.0,2.0,3,2,2,1,1,1.0,1.0,1.0,1.0,1.0,0,true,1,1,1,1.0,1.0,1.0,1.0,1.0,1.0,1.0,1.0,1.0,1.0,0.006289958953857422,
results/experiments_results_random/n5/random_n5_p05.json,random_n5_p05.json,results/experiments_results_random/n5,random,40,5,0.5,0.15,,,1,1.0,1.0,1.0,1,1,1,1,0,0.0,0.0,0.0,0.0,0.0,0,true,0,0,0,1.0,1.0,1.0,1.0,1.0,,,,,,0.0055408477783203125,
results/experiments_results_random/n5/random_n5_p05.json,random_n5_p05.json,results/experiments_results_random/n5,random,41,5,0.5,0.15,,,1,1.0,1.0,1.0,1,1,1,1,0,0.0,0.0,0.0,0.0,0.0,0,true,0,0,0,1.0,1.0,1.0,1.0,1.0,,,,,,0.005342006683349609,
results/experiments_results_random/n5/random_n5_p05.json,random_n5_p05.json,results/experiments_results_random/n5,random,42,5,0.5,0.15,,,2,2.9,2.0,2.0,4,1,2,2,0,0.0,0.0,0.0,0.0,0.0,0,true,0,0,0,1.0,1.45,1.0,0.5,1.0,,,,,,0.005493879318237305,
results/experiments_results_random/n5/random_n5_p05.json,random_n5_p05.json,results/experiments_results_random/n5,random,43,5,0.5,0.15,,,2,3.1,2.0,2.0,5,2,2,2,1,1.4,1.0,1.0,1.0,1.0,0,true,2,1,1,1.0,1.55,1.0,1.0,1.0,1.0,1.4,1.0,1.0,1.0,0.007352113723754883,
results/experiments_results_random/n5/random_n5_p05.json,random_n5_p05.json,results/experiments_results_random/n5,random,44,5,0.5,0.15,,,2,2.0,2.0,2.0,4,2,2,1,1,1.3,1.0,1.0,1.0,1.0,0,true,2,1,1,1.0,1.0,1.0,1.0,1.0,1.0,1.3,1.0,1.0,1.0,0.007470130920410156,
results/experiments_results_random/n5/random_n5_p05.json,random_n5_p05.json,results/experiments_results_random/n5,random,45,5,0.5,0.15,,,0,0.0,0.0,0.0,0,0,0,0,0,0.0,0.0,0.0,0.0,0.0,0,true,0,0,0,,,,,,,,,,,0.005272865295410156,
results/experiments_results_random/n5/random_n5_p05.json,random_n5_p05.json,results/experiments_results_random/n5,random,46,5,0.5,0.15,,,1,1.5,1.0,1.0,2,1,1,2,0,0.0,0.0,0.0,0.0,0.0,0,true,0,0,0,1.0,1.5,1.0,1.0,1.0,,,,,,0.0050487518310546875,
results/experiments_results_random/n5/random_n5_p05.json,random_n5_p05.json,results/experiments_results_random/n5,random,47,5,0.5,0.15,,,1,1.0,1.0,1.0,2,1,1,1,1,1.0,1.0,1.0,1.0,1.0,0,true,1,1,1,1.0,1.0,1.0,1.0,1.0,1.0,1.0,1.0,1.0,1.0,0.00774693489074707,
results/experiments_results_random/n5/random_n5_p05.json,random_n5_p05.json,results/experiments_results_random/n5,random,48,5,0.5,0.15,,,0,0.0,0.0,0.0,0,0,0,0,0,0.0,0.0,0.0,0.0,0.0,0,true,0,0,0,,,,,,,,,,,0.005050182342529297,
results/experiments_results_random/n5/random_n5_p05.json,random_n5_p05.json,results/experiments_results_random/n5,random,49,5,0.5,0.15,,,2,2.0,1.0,1.0,2,1,1,2,0,0.9,0.0,0.0,0.0,0.0,0,true,0,0,0,2.0,2.0,1.0,1.0,1.0,,,,,,0.005422115325927734,
results/experiments_results_random/n5/random_n5_p05.json,random_n5_p05.json,results/experiments_results_random/n5,random,50,5,0.5,0.15,,,1,1.7,1.0,1.0,2,1,1,1,1,1.3,1.0,1.0,1.0,1.0,0,true,1,1,1,1.0,1.7,1.0,1.0,1.0,1.0,1.3,1.0,1.0,1.0,0.006796121597290039,
results/experiments_results_random/n5/random_n5_p02.json,random_n5_p02.json,results/experiments_results_random/n5,random,1,5,0.2,0.15,,,1,1.0,1.0,1.0,1,1,1,2,0,0.0,0.0,0.0,0.0,0.0,0,true,0,0,0,1.0,1.0,1.0,1.0,1.0,,,,,,0.038105010986328125,
results/experiments_results_random/n5/random_n5_p02.json,random_n5_p02.json,results/experiments_results_random/n5,random,2,5,0.2,0.15,,,1,1.0,1.0,1.0,1,1,1,2,0,0.0,0.0,0.0,0.0,0.0,0,true,0,0,0,1.0,1.0,1.0,1.0,1.0,,,,,,0.0048482418060302734,
results/experiments_results_random/n5/random_n5_p02.json,random_n5_p02.json,results/experiments_results_random/n5,random,3,5,0.2,0.15,,,2,2.3,2.0,2.0,3,1,2,3,0,0.0,0.0,0.0,0.0,0.0,0,true,0,0,0,1.0,1.15,1.0,0.5,1.0,,,,,,0.004937171936035156,
results/experiments_results_random/n5/random_n5_p02.json,random_n5_p02.json,results/experiments_results_random/n5,random,4,5,0.2,0.15,,,0,0.0,0.0,0.0,0,0,0,1,0,0.0,0.0,0.0,0.0,0.0,0,true,0,0,0,,,,,,,,,,,0.005787849426269531,
results/experiments_results_random/n5/random_n5_p02.json,random_n5_p02.json,results/experiments_results_random/n5,random,5,5,0.2,0.15,,,2,2.3,2.0,1.5,3,1,1,3,0,0.0,0.0,0.0,0.0,0.0,0,true,0,0,0,1.0,1.15,0.75,0.5,0.5,,,,,,0.005386829376220703,
results/experiments_results_random/n5/random_n5_p02.json,random_n5_p02.json,results/experiments_results_random/n5,random,6,5,0.2,0.15,,,0,0.0,0.0,0.0,0,0,0,1,0,0.0,0.0,0.0,0.0,0.0,0,true,0,0,0,,,,,,,,,,,0.0052988529205322266,
results/experiments_results_random/n5/random_n5_p02.json,random_n5_p02.json,results/experiments_results_random/n5,random,7,5,0.2,0.15,,,0,0.0,0.0,0.0,0,0,0,1,0,0.0,0.0,0.0,0.0,0.0,0,true,0,0,0,,,,,,,,,,,0.005040168762207031,
results/experiments_results_random/n5/random_n5_p02.json,random_n5_p02.json,results/experiments_results_random/n5,random,8,5,0.2,0.15,,,0,0.0,0.0,0.0,0,0,0,1,0,0.0,0.0,0.0,0.0,0.0,0,true,0,0,0,,,,,,,,,,,0.005040168762207031,
results/experiments_results_random/n5/random_n5_p02.json,random_n5_p02.json,results/experiments_results_random/n5,random,9,5,0.2,0.15,,,0,0.0,0.0,0.0,0,0,0,1,0,0.0,0.0,0.0,0.0,0.0,0,true,0,0,0,,,,,,,,,,,0.004763126373291016,
results/experiments_results_random/n5/random_n5_p02.json,random_n5_p02.json,results/experiments_results_random/n5,random,10,5,0.2,0.15,,,0,0.0,0.0,0.0,0,0,0,2,0,0.0,0.0,0.0,0.0,0.0,0,true,0,0,0,,,,,,,,,,,0.004698991775512695,
results/experiments_results_random/n5/random_n5_p02.json,random_n5_p02.json,results/experiments_results_random/n5,random,11,5,0.2,0.15,,,1,1.6,1.0,1.0,3,1,1,5,0,0.0,0.0,0.0,0.0,0.0,0,true,0,0,0,1.0,1.6,1.0,1.0,1.0,,,,,,0.00437617301940918,
results/experiments_results_random/n5/random_n5_p02.json,random_n5_p02.json,results/experiments_results_random/n5,random,12,5,0.2,0.15,,,1,1.4,1.0,1.0,2,1,1,1,1,1.0,1.0,1.0,1.0,1.0,0,true,1,1,1,1.0,1.4,1.0,1.0,1.0,1.0,1.0,1.0,1.0,1.0,0.007559776306152344,
results/experiments_results_random/n5/random_n5_p02.json,random_n5_p02.json,results/experiments_results_random/n5,random,13,5,0.2,0.15,,,1,1.0,1.0,1.0,1,1,1,2,0,0.0,0.0,0.0,0.0,0.0,0,true,0,0,0,1.0,1.0,1.0,1.0,1.0,,,,,,0.005217075347900391,
results/experiments_results_random/n5/random_n5_p02.json,random_n5_p02.json,results/experiments_results_random/n5,random,14,5,0.2,0.15,,,0,0.0,0.0,0.0,0,0,0,0,0,0.0,0.0,0.0,0.0,0.0,0,true,0,0,0,,,,,,,,,,,0.005544900894165039,
results/experiments_results_random/n5/random_n5_p02.json,random_n5_p02.json,results/experiments_results_random/n5,random,15,5,0.2,0.15,,,0,0.0,0.0,0.0,0,0,0,2,0,0.0,0.0,0.0,0.0,0.0,0,true,0,0,0,,,,,,,,,,,0.004252195358276367,
results/experiments_results_random/n5/random_n5_p02.json,random_n5_p02.json,results/experiments_results_random/n5,random,16,5,0.2,0.15,,,1,1.0,1.0,1.0,1,1,1,3,0,0.0,0.0,0.0,0.0,0.0,0,true,0,0,0,1.0,1.0,1.0,1.0,1.0,,,,,,0.004849910736083984,
results/experiments_results_random/n5/random_n5_p02.json,random_n5_p02.json,results/experiments_results_random/n5,random,17,5,0.2,0.15,,,0,0.0,0.0,0.0,0,0,0,1,0,0.0,0.0,0.0,0.0,0.0,0,true,0,0,0,,,,,,,,,,,0.00467991828918457,
results/experiments_results_random/n5/random_n5_p02.json,random_n5_p02.json,results/experiments_results_random/n5,random,18,5,0.2,0.15,,,1,1.0,1.0,1.0,1,1,1,2,0,0.0,0.0,0.0,0.0,0.0,0,true,0,0,0,1.0,1.0,1.0,1.0,1.0,,,,,,0.0055768489837646484,
results/experiments_results_random/n5/random_n5_p02.json,random_n5_p02.json,results/experiments_results_random/n5,random,19,5,0.2,0.15,,,0,0.0,0.0,0.0,0,0,0,1,0,0.0,0.0,0.0,0.0,0.0,0,true,0,0,0,,,,,,,,,,,0.00488591194152832,
results/experiments_results_random/n5/random_n5_p02.json,random_n5_p02.json,results/experiments_results_random/n5,random,20,5,0.2,0.15,,,1,1.6,1.0,1.0,2,1,1,3,0,0.0,0.0,0.0,0.0,0.0,0,true,0,0,0,1.0,1.6,1.0,1.0,1.0,,,,,,0.004755735397338867,
results/experiments_results_random/n5/random_n5_p02.json,random_n5_p02.json,results/experiments_results_random/n5,random,21,5,0.2,0.15,,,0,0.0,0.0,0.0,0,0,0,2,0,0.0,0.0,0.0,0.0,0.0,0,true,0,0,0,,,,,,,,,,,0.004419088363647461,
results/experiments_results_random/n5/random_n5_p02.json,random_n5_p02.json,results/experiments_results_random/n5,random,22,5,0.2,0.15,,,1,1.3,1.0,1.0,2,1,1,2,0,0.0,0.0,0.0,0.0,0.0,0,true,0,0,0,1.0,1.3,1.0,1.0,1.0,,,,,,0.005440950393676758,
results/experiments_results_random/n5/random_n5_p02.json,random_n5_p02.json,results/experiments_results_random/n5,random,23,5,0.2,0.15,,,1,1.0,1.0,1.0,1,1,1,2,0,0.0,0.0,0.0,0.0,0.0,0,true,0,0,0,1.0,1.0,1.0,1.0,1.0,,,,,,0.0051462650299072266,
results/experiments_results_random/n5/random_n5_p02.json,random_n5_p02.json,results/experiments_results_random/n5,random,24,5,0.2,0.15,,,0,0.0,0.0,0.0,0,0,0,1,0,0.0,0.0,0.0,0.0,0.0,0,true,0,0,0,,,,,,,,,,,0.005193948745727539,
results/experiments_results_random/n5/random_n5_p02.json,random_n5_p02.json,results/experiments_results_random/n5,random,25,5,0.2,0.15,,,3,3.0,2.0,2.0,4,2,2,3,1,1.0,1.0,1.0,1.0,1.0,0,true,1,1,1,1.5,1.5,1.0,1.0,1.0,1.0,1.0,1.0,1.0,1.0,0.007111072540283203,
results/experiments_results_random/n5/random_n5_p02.json,random_n5_p02.json,results/experiments_results_random/n5,random,26,5,0.2,0.15,,,2,2.4,2.0,1.5,3,1,1,1,1,1.0,1.0,1.0,1.0,1.0,0,true,1,1,1,1.0,1.2,0.75,0.5,0.5,1.0,1.0,1.0,1.0,1.0,0.006367921829223633,
results/experiments_results_random/n5/random_n5_p02.json,random_n5_p02.json,results/experiments_results_random/n5,random,27,5,0.2,0.15,,,1,1.0,1.0,1.0,1,1,1,2,0,0.0,0.0,0.0,0.0,0.0,0,true,0,0,0,1.0,1.0,1.0,1.0,1.0,,,,,,0.004963874816894531,
results/experiments_results_random/n5/random_n5_p02.json,random_n5_p02.json,results/experiments_results_random/n5,random,28,5,0.2,0.15,,,0,0.0,0.0,0.0,0,0,0,2,0,0.0,0.0,0.0,0.0,0.0,0,true,0,0,0,,,,,,,,,,,0.0051381587982177734,
results/experiments_results_random/n5/random_n5_p02.json,random_n5_p02.json,results/experiments_results_random/n5,random,29,5,0.2,0.15,,,2,2.3,2.0,2.0,4,1,1,4,0,0.0,0.0,0.0,0.0,0.0,0,true,0,0,0,1.0,1.15,1.0,0.5,0.5,,,,,,0.005455970764160156,
results/experiments_results_random/n5/random_n5_p02.json,random_n5_p02.json,results/experiments_results_random/n5,random,30,5,0.2,0.15,,,1,1.0,1.0,1.0,1,1,1,2,0,0.0,0.0,0.0,0.0,0.0,0,true,0,0,0,1.0,1.0,1.0,1.0,1.0,,,,,,0.005126237869262695,
results/experiments_results_random/n5/random_n5_p02.json,random_n5_p02.json,results/experiments_results_random/n5,random,31,5,0.2,0.15,,,2,2.4,2.0,2.0,3,2,2,3,0,0.0,0.0,0.0,0.0,0.0,0,true,0,0,0,1.0,1.2,1.0,1.0,1.0,,,,,,0.02824687957763672,
results/experiments_results_random/n5/random_n5_p02.json,random_n5_p02.json,results/experiments_results_random/n5,random,32,5,0.2,0.15,,,0,0.0,0.0,0.0,0,0,0,0,0,0.0,0.0,0.0,0.0,0.0,0,true,0,0,0,,,,,,,,,,,0.005442142486572266,
results/experiments_results_random/n5/random_n5_p02.json,random_n5_p02.json,results/experiments_results_random/n5,random,33,5,0.2,0.15,,,0,0.0,0.0,0.0,0,0,0,0,0,0.0,0.0,0.0,0.0,0.0,0,true,0,0,0,,,,,,,,,,,0.0055620670318603516,
results/experiments_results_random/n5/random_n5_p02.json,random_n5_p02.json,results/experiments_results_random/n5,random,34,5,0.2,0.15,,,0,0.0,0.0,0.0,0,0,0,1,0,0.0,0.0,0.0,0.0,0.0,0,true,0,0,0,,,,,,,,,,,0.004914760589599609,
results/experiments_results_random/n5/random_n5_p02.json,random_n5_p02.json,results/experiments_results_random/n5,random,35,5,0.2,0.15,,,1,1.0,1.0,1.0,1,1,1,2,0,0.0,0.0,0.0,0.0,0.0,0,true,0,0,0,1.0,1.0,1.0,1.0,1.0,,,,,,0.00544428825378418,
results/experiments_results_random/n5/random_n5_p02.json,random_n5_p02.json,results/experiments_results_random/n5,random,36,5,0.2,0.15,,,0,0.0,0.0,0.0,0,0,0,1,0,0.0,0.0,0.0,0.0,0.0,0,true,0,0,0,,,,,,,,,,,0.005138397216796875,
results/experiments_results_random/n5/random_n5_p02.json,random_n5_p02.json,results/experiments_results_random/n5,random,37,5,0.2,0.15,,,1,1.4,1.0,1.0,2,1,1,3,0,0.0,0.0,0.0,0.0,0.0,0,true,0,0,0,1.0,1.4,1.0,1.0,1.0,,,,,,0.00568079948425293,
results/experiments_results_random/n5/random_n5_p02.json,random_n5_p02.json,results/experiments_results_random/n5,random,38,5,0.2,0.15,,,0,0.0,0.0,0.0,0,0,0,1,0,0.0,0.0,0.0,0.0,0.0,0,true,0,0,0,,,,,,,,,,,0.005048990249633789,
results/experiments_results_random/n5/random_n5_p02.json,random_n5_p02.json,results/experiments_results_random/n5,random,39,5,0.2,0.15,,,0,0.0,0.0,0.0,0,0,0,1,0,0.0,0.0,0.0,0.0,0.0,0,true,0,0,0,,,,,,,,,,,0.004942893981933594,
results/experiments_results_random/n5/random_n5_p02.json,random_n5_p02.json,results/experiments_results_random/n5,random,40,5,0.2,0.15,,,0,0.0,0.0,0.0,0,0,0,1,0,0.0,0.0,0.0,0.0,0.0,0,true,0,0,0,,,,,,,,,,,0.00514984130859375,
results/experiments_results_random/n5/random_n5_p02.json,random_n5_p02.json,results/experiments_results_random/n5,random,41,5,0.2,0.15,,,0,0.0,0.0,0.0,0,0,0,1,0,0.0,0.0,0.0,0.0,0.0,0,true,0,0,0,,,,,,,,,,,0.005021095275878906,
results/experiments_results_random/n5/random_n5_p02.json,random_n5_p02.json,results/experiments_results_random/n5,random,42,5,0.2,0.15,,,1,1.0,1.0,1.0,1,1,1,2,0,0.0,0.0,0.0,0.0,0.0,0,true,0,0,0,1.0,1.0,1.0,1.0,1.0,,,,,,0.005198955535888672,
results/experiments_results_random/n5/random_n5_p02.json,random_n5_p02.json,results/experiments_results_random/n5,random,43,5,0.2,0.15,,,1,1.0,1.0,1.0,1,1,1,2,0,0.0,0.0,0.0,0.0,0.0,0,true,0,0,0,1.0,1.0,1.0,1.0,1.0,,,,,,0.005438089370727539,
results/experiments_results_random/n5/random_n5_p02.json,random_n5_p02.json,results/experiments_results_random/n5,random,44,5,0.2,0.15,,,2,2.1,2.0,1.5,3,1,1,1,1,1.0,1.0,1.0,1.0,1.0,0,true,1,1,1,1.0,1.05,0.75,0.5,0.5,1.0,1.0,1.0,1.0,1.0,0.007369041442871094,
results/experiments_results_random/n5/random_n5_p02.json,random_n5_p02.json,results/experiments_results_random/n5,random,45,5,0.2,0.15,,,0,0.0,0.0,0.0,0,0,0,0,0,0.0,0.0,0.0,0.0,0.0,0,true,0,0,0,,,,,,,,,,,0.005585908889770508,
results/experiments_results_random/n5/random_n5_p02.json,random_n5_p02.json,results/experiments_results_random/n5,random,46,5,0.2,0.15,,,0,0.0,0.0,0.0,0,0,0,2,0,0.0,0.0,0.0,0.0,0.0,0,true,0,0,0,,,,,,,,,,,0.004381895065307617,
results/experiments_results_random/n5/random_n5_p02.json,random_n5_p02.json,results/experiments_results_random/n5,random,47,5,0.2,0.15,,,1,1.0,1.0,1.0,1,1,1,1,0,0.0,0.0,0.0,0.0,0.0,0,true,0,0,0,1.0,1.0,1.0,1.0,1.0,,,,,,0.005365848541259766,
results/experiments_results_random/n5/random_n5_p02.json,random_n5_p02.json,results/experiments_results_random/n5,random,48,5,0.2,0.15,,,0,0.0,0.0,0.0,0,0,0,0,0,0.0,0.0,0.0,0.0,0.0,0,true,0,0,0,,,,,,,,,,,0.0056989192962646484,
results/experiments_results_random/n5/random_n5_p02.json,random_n5_p02.json,results/experiments_results_random/n5,random,49,5,0.2,0.15,,,1,1.0,1.0,1.0,1,1,1,2,0,0.0,0.0,0.0,0.0,0.0,0,true,0,0,0,1.0,1.0,1.0,1.0,1.0,,,,,,0.005208015441894531,
results/experiments_results_random/n5/random_n5_p02.json,random_n5_p02.json,results/experiments_results_random/n5,random,50,5,0.2,0.15,,,0,0.0,0.0,0.0,0,0,0,1,0,0.0,0.0,0.0,0.0,0.0,0,true,0,0,0,,,,,,,,,,,0.005195140838623047,
results/experiments_results_random/n5/random_n5_p03.json,random_n5_p03.json,results/experiments_results_random/n5,random,1,5,0.3,0.15,,,1,1.0,1.0,1.0,1,1,1,2,0,0.0,0.0,0.0,0.0,0.0,0,true,0,0,0,1.0,1.0,1.0,1.0,1.0,,,,,,0.03745269775390625,
results/experiments_results_random/n5/random_n5_p03.json,random_n5_p03.json,results/experiments_results_random/n5,random,2,5,0.3,0.15,,,2,2.6,2.0,2.0,4,2,2,2,2,2.6,1.0,1.0,1.0,1.0,0,true,2,1,1,1.0,1.3,1.0,1.0,1.0,2.0,2.6,1.0,1.0,1.0,0.006760120391845703,
results/experiments_results_random/n5/random_n5_p03.json,random_n5_p03.json,results/experiments_results_random/n5,random,3,5,0.3,0.15,,,1,2.4,1.0,1.0,3,1,1,3,1,1.0,1.0,1.0,1.0,1.0,0,true,1,1,1,1.0,2.4,1.0,1.0,1.0,1.0,1.0,1.0,1.0,1.0,0.005925893783569336,
results/experiments_results_random/n5/random_n5_p03.json,random_n5_p03.json,results/experiments_results_random/n5,random,4,5,0.3,0.15,,,0,0.0,0.0,0.0,0,0,0,1,0,0.0,0.0,0.0,0.0,0.0,0,true,0,0,0,,,,,,,,,,,0.004803895950317383,
results/experiments_results_random/n5/random_n5_p03.json,random_n5_p03.json,results/experiments_results_random/n5,random,5,5,0.3,0.15,,,2,2.9,2.0,2.0,4,2,2,3,0,0.0,0.0,0.0,0.0,0.0,0,true,0,0,0,1.0,1.45,1.0,1.0,1.0,,,,,,0.005162954330444336,
results/experiments_results_random/n5/random_n5_p03.json,random_n5_p03.json,results/experiments_results_random/n5,random,6,5,0.3,0.15,,,0,0.0,0.0,0.0,0,0,0,1,0,0.0,0.0,0.0,0.0,0.0,0,true,0,0,0,,,,,,,,,,,0.0052127838134765625,
results/experiments_results_random/n5/random_n5_p03.json,random_n5_p03.json,results/experiments_results_random/n5,random,7,5,0.3,0.15,,,1,1.0,1.0,1.0,1,1,1,1,0,0.0,0.0,0.0,0.0,0.0,0,true,0,0,0,1.0,1.0,1.0,1.0,1.0,,,,,,0.005376100540161133,
results/experiments_results_random/n5/random_n5_p03.json,random_n5_p03.json,results/experiments_results_random/n5,random,8,5,0.3,0.15,,,0,0.0,0.0,0.0,0,0,0,1,0,0.0,0.0,0.0,0.0,0.0,0,true,0,0,0,,,,,,,,,,,0.00523686408996582,
results/experiments_results_random/n5/random_n5_p03.json,random_n5_p03.json,results/experiments_results_random/n5,random,9,5,0.3,0.15,,,1,1.0,1.0,1.0,1,1,1,1,0,0.0,0.0,0.0,0.0,0.0,0,true,0,0,0,1.0,1.0,1.0,1.0,1.0,,,,,,0.005342960357666016,
results/experiments_results_random/n5/random_n5_p03.json,random_n5_p03.json,results/experiments_results_random/n5,random,10,5,0.3,0.15,,,1,1.0,1.0,1.0,1,1,1,2,0,0.0,0.0,0.0,0.0,0.0,0,true,0,0,0,1.0,1.0,1.0,1.0,1.0,,,,,,0.005014181137084961,
results/experiments_results_random/n5/random_n5_p03.json,random_n5_p03.json,results/experiments_results_random/n5,random,11,5,0.3,0.15,,,1,1.6,1.0,1.0,3,1,1,5,0,0.0,0.0,0.0,0.0,0.0,0,true,0,0,0,1.0,1.6,1.0,1.0,1.0,,,,,,0.0042078495025634766,
results/experiments_results_random/n5/random_n5_p03.json,random_n5_p03.json,results/experiments_results_random/n5,random,12,5,0.3,0.15,,,3,3.0,2.0,2.0,4,2,2,1,1,1.4,1.0,1.0,1.0,1.0,0,true,2,1,1,1.5,1.5,1.0,1.0,1.0,1.0,1.4,1.0,1.0,1.0,0.006943941116333008,
results/experiments_results_random/n5/random_n5_p03.json,random_n5_p03.json,results/experiments_results_random/n5,random,13,5,0.3,0.15,,,1,1.0,1.0,1.0,1,1,1,2,0,0.0,0.0,0.0,0.0,0.0,0,true,0,0,0,1.0,1.0,1.0,1.0,1.0,,,,,,0.004897117614746094,
results/experiments_results_random/n5/random_n5_p03.json,random_n5_p03.json,results/experiments_results_random/n5,random,14,5,0.3,0.15,,,0,0.0,0.0,0.0,0,0,0,0,0,0.0,0.0,0.0,0.0,0.0,0,true,0,0,0,,,,,,,,,,,0.005939960479736328,
results/experiments_results_random/n5/random_n5_p03.json,random_n5_p03.json,results/experiments_results_random/n5,random,15,5,0.3,0.15,,,0,0.0,0.0,0.0,0,0,0,2,0,0.0,0.0,0.0,0.0,0.0,0,true,0,0,0,,,,,,,,,,,0.004243135452270508,
results/experiments_results_random/n5/random_n5_p03.json,random_n5_p03.json,results/experiments_results_random/n5,random,16,5,0.3,0.15,,,1,1.0,1.0,1.0,1,1,1,3,0,0.0,0.0,0.0,0.0,0.0,0,true,0,0,0,1.0,1.0,1.0,1.0,1.0,,,,,,0.00499415397644043,
results/experiments_results_random/n5/random_n5_p03.json,random_n5_p03.json,results/experiments_results_random/n5,random,17,5,0.3,0.15,,,1,1.0,1.0,1.0,1,1,1,1,1,1.0,1.0,1.0,1.0,1.0,0,true,1,1,1,1.0,1.0,1.0,1.0,1.0,1.0,1.0,1.0,1.0,1.0,0.00586700439453125,
results/experiments_results_random/n5/random_n5_p03.json,random_n5_p03.json,results/experiments_results_random/n5,random,18,5,0.3,0.15,,,0,0.0,0.0,0.0,0,0,0,2,0,0.0,0.0,0.0,0.0,0.0,0,true,0,0,0,,,,,,,,,,,0.004868984222412109,
results/experiments_results_random/n5/random_n5_p03.json,random_n5_p03.json,results/experiments_results_random/n5,random,19,5,0.3,0.15,,,1,1.0,1.0,1.0,1,1,1,1,0,0.0,0.0,0.0,0.0,0.0,0,true,0,0,0,1.0,1.0,1.0,1.0,1.0,,,,,,0.005401134490966797,
results/experiments_results_random/n5/random_n5_p03.json,random_n5_p03.json,results/experiments_results_random/n5,random,20,5,0.3,0.15,,,1,1.4,1.0,1.0,2,1,1,3,0,0.0,0.0,0.0,0.0,0.0,0,true,0,0,0,1.0,1.4,1.0,1.0,1.0,,,,,,0.004812002182006836,
results/experiments_results_random/n5/random_n5_p03.json,random_n5_p03.json,results/experiments_results_random/n5,random,21,5,0.3,0.15,,,0,0.0,0.0,0.0,0,0,0,2,0,0.0,0.0,0.0,0.0,0.0,0,true,0,0,0,,,,,,,,,,,0.004827976226806641,
results/experiments_results_random/n5/random_n5_p03.json,random_n5_p03.json,results/experiments_results_random/n5,random,22,5,0.3,0.15,,,1,1.3,1.0,1.0,2,1,1,2,0,0.0,0.0,0.0,0.0,0.0,0,true,0,0,0,1.0,1.3,1.0,1.0,1.0,,,,,,0.005300283432006836,
results/experiments_results_random/n5/random_n5_p03.json,random_n5_p03.json,results/experiments_results_random/n5,random,23,5,0.3,0.15,,,2,2.0,2.0,2.0,3,2,2,2,0,0.0,0.0,0.0,0.0,0.0,0,true,0,0,0,1.0,1.0,1.0,1.0,1.0,,,,,,0.004971027374267578,
results/experiments_results_random/n5/random_n5_p03.json,random_n5_p03.json,results/experiments_results_random/n5,random,24,5,0.3,0.15,,,0,0.0,0.0,0.0,0,0,0,1,0,0.0,0.0,0.0,0.0,0.0,0,true,0,0,0,,,,,,,,,,,0.004999876022338867,
results/experiments_results_random/n5/random_n5_p03.json,random_n5_p03.json,results/experiments_results_random/n5,random,25,5,0.3,0.15,,,5,5.0,3.0,3.0,7,2,2,3,2,2.0,1.0,1.0,1.0,1.0,0,true,2,1,1,1.6666666666666667,1.6666666666666667,1.0,0.6666666666666666,0.6666666666666666,2.0,2.0,1.0,1.0,1.0,0.006495237350463867,
results/experiments_results_random/n5/random_n5_p03.json,random_n5_p03.json,results/experiments_results_random/n5,random,26,5,0.3,0.15,,,1,1.7,1.0,1.0,2,1,1,1,1,1.4,1.0,1.0,1.0,1.0,0,true,1,1,1,1.0,1.7,1.0,1.0,1.0,1.0,1.4,1.0,1.0,1.0,0.006389141082763672,
results/experiments_results_random/n5/random_n5_p03.json,random_n5_p03.json,results/experiments_results_random/n5,random,27,5,0.3,0.15,,,2,2.3,2.0,2.0,3,2,2,2,1,1.0,1.0,1.0,1.0,1.0,0,true,1,1,1,1.0,1.15,1.0,1.0,1.0,1.0,1.0,1.0,1.0,1.0,0.005376100540161133,
results/experiments_results_random/n5/random_n5_p03.json,random_n5_p03.json,results/experiments_results_random/n5,random,28,5,0.3,0.15,,,0,0.0,0.0,0.0,0,0,0,2,0,0.0,0.0,0.0,0.0,0.0,0,true,0,0,0,,,,,,,,,,,0.004581928253173828,
results/experiments_results_random/n5/random_n5_p03.json,random_n5_p03.json,results/experiments_results_random/n5,random,29,5,0.3,0.15,,,5,5.3,4.0,3.0,9,2,2,4,1,1.0,1.0,1.0,1.0,1.0,0,true,1,1,1,1.25,1.325,0.75,0.5,0.5,1.0,1.0,1.0,1.0,1.0,0.006719112396240234,
results/experiments_results_random/n5/random_n5_p03.json,random_n5_p03.json,results/experiments_results_random/n5,random,30,5,0.3,0.15,,,1,1.5,1.0,1.0,2,1,1,2,0,0.0,0.0,0.0,0.0,0.0,0,true,0,0,0,1.0,1.5,1.0,1.0,1.0,,,,,,0.005154132843017578,
results/experiments_results_random/n5/random_n5_p03.json,random_n5_p03.json,results/experiments_results_random/n5,random,31,5,0.3,0.15,,,2,2.4,2.0,2.0,3,2,2,3,0,0.0,0.0,0.0,0.0,0.0,0,true,0,0,0,1.0,1.2,1.0,1.0,1.0,,,,,,0.004769802093505859,
results/experiments_results_random/n5/random_n5_p03.json,random_n5_p03.json,results/experiments_results_random/n5,random,32,5,0.3,0.15,,,0,0.0,0.0,0.0,0,0,0,0,0,0.0,0.0,0.0,0.0,0.0,0,true,0,0,0,,,,,,,,,,,0.0051081180572509766,
results/experiments_results_random/n5/random_n5_p03.json,random_n5_p03.json,results/experiments_results_random/n5,random,33,5,0.3,0.15,,,1,1.0,1.0,1.0,1,1,1,0,1,1.0,1.0,1.0,1.0,1.0,0,true,1,1,1,1.0,1.0,1.0,1.0,1.0,1.0,1.0,1.0,1.0,1.0,0.0066680908203125,
results/experiments_results_random/n5/random_n5_p03.json,random_n5_p03.json,results/experiments_results_random/n5,random,34,5,0.3,0.15,,,1,1.0,1.0,1.0,1,1,1,1,0,0.0,0.0,0.0,0.0,0.0,0,true,0,0,0,1.0,1.0,1.0,1.0,1.0,,,,,,0.0055980682373046875,
results/experiments_results_random/n5/random_n5_p03.json,random_n5_p03.json,results/experiments_results_random/n5,random,35,5,0.3,0.15,,,1,1.0,1.0,1.0,1,1,1,2,0,0.0,0.0,0.0,0.0,0.0,0,true,0,0,0,1.0,1.0,1.0,1.0,1.0,,,,,,0.00526738166809082,
results/experiments_results_random/n5/random_n5_p03.json,random_n5_p03.json,results/experiments_results_random/n5,random,36,5,0.3,0.15,,,1,1.0,1.0,1.0,1,1,1,1,0,0.0,0.0,0.0,0.0,0.0,0,true,0,0,0,1.0,1.0,1.0,1.0,1.0,,,,,,0.0053136348724365234,
results/experiments_results_random/n5/random_n5_p03.json,random_n5_p03.json,results/experiments_results_random/n5,random,37,5,0.3,0.15,,,1,1.4,1.0,1.0,2,1,1,3,0,0.0,0.0,0.0,0.0,0.0,0,true,0,0,0,1.0,1.4,1.0,1.0,1.0,,,,,,0.005302906036376953,
results/experiments_results_random/n5/random_n5_p03.json,random_n5_p03.json,results/experiments_results_random/n5,random,38,5,0.3,0.15,,,0,0.0,0.0,0.0,0,0,0,1,0,0.0,0.0,0.0,0.0,0.0,0,true,0,0,0,,,,,,,,,,,0.004816293716430664,
results/experiments_results_random/n5/random_n5_p03.json,random_n5_p03.json,results/experiments_results_random/n5,random,39,5,0.3,0.15,,,1,1.0,1.0,1.0,1,1,1,1,0,0.0,0.0,0.0,0.0,0.0,0,true,0,0,0,1.0,1.0,1.0,1.0,1.0,,,,,,0.005120992660522461,
results/experiments_results_random/n5/random_n5_p03.json,random_n5_p03.json,results/experiments_results_random/n5,random,40,5,0.3,0.15,,,0,0.0,0.0,0.0,0,0,0,1,0,0.0,0.0,0.0,0.0,0.0,0,true,0,0,0,,,,,,,,,,,0.0049440860748291016,
results/experiments_results_random/n5/random_n5_p03.json,random_n5_p03.json,results/experiments_results_random/n5,random,41,5,0.3,0.15,,,0,0.0,0.0,0.0,0,0,0,1,0,0.0,0.0,0.0,0.0,0.0,0,true,0,0,0,,,,,,,,,,,0.004796743392944336,
results/experiments_results_random/n5/random_n5_p03.json,random_n5_p03.json,results/experiments_results_random/n5,random,42,5,0.3,0.15,,,1,1.0,1.0,1.0,1,1,1,2,0,0.0,0.0,0.0,0.0,0.0,0,true,0,0,0,1.0,1.0,1.0,1.0,1.0,,,,,,0.0056610107421875,
results/experiments_results_random/n5/random_n5_p03.json,random_n5_p03.json,results/experiments_results_random/n5,random,43,5,0.3,0.15,,,1,1.5,1.0,1.0,2,1,1,2,1,1.0,1.0,1.0,1.0,1.0,0,true,1,1,1,1.0,1.5,1.0,1.0,1.0,1.0,1.0,1.0,1.0,1.0,0.006185054779052734,
results/experiments_results_random/n5/random_n5_p03.json,random_n5_p03.json,results/experiments_results_random/n5,random,44,5,0.3,0.15,,,1,1.7,1.0,1.0,2,1,1,1,1,1.1,1.0,1.0,1.0,1.0,0,true,1,1,1,1.0,1.7,1.0,1.0,1.0,1.0,1.1,1.0,1.0,1.0,0.006940126419067383,
results/experiments_results_random/n5/random_n5_p03.json,random_n5_p03.json,results/experiments_results_random/n5,random,45,5,0.3,0.15,,,0,0.0,0.0,0.0,0,0,0,0,0,0.0,0.0,0.0,0.0,0.0,0,true,0,0,0,,,,,,,,,,,0.005617856979370117,
results/experiments_results_random/n5/random_n5_p03.json,random_n5_p03.json,results/experiments_results_random/n5,random,46,5,0.3,0.15,,,1,1.5,1.0,1.0,2,1,1,2,0,0.0,0.0,0.0,0.0,0.0,0,true,0,0,0,1.0,1.5,1.0,1.0,1.0,,,,,,0.005306243896484375,
results/experiments_results_random/n5/random_n5_p03.json,random_n5_p03.json,results/experiments_results_random/n5,random,47,5,0.3,0.15,,,2,2.4,2.0,1.5,3,1,1,1,1,1.0,1.0,1.0,1.0,1.0,0,true,1,1,1,1.0,1.2,0.75,0.5,0.5,1.0,1.0,1.0,1.0,1.0,0.006682872772216797,
results/experiments_results_random/n5/random_n5_p03.json,random_n5_p03.json,results/experiments_results_random/n5,random,48,5,0.3,0.15,,,0,0.0,0.0,0.0,0,0,0,0,0,0.0,0.0,0.0,0.0,0.0,0,true,0,0,0,,,,,,,,,,,0.0052721500396728516,
results/experiments_results_random/n5/random_n5_p03.json,random_n5_p03.json,results/experiments_results_random/n5,random,49,5,0.3,0.15,,,1,1.0,1.0,1.0,1,1,1,2,0,0.0,0.0,0.0,0.0,0.0,0,true,0,0,0,1.0,1.0,1.0,1.0,1.0,,,,,,0.005742073059082031,
results/experiments_results_random/n5/random_n5_p03.json,random_n5_p03.json,results/experiments_results_random/n5,random,50,5,0.3,0.15,,,1,1.3,1.0,1.0,2,1,1,1,0,0.0,0.0,0.0,0.0,0.0,0,true,0,0,0,1.0,1.3,1.0,1.0,1.0,,,,,,0.0067288875579833984,
results/experiments_results_clique/n15/clq_n15_5_5_3_2.json,clq_n15_5_5_3_2.json,results/experiments_results_clique/n15,clique,41,15,,0.15,5_2_5_3,,7,13.2,7.0,7.0,34,7,7,14,9,12.1,6.0,6.0,6.0,6.0,0,true,24,5,6,1.0,1.8857142857142857,1.0,1.0,1.0,1.5,2.0166666666666666,1.0,0.8333333333333334,1.0,0.12071919441223145,
results/experiments_results_clique/n15/clq_n15_5_5_3_2.json,clq_n15_5_5_3_2.json,results/experiments_results_clique/n15,clique,42,15,,0.15,5_2_5_3,,19,23.0,16.0,14.5,68,10,12,15,13,17.4,11.0,11.0,10.5,10.5,2,true,41,8,9,1.1875,1.4375,0.90625,0.625,0.75,1.1818181818181819,1.5818181818181818,0.9545454545454546,0.7272727272727273,0.8181818181818182,0.1367628574371338,
results/experiments_results_clique/n15/clq_n15_5_5_3_2.json,clq_n15_5_5_3_2.json,results/experiments_results_clique/n15,clique,43,15,,0.15,5_2_5_3,,17,20.6,12.0,12.0,62,10,11,15,15,18.3,12.0,12.0,12.0,12.0,3,true,45,8,10,1.4166666666666667,1.7166666666666668,1.0,0.8333333333333334,0.9166666666666666,1.25,1.5250000000000001,1.0,0.6666666666666666,0.8333333333333334,0.12470817565917969,
results/experiments_results_clique/n15/clq_n15_5_5_3_2.json,clq_n15_5_5_3_2.json,results/experiments_results_clique/n15,clique,44,15,,0.15,5_2_5_3,,7,11.7,7.0,7.0,41,5,7,11,9,12.8,7.0,7.0,7.0,7.0,0,true,34,4,7,1.0,1.6714285714285713,1.0,0.7142857142857143,1.0,1.2857142857142858,1.8285714285714287,1.0,0.5714285714285714,1.0,0.12779021263122559,
results/experiments_results_clique/n15/clq_n15_5_5_3_2.json,clq_n15_5_5_3_2.json,results/experiments_results_clique/n15,clique,45,15,,0.15,5_2_5_3,,8,19.1,8.0,8.0,45,7,8,15,9,17.0,8.0,8.0,8.0,8.0,4,true,36,7,8,1.0,2.3875,1.0,0.875,1.0,1.125,2.125,1.0,0.875,1.0,0.12162494659423828,
results/experiments_results_clique/n15/clq_n15_5_5_3_2.json,clq_n15_5_5_3_2.json,results/experiments_results_clique/n15,clique,46,15,,0.15,5_2_5_3,,16,20.0,11.0,11.0,58,9,10,16,11,17.3,10.0,10.0,9.5,9.5,1,true,36,8,8,1.4545454545454546,1.8181818181818181,1.0,0.8181818181818182,0.9090909090909091,1.1,1.73,0.95,0.8,0.8,0.12072300910949707,
results/experiments_results_clique/n15/clq_n15_5_5_3_2.json,clq_n15_5_5_3_2.json,results/experiments_results_clique/n15,clique,47,15,,0.15,5_2_5_3,,12,17.3,9.0,9.0,50,6,9,14,14,18.1,9.0,9.0,9.0,9.0,3,true,38,7,7,1.3333333333333333,1.9222222222222223,1.0,0.6666666666666666,1.0,1.5555555555555556,2.011111111111111,1.0,0.7777777777777778,0.7777777777777778,0.12390875816345215,
results/experiments_results_clique/n15/clq_n15_5_5_3_2.json,clq_n15_5_5_3_2.json,results/experiments_results_clique/n15,clique,48,15,,0.15,5_2_5_3,,14,18.1,10.0,10.0,49,9,10,19,14,16.1,7.0,7.0,7.0,7.0,7,true,26,7,7,1.4,1.81,1.0,0.9,1.0,2.0,2.3000000000000003,1.0,1.0,1.0,0.11499905586242676,
results/experiments_results_clique/n15/clq_n15_5_5_3_2.json,clq_n15_5_5_3_2.json,results/experiments_results_clique/n15,clique,49,15,,0.15,5_2_5_3,,9,18.6,9.0,9.0,43,7,8,19,9,11.0,7.0,7.0,7.0,7.0,1,true,19,5,6,1.0,2.066666666666667,1.0,0.7777777777777778,0.8888888888888888,1.2857142857142858,1.5714285714285714,1.0,0.7142857142857143,0.8571428571428571,0.11454486846923828,
results/experiments_results_clique/n15/clq_n15_5_5_3_2.json,clq_n15_5_5_3_2.json,results/experiments_results_clique/n15,clique,50,15,,0.15,5_2_5_3,,16,20.2,14.0,13.5,68,12,12,17,15,18.3,12.0,12.0,12.0,12.0,5,true,41,11,11,1.1428571428571428,1.4428571428571428,0.9642857142857143,0.8571428571428571,0.8571428571428571,1.25,1.5250000000000001,1.0,0.9166666666666666,0.9166666666666666,0.12259316444396973,
results/experiments_results_clique/n15/clq_n15_8_7.json,clq_n15_8_7.json,results/experiments_results_clique/n15,clique,41,15,,0.15,7_8,,13,17.4,9.0,9.0,72,8,9,14,11,15.3,8.0,8.0,8.0,8.0,0,true,49,8,8,1.4444444444444444,1.9333333333333331,1.0,0.8888888888888888,1.0,1.375,1.9125,1.0,1.0,1.0,0.15817689895629883,
results/experiments_results_clique/n15/clq_n15_8_7.json,clq_n15_8_7.json,results/experiments_results_clique/n15,clique,42,15,,0.15,7_8,,17,25.8,17.0,17.0,104,14,16,15,15,23.0,13.0,13.0,13.0,13.0,7,true,54,10,12,1.0,1.5176470588235293,1.0,0.8235294117647058,0.9411764705882353,1.1538461538461537,1.7692307692307692,1.0,0.7692307692307693,0.9230769230769231,0.126939058303833,
results/experiments_results_clique/n15/clq_n15_8_7.json,clq_n15_8_7.json,results/experiments_results_clique/n15,clique,43,15,,0.15,7_8,,18,24.5,12.0,12.0,104,12,12,15,18,24.7,12.0,12.0,12.0,12.0,10,true,76,12,12,1.5,2.0416666666666665,1.0,1.0,1.0,1.5,2.058333333333333,1.0,1.0,1.0,0.1436622142791748,
results/experiments_results_clique/n15/clq_n15_8_7.json,clq_n15_8_7.json,results/experiments_results_clique/n15,clique,44,15,,0.15,7_8,,7,12.2,7.0,7.0,66,7,7,11,7,15.0,7.0,7.0,7.0,7.0,4,true,52,7,7,1.0,1.7428571428571427,1.0,1.0,1.0,1.0,2.142857142857143,1.0,1.0,1.0,0.13008689880371094,
results/experiments_results_clique/n15/clq_n15_8_7.json,clq_n15_8_7.json,results/experiments_results_clique/n15,clique,45,15,,0.15,7_8,,10,22.0,10.0,10.0,70,10,10,15,12,22.7,10.0,10.0,10.0,10.0,5,true,56,10,10,1.0,2.2,1.0,1.0,1.0,1.2,2.27,1.0,1.0,1.0,0.12951397895812988,
results/experiments_results_clique/n15/clq_n15_8_7.json,clq_n15_8_7.json,results/experiments_results_clique/n15,clique,46,15,,0.15,7_8,,18,26.3,12.0,12.0,95,12,12,16,23,25.8,11.0,11.0,11.0,11.0,4,true,63,10,11,1.5,2.191666666666667,1.0,1.0,1.0,2.090909090909091,2.3454545454545457,1.0,0.9090909090909091,1.0,0.12260198593139648,
results/experiments_results_clique/n15/clq_n15_8_7.json,clq_n15_8_7.json,results/experiments_results_clique/n15,clique,47,15,,0.15,7_8,,9,20.0,9.0,9.0,81,9,9,14,14,19.0,8.0,8.0,8.0,8.0,5,true,56,8,8,1.0,2.2222222222222223,1.0,1.0,1.0,1.75,2.375,1.0,1.0,1.0,0.12474703788757324,
results/experiments_results_clique/n15/clq_n15_8_7.json,clq_n15_8_7.json,results/experiments_results_clique/n15,clique,48,15,,0.15,7_8,,9,17.1,9.0,9.0,79,9,9,19,14,18.3,7.0,7.0,7.0,7.0,17,true,42,7,7,1.0,1.9000000000000001,1.0,1.0,1.0,2.0,2.6142857142857143,1.0,1.0,1.0,0.11780214309692383,
results/experiments_results_clique/n15/clq_n15_8_7.json,clq_n15_8_7.json,results/experiments_results_clique/n15,clique,49,15,,0.15,7_8,,12,24.8,9.0,9.0,70,7,9,19,14,19.8,7.0,7.0,7.0,7.0,3,true,34,7,7,1.3333333333333333,2.7555555555555555,1.0,0.7777777777777778,1.0,2.0,2.8285714285714287,1.0,1.0,1.0,0.11555194854736328,
results/experiments_results_clique/n15/clq_n15_8_7.json,clq_n15_8_7.json,results/experiments_results_clique/n15,clique,50,15,,0.15,7_8,,20,31.3,17.0,17.0,133,17,17,17,23,29.4,15.0,15.0,15.0,15.0,16,true,83,13,15,1.1764705882352942,1.8411764705882354,1.0,1.0,1.0,1.5333333333333334,1.96,1.0,0.8666666666666667,1.0,0.12768793106079102,
results/experiments_results_clique/n15/clq_n15_3x5.json,clq_n15_3x5.json,results/experiments_results_clique/n15,clique,41,15,,0.15,3x5,,7,13.9,7.0,7.0,36,6,7,14,9,11.0,6.0,6.0,6.0,6.0,0,true,25,5,6,1.0,1.9857142857142858,1.0,0.8571428571428571,1.0,1.5,1.8333333333333333,1.0,0.8333333333333334,1.0,0.12084412574768066,
results/experiments_results_clique/n15/clq_n15_3x5.json,clq_n15_3x5.json,results/experiments_results_clique/n15,clique,42,15,,0.15,3x5,,18,22.5,14.0,14.0,77,10,13,15,14,18.6,10.0,10.0,10.0,10.0,4,true,43,8,9,1.2857142857142858,1.6071428571428572,1.0,0.7142857142857143,0.9285714285714286,1.4,1.86,1.0,0.8,0.9,0.12468814849853516,
results/experiments_results_clique/n15/clq_n15_3x5.json,clq_n15_3x5.json,results/experiments_results_clique/n15,clique,43,15,,0.15,3x5,,15,18.3,10.0,10.0,71,9,10,15,15,18.2,10.0,10.0,10.0,10.0,3,true,48,9,10,1.5,1.83,1.0,0.9,1.0,1.5,1.8199999999999998,1.0,0.9,1.0,0.1251661777496338,
results/experiments_results_clique/n15/clq_n15_3x5.json,clq_n15_3x5.json,results/experiments_results_clique/n15,clique,44,15,,0.15,3x5,,8,13.7,8.0,8.0,39,7,8,11,10,12.8,8.0,8.0,8.0,8.0,0,true,29,6,7,1.0,1.7125,1.0,0.875,1.0,1.25,1.6,1.0,0.75,0.875,0.1272749900817871,
results/experiments_results_clique/n15/clq_n15_3x5.json,clq_n15_3x5.json,results/experiments_results_clique/n15,clique,45,15,,0.15,3x5,,14,16.6,7.0,7.0,41,7,7,15,14,16.7,6.0,6.0,6.0,6.0,3,true,28,6,6,2.0,2.3714285714285714,1.0,1.0,1.0,2.3333333333333335,2.783333333333333,1.0,1.0,1.0,0.1202538013458252,
results/experiments_results_clique/n15/clq_n15_3x5.json,clq_n15_3x5.json,results/experiments_results_clique/n15,clique,46,15,,0.15,3x5,,13,18.5,10.0,10.0,55,7,9,16,15,18.4,9.0,9.0,9.0,9.0,2,true,40,8,8,1.3,1.85,1.0,0.7,0.9,1.6666666666666667,2.0444444444444443,1.0,0.8888888888888888,0.8888888888888888,0.11955976486206055,
results/experiments_results_clique/n15/clq_n15_3x5.json,clq_n15_3x5.json,results/experiments_results_clique/n15,clique,47,15,,0.15,3x5,,15,24.9,12.0,12.0,78,9,10,14,16,24.0,12.0,12.0,12.0,12.0,3,true,57,9,10,1.25,2.0749999999999997,1.0,0.75,0.8333333333333334,1.3333333333333333,2.0,1.0,0.75,0.8333333333333334,0.1260218620300293,
results/experiments_results_clique/n15/clq_n15_3x5.json,clq_n15_3x5.json,results/experiments_results_clique/n15,clique,48,15,,0.15,3x5,,6,13.3,6.0,6.0,43,6,6,19,12,15.6,5.0,5.0,5.0,5.0,7,true,25,5,5,1.0,2.216666666666667,1.0,1.0,1.0,2.4,3.12,1.0,1.0,1.0,0.12792706489562988,
results/experiments_results_clique/n15/clq_n15_3x5.json,clq_n15_3x5.json,results/experiments_results_clique/n15,clique,49,15,,0.15,3x5,,7,16.6,7.0,7.0,39,4,6,19,8,10.4,5.0,5.0,5.0,5.0,0,true,14,4,5,1.0,2.3714285714285714,1.0,0.5714285714285714,0.8571428571428571,1.6,2.08,1.0,0.8,1.0,0.11257719993591309,
results/experiments_results_clique/n15/clq_n15_3x5.json,clq_n15_3x5.json,results/experiments_results_clique/n15,clique,50,15,,0.15,3x5,,13,21.2,13.0,13.0,81,10,13,17,11,19.3,11.0,11.0,11.0,11.0,6,true,47,7,10,1.0,1.6307692307692307,1.0,0.7692307692307693,1.0,1.0,1.7545454545454546,1.0,0.6363636363636364,0.9090909090909091,0.12309980392456055,
results/experiments_results_clique/n25/clq_n25_12_7_6.json,clq_n25_12_7_6.json,results/experiments_results_clique/n25,clique,41,25,,0.15,12_6_7,,40,58.0,31.0,31.0,260,26,28,37,42,55.3,27.0,27.0,27.0,27.0,20,true,175,21,26,1.2903225806451613,1.8709677419354838,1.0,0.8387096774193549,0.9032258064516129,1.5555555555555556,2.048148148148148,1.0,0.7777777777777778,0.9629629629629629,0.8134429454803467,
results/experiments_results_clique/n25/clq_n25_12_7_6.json,clq_n25_12_7_6.json,results/experiments_results_clique/n25,clique,42,25,,0.15,12_6_7,,30,48.3,20.0,20.0,241,20,20,54,38,54.2,18.0,18.0,18.0,18.0,13,true,169,18,18,1.5,2.415,1.0,1.0,1.0,2.111111111111111,3.011111111111111,1.0,1.0,1.0,0.7564539909362793,
results/experiments_results_clique/n25/clq_n25_12_7_6.json,clq_n25_12_7_6.json,results/experiments_results_clique/n25,clique,43,25,,0.15,12_6_7,,46,68.7,32.0,32.0,371,29,31,47,50,63.8,28.0,28.0,28.0,28.0,53,true,229,26,28,1.4375,2.146875,1.0,0.90625,0.96875,1.7857142857142858,2.2785714285714285,1.0,0.9285714285714286,1.0,0.7626011371612549,
results/experiments_results_clique/n25/clq_n25_12_7_6.json,clq_n25_12_7_6.json,results/experiments_results_clique/n25,clique,44,25,,0.15,12_6_7,,59,74.8,32.0,32.0,378,29,31,45,55,69.6,28.0,28.0,28.0,28.0,60,true,228,26,27,1.84375,2.3375,1.0,0.90625,0.96875,1.9642857142857142,2.4857142857142853,1.0,0.9285714285714286,0.9642857142857143,0.7674839496612549,
results/experiments_results_clique/n25/clq_n25_12_7_6.json,clq_n25_12_7_6.json,results/experiments_results_clique/n25,clique,45,25,,0.15,12_6_7,,40,57.1,31.0,31.0,312,29,30,44,35,52.1,26.0,26.0,26.0,26.0,36,true,186,25,26,1.2903225806451613,1.8419354838709678,1.0,0.9354838709677419,0.967741935483871,1.3461538461538463,2.003846153846154,1.0,0.9615384615384616,1.0,0.7728679180145264,
results/experiments_results_clique/n25/clq_n25_12_7_6.json,clq_n25_12_7_6.json,results/experiments_results_clique/n25,clique,46,25,,0.15,12_6_7,,29,50.1,27.0,27.0,292,24,27,45,37,52.9,25.0,25.0,25.0,25.0,30,false,193,21,24,1.0740740740740742,1.8555555555555556,1.0,0.8888888888888888,1.0,1.48,2.116,1.0,0.84,0.96,0.8111999034881592,
results/experiments_results_clique/n25/clq_n25_12_7_6.json,clq_n25_12_7_6.json,results/experiments_results_clique/n25,clique,47,25,,0.15,12_6_7,,40,58.7,26.0,26.0,311,25,26,51,48,59.3,22.0,22.0,22.0,22.0,35,true,204,22,22,1.5384615384615385,2.2576923076923077,1.0,0.9615384615384616,1.0,2.1818181818181817,2.6954545454545453,1.0,1.0,1.0,0.7501928806304932,
results/experiments_results_clique/n25/clq_n25_12_7_6.json,clq_n25_12_7_6.json,results/experiments_results_clique/n25,clique,48,25,,0.15,12_6_7,,41,62.6,26.0,26.0,331,26,25,51,39,53.1,19.0,19.0,19.0,19.0,39,true,162,19,19,1.5769230769230769,2.4076923076923076,1.0,1.0,0.9615384615384616,2.0526315789473686,2.794736842105263,1.0,1.0,1.0,0.7475671768188477,
results/experiments_results_clique/n25/clq_n25_12_7_6.json,clq_n25_12_7_6.json,results/experiments_results_clique/n25,clique,49,25,,0.15,12_6_7,,46,56.0,24.0,24.0,278,22,24,42,37,49.7,20.0,20.0,20.0,20.0,22,true,162,18,20,1.9166666666666667,2.3333333333333335,1.0,0.9166666666666666,1.0,1.85,2.4850000000000003,1.0,0.9,1.0,0.7530648708343506,
results/experiments_results_clique/n25/clq_n25_12_7_6.json,clq_n25_12_7_6.json,results/experiments_results_clique/n25,clique,50,25,,0.15,12_6_7,,39,59.6,30.0,30.0,351,27,29,50,42,58.5,25.0,25.0,25.0,25.0,47,true,208,22,25,1.3,1.9866666666666668,1.0,0.9,0.9666666666666667,1.68,2.34,1.0,0.88,1.0,0.7621328830718994,
results/experiments_results_clique/n25/clq_n25_9_8_8.json,clq_n25_9_8_8.json,results/experiments_results_clique/n25,clique,41,25,,0.15,8_8_9,,53,62.1,29.0,29.0,298,23,29,37,42,56.9,25.0,25.0,25.0,25.0,22,true,190,22,25,1.8275862068965518,2.1413793103448278,1.0,0.7931034482758621,1.0,1.68,2.276,1.0,0.88,1.0,0.8234250545501709,
results/experiments_results_clique/n25/clq_n25_9_8_8.json,clq_n25_9_8_8.json,results/experiments_results_clique/n25,clique,42,25,,0.15,8_8_9,,32,41.8,22.0,22.0,207,18,22,54,41,43.1,18.0,18.0,18.0,18.0,22,true,121,16,17,1.4545454545454546,1.9,1.0,0.8181818181818182,1.0,2.2777777777777777,2.3944444444444444,1.0,0.8888888888888888,0.9444444444444444,0.7219030857086182,
results/experiments_results_clique/n25/clq_n25_9_8_8.json,clq_n25_9_8_8.json,results/experiments_results_clique/n25,clique,43,25,,0.15,8_8_9,,37,64.8,32.0,32.0,379,27,31,47,42,62.5,29.0,29.0,29.0,29.0,59,true,235,23,27,1.15625,2.025,1.0,0.84375,0.96875,1.4482758620689655,2.1551724137931036,1.0,0.7931034482758621,0.9310344827586207,0.8359308242797852,
results/experiments_results_clique/n25/clq_n25_9_8_8.json,clq_n25_9_8_8.json,results/experiments_results_clique/n25,clique,44,25,,0.15,8_8_9,,41,62.0,29.0,29.0,343,25,29,45,48,66.8,27.0,27.0,27.0,27.0,40,true,226,20,27,1.4137931034482758,2.1379310344827585,1.0,0.8620689655172413,1.0,1.7777777777777777,2.474074074074074,1.0,0.7407407407407407,1.0,0.7534639835357666,
results/experiments_results_clique/n25/clq_n25_9_8_8.json,clq_n25_9_8_8.json,results/experiments_results_clique/n25,clique,45,25,,0.15,8_8_9,,37,54.7,25.0,25.0,257,22,25,44,32,47.1,22.0,22.0,22.0,22.0,24,true,152,21,22,1.48,2.188,1.0,0.88,1.0,1.4545454545454546,2.140909090909091,1.0,0.9545454545454546,1.0,0.8181900978088379,
results/experiments_results_clique/n25/clq_n25_9_8_8.json,clq_n25_9_8_8.json,results/experiments_results_clique/n25,clique,46,25,,0.15,8_8_9,,42,57.7,33.0,33.0,318,26,31,45,41,55.1,28.0,28.0,28.0,28.0,22,false,198,24,27,1.2727272727272727,1.7484848484848485,1.0,0.7878787878787878,0.9393939393939394,1.4642857142857142,1.967857142857143,1.0,0.8571428571428571,0.9642857142857143,0.8106892108917236,
results/experiments_results_clique/n25/clq_n25_9_8_8.json,clq_n25_9_8_8.json,results/experiments_results_clique/n25,clique,47,25,,0.15,8_8_9,,38,49.3,25.0,25.0,269,23,25,51,46,50.1,21.0,21.0,21.0,21.0,36,true,168,20,21,1.52,1.972,1.0,0.92,1.0,2.1904761904761907,2.3857142857142857,1.0,0.9523809523809523,1.0,0.7469110488891602,
results/experiments_results_clique/n25/clq_n25_9_8_8.json,clq_n25_9_8_8.json,results/experiments_results_clique/n25,clique,48,25,,0.15,8_8_9,,33,57.8,30.0,30.0,317,25,28,51,39,51.1,24.0,24.0,24.0,24.0,42,true,165,21,24,1.1,1.9266666666666665,1.0,0.8333333333333334,0.9333333333333333,1.625,2.129166666666667,1.0,0.875,1.0,0.7370071411132812,
results/experiments_results_clique/n25/clq_n25_9_8_8.json,clq_n25_9_8_8.json,results/experiments_results_clique/n25,clique,49,25,,0.15,8_8_9,,41,56.4,28.0,28.0,248,23,25,42,23,43.5,23.0,23.0,23.0,23.0,8,true,155,17,21,1.4642857142857142,2.0142857142857142,1.0,0.8214285714285714,0.8928571428571429,1.0,1.891304347826087,1.0,0.7391304347826086,0.9130434782608695,0.7912888526916504,
results/experiments_results_clique/n25/clq_n25_9_8_8.json,clq_n25_9_8_8.json,results/experiments_results_clique/n25,clique,50,25,,0.15,8_8_9,,54,66.0,34.0,34.0,347,27,32,50,42,56.0,28.0,28.0,28.0,28.0,47,true,201,23,26,1.588235294117647,1.9411764705882353,1.0,0.7941176470588235,0.9411764705882353,1.5,2.0,1.0,0.8214285714285714,0.9285714285714286,0.7644920349121094,
results/experiments_results_clique/n25/clq_n25_13_12.json,clq_n25_13_12.json,results/experiments_results_clique/n25,clique,41,25,,0.15,12_13,,37,53.0,27.0,27.0,314,25,27,37,48,62.8,24.0,24.0,24.0,24.0,30,true,209,20,24,1.3703703703703705,1.962962962962963,1.0,0.9259259259259259,1.0,2.0,2.6166666666666667,1.0,0.8333333333333334,1.0,0.7974748611450195,
results/experiments_results_clique/n25/clq_n25_13_12.json,clq_n25_13_12.json,results/experiments_results_clique/n25,clique,42,25,,0.15,12_13,,23,48.6,23.0,23.0,326,23,23,54,37,61.3,20.0,20.0,20.0,20.0,60,true,215,20,20,1.0,2.11304347826087,1.0,1.0,1.0,1.85,3.065,1.0,1.0,1.0,0.726081132888794,
results/experiments_results_clique/n25/clq_n25_13_12.json,clq_n25_13_12.json,results/experiments_results_clique/n25,clique,43,25,,0.15,12_13,,43,66.5,29.0,29.0,435,28,29,47,39,68.1,26.0,26.0,26.0,26.0,80,true,272,24,26,1.4827586206896552,2.293103448275862,1.0,0.9655172413793104,1.0,1.5,2.619230769230769,1.0,0.9230769230769231,1.0,0.7959988117218018,
results/experiments_results_clique/n25/clq_n25_13_12.json,clq_n25_13_12.json,results/experiments_results_clique/n25,clique,44,25,,0.15,12_13,,37,77.5,32.0,32.0,467,30,31,45,65,77.9,27.0,27.0,27.0,27.0,77,true,287,26,26,1.15625,2.421875,1.0,0.9375,0.96875,2.4074074074074074,2.8851851851851853,1.0,0.9629629629629629,0.9629629629629629,0.7849209308624268,
results/experiments_results_clique/n25/clq_n25_13_12.json,clq_n25_13_12.json,results/experiments_results_clique/n25,clique,45,25,,0.15,12_13,,39,55.6,29.0,29.0,375,29,29,44,39,56.4,27.0,27.0,27.0,27.0,55,true,234,26,27,1.3448275862068966,1.9172413793103449,1.0,1.0,1.0,1.4444444444444444,2.088888888888889,1.0,0.9629629629629629,1.0,0.7622349262237549,
results/experiments_results_clique/n25/clq_n25_13_12.json,clq_n25_13_12.json,results/experiments_results_clique/n25,clique,46,25,,0.15,12_13,,37,53.4,29.0,29.0,391,29,29,45,34,59.2,26.0,26.0,26.0,26.0,42,true,261,25,26,1.2758620689655173,1.8413793103448275,1.0,1.0,1.0,1.3076923076923077,2.276923076923077,1.0,0.9615384615384616,1.0,0.7599349021911621,
results/experiments_results_clique/n25/clq_n25_13_12.json,clq_n25_13_12.json,results/experiments_results_clique/n25,clique,47,25,,0.15,12_13,,40,58.6,28.0,28.0,389,28,28,51,54,63.9,22.0,22.0,22.0,22.0,48,true,235,22,22,1.4285714285714286,2.092857142857143,1.0,1.0,1.0,2.4545454545454546,2.9045454545454543,1.0,1.0,1.0,0.7988271713256836,
results/experiments_results_clique/n25/clq_n25_13_12.json,clq_n25_13_12.json,results/experiments_results_clique/n25,clique,48,25,,0.15,12_13,,26,56.1,26.0,26.0,415,26,26,51,45,62.2,20.0,20.0,20.0,20.0,90,true,212,20,20,1.0,2.1576923076923076,1.0,1.0,1.0,2.25,3.1100000000000003,1.0,1.0,1.0,0.7426340579986572,
results/experiments_results_clique/n25/clq_n25_13_12.json,clq_n25_13_12.json,results/experiments_results_clique/n25,clique,49,25,,0.15,12_13,,35,58.4,25.0,25.0,362,24,25,42,32,54.5,21.0,21.0,21.0,21.0,29,true,216,19,21,1.4,2.336,1.0,0.96,1.0,1.5238095238095237,2.5952380952380953,1.0,0.9047619047619048,1.0,0.8276021480560303,
results/experiments_results_clique/n25/clq_n25_13_12.json,clq_n25_13_12.json,results/experiments_results_clique/n25,clique,50,25,,0.15,12_13,,30,57.8,30.0,30.0,440,25,30,50,53,67.4,26.0,26.0,26.0,26.0,101,true,260,23,26,1.0,1.9266666666666665,1.0,0.8333333333333334,1.0,2.0384615384615383,2.5923076923076924,1.0,0.8846153846153846,1.0,0.758997917175293,
results/experiments_results_clique/n25/clq_n25_10_10_5.json,clq_n25_10_10_5.json,results/experiments_results_clique/n25,clique,41,25,,0.15,5_10_10,,42,55.6,28.0,28.0,308,25,28,37,47,57.5,24.0,24.0,24.0,24.0,32,true,198,22,24,1.5,1.9857142857142858,1.0,0.8928571428571429,1.0,1.9583333333333333,2.3958333333333335,1.0,0.9166666666666666,1.0,0.7789959907531738,
results/experiments_results_clique/n25/clq_n25_10_10_5.json,clq_n25_10_10_5.json,results/experiments_results_clique/n25,clique,42,25,,0.15,5_10_10,,32,36.7,20.0,20.0,199,16,20,54,33,42.1,17.0,17.0,17.0,17.0,29,true,117,14,17,1.6,1.8350000000000002,1.0,0.8,1.0,1.9411764705882353,2.476470588235294,1.0,0.8235294117647058,1.0,0.7158472537994385,
results/experiments_results_clique/n25/clq_n25_10_10_5.json,clq_n25_10_10_5.json,results/experiments_results_clique/n25,clique,43,25,,0.15,5_10_10,,50,71.5,34.0,34.0,406,29,33,47,44,65.7,28.0,28.0,28.0,28.0,61,true,236,22,25,1.4705882352941178,2.1029411764705883,1.0,0.8529411764705882,0.9705882352941176,1.5714285714285714,2.3464285714285715,1.0,0.7857142857142857,0.8928571428571429,0.7832202911376953,
results/experiments_results_clique/n25/clq_n25_10_10_5.json,clq_n25_10_10_5.json,results/experiments_results_clique/n25,clique,44,25,,0.15,5_10_10,,36,57.4,25.0,25.0,317,20,23,45,40,60.5,23.0,23.0,23.0,23.0,43,true,195,19,22,1.44,2.296,1.0,0.8,0.92,1.7391304347826086,2.630434782608696,1.0,0.8260869565217391,0.9565217391304348,0.8019399642944336,
results/experiments_results_clique/n25/clq_n25_10_10_5.json,clq_n25_10_10_5.json,results/experiments_results_clique/n25,clique,45,25,,0.15,5_10_10,,30,51.3,23.0,23.0,263,19,23,44,28,48.4,20.0,20.0,20.0,20.0,25,true,149,17,20,1.3043478260869565,2.2304347826086954,1.0,0.8260869565217391,1.0,1.4,2.42,1.0,0.85,1.0,0.7762408256530762,
results/experiments_results_clique/n25/clq_n25_10_10_5.json,clq_n25_10_10_5.json,results/experiments_results_clique/n25,clique,46,25,,0.15,5_10_10,,35,54.8,30.0,30.0,306,24,30,45,31,48.9,26.0,26.0,26.0,26.0,18,true,188,22,24,1.1666666666666667,1.8266666666666667,1.0,0.8,1.0,1.1923076923076923,1.8807692307692307,1.0,0.8461538461538461,0.9230769230769231,0.774540901184082,
results/experiments_results_clique/n25/clq_n25_10_10_5.json,clq_n25_10_10_5.json,results/experiments_results_clique/n25,clique,47,25,,0.15,5_10_10,,21,43.8,21.0,21.0,260,15,20,51,34,48.8,19.0,19.0,19.0,19.0,41,true,173,14,18,1.0,2.0857142857142854,1.0,0.7142857142857143,0.9523809523809523,1.7894736842105263,2.568421052631579,1.0,0.7368421052631579,0.9473684210526315,0.7513830661773682,
results/experiments_results_clique/n25/clq_n25_10_10_5.json,clq_n25_10_10_5.json,results/experiments_results_clique/n25,clique,48,25,,0.15,5_10_10,,27,54.2,27.0,27.0,303,22,25,51,43,54.1,22.0,22.0,22.0,22.0,39,true,161,19,22,1.0,2.0074074074074075,1.0,0.8148148148148148,0.9259259259259259,1.9545454545454546,2.459090909090909,1.0,0.8636363636363636,1.0,0.7370150089263916,
results/experiments_results_clique/n25/clq_n25_10_10_5.json,clq_n25_10_10_5.json,results/experiments_results_clique/n25,clique,49,25,,0.15,5_10_10,,46,59.7,27.0,27.0,280,22,26,42,30,48.5,22.0,22.0,22.0,22.0,15,true,165,18,21,1.7037037037037037,2.2111111111111112,1.0,0.8148148148148148,0.9629629629629629,1.3636363636363635,2.2045454545454546,1.0,0.8181818181818182,0.9545454545454546,0.827742338180542,
results/experiments_results_clique/n25/clq_n25_10_10_5.json,clq_n25_10_10_5.json,results/experiments_results_clique/n25,clique,50,25,,0.15,5_10_10,,43,63.6,31.0,31.0,322,25,29,50,49,57.4,26.0,26.0,26.0,26.0,52,true,192,22,25,1.3870967741935485,2.0516129032258066,1.0,0.8064516129032258,0.9354838709677419,1.8846153846153846,2.207692307692308,1.0,0.8461538461538461,0.9615384615384616,0.7797801494598389,
results/experiments_results_clique/n30/clq_n30_3x10.json,clq_n30_3x10.json,results/experiments_results_clique/n30,clique,1,30,,0.15,3x10,,74,95.4,49.0,49.0,605,39,45,65,67,87.0,43.0,43.0,43.0,43.0,57,true,391,35,39,1.510204081632653,1.9469387755102041,1.0,0.7959183673469388,0.9183673469387755,1.558139534883721,2.0232558139534884,1.0,0.813953488372093,0.9069767441860465,1.593686580657959,
results/experiments_results_clique/n30/clq_n30_3x10.json,clq_n30_3x10.json,results/experiments_results_clique/n30,clique,2,30,,0.15,3x10,,68,81.1,35.0,35.0,457,30,34,60,58,72.0,29.0,29.0,29.0,29.0,46,true,270,23,29,1.9428571428571428,2.317142857142857,1.0,0.8571428571428571,0.9714285714285714,2.0,2.4827586206896552,1.0,0.7931034482758621,1.0,1.6291420459747314,
results/experiments_results_clique/n30/clq_n30_3x10.json,clq_n30_3x10.json,results/experiments_results_clique/n30,clique,3,30,,0.15,3x10,,49,80.6,38.0,38.0,539,30,38,60,46,85.3,33.0,33.0,33.0,33.0,71,true,346,28,33,1.2894736842105263,2.121052631578947,1.0,0.7894736842105263,1.0,1.393939393939394,2.584848484848485,1.0,0.8484848484848485,1.0,1.5958681106567383,
results/experiments_results_clique/n30/clq_n30_3x10.json,clq_n30_3x10.json,results/experiments_results_clique/n30,clique,4,30,,0.15,3x10,,59,88.4,38.0,38.0,526,33,38,55,62,80.8,31.0,31.0,31.0,31.0,57,true,321,27,30,1.5526315789473684,2.3263157894736843,1.0,0.868421052631579,1.0,2.0,2.606451612903226,1.0,0.8709677419354839,0.967741935483871,1.6032719612121582,
results/experiments_results_clique/n30/clq_n30_3x10.json,clq_n30_3x10.json,results/experiments_results_clique/n30,clique,5,30,,0.15,3x10,,51,90.7,45.0,45.0,613,35,42,65,72,90.5,37.0,37.0,37.0,37.0,80,true,380,31,35,1.1333333333333333,2.0155555555555558,1.0,0.7777777777777778,0.9333333333333333,1.945945945945946,2.445945945945946,1.0,0.8378378378378378,0.9459459459459459,1.6314518451690674,
results/experiments_results_clique/n30/clq_n30_3x10.json,clq_n30_3x10.json,results/experiments_results_clique/n30,clique,6,30,,0.15,3x10,,66,83.3,43.0,43.0,542,38,41,66,57,75.0,35.0,35.0,35.0,35.0,56,true,322,32,35,1.5348837209302326,1.9372093023255814,1.0,0.8837209302325582,0.9534883720930233,1.6285714285714286,2.142857142857143,1.0,0.9142857142857143,1.0,1.6204838752746582,
results/experiments_results_clique/n30/clq_n30_3x10.json,clq_n30_3x10.json,results/experiments_results_clique/n30,clique,7,30,,0.15,3x10,,42,72.2,29.0,29.0,429,27,29,64,44,74.4,25.0,25.0,25.0,25.0,90,true,282,22,25,1.4482758620689655,2.4896551724137934,1.0,0.9310344827586207,1.0,1.76,2.9760000000000004,1.0,0.88,1.0,1.5541648864746094,
results/experiments_results_clique/n30/clq_n30_3x10.json,clq_n30_3x10.json,results/experiments_results_clique/n30,clique,8,30,,0.15,3x10,,50,70.3,33.0,33.0,497,29,33,56,63,81.0,30.0,30.0,30.0,30.0,53,true,318,26,29,1.5151515151515151,2.1303030303030304,1.0,0.8787878787878788,1.0,2.1,2.7,1.0,0.8666666666666667,0.9666666666666667,1.663456916809082,
results/experiments_results_clique/n30/clq_n30_3x10.json,clq_n30_3x10.json,results/experiments_results_clique/n30,clique,9,30,,0.15,3x10,,68,95.4,50.0,50.0,577,38,47,67,63,81.3,39.0,39.0,39.0,39.0,81,true,335,29,36,1.36,1.9080000000000001,1.0,0.76,0.94,1.6153846153846154,2.0846153846153848,1.0,0.7435897435897436,0.9230769230769231,1.5825419425964355,
results/experiments_results_clique/n30/clq_n30_3x10.json,clq_n30_3x10.json,results/experiments_results_clique/n30,clique,10,30,,0.15,3x10,,76,99.1,52.0,52.0,634,39,48,70,74,93.4,44.0,44.0,44.0,44.0,100,true,369,33,40,1.4615384615384615,1.9057692307692307,1.0,0.75,0.9230769230769231,1.6818181818181819,2.122727272727273,1.0,0.75,0.9090909090909091,1.6381871700286865,
results/experiments_results_clique/n30/clq_n30_3x10.json,clq_n30_3x10.json,results/experiments_results_clique/n30,clique,11,30,,0.15,3x10,,72,98.0,47.0,47.0,593,39,45,77,76,90.1,37.0,37.0,37.0,37.0,74,true,341,31,36,1.5319148936170213,2.0851063829787235,1.0,0.8297872340425532,0.9574468085106383,2.054054054054054,2.435135135135135,1.0,0.8378378378378378,0.972972972972973,1.5599610805511475,
results/experiments_results_clique/n30/clq_n30_3x10.json,clq_n30_3x10.json,results/experiments_results_clique/n30,clique,12,30,,0.15,3x10,,80,104.2,54.0,54.0,579,39,51,74,70,81.1,44.0,44.0,44.0,44.0,77,true,298,34,41,1.4814814814814814,1.9296296296296296,1.0,0.7222222222222222,0.9444444444444444,1.5909090909090908,1.843181818181818,1.0,0.7727272727272727,0.9318181818181818,1.6066157817840576,
results/experiments_results_clique/n30/clq_n30_3x10.json,clq_n30_3x10.json,results/experiments_results_clique/n30,clique,13,30,,0.15,3x10,,71,99.8,46.0,46.0,707,36,44,64,64,87.5,36.0,36.0,36.0,36.0,78,true,388,32,35,1.5434782608695652,2.1695652173913045,1.0,0.782608695652174,0.9565217391304348,1.7777777777777777,2.4305555555555554,1.0,0.8888888888888888,0.9722222222222222,1.6321439743041992,
results/experiments_results_clique/n30/clq_n30_3x10.json,clq_n30_3x10.json,results/experiments_results_clique/n30,clique,14,30,,0.15,3x10,,67,93.3,41.0,41.0,525,33,40,60,49,73.1,33.0,33.0,33.0,33.0,44,true,315,27,33,1.6341463414634145,2.2756097560975608,1.0,0.8048780487804879,0.975609756097561,1.4848484848484849,2.215151515151515,1.0,0.8181818181818182,1.0,1.6473751068115234,
results/experiments_results_clique/n30/clq_n30_3x10.json,clq_n30_3x10.json,results/experiments_results_clique/n30,clique,15,30,,0.15,3x10,,64,82.6,42.0,42.0,535,35,39,46,62,80.4,37.0,37.0,37.0,37.0,36,true,356,33,37,1.5238095238095237,1.9666666666666666,1.0,0.8333333333333334,0.9285714285714286,1.6756756756756757,2.172972972972973,1.0,0.8918918918918919,1.0,1.5940570831298828,
results/experiments_results_clique/n30/clq_n30_3x10.json,clq_n30_3x10.json,results/experiments_results_clique/n30,clique,16,30,,0.15,3x10,,85,105.2,48.0,48.0,675,38,45,69,77,94.7,42.0,42.0,42.0,42.0,114,true,423,35,40,1.7708333333333333,2.191666666666667,1.0,0.7916666666666666,0.9375,1.8333333333333333,2.2547619047619047,1.0,0.8333333333333334,0.9523809523809523,1.6159179210662842,
results/experiments_results_clique/n30/clq_n30_3x10.json,clq_n30_3x10.json,results/experiments_results_clique/n30,clique,17,30,,0.15,3x10,,37,71.7,32.0,32.0,423,28,32,65,45,67.3,28.0,28.0,28.0,28.0,68,true,282,25,28,1.15625,2.240625,1.0,0.875,1.0,1.6071428571428572,2.4035714285714285,1.0,0.8928571428571429,1.0,1.5414910316467285,
results/experiments_results_clique/n30/clq_n30_3x10.json,clq_n30_3x10.json,results/experiments_results_clique/n30,clique,18,30,,0.15,3x10,,87,100.8,45.0,45.0,610,37,44,69,77,88.2,36.0,36.0,36.0,36.0,74,true,371,29,34,1.9333333333333333,2.2399999999999998,1.0,0.8222222222222222,0.9777777777777777,2.138888888888889,2.45,1.0,0.8055555555555556,0.9444444444444444,1.623067855834961,
results/experiments_results_clique/n30/clq_n30_3x10.json,clq_n30_3x10.json,results/experiments_results_clique/n30,clique,19,30,,0.15,3x10,,67,79.9,38.0,38.0,474,33,35,68,65,78.6,34.0,34.0,34.0,34.0,87,true,299,28,32,1.763157894736842,2.1026315789473684,1.0,0.868421052631579,0.9210526315789473,1.911764705882353,2.3117647058823527,1.0,0.8235294117647058,0.9411764705882353,1.6716296672821045,
results/experiments_results_clique/n30/clq_n30_3x10.json,clq_n30_3x10.json,results/experiments_results_clique/n30,clique,20,30,,0.15,3x10,,67,83.7,39.0,39.0,495,33,37,64,66,77.7,33.0,33.0,33.0,33.0,69,true,283,31,33,1.7179487179487178,2.146153846153846,1.0,0.8461538461538461,0.9487179487179487,2.0,2.3545454545454545,1.0,0.9393939393939394,1.0,1.5611371994018555,
results/experiments_results_clique/n30/clq_n30_3x10.json,clq_n30_3x10.json,results/experiments_results_clique/n30,clique,21,30,,0.15,3x10,,77,104.3,46.0,46.0,639,35,46,63,68,87.4,38.0,38.0,38.0,38.0,68,true,380,29,35,1.673913043478261,2.267391304347826,1.0,0.7608695652173914,1.0,1.7894736842105263,2.3000000000000003,1.0,0.7631578947368421,0.9210526315789473,1.6606011390686035,
results/experiments_results_clique/n30/clq_n30_3x10.json,clq_n30_3x10.json,results/experiments_results_clique/n30,clique,22,30,,0.15,3x10,,45,88.8,40.0,40.0,554,34,38,76,32,74.3,27.0,27.0,27.0,27.0,81,true,251,23,27,1.125,2.2199999999999998,1.0,0.85,0.95,1.1851851851851851,2.7518518518518515,1.0,0.8518518518518519,1.0,1.5543689727783203,
results/experiments_results_clique/n30/clq_n30_3x10.json,clq_n30_3x10.json,results/experiments_results_clique/n30,clique,23,30,,0.15,3x10,,56,93.0,43.0,43.0,577,35,42,57,60,79.5,37.0,37.0,37.0,37.0,55,true,365,33,36,1.302325581395349,2.1627906976744184,1.0,0.813953488372093,0.9767441860465116,1.6216216216216217,2.1486486486486487,1.0,0.8918918918918919,0.972972972972973,1.5920710563659668,
results/experiments_results_clique/n30/clq_n30_3x10.json,clq_n30_3x10.json,results/experiments_results_clique/n30,clique,24,30,,0.15,3x10,,50,75.8,35.0,35.0,521,31,35,63,49,71.3,27.0,27.0,27.0,27.0,71,true,296,24,27,1.4285714285714286,2.1657142857142855,1.0,0.8857142857142857,1.0,1.8148148148148149,2.640740740740741,1.0,0.8888888888888888,1.0,1.575639009475708,
results/experiments_results_clique/n30/clq_n30_3x10.json,clq_n30_3x10.json,results/experiments_results_clique/n30,clique,25,30,,0.15,3x10,,83,98.8,42.0,42.0,612,33,42,66,78,94.0,36.0,36.0,36.0,36.0,92,true,385,29,36,1.9761904761904763,2.3523809523809525,1.0,0.7857142857142857,1.0,2.1666666666666665,2.611111111111111,1.0,0.8055555555555556,1.0,1.579787015914917,
results/experiments_results_clique/n30/clq_n30_3x10.json,clq_n30_3x10.json,results/experiments_results_clique/n30,clique,26,30,,0.15,3x10,,58,84.0,37.0,37.0,444,33,36,46,58,79.3,30.0,30.0,30.0,30.0,33,true,282,28,30,1.5675675675675675,2.27027027027027,1.0,0.8918918918918919,0.972972972972973,1.9333333333333333,2.643333333333333,1.0,0.9333333333333333,1.0,1.6620681285858154,
results/experiments_results_clique/n30/clq_n30_3x10.json,clq_n30_3x10.json,results/experiments_results_clique/n30,clique,27,30,,0.15,3x10,,41,71.4,36.0,36.0,453,31,36,62,45,66.4,31.0,31.0,31.0,31.0,78,true,279,26,31,1.1388888888888888,1.9833333333333334,1.0,0.8611111111111112,1.0,1.4516129032258065,2.141935483870968,1.0,0.8387096774193549,1.0,1.6129331588745117,
results/experiments_results_clique/n30/clq_n30_3x10.json,clq_n30_3x10.json,results/experiments_results_clique/n30,clique,28,30,,0.15,3x10,,60,79.2,41.0,41.0,466,38,40,68,59,78.5,34.0,34.0,34.0,34.0,72,true,282,32,34,1.4634146341463414,1.931707317073171,1.0,0.926829268292683,0.975609756097561,1.7352941176470589,2.3088235294117645,1.0,0.9411764705882353,1.0,1.6748111248016357,
results/experiments_results_clique/n30/clq_n30_3x10.json,clq_n30_3x10.json,results/experiments_results_clique/n30,clique,29,30,,0.15,3x10,,28,59.7,28.0,28.0,358,24,27,54,48,68.5,24.0,24.0,24.0,24.0,39,true,235,22,24,1.0,2.132142857142857,1.0,0.8571428571428571,0.9642857142857143,2.0,2.8541666666666665,1.0,0.9166666666666666,1.0,1.588819980621338,
results/experiments_results_clique/n30/clq_n30_3x10.json,clq_n30_3x10.json,results/experiments_results_clique/n30,clique,30,30,,0.15,3x10,,58,91.9,43.0,43.0,504,39,43,61,52,78.0,36.0,36.0,36.0,36.0,40,true,320,33,36,1.3488372093023255,2.1372093023255814,1.0,0.9069767441860465,1.0,1.4444444444444444,2.1666666666666665,1.0,0.9166666666666666,1.0,1.6163010597229004,
results/experiments_results_clique/n30/clq_n30_3x10.json,clq_n30_3x10.json,results/experiments_results_clique/n30,clique,31,30,,0.15,3x10,,67,99.4,52.0,52.0,650,44,49,72,78,99.4,45.0,45.0,45.0,45.0,80,true,417,38,43,1.2884615384615385,1.9115384615384616,1.0,0.8461538461538461,0.9423076923076923,1.7333333333333334,2.208888888888889,1.0,0.8444444444444444,0.9555555555555556,1.5268070697784424,
results/experiments_results_clique/n30/clq_n30_3x10.json,clq_n30_3x10.json,results/experiments_results_clique/n30,clique,32,30,,0.15,3x10,,60,87.2,41.0,41.0,522,33,41,68,62,81.5,35.0,35.0,35.0,35.0,55,true,353,30,35,1.4634146341463414,2.126829268292683,1.0,0.8048780487804879,1.0,1.7714285714285714,2.3285714285714287,1.0,0.8571428571428571,1.0,1.4873180389404297,
results/experiments_results_clique/n30/clq_n30_3x10.json,clq_n30_3x10.json,results/experiments_results_clique/n30,clique,33,30,,0.15,3x10,,61,88.2,41.0,41.0,539,38,41,58,57,77.1,34.0,34.0,34.0,34.0,52,true,364,31,34,1.4878048780487805,2.151219512195122,1.0,0.926829268292683,1.0,1.6764705882352942,2.2676470588235293,1.0,0.9117647058823529,1.0,1.5136373043060303,
results/experiments_results_clique/n30/clq_n30_3x10.json,clq_n30_3x10.json,results/experiments_results_clique/n30,clique,34,30,,0.15,3x10,,56,86.3,37.0,37.0,450,31,35,56,62,83.9,32.0,32.0,32.0,32.0,28,true,292,27,31,1.5135135135135136,2.3324324324324324,1.0,0.8378378378378378,0.9459459459459459,1.9375,2.621875,1.0,0.84375,0.96875,1.5898189544677734,
results/experiments_results_clique/n30/clq_n30_3x10.json,clq_n30_3x10.json,results/experiments_results_clique/n30,clique,35,30,,0.15,3x10,,78,96.2,45.0,45.0,532,40,44,70,70,81.6,35.0,35.0,35.0,35.0,72,true,301,31,35,1.7333333333333334,2.137777777777778,1.0,0.8888888888888888,0.9777777777777777,2.0,2.3314285714285714,1.0,0.8857142857142857,1.0,1.518890142440796,
results/experiments_results_clique/n30/clq_n30_3x10.json,clq_n30_3x10.json,results/experiments_results_clique/n30,clique,36,30,,0.15,3x10,,61,87.7,42.0,42.0,543,37,41,63,62,80.0,35.0,35.0,35.0,35.0,69,true,334,30,35,1.4523809523809523,2.0880952380952382,1.0,0.8809523809523809,0.9761904761904762,1.7714285714285714,2.2857142857142856,1.0,0.8571428571428571,1.0,1.5600571632385254,
results/experiments_results_clique/n30/clq_n30_3x10.json,clq_n30_3x10.json,results/experiments_results_clique/n30,clique,37,30,,0.15,3x10,,54,78.6,36.0,36.0,442,33,36,71,59,74.8,27.0,27.0,27.0,27.0,76,true,231,25,27,1.5,2.183333333333333,1.0,0.9166666666666666,1.0,2.185185185185185,2.77037037037037,1.0,0.9259259259259259,1.0,1.3755500316619873,
results/experiments_results_clique/n30/clq_n30_3x10.json,clq_n30_3x10.json,results/experiments_results_clique/n30,clique,38,30,,0.15,3x10,,46,74.6,40.0,40.0,438,36,40,73,63,79.2,36.0,36.0,36.0,36.0,78,true,259,30,36,1.15,1.8649999999999998,1.0,0.9,1.0,1.75,2.2,1.0,0.8333333333333334,1.0,1.4520063400268555,
results/experiments_results_clique/n30/clq_n30_3x10.json,clq_n30_3x10.json,results/experiments_results_clique/n30,clique,39,30,,0.15,3x10,,54,85.7,43.0,43.0,582,33,40,67,66,86.0,34.0,34.0,34.0,34.0,58,true,317,26,33,1.255813953488372,1.9930232558139536,1.0,0.7674418604651163,0.9302325581395349,1.9411764705882353,2.5294117647058822,1.0,0.7647058823529411,0.9705882352941176,1.529567003250122,
results/experiments_results_clique/n30/clq_n30_3x10.json,clq_n30_3x10.json,results/experiments_results_clique/n30,clique,40,30,,0.15,3x10,,54,80.5,37.0,37.0,515,30,35,73,67,83.0,29.0,29.0,29.0,29.0,102,true,295,25,29,1.4594594594594594,2.175675675675676,1.0,0.8108108108108109,0.9459459459459459,2.310344827586207,2.8620689655172415,1.0,0.8620689655172413,1.0,1.3664770126342773,
results/experiments_results_clique/n30/clq_n30_3x10.json,clq_n30_3x10.json,results/experiments_results_clique/n30,clique,31,30,,0.15,3x10,,67,99.4,52.0,52.0,650,44,49,72,78,99.4,45.0,45.0,45.0,45.0,80,true,417,38,43,1.2884615384615385,1.9115384615384616,1.0,0.8461538461538461,0.9423076923076923,1.7333333333333334,2.208888888888889,1.0,0.8444444444444444,0.9555555555555556,1.5745327472686768,
results/experiments_results_clique/n30/clq_n30_3x10.json,clq_n30_3x10.json,results/experiments_results_clique/n30,clique,32,30,,0.15,3x10,,60,87.2,41.0,41.0,522,33,41,68,62,81.5,35.0,35.0,35.0,35.0,55,true,353,30,35,1.4634146341463414,2.126829268292683,1.0,0.8048780487804879,1.0,1.7714285714285714,2.3285714285714287,1.0,0.8571428571428571,1.0,1.5113790035247803,
results/experiments_results_clique/n30/clq_n30_3x10.json,clq_n30_3x10.json,results/experiments_results_clique/n30,clique,33,30,,0.15,3x10,,61,88.2,41.0,41.0,539,38,41,58,57,77.1,34.0,34.0,34.0,34.0,52,true,364,31,34,1.4878048780487805,2.151219512195122,1.0,0.926829268292683,1.0,1.6764705882352942,2.2676470588235293,1.0,0.9117647058823529,1.0,1.5582499504089355,
results/experiments_results_clique/n30/clq_n30_3x10.json,clq_n30_3x10.json,results/experiments_results_clique/n30,clique,34,30,,0.15,3x10,,56,86.3,37.0,37.0,450,31,35,56,62,83.9,32.0,32.0,32.0,32.0,28,true,292,27,31,1.5135135135135136,2.3324324324324324,1.0,0.8378378378378378,0.9459459459459459,1.9375,2.621875,1.0,0.84375,0.96875,1.6127009391784668,
results/experiments_results_clique/n30/clq_n30_3x10.json,clq_n30_3x10.json,results/experiments_results_clique/n30,clique,35,30,,0.15,3x10,,78,96.2,45.0,45.0,532,40,44,70,70,81.6,35.0,35.0,35.0,35.0,72,true,301,31,35,1.7333333333333334,2.137777777777778,1.0,0.8888888888888888,0.9777777777777777,2.0,2.3314285714285714,1.0,0.8857142857142857,1.0,1.5669538974761963,
results/experiments_results_clique/n30/clq_n30_3x10.json,clq_n30_3x10.json,results/experiments_results_clique/n30,clique,36,30,,0.15,3x10,,61,87.7,42.0,42.0,543,37,41,63,62,80.0,35.0,35.0,35.0,35.0,69,true,334,30,35,1.4523809523809523,2.0880952380952382,1.0,0.8809523809523809,0.9761904761904762,1.7714285714285714,2.2857142857142856,1.0,0.8571428571428571,1.0,1.6322391033172607,
results/experiments_results_clique/n30/clq_n30_3x10.json,clq_n30_3x10.json,results/experiments_results_clique/n30,clique,37,30,,0.15,3x10,,54,78.6,36.0,36.0,442,33,36,71,59,74.8,27.0,27.0,27.0,27.0,76,true,231,25,27,1.5,2.183333333333333,1.0,0.9166666666666666,1.0,2.185185185185185,2.77037037037037,1.0,0.9259259259259259,1.0,1.4251277446746826,
results/experiments_results_clique/n30/clq_n30_3x10.json,clq_n30_3x10.json,results/experiments_results_clique/n30,clique,38,30,,0.15,3x10,,46,74.6,40.0,40.0,438,36,40,73,63,79.2,36.0,36.0,36.0,36.0,78,true,259,30,36,1.15,1.8649999999999998,1.0,0.9,1.0,1.75,2.2,1.0,0.8333333333333334,1.0,1.531285047531128,
results/experiments_results_clique/n30/clq_n30_3x10.json,clq_n30_3x10.json,results/experiments_results_clique/n30,clique,39,30,,0.15,3x10,,54,85.7,43.0,43.0,582,33,40,67,66,86.0,34.0,34.0,34.0,34.0,58,true,317,26,33,1.255813953488372,1.9930232558139536,1.0,0.7674418604651163,0.9302325581395349,1.9411764705882353,2.5294117647058822,1.0,0.7647058823529411,0.9705882352941176,1.6590538024902344,
results/experiments_results_clique/n30/clq_n30_3x10.json,clq_n30_3x10.json,results/experiments_results_clique/n30,clique,40,30,,0.15,3x10,,54,80.5,37.0,37.0,515,30,35,73,67,83.0,29.0,29.0,29.0,29.0,102,true,295,25,29,1.4594594594594594,2.175675675675676,1.0,0.8108108108108109,0.9459459459459459,2.310344827586207,2.8620689655172415,1.0,0.8620689655172413,1.0,1.45274019241333,
results/experiments_results_clique/n30/clq_n30_3x10.json,clq_n30_3x10.json,results/experiments_results_clique/n30,clique,41,30,,0.15,3x10,,49,72.4,34.0,34.0,537,29,33,50,67,77.6,29.0,29.0,29.0,29.0,55,true,356,24,29,1.4411764705882353,2.1294117647058823,1.0,0.8529411764705882,0.9705882352941176,2.310344827586207,2.6758620689655173,1.0,0.8275862068965517,1.0,1.5891547203063965,
results/experiments_results_clique/n30/clq_n30_3x10.json,clq_n30_3x10.json,results/experiments_results_clique/n30,clique,42,30,,0.15,3x10,,76,91.6,44.0,44.0,511,38,42,78,68,83.2,37.0,37.0,37.0,37.0,57,true,287,30,33,1.7272727272727273,2.0818181818181816,1.0,0.8636363636363636,0.9545454545454546,1.837837837837838,2.2486486486486488,1.0,0.8108108108108109,0.8918918918918919,1.4967589378356934,
results/experiments_results_clique/n30/clq_n30_3x10.json,clq_n30_3x10.json,results/experiments_results_clique/n30,clique,43,30,,0.15,3x10,,58,98.6,47.0,47.0,634,39,45,67,73,94.1,41.0,41.0,41.0,41.0,116,true,412,32,39,1.2340425531914894,2.097872340425532,1.0,0.8297872340425532,0.9574468085106383,1.7804878048780488,2.295121951219512,1.0,0.7804878048780488,0.9512195121951219,1.486849069595337,
results/experiments_results_clique/n30/clq_n30_3x10.json,clq_n30_3x10.json,results/experiments_results_clique/n30,clique,44,30,,0.15,3x10,,70,93.4,51.0,51.0,630,41,50,64,72,86.1,43.0,43.0,43.0,43.0,108,true,377,35,40,1.3725490196078431,1.831372549019608,1.0,0.803921568627451,0.9803921568627451,1.6744186046511629,2.0023255813953487,1.0,0.813953488372093,0.9302325581395349,1.538794994354248,
results/experiments_results_clique/n30/clq_n30_3x10.json,clq_n30_3x10.json,results/experiments_results_clique/n30,clique,45,30,,0.15,3x10,,52,81.5,39.0,39.0,523,30,38,71,63,76.6,32.0,32.0,32.0,32.0,80,true,294,29,32,1.3333333333333333,2.08974358974359,1.0,0.7692307692307693,0.9743589743589743,1.96875,2.39375,1.0,0.90625,1.0,1.4417510032653809,
results/experiments_results_clique/n30/clq_n30_3x10.json,clq_n30_3x10.json,results/experiments_results_clique/n30,clique,46,30,,0.15,3x10,,52,82.8,35.0,35.0,487,31,35,69,71,83.9,31.0,31.0,31.0,31.0,79,true,300,28,31,1.4857142857142858,2.3657142857142857,1.0,0.8857142857142857,1.0,2.2903225806451615,2.706451612903226,1.0,0.9032258064516129,1.0,1.4643921852111816,
results/experiments_results_clique/n30/clq_n30_3x10.json,clq_n30_3x10.json,results/experiments_results_clique/n30,clique,47,30,,0.15,3x10,,45,80.6,42.0,42.0,517,36,41,70,54,76.6,37.0,37.0,37.0,37.0,47,true,320,32,37,1.0714285714285714,1.919047619047619,1.0,0.8571428571428571,0.9761904761904762,1.4594594594594594,2.07027027027027,1.0,0.8648648648648649,1.0,1.5391769409179688,
results/experiments_results_clique/n30/clq_n30_3x10.json,clq_n30_3x10.json,results/experiments_results_clique/n30,clique,48,30,,0.15,3x10,,59,79.5,39.0,39.0,575,31,38,67,61,80.9,31.0,31.0,31.0,31.0,97,true,315,26,30,1.5128205128205128,2.0384615384615383,1.0,0.7948717948717948,0.9743589743589743,1.967741935483871,2.609677419354839,1.0,0.8387096774193549,0.967741935483871,1.4651870727539062,
results/experiments_results_clique/n30/clq_n30_3x10.json,clq_n30_3x10.json,results/experiments_results_clique/n30,clique,49,30,,0.15,3x10,,63,94.0,45.0,45.0,592,38,45,65,65,83.0,35.0,35.0,35.0,35.0,51,true,328,31,34,1.4,2.088888888888889,1.0,0.8444444444444444,1.0,1.8571428571428572,2.3714285714285714,1.0,0.8857142857142857,0.9714285714285714,1.6607401371002197,
results/experiments_results_clique/n30/clq_n30_3x10.json,clq_n30_3x10.json,results/experiments_results_clique/n30,clique,50,30,,0.15,3x10,,86,109.5,54.0,54.0,649,45,48,68,83,97.6,47.0,47.0,47.0,47.0,86,true,396,39,45,1.5925925925925926,2.0277777777777777,1.0,0.8333333333333334,0.8888888888888888,1.7659574468085106,2.076595744680851,1.0,0.8297872340425532,0.9574468085106383,1.6739110946655273,
results/experiments_results_clique/n30/clq_n30_15_10_5.json,clq_n30_15_10_5.json,results/experiments_results_clique/n30,clique,1,30,,0.15,15_10_5,,82,108.2,55.0,55.0,689,50,53,65,85,101.3,49.0,49.0,49.0,49.0,90,true,442,42,48,1.490909090909091,1.9672727272727273,1.0,0.9090909090909091,0.9636363636363636,1.7346938775510203,2.0673469387755103,1.0,0.8571428571428571,0.9795918367346939,1.6838362216949463,
results/experiments_results_clique/n30/clq_n30_15_10_5.json,clq_n30_15_10_5.json,results/experiments_results_clique/n30,clique,2,30,,0.15,15_10_5,,44,69.9,34.0,34.0,449,34,33,60,51,77.1,30.0,30.0,30.0,30.0,46,true,280,27,29,1.2941176470588236,2.0558823529411767,1.0,1.0,0.9705882352941176,1.7,2.57,1.0,0.9,0.9666666666666667,1.5016231536865234,
results/experiments_results_clique/n30/clq_n30_15_10_5.json,clq_n30_15_10_5.json,results/experiments_results_clique/n30,clique,3,30,,0.15,15_10_5,,69,89.0,41.0,41.0,613,39,41,60,64,88.8,36.0,36.0,36.0,36.0,83,true,429,34,36,1.6829268292682926,2.1707317073170733,1.0,0.9512195121951219,1.0,1.7777777777777777,2.466666666666667,1.0,0.9444444444444444,1.0,1.601370096206665,
results/experiments_results_clique/n30/clq_n30_15_10_5.json,clq_n30_15_10_5.json,results/experiments_results_clique/n30,clique,4,30,,0.15,15_10_5,,82,97.6,42.0,42.0,616,41,41,55,83,99.1,37.0,37.0,37.0,37.0,80,true,411,34,36,1.9523809523809523,2.3238095238095235,1.0,0.9761904761904762,0.9761904761904762,2.2432432432432434,2.6783783783783783,1.0,0.918918918918919,0.972972972972973,1.5976359844207764,
results/experiments_results_clique/n30/clq_n30_15_10_5.json,clq_n30_15_10_5.json,results/experiments_results_clique/n30,clique,5,30,,0.15,15_10_5,,53,100.3,50.0,50.0,712,45,48,65,75,93.7,42.0,42.0,42.0,42.0,102,true,434,39,42,1.06,2.006,1.0,0.9,0.96,1.7857142857142858,2.230952380952381,1.0,0.9285714285714286,1.0,1.595292329788208,
results/experiments_results_clique/n30/clq_n30_15_10_5.json,clq_n30_15_10_5.json,results/experiments_results_clique/n30,clique,6,30,,0.15,15_10_5,,53,90.5,43.0,43.0,632,39,43,66,58,82.8,35.0,35.0,35.0,35.0,72,true,377,34,35,1.2325581395348837,2.104651162790698,1.0,0.9069767441860465,1.0,1.6571428571428573,2.3657142857142857,1.0,0.9714285714285714,1.0,1.5266709327697754,
results/experiments_results_clique/n30/clq_n30_15_10_5.json,clq_n30_15_10_5.json,results/experiments_results_clique/n30,clique,7,30,,0.15,15_10_5,,48,80.5,36.0,36.0,508,36,36,64,56,85.0,29.0,29.0,29.0,29.0,108,true,307,27,29,1.3333333333333333,2.236111111111111,1.0,1.0,1.0,1.9310344827586208,2.9310344827586206,1.0,0.9310344827586207,1.0,1.5081787109375,
results/experiments_results_clique/n30/clq_n30_15_10_5.json,clq_n30_15_10_5.json,results/experiments_results_clique/n30,clique,8,30,,0.15,15_10_5,,62,84.3,42.0,42.0,616,40,42,56,65,91.3,38.0,38.0,38.0,38.0,81,true,424,36,38,1.4761904761904763,2.007142857142857,1.0,0.9523809523809523,1.0,1.7105263157894737,2.4026315789473682,1.0,0.9473684210526315,1.0,1.610131025314331,
results/experiments_results_clique/n30/clq_n30_15_10_5.json,clq_n30_15_10_5.json,results/experiments_results_clique/n30,clique,9,30,,0.15,15_10_5,,72,98.6,50.0,50.0,667,43,48,67,67,90.3,38.0,38.0,38.0,38.0,85,true,400,35,37,1.44,1.972,1.0,0.86,0.96,1.763157894736842,2.376315789473684,1.0,0.9210526315789473,0.9736842105263158,1.623877763748169,
results/experiments_results_clique/n30/clq_n30_15_10_5.json,clq_n30_15_10_5.json,results/experiments_results_clique/n30,clique,10,30,,0.15,15_10_5,,86,106.9,53.0,53.0,657,49,51,70,76,94.7,43.0,43.0,43.0,43.0,88,true,388,40,41,1.6226415094339623,2.016981132075472,1.0,0.9245283018867925,0.9622641509433962,1.7674418604651163,2.202325581395349,1.0,0.9302325581395349,0.9534883720930233,1.618429183959961,
results/experiments_results_clique/n30/clq_n30_15_10_5.json,clq_n30_15_10_5.json,results/experiments_results_clique/n30,clique,11,30,,0.15,15_10_5,,83,99.3,44.0,44.0,617,39,42,77,80,95.8,35.0,35.0,35.0,35.0,112,true,356,31,34,1.8863636363636365,2.256818181818182,1.0,0.8863636363636364,0.9545454545454546,2.2857142857142856,2.737142857142857,1.0,0.8857142857142857,0.9714285714285714,1.512308120727539,
results/experiments_results_clique/n30/clq_n30_15_10_5.json,clq_n30_15_10_5.json,results/experiments_results_clique/n30,clique,12,30,,0.15,15_10_5,,90,109.7,48.0,48.0,700,42,46,74,85,97.5,40.0,40.0,40.0,40.0,142,true,390,36,40,1.875,2.285416666666667,1.0,0.875,0.9583333333333334,2.125,2.4375,1.0,0.9,1.0,1.636085033416748,
results/experiments_results_clique/n30/clq_n30_15_10_5.json,clq_n30_15_10_5.json,results/experiments_results_clique/n30,clique,13,30,,0.15,15_10_5,,86,113.5,52.0,52.0,754,46,52,64,75,101.5,42.0,42.0,42.0,42.0,89,true,445,39,41,1.6538461538461537,2.1826923076923075,1.0,0.8846153846153846,1.0,1.7857142857142858,2.4166666666666665,1.0,0.9285714285714286,0.9761904761904762,1.6013729572296143,
results/experiments_results_clique/n30/clq_n30_15_10_5.json,clq_n30_15_10_5.json,results/experiments_results_clique/n30,clique,14,30,,0.15,15_10_5,,70,95.8,42.0,42.0,574,41,42,60,69,87.1,35.0,35.0,35.0,35.0,52,true,361,34,35,1.6666666666666667,2.280952380952381,1.0,0.9761904761904762,1.0,1.9714285714285715,2.4885714285714284,1.0,0.9714285714285714,1.0,1.5787849426269531,
results/experiments_results_clique/n30/clq_n30_15_10_5.json,clq_n30_15_10_5.json,results/experiments_results_clique/n30,clique,15,30,,0.15,15_10_5,,73,102.8,47.0,47.0,606,43,46,46,67,94.7,43.0,43.0,43.0,43.0,31,true,449,38,40,1.553191489361702,2.1872340425531913,1.0,0.9148936170212766,0.9787234042553191,1.558139534883721,2.202325581395349,1.0,0.8837209302325582,0.9302325581395349,1.6838688850402832,
results/experiments_results_clique/n30/clq_n30_15_10_5.json,clq_n30_15_10_5.json,results/experiments_results_clique/n30,clique,16,30,,0.15,15_10_5,,84,110.1,51.0,51.0,726,44,49,69,83,100.3,40.0,40.0,40.0,40.0,136,true,420,36,39,1.6470588235294117,2.1588235294117646,1.0,0.8627450980392157,0.9607843137254902,2.075,2.5075,1.0,0.9,0.975,1.5669169425964355,
results/experiments_results_clique/n30/clq_n30_15_10_5.json,clq_n30_15_10_5.json,results/experiments_results_clique/n30,clique,17,30,,0.15,15_10_5,,34,58.8,29.0,29.0,395,29,29,65,44,73.0,26.0,26.0,26.0,26.0,44,true,258,24,26,1.1724137931034482,2.027586206896552,1.0,1.0,1.0,1.6923076923076923,2.8076923076923075,1.0,0.9230769230769231,1.0,1.4123547077178955,
results/experiments_results_clique/n30/clq_n30_15_10_5.json,clq_n30_15_10_5.json,results/experiments_results_clique/n30,clique,18,30,,0.15,15_10_5,,60,100.8,42.0,42.0,617,41,42,69,67,91.0,34.0,34.0,34.0,34.0,77,true,357,32,34,1.4285714285714286,2.4,1.0,0.9761904761904762,1.0,1.9705882352941178,2.676470588235294,1.0,0.9411764705882353,1.0,1.5193710327148438,
results/experiments_results_clique/n30/clq_n30_15_10_5.json,clq_n30_15_10_5.json,results/experiments_results_clique/n30,clique,19,30,,0.15,15_10_5,,74,91.3,41.0,41.0,566,36,40,68,59,88.1,35.0,35.0,35.0,35.0,103,true,349,32,35,1.8048780487804879,2.2268292682926827,1.0,0.8780487804878049,0.975609756097561,1.6857142857142857,2.517142857142857,1.0,0.9142857142857143,1.0,1.5422649383544922,
results/experiments_results_clique/n30/clq_n30_15_10_5.json,clq_n30_15_10_5.json,results/experiments_results_clique/n30,clique,20,30,,0.15,15_10_5,,70,103.5,45.0,45.0,624,43,44,64,72,95.4,37.0,37.0,37.0,37.0,86,true,387,37,37,1.5555555555555556,2.3,1.0,0.9555555555555556,0.9777777777777777,1.945945945945946,2.5783783783783787,1.0,1.0,1.0,1.5269248485565186,
results/experiments_results_clique/n30/clq_n30_15_10_5.json,clq_n30_15_10_5.json,results/experiments_results_clique/n30,clique,21,30,,0.15,15_10_5,,61,100.3,44.0,44.0,654,42,44,63,64,90.8,38.0,38.0,38.0,38.0,94,true,397,35,37,1.3863636363636365,2.2795454545454543,1.0,0.9545454545454546,1.0,1.6842105263157894,2.389473684210526,1.0,0.9210526315789473,0.9736842105263158,1.602470874786377,
results/experiments_results_clique/n30/clq_n30_15_10_5.json,clq_n30_15_10_5.json,results/experiments_results_clique/n30,clique,22,30,,0.15,15_10_5,,65,92.2,41.0,41.0,615,40,41,76,62,82.0,33.0,33.0,33.0,33.0,104,true,335,32,33,1.5853658536585367,2.2487804878048783,1.0,0.975609756097561,1.0,1.878787878787879,2.484848484848485,1.0,0.9696969696969697,1.0,1.494415283203125,
results/experiments_results_clique/n30/clq_n30_15_10_5.json,clq_n30_15_10_5.json,results/experiments_results_clique/n30,clique,23,30,,0.15,15_10_5,,48,78.1,36.0,36.0,516,35,36,57,49,74.0,29.0,29.0,29.0,29.0,62,true,306,28,29,1.3333333333333333,2.1694444444444443,1.0,0.9722222222222222,1.0,1.6896551724137931,2.5517241379310347,1.0,0.9655172413793104,1.0,1.637544870376587,
results/experiments_results_clique/n30/clq_n30_15_10_5.json,clq_n30_15_10_5.json,results/experiments_results_clique/n30,clique,24,30,,0.15,15_10_5,,54,84.2,36.0,36.0,566,34,36,63,61,80.5,31.0,31.0,31.0,31.0,107,true,325,31,31,1.5,2.338888888888889,1.0,0.9444444444444444,1.0,1.967741935483871,2.596774193548387,1.0,1.0,1.0,1.5662791728973389,
results/experiments_results_clique/n30/clq_n30_15_10_5.json,clq_n30_15_10_5.json,results/experiments_results_clique/n30,clique,25,30,,0.15,15_10_5,,58,93.4,40.0,40.0,566,39,40,66,73,94.2,33.0,33.0,33.0,33.0,67,true,358,32,33,1.45,2.335,1.0,0.975,1.0,2.212121212121212,2.8545454545454545,1.0,0.9696969696969697,1.0,1.5230469703674316,
results/experiments_results_clique/n30/clq_n30_15_10_5.json,clq_n30_15_10_5.json,results/experiments_results_clique/n30,clique,26,30,,0.15,15_10_5,,49,85.6,38.0,38.0,538,37,38,46,44,76.1,28.0,28.0,28.0,28.0,35,true,319,26,28,1.2894736842105263,2.2526315789473683,1.0,0.9736842105263158,1.0,1.5714285714285714,2.7178571428571425,1.0,0.9285714285714286,1.0,1.613339900970459,
results/experiments_results_clique/n30/clq_n30_15_10_5.json,clq_n30_15_10_5.json,results/experiments_results_clique/n30,clique,27,30,,0.15,15_10_5,,28,68.9,28.0,28.0,461,26,27,62,59,75.0,24.0,24.0,24.0,24.0,94,true,296,22,24,1.0,2.460714285714286,1.0,0.9285714285714286,0.9642857142857143,2.4583333333333335,3.125,1.0,0.9166666666666666,1.0,1.5513949394226074,
results/experiments_results_clique/n30/clq_n30_15_10_5.json,clq_n30_15_10_5.json,results/experiments_results_clique/n30,clique,28,30,,0.15,15_10_5,,70,94.5,42.0,42.0,524,41,42,68,67,88.2,34.0,34.0,34.0,34.0,96,true,323,34,34,1.6666666666666667,2.25,1.0,0.9761904761904762,1.0,1.9705882352941178,2.5941176470588236,1.0,1.0,1.0,1.4816069602966309,
results/experiments_results_clique/n30/clq_n30_15_10_5.json,clq_n30_15_10_5.json,results/experiments_results_clique/n30,clique,29,30,,0.15,15_10_5,,61,82.5,40.0,40.0,490,35,40,54,59,78.6,35.0,35.0,35.0,35.0,62,true,330,30,35,1.525,2.0625,1.0,0.875,1.0,1.6857142857142857,2.2457142857142856,1.0,0.8571428571428571,1.0,1.526176929473877,
results/experiments_results_clique/n30/clq_n30_15_10_5.json,clq_n30_15_10_5.json,results/experiments_results_clique/n30,clique,30,30,,0.15,15_10_5,,83,103.2,49.0,49.0,629,48,49,61,77,93.6,42.0,42.0,42.0,42.0,52,true,403,41,42,1.6938775510204083,2.1061224489795918,1.0,0.9795918367346939,1.0,1.8333333333333333,2.2285714285714286,1.0,0.9761904761904762,1.0,1.5755908489227295,
results/experiments_results_clique/n30/clq_n30_15_10_5.json,clq_n30_15_10_5.json,results/experiments_results_clique/n30,clique,31,30,,0.15,15_10_5,,48,84.1,43.0,43.0,579,41,42,72,65,85.7,38.0,38.0,38.0,38.0,93,true,378,37,38,1.1162790697674418,1.955813953488372,1.0,0.9534883720930233,0.9767441860465116,1.7105263157894737,2.255263157894737,1.0,0.9736842105263158,1.0,1.5113348960876465,
results/experiments_results_clique/n30/clq_n30_15_10_5.json,clq_n30_15_10_5.json,results/experiments_results_clique/n30,clique,32,30,,0.15,15_10_5,,63,87.9,42.0,42.0,525,37,41,68,61,73.6,34.0,34.0,34.0,34.0,92,true,316,32,34,1.5,2.092857142857143,1.0,0.8809523809523809,0.9761904761904762,1.7941176470588236,2.164705882352941,1.0,0.9411764705882353,1.0,1.4454200267791748,
results/experiments_results_clique/n30/clq_n30_15_10_5.json,clq_n30_15_10_5.json,results/experiments_results_clique/n30,clique,33,30,,0.15,15_10_5,,67,99.0,45.0,45.0,613,43,45,58,79,98.3,36.0,36.0,36.0,36.0,71,true,415,35,36,1.488888888888889,2.2,1.0,0.9555555555555556,1.0,2.1944444444444446,2.7305555555555556,1.0,0.9722222222222222,1.0,1.5575711727142334,
results/experiments_results_clique/n30/clq_n30_15_10_5.json,clq_n30_15_10_5.json,results/experiments_results_clique/n30,clique,34,30,,0.15,15_10_5,,54,89.0,39.0,39.0,516,36,38,56,64,80.0,33.0,33.0,33.0,33.0,54,true,343,31,32,1.3846153846153846,2.282051282051282,1.0,0.9230769230769231,0.9743589743589743,1.9393939393939394,2.4242424242424243,1.0,0.9393939393939394,0.9696969696969697,1.5264501571655273,
results/experiments_results_clique/n30/clq_n30_15_10_5.json,clq_n30_15_10_5.json,results/experiments_results_clique/n30,clique,35,30,,0.15,15_10_5,,51,95.9,45.0,45.0,637,43,45,70,73,100.4,35.0,35.0,35.0,35.0,80,true,350,34,35,1.1333333333333333,2.131111111111111,1.0,0.9555555555555556,1.0,2.085714285714286,2.8685714285714288,1.0,0.9714285714285714,1.0,1.4802696704864502,
results/experiments_results_clique/n30/clq_n30_15_10_5.json,clq_n30_15_10_5.json,results/experiments_results_clique/n30,clique,36,30,,0.15,15_10_5,,60,95.9,43.0,43.0,609,40,42,63,57,87.0,35.0,35.0,35.0,35.0,105,true,352,33,35,1.3953488372093024,2.230232558139535,1.0,0.9302325581395349,0.9767441860465116,1.6285714285714286,2.4857142857142858,1.0,0.9428571428571428,1.0,1.50474214553833,
results/experiments_results_clique/n30/clq_n30_15_10_5.json,clq_n30_15_10_5.json,results/experiments_results_clique/n30,clique,37,30,,0.15,15_10_5,,61,85.9,35.0,35.0,485,35,35,71,60,80.4,27.0,27.0,27.0,27.0,96,true,264,26,27,1.7428571428571429,2.4542857142857146,1.0,1.0,1.0,2.2222222222222223,2.977777777777778,1.0,0.9629629629629629,1.0,1.4376678466796875,
results/experiments_results_clique/n30/clq_n30_15_10_5.json,clq_n30_15_10_5.json,results/experiments_results_clique/n30,clique,38,30,,0.15,15_10_5,,58,74.1,33.0,33.0,445,32,33,73,64,80.8,29.0,29.0,29.0,29.0,104,true,244,27,29,1.7575757575757576,2.245454545454545,1.0,0.9696969696969697,1.0,2.206896551724138,2.786206896551724,1.0,0.9310344827586207,1.0,1.360753059387207,
results/experiments_results_clique/n30/clq_n30_15_10_5.json,clq_n30_15_10_5.json,results/experiments_results_clique/n30,clique,39,30,,0.15,15_10_5,,63,78.3,34.0,34.0,502,31,33,67,58,80.6,27.0,27.0,27.0,27.0,58,true,288,27,27,1.8529411764705883,2.302941176470588,1.0,0.9117647058823529,0.9705882352941176,2.1481481481481484,2.985185185185185,1.0,1.0,1.0,1.4271600246429443,
results/experiments_results_clique/n30/clq_n30_15_10_5.json,clq_n30_15_10_5.json,results/experiments_results_clique/n30,clique,40,30,,0.15,15_10_5,,104,118.0,54.0,54.0,701,46,51,73,96,107.9,41.0,41.0,41.0,41.0,129,true,384,36,40,1.9259259259259258,2.185185185185185,1.0,0.8518518518518519,0.9444444444444444,2.341463414634146,2.631707317073171,1.0,0.8780487804878049,0.975609756097561,1.4814128875732422,
results/experiments_results_clique/n30/clq_n30_15_10_5.json,clq_n30_15_10_5.json,results/experiments_results_clique/n30,clique,31,30,,0.15,15_10_5,,48,84.1,43.0,43.0,579,41,42,72,65,85.7,38.0,38.0,38.0,38.0,93,true,378,37,38,1.1162790697674418,1.955813953488372,1.0,0.9534883720930233,0.9767441860465116,1.7105263157894737,2.255263157894737,1.0,0.9736842105263158,1.0,1.5775139331817627,
results/experiments_results_clique/n30/clq_n30_15_10_5.json,clq_n30_15_10_5.json,results/experiments_results_clique/n30,clique,32,30,,0.15,15_10_5,,63,87.9,42.0,42.0,525,37,41,68,61,73.6,34.0,34.0,34.0,34.0,92,true,316,32,34,1.5,2.092857142857143,1.0,0.8809523809523809,0.9761904761904762,1.7941176470588236,2.164705882352941,1.0,0.9411764705882353,1.0,1.5175600051879883,
results/experiments_results_clique/n30/clq_n30_15_10_5.json,clq_n30_15_10_5.json,results/experiments_results_clique/n30,clique,33,30,,0.15,15_10_5,,67,99.0,45.0,45.0,613,43,45,58,79,98.3,36.0,36.0,36.0,36.0,71,true,415,35,36,1.488888888888889,2.2,1.0,0.9555555555555556,1.0,2.1944444444444446,2.7305555555555556,1.0,0.9722222222222222,1.0,1.6254148483276367,
results/experiments_results_clique/n30/clq_n30_15_10_5.json,clq_n30_15_10_5.json,results/experiments_results_clique/n30,clique,34,30,,0.15,15_10_5,,54,89.0,39.0,39.0,516,36,38,56,64,80.0,33.0,33.0,33.0,33.0,54,true,343,31,32,1.3846153846153846,2.282051282051282,1.0,0.9230769230769231,0.9743589743589743,1.9393939393939394,2.4242424242424243,1.0,0.9393939393939394,0.9696969696969697,1.6173088550567627,
results/experiments_results_clique/n30/clq_n30_15_10_5.json,clq_n30_15_10_5.json,results/experiments_results_clique/n30,clique,35,30,,0.15,15_10_5,,51,95.9,45.0,45.0,637,43,45,70,73,100.4,35.0,35.0,35.0,35.0,80,true,350,34,35,1.1333333333333333,2.131111111111111,1.0,0.9555555555555556,1.0,2.085714285714286,2.8685714285714288,1.0,0.9714285714285714,1.0,1.5250399112701416,
results/experiments_results_clique/n30/clq_n30_15_10_5.json,clq_n30_15_10_5.json,results/experiments_results_clique/n30,clique,36,30,,0.15,15_10_5,,60,95.9,43.0,43.0,609,40,42,63,57,87.0,35.0,35.0,35.0,35.0,105,true,352,33,35,1.3953488372093024,2.230232558139535,1.0,0.9302325581395349,0.9767441860465116,1.6285714285714286,2.4857142857142858,1.0,0.9428571428571428,1.0,1.5260951519012451,
results/experiments_results_clique/n30/clq_n30_15_10_5.json,clq_n30_15_10_5.json,results/experiments_results_clique/n30,clique,37,30,,0.15,15_10_5,,61,85.9,35.0,35.0,485,35,35,71,60,80.4,27.0,27.0,27.0,27.0,96,true,264,26,27,1.7428571428571429,2.4542857142857146,1.0,1.0,1.0,2.2222222222222223,2.977777777777778,1.0,0.9629629629629629,1.0,1.4688167572021484,
results/experiments_results_clique/n30/clq_n30_15_10_5.json,clq_n30_15_10_5.json,results/experiments_results_clique/n30,clique,38,30,,0.15,15_10_5,,58,74.1,33.0,33.0,445,32,33,73,64,80.8,29.0,29.0,29.0,29.0,104,true,244,27,29,1.7575757575757576,2.245454545454545,1.0,0.9696969696969697,1.0,2.206896551724138,2.786206896551724,1.0,0.9310344827586207,1.0,1.3986928462982178,
results/experiments_results_clique/n30/clq_n30_15_10_5.json,clq_n30_15_10_5.json,results/experiments_results_clique/n30,clique,39,30,,0.15,15_10_5,,63,78.3,34.0,34.0,502,31,33,67,58,80.6,27.0,27.0,27.0,27.0,58,true,288,27,27,1.8529411764705883,2.302941176470588,1.0,0.9117647058823529,0.9705882352941176,2.1481481481481484,2.985185185185185,1.0,1.0,1.0,1.47987699508667,
results/experiments_results_clique/n30/clq_n30_15_10_5.json,clq_n30_15_10_5.json,results/experiments_results_clique/n30,clique,40,30,,0.15,15_10_5,,104,118.0,54.0,54.0,701,46,51,73,96,107.9,41.0,41.0,41.0,41.0,129,true,384,36,40,1.9259259259259258,2.185185185185185,1.0,0.8518518518518519,0.9444444444444444,2.341463414634146,2.631707317073171,1.0,0.8780487804878049,0.975609756097561,1.5340111255645752,
results/experiments_results_clique/n30/clq_n30_15_10_5.json,clq_n30_15_10_5.json,results/experiments_results_clique/n30,clique,41,30,,0.15,15_10_5,,55,77.3,37.0,37.0,574,36,36,50,43,74.2,32.0,32.0,32.0,32.0,65,true,386,29,31,1.4864864864864864,2.089189189189189,1.0,0.972972972972973,0.972972972972973,1.34375,2.31875,1.0,0.90625,0.96875,1.5495128631591797,
results/experiments_results_clique/n30/clq_n30_15_10_5.json,clq_n30_15_10_5.json,results/experiments_results_clique/n30,clique,42,30,,0.15,15_10_5,,73,92.1,39.0,39.0,521,38,38,78,59,82.4,33.0,33.0,33.0,33.0,76,false,291,30,31,1.8717948717948718,2.3615384615384616,1.0,0.9743589743589743,0.9743589743589743,1.7878787878787878,2.496969696969697,1.0,0.9090909090909091,0.9393939393939394,1.4330811500549316,
results/experiments_results_clique/n30/clq_n30_15_10_5.json,clq_n30_15_10_5.json,results/experiments_results_clique/n30,clique,43,30,,0.15,15_10_5,,50,94.3,43.0,43.0,665,39,43,67,76,99.6,39.0,39.0,39.0,39.0,143,true,438,34,39,1.1627906976744187,2.1930232558139533,1.0,0.9069767441860465,1.0,1.9487179487179487,2.5538461538461537,1.0,0.8717948717948718,1.0,1.554502010345459,
results/experiments_results_clique/n30/clq_n30_15_10_5.json,clq_n30_15_10_5.json,results/experiments_results_clique/n30,clique,44,30,,0.15,15_10_5,,65,100.2,52.0,52.0,732,48,49,64,79,99.6,46.0,46.0,46.0,46.0,136,true,475,43,44,1.25,1.926923076923077,1.0,0.9230769230769231,0.9423076923076923,1.7173913043478262,2.1652173913043478,1.0,0.9347826086956522,0.9565217391304348,1.4820361137390137,
results/experiments_results_clique/n30/clq_n30_15_10_5.json,clq_n30_15_10_5.json,results/experiments_results_clique/n30,clique,45,30,,0.15,15_10_5,,59,83.9,39.0,39.0,560,36,38,71,59,79.3,32.0,32.0,32.0,32.0,102,true,311,32,31,1.5128205128205128,2.1512820512820516,1.0,0.9230769230769231,0.9743589743589743,1.84375,2.478125,1.0,1.0,0.96875,1.4345519542694092,
results/experiments_results_clique/n30/clq_n30_15_10_5.json,clq_n30_15_10_5.json,results/experiments_results_clique/n30,clique,46,30,,0.15,15_10_5,,49,89.7,40.0,40.0,556,39,40,69,55,79.0,35.0,35.0,35.0,35.0,145,true,315,34,34,1.225,2.2425,1.0,0.975,1.0,1.5714285714285714,2.257142857142857,1.0,0.9714285714285714,0.9714285714285714,1.504908800125122,
results/experiments_results_clique/n30/clq_n30_15_10_5.json,clq_n30_15_10_5.json,results/experiments_results_clique/n30,clique,47,30,,0.15,15_10_5,,52,77.3,34.0,34.0,503,34,34,70,44,72.8,29.0,29.0,29.0,29.0,73,true,325,29,29,1.5294117647058822,2.273529411764706,1.0,1.0,1.0,1.5172413793103448,2.5103448275862066,1.0,1.0,1.0,1.3792080879211426,
results/experiments_results_clique/n30/clq_n30_15_10_5.json,clq_n30_15_10_5.json,results/experiments_results_clique/n30,clique,48,30,,0.15,15_10_5,,36,68.6,29.0,29.0,472,29,29,67,44,76.5,23.0,23.0,23.0,23.0,87,true,263,22,23,1.2413793103448276,2.36551724137931,1.0,1.0,1.0,1.9130434782608696,3.3260869565217392,1.0,0.9565217391304348,1.0,1.4053640365600586,
results/experiments_results_clique/n30/clq_n30_15_10_5.json,clq_n30_15_10_5.json,results/experiments_results_clique/n30,clique,49,30,,0.15,15_10_5,,83,100.5,45.0,45.0,671,44,44,65,74,90.3,38.0,38.0,38.0,38.0,106,true,408,35,38,1.8444444444444446,2.2333333333333334,1.0,0.9777777777777777,0.9777777777777777,1.9473684210526316,2.376315789473684,1.0,0.9210526315789473,1.0,1.5266380310058594,
results/experiments_results_clique/n30/clq_n30_15_10_5.json,clq_n30_15_10_5.json,results/experiments_results_clique/n30,clique,50,30,,0.15,15_10_5,,88,102.4,48.0,48.0,658,44,47,68,76,92.2,40.0,40.0,40.0,40.0,104,true,407,36,40,1.8333333333333333,2.1333333333333333,1.0,0.9166666666666666,0.9791666666666666,1.9,2.305,1.0,0.9,1.0,1.519834041595459,
results/experiments_results_clique/n30/clq_n30_2x15.json,clq_n30_2x15.json,results/experiments_results_clique/n30,clique,1,30,,0.15,2x15,,77,107.7,51.0,51.0,794,48,51,65,72,100.6,45.0,45.0,45.0,45.0,112,true,509,42,45,1.5098039215686274,2.111764705882353,1.0,0.9411764705882353,1.0,1.6,2.2355555555555555,1.0,0.9333333333333333,1.0,1.6176719665527344,
results/experiments_results_clique/n30/clq_n30_2x15.json,clq_n30_2x15.json,results/experiments_results_clique/n30,clique,2,30,,0.15,2x15,,57,77.8,35.0,35.0,601,35,35,60,71,87.8,30.0,30.0,30.0,30.0,76,true,392,28,30,1.6285714285714286,2.222857142857143,1.0,1.0,1.0,2.3666666666666667,2.9266666666666667,1.0,0.9333333333333333,1.0,1.5825881958007812,
results/experiments_results_clique/n30/clq_n30_2x15.json,clq_n30_2x15.json,results/experiments_results_clique/n30,clique,3,30,,0.15,2x15,,63,97.4,41.0,41.0,754,39,41,60,77,105.8,36.0,36.0,36.0,36.0,128,true,512,33,36,1.5365853658536586,2.3756097560975613,1.0,0.9512195121951219,1.0,2.138888888888889,2.9388888888888887,1.0,0.9166666666666666,1.0,1.5566370487213135,
results/experiments_results_clique/n30/clq_n30_2x15.json,clq_n30_2x15.json,results/experiments_results_clique/n30,clique,4,30,,0.15,2x15,,88,115.1,45.0,45.0,784,43,44,55,100,114.6,39.0,39.0,39.0,39.0,128,true,509,37,39,1.9555555555555555,2.5577777777777775,1.0,0.9555555555555556,0.9777777777777777,2.5641025641025643,2.9384615384615382,1.0,0.9487179487179487,1.0,1.5576090812683105,
results/experiments_results_clique/n30/clq_n30_2x15.json,clq_n30_2x15.json,results/experiments_results_clique/n30,clique,5,30,,0.15,2x15,,51,89.8,43.0,43.0,775,41,43,65,55,85.3,34.0,34.0,34.0,34.0,160,true,446,34,34,1.186046511627907,2.088372093023256,1.0,0.9534883720930233,1.0,1.6176470588235294,2.5088235294117647,1.0,1.0,1.0,1.5328059196472168,
results/experiments_results_clique/n30/clq_n30_2x15.json,clq_n30_2x15.json,results/experiments_results_clique/n30,clique,6,30,,0.15,2x15,,54,91.2,46.0,46.0,782,43,46,66,73,97.6,39.0,39.0,39.0,39.0,103,true,475,38,39,1.173913043478261,1.982608695652174,1.0,0.9347826086956522,1.0,1.8717948717948718,2.5025641025641026,1.0,0.9743589743589743,1.0,1.5065178871154785,
results/experiments_results_clique/n30/clq_n30_2x15.json,clq_n30_2x15.json,results/experiments_results_clique/n30,clique,7,30,,0.15,2x15,,46,75.0,34.0,34.0,616,34,34,64,56,89.3,27.0,27.0,27.0,27.0,141,true,376,27,27,1.3529411764705883,2.2058823529411766,1.0,1.0,1.0,2.074074074074074,3.3074074074074074,1.0,1.0,1.0,1.5231127738952637,
results/experiments_results_clique/n30/clq_n30_2x15.json,clq_n30_2x15.json,results/experiments_results_clique/n30,clique,8,30,,0.15,2x15,,60,86.3,42.0,42.0,755,41,42,56,71,98.1,38.0,38.0,38.0,38.0,134,true,513,37,38,1.4285714285714286,2.0547619047619046,1.0,0.9761904761904762,1.0,1.868421052631579,2.581578947368421,1.0,0.9736842105263158,1.0,1.5507612228393555,
results/experiments_results_clique/n30/clq_n30_2x15.json,clq_n30_2x15.json,results/experiments_results_clique/n30,clique,9,30,,0.15,2x15,,80,114.0,53.0,53.0,853,46,53,67,79,110.9,40.0,40.0,40.0,40.0,166,true,496,37,40,1.509433962264151,2.150943396226415,1.0,0.8679245283018868,1.0,1.975,2.7725,1.0,0.925,1.0,1.562384843826294,
results/experiments_results_clique/n30/clq_n30_2x15.json,clq_n30_2x15.json,results/experiments_results_clique/n30,clique,10,30,,0.15,2x15,,70,106.2,54.0,54.0,834,50,52,70,81,102.7,44.0,44.0,44.0,44.0,176,true,488,39,42,1.2962962962962963,1.9666666666666668,1.0,0.9259259259259259,0.9629629629629629,1.8409090909090908,2.334090909090909,1.0,0.8863636363636364,0.9545454545454546,1.5505728721618652,
results/experiments_results_clique/n30/clq_n30_2x15.json,clq_n30_2x15.json,results/experiments_results_clique/n30,clique,11,30,,0.15,2x15,,71,103.0,47.0,47.0,774,43,47,77,85,103.4,38.0,38.0,38.0,38.0,157,true,457,36,38,1.5106382978723405,2.1914893617021276,1.0,0.9148936170212766,1.0,2.236842105263158,2.7210526315789476,1.0,0.9473684210526315,1.0,1.4591329097747803,
results/experiments_results_clique/n30/clq_n30_2x15.json,clq_n30_2x15.json,results/experiments_results_clique/n30,clique,12,30,,0.15,2x15,,102,116.0,52.0,52.0,887,46,50,74,89,108.4,44.0,44.0,44.0,44.0,184,true,505,41,44,1.9615384615384615,2.230769230769231,1.0,0.8846153846153846,0.9615384615384616,2.022727272727273,2.463636363636364,1.0,0.9318181818181818,1.0,1.524435043334961,
results/experiments_results_clique/n30/clq_n30_2x15.json,clq_n30_2x15.json,results/experiments_results_clique/n30,clique,13,30,,0.15,2x15,,67,99.6,47.0,47.0,807,44,47,64,78,104.0,38.0,38.0,38.0,38.0,132,true,481,35,38,1.425531914893617,2.1191489361702125,1.0,0.9361702127659575,1.0,2.0526315789473686,2.736842105263158,1.0,0.9210526315789473,1.0,1.50441312789917,
results/experiments_results_clique/n30/clq_n30_2x15.json,clq_n30_2x15.json,results/experiments_results_clique/n30,clique,14,30,,0.15,2x15,,68,88.3,40.0,40.0,641,40,40,60,68,95.9,32.0,32.0,32.0,32.0,83,true,394,31,32,1.7,2.2075,1.0,1.0,1.0,2.125,2.996875,1.0,0.96875,1.0,1.5045092105865479,
results/experiments_results_clique/n30/clq_n30_2x15.json,clq_n30_2x15.json,results/experiments_results_clique/n30,clique,15,30,,0.15,2x15,,72,97.4,44.0,44.0,699,41,43,46,66,103.0,41.0,41.0,41.0,41.0,57,true,515,38,39,1.6363636363636365,2.213636363636364,1.0,0.9318181818181818,0.9772727272727273,1.6097560975609757,2.5121951219512195,1.0,0.926829268292683,0.9512195121951219,1.6200311183929443,
results/experiments_results_clique/n30/clq_n30_2x15.json,clq_n30_2x15.json,results/experiments_results_clique/n30,clique,16,30,,0.15,2x15,,99,122.8,57.0,57.0,964,53,57,69,95,117.4,46.0,46.0,46.0,46.0,181,true,591,44,46,1.736842105263158,2.1543859649122807,1.0,0.9298245614035088,1.0,2.0652173913043477,2.5521739130434784,1.0,0.9565217391304348,1.0,1.543039321899414,
results/experiments_results_clique/n30/clq_n30_2x15.json,clq_n30_2x15.json,results/experiments_results_clique/n30,clique,17,30,,0.15,2x15,,25,59.9,25.0,25.0,440,25,25,65,40,77.5,22.0,22.0,22.0,22.0,69,true,292,22,22,1.0,2.396,1.0,1.0,1.0,1.8181818181818181,3.522727272727273,1.0,1.0,1.0,1.493786096572876,
results/experiments_results_clique/n30/clq_n30_2x15.json,clq_n30_2x15.json,results/experiments_results_clique/n30,clique,18,30,,0.15,2x15,,70,100.7,44.0,44.0,748,44,44,69,85,101.7,34.0,34.0,34.0,34.0,131,true,417,34,34,1.5909090909090908,2.2886363636363636,1.0,1.0,1.0,2.5,2.9911764705882353,1.0,1.0,1.0,1.482701063156128,
results/experiments_results_clique/n30/clq_n30_2x15.json,clq_n30_2x15.json,results/experiments_results_clique/n30,clique,19,30,,0.15,2x15,,49,88.8,41.0,41.0,689,38,41,68,74,97.3,35.0,35.0,35.0,35.0,167,true,404,32,35,1.1951219512195121,2.1658536585365855,1.0,0.926829268292683,1.0,2.1142857142857143,2.78,1.0,0.9142857142857143,1.0,1.4889428615570068,
results/experiments_results_clique/n30/clq_n30_2x15.json,clq_n30_2x15.json,results/experiments_results_clique/n30,clique,20,30,,0.15,2x15,,44,104.0,44.0,44.0,771,42,44,64,68,100.0,37.0,37.0,37.0,37.0,179,true,468,35,37,1.0,2.3636363636363638,1.0,0.9545454545454546,1.0,1.837837837837838,2.7027027027027026,1.0,0.9459459459459459,1.0,1.5791411399841309,
results/experiments_results_clique/n30/clq_n30_2x15.json,clq_n30_2x15.json,results/experiments_results_clique/n30,clique,21,30,,0.15,2x15,,80,105.4,48.0,48.0,841,46,48,63,71,101.6,40.0,40.0,40.0,40.0,156,true,508,37,40,1.6666666666666667,2.1958333333333333,1.0,0.9583333333333334,1.0,1.775,2.54,1.0,0.925,1.0,1.4995627403259277,
results/experiments_results_clique/n30/clq_n30_2x15.json,clq_n30_2x15.json,results/experiments_results_clique/n30,clique,22,30,,0.15,2x15,,53,92.8,41.0,41.0,746,40,41,76,75,96.1,32.0,32.0,32.0,32.0,189,true,394,31,32,1.2926829268292683,2.2634146341463413,1.0,0.975609756097561,1.0,2.34375,3.003125,1.0,0.96875,1.0,1.4132108688354492,
results/experiments_results_clique/n30/clq_n30_2x15.json,clq_n30_2x15.json,results/experiments_results_clique/n30,clique,23,30,,0.15,2x15,,43,75.1,37.0,37.0,598,37,37,57,53,75.0,30.0,30.0,30.0,30.0,74,true,355,30,30,1.162162162162162,2.0297297297297296,1.0,1.0,1.0,1.7666666666666666,2.5,1.0,1.0,1.0,1.5316972732543945,
results/experiments_results_clique/n30/clq_n30_2x15.json,clq_n30_2x15.json,results/experiments_results_clique/n30,clique,24,30,,0.15,2x15,,44,82.8,34.0,34.0,671,34,34,63,64,85.6,29.0,29.0,29.0,29.0,141,true,392,29,29,1.2941176470588236,2.4352941176470586,1.0,1.0,1.0,2.206896551724138,2.951724137931034,1.0,1.0,1.0,1.4926350116729736,
results/experiments_results_clique/n30/clq_n30_2x15.json,clq_n30_2x15.json,results/experiments_results_clique/n30,clique,25,30,,0.15,2x15,,48,91.3,38.0,38.0,703,38,38,66,53,102.2,33.0,33.0,33.0,33.0,118,true,462,33,33,1.263157894736842,2.4026315789473682,1.0,1.0,1.0,1.606060606060606,3.096969696969697,1.0,1.0,1.0,1.496018886566162,
results/experiments_results_clique/n30/clq_n30_2x15.json,clq_n30_2x15.json,results/experiments_results_clique/n30,clique,26,30,,0.15,2x15,,48,92.4,40.0,40.0,637,40,40,46,46,83.0,31.0,31.0,31.0,31.0,59,true,388,31,31,1.2,2.31,1.0,1.0,1.0,1.4838709677419355,2.6774193548387095,1.0,1.0,1.0,1.5284221172332764,
results/experiments_results_clique/n30/clq_n30_2x15.json,clq_n30_2x15.json,results/experiments_results_clique/n30,clique,27,30,,0.15,2x15,,27,64.5,27.0,27.0,521,25,27,62,54,74.0,23.0,23.0,23.0,23.0,126,true,333,21,23,1.0,2.388888888888889,1.0,0.9259259259259259,1.0,2.347826086956522,3.217391304347826,1.0,0.9130434782608695,1.0,1.4924581050872803,
results/experiments_results_clique/n30/clq_n30_2x15.json,clq_n30_2x15.json,results/experiments_results_clique/n30,clique,28,30,,0.15,2x15,,75,99.2,43.0,43.0,646,43,43,68,80,100.0,36.0,36.0,36.0,36.0,146,true,403,35,36,1.744186046511628,2.3069767441860467,1.0,1.0,1.0,2.2222222222222223,2.7777777777777777,1.0,0.9722222222222222,1.0,1.4596049785614014,
results/experiments_results_clique/n30/clq_n30_2x15.json,clq_n30_2x15.json,results/experiments_results_clique/n30,clique,29,30,,0.15,2x15,,40,80.6,40.0,40.0,602,36,40,54,61,88.9,35.0,35.0,35.0,35.0,89,true,405,31,35,1.0,2.0149999999999997,1.0,0.9,1.0,1.7428571428571429,2.54,1.0,0.8857142857142857,1.0,1.4893708229064941,
results/experiments_results_clique/n30/clq_n30_2x15.json,clq_n30_2x15.json,results/experiments_results_clique/n30,clique,30,30,,0.15,2x15,,78,112.6,52.0,52.0,776,51,52,61,77,99.1,46.0,46.0,46.0,46.0,78,true,507,46,46,1.5,2.1653846153846152,1.0,0.9807692307692307,1.0,1.673913043478261,2.154347826086956,1.0,1.0,1.0,1.5360093116760254,
results/experiments_results_clique/n30/clq_n30_2x15.json,clq_n30_2x15.json,results/experiments_results_clique/n30,clique,31,30,,0.15,2x15,,54,107.3,48.0,48.0,747,47,48,72,84,100.3,40.0,40.0,40.0,40.0,138,true,453,37,40,1.125,2.2354166666666666,1.0,0.9791666666666666,1.0,2.1,2.5075,1.0,0.925,1.0,1.4505560398101807,
results/experiments_results_clique/n30/clq_n30_2x15.json,clq_n30_2x15.json,results/experiments_results_clique/n30,clique,32,30,,0.15,2x15,,64,92.0,43.0,43.0,654,40,42,68,64,90.1,37.0,37.0,37.0,37.0,150,true,420,36,37,1.4883720930232558,2.13953488372093,1.0,0.9302325581395349,0.9767441860465116,1.7297297297297298,2.435135135135135,1.0,0.972972972972973,1.0,1.4265258312225342,
results/experiments_results_clique/n30/clq_n30_2x15.json,clq_n30_2x15.json,results/experiments_results_clique/n30,clique,33,30,,0.15,2x15,,71,105.0,41.0,41.0,724,41,41,58,67,100.2,32.0,32.0,32.0,32.0,105,true,465,32,32,1.7317073170731707,2.5609756097560976,1.0,1.0,1.0,2.09375,3.13125,1.0,1.0,1.0,1.4711270332336426,
results/experiments_results_clique/n30/clq_n30_2x15.json,clq_n30_2x15.json,results/experiments_results_clique/n30,clique,34,30,,0.15,2x15,,63,96.1,41.0,41.0,638,40,41,56,67,97.9,36.0,36.0,36.0,36.0,85,true,424,35,36,1.5365853658536586,2.34390243902439,1.0,0.975609756097561,1.0,1.8611111111111112,2.7194444444444446,1.0,0.9722222222222222,1.0,1.5031318664550781,
results/experiments_results_clique/n30/clq_n30_2x15.json,clq_n30_2x15.json,results/experiments_results_clique/n30,clique,35,30,,0.15,2x15,,42,97.2,42.0,42.0,737,40,42,70,50,102.3,31.0,31.0,31.0,31.0,110,true,399,31,31,1.0,2.3142857142857145,1.0,0.9523809523809523,1.0,1.6129032258064515,3.3,1.0,1.0,1.0,1.4323887825012207,
results/experiments_results_clique/n30/clq_n30_2x15.json,clq_n30_2x15.json,results/experiments_results_clique/n30,clique,36,30,,0.15,2x15,,54,83.1,44.0,44.0,769,44,44,63,76,93.4,36.0,36.0,36.0,36.0,142,true,462,36,36,1.2272727272727273,1.8886363636363634,1.0,1.0,1.0,2.111111111111111,2.5944444444444446,1.0,1.0,1.0,1.4881179332733154,
results/experiments_results_clique/n30/clq_n30_2x15.json,clq_n30_2x15.json,results/experiments_results_clique/n30,clique,37,30,,0.15,2x15,,51,82.6,36.0,36.0,598,36,36,71,64,89.6,27.0,27.0,27.0,27.0,143,true,319,27,27,1.4166666666666667,2.2944444444444443,1.0,1.0,1.0,2.3703703703703702,3.3185185185185184,1.0,1.0,1.0,1.3644511699676514,
results/experiments_results_clique/n30/clq_n30_2x15.json,clq_n30_2x15.json,results/experiments_results_clique/n30,clique,38,30,,0.15,2x15,,46,81.3,38.0,38.0,560,38,38,73,70,92.4,34.0,34.0,34.0,34.0,121,true,326,33,34,1.2105263157894737,2.139473684210526,1.0,1.0,1.0,2.0588235294117645,2.7176470588235295,1.0,0.9705882352941176,1.0,1.3662021160125732,
results/experiments_results_clique/n30/clq_n30_2x15.json,clq_n30_2x15.json,results/experiments_results_clique/n30,clique,39,30,,0.15,2x15,,46,75.3,32.0,32.0,577,32,32,67,67,88.4,26.0,26.0,26.0,26.0,91,true,333,26,26,1.4375,2.353125,1.0,1.0,1.0,2.576923076923077,3.4000000000000004,1.0,1.0,1.0,1.409548044204712,
results/experiments_results_clique/n30/clq_n30_2x15.json,clq_n30_2x15.json,results/experiments_results_clique/n30,clique,40,30,,0.15,2x15,,81,116.9,53.0,53.0,853,49,52,73,97,113.8,39.0,39.0,39.0,39.0,172,true,452,37,38,1.528301886792453,2.2056603773584906,1.0,0.9245283018867925,0.9811320754716981,2.4871794871794872,2.917948717948718,1.0,0.9487179487179487,0.9743589743589743,1.4437410831451416,
results/experiments_results_clique/n30/clq_n30_2x15.json,clq_n30_2x15.json,results/experiments_results_clique/n30,clique,31,30,,0.15,2x15,,54,107.3,48.0,48.0,747,47,48,72,84,100.3,40.0,40.0,40.0,40.0,138,true,453,37,40,1.125,2.2354166666666666,1.0,0.9791666666666666,1.0,2.1,2.5075,1.0,0.925,1.0,1.5371320247650146,
results/experiments_results_clique/n30/clq_n30_2x15.json,clq_n30_2x15.json,results/experiments_results_clique/n30,clique,32,30,,0.15,2x15,,64,92.0,43.0,43.0,654,40,42,68,64,90.1,37.0,37.0,37.0,37.0,150,true,420,36,37,1.4883720930232558,2.13953488372093,1.0,0.9302325581395349,0.9767441860465116,1.7297297297297298,2.435135135135135,1.0,0.972972972972973,1.0,1.4882171154022217,
results/experiments_results_clique/n30/clq_n30_2x15.json,clq_n30_2x15.json,results/experiments_results_clique/n30,clique,33,30,,0.15,2x15,,71,105.0,41.0,41.0,724,41,41,58,67,100.2,32.0,32.0,32.0,32.0,105,true,465,32,32,1.7317073170731707,2.5609756097560976,1.0,1.0,1.0,2.09375,3.13125,1.0,1.0,1.0,1.5257148742675781,
results/experiments_results_clique/n30/clq_n30_2x15.json,clq_n30_2x15.json,results/experiments_results_clique/n30,clique,34,30,,0.15,2x15,,63,96.1,41.0,41.0,638,40,41,56,67,97.9,36.0,36.0,36.0,36.0,85,true,424,35,36,1.5365853658536586,2.34390243902439,1.0,0.975609756097561,1.0,1.8611111111111112,2.7194444444444446,1.0,0.9722222222222222,1.0,1.5616910457611084,
results/experiments_results_clique/n30/clq_n30_2x15.json,clq_n30_2x15.json,results/experiments_results_clique/n30,clique,35,30,,0.15,2x15,,42,97.2,42.0,42.0,737,40,42,70,50,102.3,31.0,31.0,31.0,31.0,110,true,399,31,31,1.0,2.3142857142857145,1.0,0.9523809523809523,1.0,1.6129032258064515,3.3,1.0,1.0,1.0,1.4659621715545654,
results/experiments_results_clique/n30/clq_n30_2x15.json,clq_n30_2x15.json,results/experiments_results_clique/n30,clique,36,30,,0.15,2x15,,54,83.1,44.0,44.0,769,44,44,63,76,93.4,36.0,36.0,36.0,36.0,142,true,462,36,36,1.2272727272727273,1.8886363636363634,1.0,1.0,1.0,2.111111111111111,2.5944444444444446,1.0,1.0,1.0,1.557858943939209,
results/experiments_results_clique/n30/clq_n30_2x15.json,clq_n30_2x15.json,results/experiments_results_clique/n30,clique,37,30,,0.15,2x15,,51,82.6,36.0,36.0,598,36,36,71,64,89.6,27.0,27.0,27.0,27.0,143,true,319,27,27,1.4166666666666667,2.2944444444444443,1.0,1.0,1.0,2.3703703703703702,3.3185185185185184,1.0,1.0,1.0,1.4201507568359375,
results/experiments_results_clique/n30/clq_n30_2x15.json,clq_n30_2x15.json,results/experiments_results_clique/n30,clique,38,30,,0.15,2x15,,46,81.3,38.0,38.0,560,38,38,73,70,92.4,34.0,34.0,34.0,34.0,121,true,326,33,34,1.2105263157894737,2.139473684210526,1.0,1.0,1.0,2.0588235294117645,2.7176470588235295,1.0,0.9705882352941176,1.0,1.41709303855896,
results/experiments_results_clique/n30/clq_n30_2x15.json,clq_n30_2x15.json,results/experiments_results_clique/n30,clique,39,30,,0.15,2x15,,46,75.3,32.0,32.0,577,32,32,67,67,88.4,26.0,26.0,26.0,26.0,91,true,333,26,26,1.4375,2.353125,1.0,1.0,1.0,2.576923076923077,3.4000000000000004,1.0,1.0,1.0,1.4521069526672363,
results/experiments_results_clique/n30/clq_n30_2x15.json,clq_n30_2x15.json,results/experiments_results_clique/n30,clique,40,30,,0.15,2x15,,81,116.9,53.0,53.0,853,49,52,73,97,113.8,39.0,39.0,39.0,39.0,172,true,452,37,38,1.528301886792453,2.2056603773584906,1.0,0.9245283018867925,0.9811320754716981,2.4871794871794872,2.917948717948718,1.0,0.9487179487179487,0.9743589743589743,1.4793100357055664,
results/experiments_results_clique/n30/clq_n30_2x15.json,clq_n30_2x15.json,results/experiments_results_clique/n30,clique,41,30,,0.15,2x15,,34,58.6,34.0,34.0,636,34,34,50,52,79.3,30.0,30.0,30.0,30.0,92,true,428,30,30,1.0,1.723529411764706,1.0,1.0,1.0,1.7333333333333334,2.643333333333333,1.0,1.0,1.0,1.5920629501342773,
results/experiments_results_clique/n30/clq_n30_2x15.json,clq_n30_2x15.json,results/experiments_results_clique/n30,clique,42,30,,0.15,2x15,,78,93.0,41.0,41.0,663,40,41,78,78,95.9,36.0,36.0,36.0,36.0,131,true,376,35,36,1.9024390243902438,2.268292682926829,1.0,0.975609756097561,1.0,2.1666666666666665,2.663888888888889,1.0,0.9722222222222222,1.0,1.3766748905181885,
results/experiments_results_clique/n30/clq_n30_2x15.json,clq_n30_2x15.json,results/experiments_results_clique/n30,clique,43,30,,0.15,2x15,,58,102.4,48.0,48.0,828,44,48,67,85,107.0,43.0,43.0,43.0,43.0,185,true,532,39,42,1.2083333333333333,2.1333333333333333,1.0,0.9166666666666666,1.0,1.9767441860465116,2.488372093023256,1.0,0.9069767441860465,0.9767441860465116,1.5153322219848633,
results/experiments_results_clique/n30/clq_n30_2x15.json,clq_n30_2x15.json,results/experiments_results_clique/n30,clique,44,30,,0.15,2x15,,81,101.6,49.0,49.0,857,47,47,64,96,108.3,43.0,43.0,43.0,43.0,178,true,549,42,41,1.653061224489796,2.073469387755102,1.0,0.9591836734693877,0.9591836734693877,2.2325581395348837,2.5186046511627906,1.0,0.9767441860465116,0.9534883720930233,1.4900732040405273,
results/experiments_results_clique/n30/clq_n30_2x15.json,clq_n30_2x15.json,results/experiments_results_clique/n30,clique,45,30,,0.15,2x15,,53,79.9,35.0,35.0,619,35,35,71,79,95.0,30.0,30.0,30.0,30.0,150,true,362,30,30,1.5142857142857142,2.282857142857143,1.0,1.0,1.0,2.6333333333333333,3.1666666666666665,1.0,1.0,1.0,1.3829798698425293,
results/experiments_results_clique/n30/clq_n30_2x15.json,clq_n30_2x15.json,results/experiments_results_clique/n30,clique,46,30,,0.15,2x15,,58,84.0,40.0,40.0,656,40,40,69,76,93.0,35.0,35.0,35.0,35.0,176,true,381,34,35,1.45,2.1,1.0,1.0,1.0,2.1714285714285713,2.657142857142857,1.0,0.9714285714285714,1.0,1.4441769123077393,
results/experiments_results_clique/n30/clq_n30_2x15.json,clq_n30_2x15.json,results/experiments_results_clique/n30,clique,47,30,,0.15,2x15,,57,93.3,39.0,39.0,653,38,39,70,68,88.6,34.0,34.0,34.0,34.0,103,true,428,34,34,1.4615384615384615,2.3923076923076922,1.0,0.9743589743589743,1.0,2.0,2.605882352941176,1.0,1.0,1.0,1.4223921298980713,
results/experiments_results_clique/n30/clq_n30_2x15.json,clq_n30_2x15.json,results/experiments_results_clique/n30,clique,48,30,,0.15,2x15,,37,66.2,29.0,29.0,565,29,29,67,40,85.1,23.0,23.0,23.0,23.0,111,true,313,23,23,1.2758620689655173,2.282758620689655,1.0,1.0,1.0,1.7391304347826086,3.6999999999999997,1.0,1.0,1.0,1.3644368648529053,
results/experiments_results_clique/n30/clq_n30_2x15.json,clq_n30_2x15.json,results/experiments_results_clique/n30,clique,49,30,,0.15,2x15,,83,111.5,47.0,47.0,839,45,47,65,94,108.0,40.0,40.0,40.0,40.0,147,true,523,37,40,1.7659574468085106,2.372340425531915,1.0,0.9574468085106383,1.0,2.35,2.7,1.0,0.925,1.0,1.506577968597412,
results/experiments_results_clique/n30/clq_n30_2x15.json,clq_n30_2x15.json,results/experiments_results_clique/n30,clique,50,30,,0.15,2x15,,74,96.1,44.0,44.0,781,44,44,68,86,100.8,36.0,36.0,36.0,36.0,133,true,480,34,36,1.6818181818181819,2.184090909090909,1.0,1.0,1.0,2.388888888888889,2.8,1.0,0.9444444444444444,1.0,1.4502580165863037,
results/experiments_results_clique/n30/clq_n30_20_5_5.json,clq_n30_20_5_5.json,results/experiments_results_clique/n30,clique,1,30,,0.15,20_5_5,,75,112.6,56.0,56.0,792,50,55,65,74,112.3,49.0,49.0,49.0,49.0,125,true,499,43,48,1.3392857142857142,2.0107142857142857,1.0,0.8928571428571429,0.9821428571428571,1.510204081632653,2.2918367346938773,1.0,0.8775510204081632,0.9795918367346939,1.5830540657043457,
results/experiments_results_clique/n30/clq_n30_20_5_5.json,clq_n30_20_5_5.json,results/experiments_results_clique/n30,clique,2,30,,0.15,20_5_5,,48,76.1,31.0,31.0,521,31,31,60,68,78.6,25.0,25.0,25.0,25.0,66,true,312,25,25,1.5483870967741935,2.454838709677419,1.0,1.0,1.0,2.72,3.1439999999999997,1.0,1.0,1.0,1.461493968963623,
results/experiments_results_clique/n30/clq_n30_20_5_5.json,clq_n30_20_5_5.json,results/experiments_results_clique/n30,clique,3,30,,0.15,20_5_5,,51,91.1,35.0,35.0,620,35,35,60,74,99.2,31.0,31.0,31.0,31.0,107,true,417,31,31,1.457142857142857,2.6028571428571428,1.0,1.0,1.0,2.3870967741935485,3.2,1.0,1.0,1.0,1.5898311138153076,
results/experiments_results_clique/n30/clq_n30_20_5_5.json,clq_n30_20_5_5.json,results/experiments_results_clique/n30,clique,4,30,,0.15,20_5_5,,56,98.9,43.0,43.0,692,40,42,55,74,102.6,39.0,39.0,39.0,39.0,106,true,476,38,38,1.302325581395349,2.3000000000000003,1.0,0.9302325581395349,0.9767441860465116,1.8974358974358974,2.6307692307692307,1.0,0.9743589743589743,0.9743589743589743,1.5639071464538574,
results/experiments_results_clique/n30/clq_n30_20_5_5.json,clq_n30_20_5_5.json,results/experiments_results_clique/n30,clique,5,30,,0.15,20_5_5,,54,112.7,49.0,49.0,786,48,47,65,88,112.3,42.0,42.0,42.0,42.0,144,true,493,42,42,1.1020408163265305,2.3000000000000003,1.0,0.9795918367346939,0.9591836734693877,2.0952380952380953,2.6738095238095236,1.0,1.0,1.0,1.5347530841827393,
results/experiments_results_clique/n30/clq_n30_20_5_5.json,clq_n30_20_5_5.json,results/experiments_results_clique/n30,clique,6,30,,0.15,20_5_5,,74,96.2,41.0,41.0,707,39,41,66,79,97.8,33.0,33.0,33.0,33.0,126,true,422,32,33,1.8048780487804879,2.346341463414634,1.0,0.9512195121951219,1.0,2.393939393939394,2.9636363636363634,1.0,0.9696969696969697,1.0,1.507436990737915,
results/experiments_results_clique/n30/clq_n30_20_5_5.json,clq_n30_20_5_5.json,results/experiments_results_clique/n30,clique,7,30,,0.15,20_5_5,,48,86.4,35.0,35.0,585,33,35,64,53,90.7,28.0,28.0,28.0,28.0,144,true,339,26,28,1.3714285714285714,2.468571428571429,1.0,0.9428571428571428,1.0,1.8928571428571428,3.2392857142857143,1.0,0.9285714285714286,1.0,1.5194180011749268,
results/experiments_results_clique/n30/clq_n30_20_5_5.json,clq_n30_20_5_5.json,results/experiments_results_clique/n30,clique,8,30,,0.15,20_5_5,,51,84.2,31.0,31.0,547,31,31,56,50,93.1,28.0,28.0,28.0,28.0,90,true,365,28,28,1.6451612903225807,2.7161290322580647,1.0,1.0,1.0,1.7857142857142858,3.3249999999999997,1.0,1.0,1.0,1.5623607635498047,
results/experiments_results_clique/n30/clq_n30_20_5_5.json,clq_n30_20_5_5.json,results/experiments_results_clique/n30,clique,9,30,,0.15,20_5_5,,74,109.5,46.0,46.0,722,42,45,67,60,104.6,35.0,35.0,35.0,35.0,117,true,429,31,34,1.608695652173913,2.380434782608696,1.0,0.9130434782608695,0.9782608695652174,1.7142857142857142,2.9885714285714284,1.0,0.8857142857142857,0.9714285714285714,1.492995023727417,
results/experiments_results_clique/n30/clq_n30_20_5_5.json,clq_n30_20_5_5.json,results/experiments_results_clique/n30,clique,10,30,,0.15,20_5_5,,61,108.4,48.0,48.0,757,47,48,70,68,110.7,41.0,41.0,41.0,41.0,150,true,465,41,40,1.2708333333333333,2.2583333333333333,1.0,0.9791666666666666,1.0,1.6585365853658536,2.7,1.0,1.0,0.975609756097561,1.4816818237304688,
results/experiments_results_clique/n30/clq_n30_20_5_5.json,clq_n30_20_5_5.json,results/experiments_results_clique/n30,clique,11,30,,0.15,20_5_5,,66,107.4,48.0,48.0,755,48,47,77,87,108.0,36.0,36.0,36.0,36.0,172,true,389,34,36,1.375,2.2375000000000003,1.0,1.0,0.9791666666666666,2.4166666666666665,3.0,1.0,0.9444444444444444,1.0,1.465479850769043,
results/experiments_results_clique/n30/clq_n30_20_5_5.json,clq_n30_20_5_5.json,results/experiments_results_clique/n30,clique,12,30,,0.15,20_5_5,,87,127.7,55.0,55.0,844,48,54,74,100,115.1,47.0,47.0,47.0,47.0,220,true,475,41,45,1.5818181818181818,2.321818181818182,1.0,0.8727272727272727,0.9818181818181818,2.127659574468085,2.448936170212766,1.0,0.8723404255319149,0.9574468085106383,1.516434907913208,
results/experiments_results_clique/n30/clq_n30_20_5_5.json,clq_n30_20_5_5.json,results/experiments_results_clique/n30,clique,13,30,,0.15,20_5_5,,68,112.6,48.0,48.0,816,46,48,64,88,112.3,38.0,38.0,38.0,38.0,115,true,467,38,38,1.4166666666666667,2.345833333333333,1.0,0.9583333333333334,1.0,2.3157894736842106,2.955263157894737,1.0,1.0,1.0,1.5413949489593506,
results/experiments_results_clique/n30/clq_n30_20_5_5.json,clq_n30_20_5_5.json,results/experiments_results_clique/n30,clique,14,30,,0.15,20_5_5,,69,101.5,42.0,42.0,640,42,42,60,84,98.7,34.0,34.0,34.0,34.0,92,true,380,34,34,1.6428571428571428,2.4166666666666665,1.0,1.0,1.0,2.4705882352941178,2.902941176470588,1.0,1.0,1.0,1.5699560642242432,
results/experiments_results_clique/n30/clq_n30_20_5_5.json,clq_n30_20_5_5.json,results/experiments_results_clique/n30,clique,15,30,,0.15,20_5_5,,76,109.2,47.0,47.0,754,46,47,46,85,110.4,42.0,42.0,42.0,42.0,65,true,532,41,42,1.6170212765957446,2.323404255319149,1.0,0.9787234042553191,1.0,2.0238095238095237,2.6285714285714286,1.0,0.9761904761904762,1.0,1.6245489120483398,
results/experiments_results_clique/n30/clq_n30_20_5_5.json,clq_n30_20_5_5.json,results/experiments_results_clique/n30,clique,16,30,,0.15,20_5_5,,79,118.4,44.0,44.0,717,38,43,69,94,114.8,39.0,39.0,39.0,39.0,159,false,459,36,38,1.7954545454545454,2.690909090909091,1.0,0.8636363636363636,0.9772727272727273,2.41025641025641,2.9435897435897433,1.0,0.9230769230769231,0.9743589743589743,1.472640037536621,
results/experiments_results_clique/n30/clq_n30_20_5_5.json,clq_n30_20_5_5.json,results/experiments_results_clique/n30,clique,17,30,,0.15,20_5_5,,34,70.9,34.0,34.0,539,34,34,65,61,84.5,30.0,30.0,30.0,30.0,93,true,362,30,30,1.0,2.085294117647059,1.0,1.0,1.0,2.033333333333333,2.816666666666667,1.0,1.0,1.0,1.493082046508789,
results/experiments_results_clique/n30/clq_n30_20_5_5.json,clq_n30_20_5_5.json,results/experiments_results_clique/n30,clique,18,30,,0.15,20_5_5,,69,98.8,41.0,41.0,688,40,41,69,69,100.5,33.0,33.0,33.0,33.0,91,true,418,32,33,1.6829268292682926,2.4097560975609755,1.0,0.975609756097561,1.0,2.090909090909091,3.0454545454545454,1.0,0.9696969696969697,1.0,1.5165770053863525,
results/experiments_results_clique/n30/clq_n30_20_5_5.json,clq_n30_20_5_5.json,results/experiments_results_clique/n30,clique,19,30,,0.15,20_5_5,,57,98.3,42.0,42.0,618,39,41,68,68,101.0,37.0,37.0,37.0,37.0,126,true,385,34,37,1.3571428571428572,2.3404761904761906,1.0,0.9285714285714286,0.9761904761904762,1.837837837837838,2.72972972972973,1.0,0.918918918918919,1.0,1.4849638938903809,
results/experiments_results_clique/n30/clq_n30_20_5_5.json,clq_n30_20_5_5.json,results/experiments_results_clique/n30,clique,20,30,,0.15,20_5_5,,62,105.0,45.0,45.0,684,43,43,64,71,104.3,37.0,37.0,37.0,37.0,130,true,428,35,37,1.3777777777777778,2.3333333333333335,1.0,0.9555555555555556,0.9555555555555556,1.9189189189189189,2.8189189189189188,1.0,0.9459459459459459,1.0,1.5242218971252441,
results/experiments_results_clique/n30/clq_n30_20_5_5.json,clq_n30_20_5_5.json,results/experiments_results_clique/n30,clique,21,30,,0.15,20_5_5,,55,106.9,42.0,42.0,746,42,42,63,65,106.1,37.0,37.0,37.0,37.0,157,true,471,35,37,1.3095238095238095,2.5452380952380955,1.0,1.0,1.0,1.7567567567567568,2.8675675675675674,1.0,0.9459459459459459,1.0,1.5523290634155273,
results/experiments_results_clique/n30/clq_n30_20_5_5.json,clq_n30_20_5_5.json,results/experiments_results_clique/n30,clique,22,30,,0.15,20_5_5,,38,90.0,36.0,36.0,614,36,36,76,65,95.6,27.0,27.0,27.0,27.0,127,true,310,27,27,1.0555555555555556,2.5,1.0,1.0,1.0,2.4074074074074074,3.5407407407407407,1.0,1.0,1.0,1.4582140445709229,
results/experiments_results_clique/n30/clq_n30_20_5_5.json,clq_n30_20_5_5.json,results/experiments_results_clique/n30,clique,23,30,,0.15,20_5_5,,72,108.2,42.0,42.0,704,41,42,57,76,103.0,36.0,36.0,36.0,36.0,107,true,457,35,36,1.7142857142857142,2.5761904761904764,1.0,0.9761904761904762,1.0,2.111111111111111,2.861111111111111,1.0,0.9722222222222222,1.0,1.5242538452148438,
results/experiments_results_clique/n30/clq_n30_20_5_5.json,clq_n30_20_5_5.json,results/experiments_results_clique/n30,clique,24,30,,0.15,20_5_5,,66,87.8,33.0,33.0,587,33,33,63,69,94.1,29.0,29.0,29.0,29.0,125,true,347,28,29,2.0,2.6606060606060606,1.0,1.0,1.0,2.3793103448275863,3.2448275862068963,1.0,0.9655172413793104,1.0,1.5188279151916504,
results/experiments_results_clique/n30/clq_n30_20_5_5.json,clq_n30_20_5_5.json,results/experiments_results_clique/n30,clique,25,30,,0.15,20_5_5,,55,105.4,41.0,41.0,701,40,41,66,91,112.1,35.0,35.0,35.0,35.0,101,true,466,34,35,1.3414634146341464,2.5707317073170732,1.0,0.975609756097561,1.0,2.6,3.202857142857143,1.0,0.9714285714285714,1.0,1.4765245914459229,
results/experiments_results_clique/n30/clq_n30_20_5_5.json,clq_n30_20_5_5.json,results/experiments_results_clique/n30,clique,26,30,,0.15,20_5_5,,40,96.3,40.0,40.0,584,39,40,46,66,96.9,33.0,33.0,33.0,33.0,77,true,373,32,33,1.0,2.4074999999999998,1.0,0.975,1.0,2.0,2.9363636363636365,1.0,0.9696969696969697,1.0,1.5792901515960693,
results/experiments_results_clique/n30/clq_n30_20_5_5.json,clq_n30_20_5_5.json,results/experiments_results_clique/n30,clique,27,30,,0.15,20_5_5,,44,86.2,37.0,37.0,585,37,37,62,56,88.4,31.0,31.0,31.0,31.0,139,true,368,31,31,1.1891891891891893,2.32972972972973,1.0,1.0,1.0,1.8064516129032258,2.851612903225807,1.0,1.0,1.0,1.4765000343322754,
results/experiments_results_clique/n30/clq_n30_20_5_5.json,clq_n30_20_5_5.json,results/experiments_results_clique/n30,clique,28,30,,0.15,20_5_5,,80,111.1,48.0,48.0,680,46,47,68,80,108.9,40.0,40.0,40.0,40.0,149,true,429,39,40,1.6666666666666667,2.314583333333333,1.0,0.9583333333333334,0.9791666666666666,2.0,2.7225,1.0,0.975,1.0,1.471013069152832,
results/experiments_results_clique/n30/clq_n30_20_5_5.json,clq_n30_20_5_5.json,results/experiments_results_clique/n30,clique,29,30,,0.15,20_5_5,,66,92.3,44.0,44.0,611,44,44,54,70,96.0,39.0,39.0,39.0,39.0,106,true,401,38,39,1.5,2.0977272727272727,1.0,1.0,1.0,1.794871794871795,2.4615384615384617,1.0,0.9743589743589743,1.0,1.5853240489959717,
results/experiments_results_clique/n30/clq_n30_20_5_5.json,clq_n30_20_5_5.json,results/experiments_results_clique/n30,clique,30,30,,0.15,20_5_5,,87,110.5,52.0,52.0,752,51,51,61,85,105.7,44.0,44.0,44.0,44.0,97,true,478,43,43,1.6730769230769231,2.125,1.0,0.9807692307692307,0.9807692307692307,1.9318181818181819,2.4022727272727273,1.0,0.9772727272727273,0.9772727272727273,1.563706874847412,
results/experiments_results_clique/n30/clq_n30_20_5_5.json,clq_n30_20_5_5.json,results/experiments_results_clique/n30,clique,31,30,,0.15,20_5_5,,60,100.1,46.0,46.0,728,46,46,72,72,102.3,39.0,39.0,39.0,39.0,164,true,432,39,39,1.3043478260869565,2.176086956521739,1.0,1.0,1.0,1.8461538461538463,2.623076923076923,1.0,1.0,1.0,1.4203336238861084,
results/experiments_results_clique/n30/clq_n30_20_5_5.json,clq_n30_20_5_5.json,results/experiments_results_clique/n30,clique,32,30,,0.15,20_5_5,,81,113.7,49.0,49.0,742,45,47,68,64,102.4,40.0,40.0,40.0,40.0,133,true,438,37,40,1.653061224489796,2.320408163265306,1.0,0.9183673469387755,0.9591836734693877,1.6,2.56,1.0,0.925,1.0,1.4695661067962646,
results/experiments_results_clique/n30/clq_n30_20_5_5.json,clq_n30_20_5_5.json,results/experiments_results_clique/n30,clique,33,30,,0.15,20_5_5,,83,111.8,45.0,45.0,699,44,45,58,72,106.6,36.0,36.0,36.0,36.0,127,true,443,35,36,1.8444444444444446,2.4844444444444442,1.0,0.9777777777777777,1.0,2.0,2.961111111111111,1.0,0.9722222222222222,1.0,1.4755971431732178,
results/experiments_results_clique/n30/clq_n30_20_5_5.json,clq_n30_20_5_5.json,results/experiments_results_clique/n30,clique,34,30,,0.15,20_5_5,,64,96.6,39.0,39.0,596,38,39,56,68,96.5,34.0,34.0,34.0,34.0,79,true,403,33,34,1.641025641025641,2.4769230769230766,1.0,0.9743589743589743,1.0,2.0,2.838235294117647,1.0,0.9705882352941176,1.0,1.474539041519165,
results/experiments_results_clique/n30/clq_n30_20_5_5.json,clq_n30_20_5_5.json,results/experiments_results_clique/n30,clique,35,30,,0.15,20_5_5,,62,108.4,42.0,42.0,662,40,41,70,77,113.8,33.0,33.0,33.0,33.0,131,true,369,32,33,1.4761904761904763,2.580952380952381,1.0,0.9523809523809523,0.9761904761904762,2.3333333333333335,3.4484848484848483,1.0,0.9696969696969697,1.0,1.4011099338531494,
results/experiments_results_clique/n30/clq_n30_20_5_5.json,clq_n30_20_5_5.json,results/experiments_results_clique/n30,clique,36,30,,0.15,20_5_5,,60,100.4,41.0,41.0,657,41,40,63,61,98.7,34.0,34.0,34.0,34.0,134,true,396,32,34,1.4634146341463414,2.448780487804878,1.0,1.0,0.975609756097561,1.7941176470588236,2.902941176470588,1.0,0.9411764705882353,1.0,1.448974847793579,
results/experiments_results_clique/n30/clq_n30_20_5_5.json,clq_n30_20_5_5.json,results/experiments_results_clique/n30,clique,37,30,,0.15,20_5_5,,57,93.9,40.0,40.0,608,38,39,71,70,95.5,30.0,30.0,30.0,30.0,139,true,325,29,29,1.425,2.3475,1.0,0.95,0.975,2.3333333333333335,3.183333333333333,1.0,0.9666666666666667,0.9666666666666667,1.3944151401519775,
results/experiments_results_clique/n30/clq_n30_20_5_5.json,clq_n30_20_5_5.json,results/experiments_results_clique/n30,clique,38,30,,0.15,20_5_5,,64,87.3,36.0,36.0,574,35,36,73,37,92.4,32.0,32.0,32.0,32.0,160,true,329,31,32,1.7777777777777777,2.425,1.0,0.9722222222222222,1.0,1.15625,2.8875,1.0,0.96875,1.0,1.3584949970245361,
results/experiments_results_clique/n30/clq_n30_20_5_5.json,clq_n30_20_5_5.json,results/experiments_results_clique/n30,clique,39,30,,0.15,20_5_5,,64,102.7,43.0,43.0,721,42,41,67,66,108.3,34.0,34.0,34.0,34.0,105,true,423,34,34,1.4883720930232558,2.3883720930232557,1.0,0.9767441860465116,0.9534883720930233,1.9411764705882353,3.1852941176470586,1.0,1.0,1.0,1.423691987991333,
results/experiments_results_clique/n30/clq_n30_20_5_5.json,clq_n30_20_5_5.json,results/experiments_results_clique/n30,clique,40,30,,0.15,20_5_5,,59,106.8,49.0,49.0,734,46,48,73,86,104.8,40.0,40.0,40.0,40.0,175,true,432,38,40,1.2040816326530612,2.179591836734694,1.0,0.9387755102040817,0.9795918367346939,2.15,2.62,1.0,0.95,1.0,1.4512839317321777,
results/experiments_results_clique/n30/clq_n30_20_5_5.json,clq_n30_20_5_5.json,results/experiments_results_clique/n30,clique,31,30,,0.15,20_5_5,,60,100.1,46.0,46.0,728,46,46,72,72,102.3,39.0,39.0,39.0,39.0,164,true,432,39,39,1.3043478260869565,2.176086956521739,1.0,1.0,1.0,1.8461538461538463,2.623076923076923,1.0,1.0,1.0,1.4799449443817139,
results/experiments_results_clique/n30/clq_n30_20_5_5.json,clq_n30_20_5_5.json,results/experiments_results_clique/n30,clique,32,30,,0.15,20_5_5,,81,113.7,49.0,49.0,742,45,47,68,64,102.4,40.0,40.0,40.0,40.0,133,true,438,37,40,1.653061224489796,2.320408163265306,1.0,0.9183673469387755,0.9591836734693877,1.6,2.56,1.0,0.925,1.0,1.4709770679473877,
results/experiments_results_clique/n30/clq_n30_20_5_5.json,clq_n30_20_5_5.json,results/experiments_results_clique/n30,clique,33,30,,0.15,20_5_5,,83,111.8,45.0,45.0,699,44,45,58,72,106.6,36.0,36.0,36.0,36.0,127,true,443,35,36,1.8444444444444446,2.4844444444444442,1.0,0.9777777777777777,1.0,2.0,2.961111111111111,1.0,0.9722222222222222,1.0,1.547569751739502,
results/experiments_results_clique/n30/clq_n30_20_5_5.json,clq_n30_20_5_5.json,results/experiments_results_clique/n30,clique,34,30,,0.15,20_5_5,,64,96.6,39.0,39.0,596,38,39,56,68,96.5,34.0,34.0,34.0,34.0,79,true,403,33,34,1.641025641025641,2.4769230769230766,1.0,0.9743589743589743,1.0,2.0,2.838235294117647,1.0,0.9705882352941176,1.0,1.5303459167480469,
results/experiments_results_clique/n30/clq_n30_20_5_5.json,clq_n30_20_5_5.json,results/experiments_results_clique/n30,clique,35,30,,0.15,20_5_5,,62,108.4,42.0,42.0,662,40,41,70,77,113.8,33.0,33.0,33.0,33.0,131,true,369,32,33,1.4761904761904763,2.580952380952381,1.0,0.9523809523809523,0.9761904761904762,2.3333333333333335,3.4484848484848483,1.0,0.9696969696969697,1.0,1.4724617004394531,
results/experiments_results_clique/n30/clq_n30_20_5_5.json,clq_n30_20_5_5.json,results/experiments_results_clique/n30,clique,36,30,,0.15,20_5_5,,60,100.4,41.0,41.0,657,41,40,63,61,98.7,34.0,34.0,34.0,34.0,134,true,396,32,34,1.4634146341463414,2.448780487804878,1.0,1.0,0.975609756097561,1.7941176470588236,2.902941176470588,1.0,0.9411764705882353,1.0,1.515822172164917,
results/experiments_results_clique/n30/clq_n30_20_5_5.json,clq_n30_20_5_5.json,results/experiments_results_clique/n30,clique,37,30,,0.15,20_5_5,,57,93.9,40.0,40.0,608,38,39,71,70,95.5,30.0,30.0,30.0,30.0,139,true,325,29,29,1.425,2.3475,1.0,0.95,0.975,2.3333333333333335,3.183333333333333,1.0,0.9666666666666667,0.9666666666666667,1.4308700561523438,
results/experiments_results_clique/n30/clq_n30_20_5_5.json,clq_n30_20_5_5.json,results/experiments_results_clique/n30,clique,38,30,,0.15,20_5_5,,64,87.3,36.0,36.0,574,35,36,73,37,92.4,32.0,32.0,32.0,32.0,160,true,329,31,32,1.7777777777777777,2.425,1.0,0.9722222222222222,1.0,1.15625,2.8875,1.0,0.96875,1.0,1.423785924911499,
results/experiments_results_clique/n30/clq_n30_20_5_5.json,clq_n30_20_5_5.json,results/experiments_results_clique/n30,clique,39,30,,0.15,20_5_5,,64,102.7,43.0,43.0,721,42,41,67,66,108.3,34.0,34.0,34.0,34.0,105,true,423,34,34,1.4883720930232558,2.3883720930232557,1.0,0.9767441860465116,0.9534883720930233,1.9411764705882353,3.1852941176470586,1.0,1.0,1.0,1.4940440654754639,
results/experiments_results_clique/n30/clq_n30_20_5_5.json,clq_n30_20_5_5.json,results/experiments_results_clique/n30,clique,40,30,,0.15,20_5_5,,59,106.8,49.0,49.0,734,46,48,73,86,104.8,40.0,40.0,40.0,40.0,175,true,432,38,40,1.2040816326530612,2.179591836734694,1.0,0.9387755102040817,0.9795918367346939,2.15,2.62,1.0,0.95,1.0,1.4805488586425781,
results/experiments_results_clique/n30/clq_n30_20_5_5.json,clq_n30_20_5_5.json,results/experiments_results_clique/n30,clique,41,30,,0.15,20_5_5,,54,87.0,41.0,41.0,709,39,41,50,49,90.9,36.0,36.0,36.0,36.0,98,true,487,34,36,1.3170731707317074,2.1219512195121952,1.0,0.9512195121951219,1.0,1.3611111111111112,2.5250000000000004,1.0,0.9444444444444444,1.0,1.5641751289367676,
results/experiments_results_clique/n30/clq_n30_20_5_5.json,clq_n30_20_5_5.json,results/experiments_results_clique/n30,clique,42,30,,0.15,20_5_5,,73,105.9,45.0,45.0,669,41,43,78,69,99.8,37.0,37.0,37.0,37.0,111,true,369,34,36,1.6222222222222222,2.3533333333333335,1.0,0.9111111111111111,0.9555555555555556,1.864864864864865,2.6972972972972973,1.0,0.918918918918919,0.972972972972973,1.3925490379333496,
results/experiments_results_clique/n30/clq_n30_20_5_5.json,clq_n30_20_5_5.json,results/experiments_results_clique/n30,clique,43,30,,0.15,20_5_5,,58,101.3,42.0,42.0,725,38,41,67,77,109.2,39.0,39.0,39.0,39.0,150,true,501,35,38,1.380952380952381,2.4119047619047618,1.0,0.9047619047619048,0.9761904761904762,1.9743589743589745,2.8000000000000003,1.0,0.8974358974358975,0.9743589743589743,1.4508378505706787,
results/experiments_results_clique/n30/clq_n30_20_5_5.json,clq_n30_20_5_5.json,results/experiments_results_clique/n30,clique,44,30,,0.15,20_5_5,,63,97.7,46.0,46.0,723,44,45,64,65,105.5,40.0,40.0,40.0,40.0,148,true,459,38,40,1.3695652173913044,2.123913043478261,1.0,0.9565217391304348,0.9782608695652174,1.625,2.6375,1.0,0.95,1.0,1.4574370384216309,
results/experiments_results_clique/n30/clq_n30_20_5_5.json,clq_n30_20_5_5.json,results/experiments_results_clique/n30,clique,45,30,,0.15,20_5_5,,73,103.6,41.0,41.0,676,41,41,71,68,94.8,35.0,35.0,35.0,35.0,135,true,401,35,35,1.7804878048780488,2.526829268292683,1.0,1.0,1.0,1.9428571428571428,2.7085714285714286,1.0,1.0,1.0,1.4279301166534424,
results/experiments_results_clique/n30/clq_n30_20_5_5.json,clq_n30_20_5_5.json,results/experiments_results_clique/n30,clique,46,30,,0.15,20_5_5,,63,97.9,40.0,40.0,648,39,40,69,69,93.5,34.0,34.0,34.0,34.0,163,true,380,34,34,1.575,2.4475000000000002,1.0,0.975,1.0,2.0294117647058822,2.75,1.0,1.0,1.0,1.437209129333496,
results/experiments_results_clique/n30/clq_n30_20_5_5.json,clq_n30_20_5_5.json,results/experiments_results_clique/n30,clique,47,30,,0.15,20_5_5,,69,90.4,39.0,39.0,629,37,39,70,73,96.1,32.0,32.0,32.0,32.0,91,true,385,32,32,1.7692307692307692,2.317948717948718,1.0,0.9487179487179487,1.0,2.28125,3.003125,1.0,1.0,1.0,1.411177158355713,
results/experiments_results_clique/n30/clq_n30_20_5_5.json,clq_n30_20_5_5.json,results/experiments_results_clique/n30,clique,48,30,,0.15,20_5_5,,37,82.3,35.0,35.0,625,35,35,67,77,97.0,31.0,31.0,31.0,31.0,168,true,378,31,31,1.0571428571428572,2.3514285714285714,1.0,1.0,1.0,2.4838709677419355,3.129032258064516,1.0,1.0,1.0,1.409452199935913,
results/experiments_results_clique/n30/clq_n30_20_5_5.json,clq_n30_20_5_5.json,results/experiments_results_clique/n30,clique,49,30,,0.15,20_5_5,,84,105.2,46.0,46.0,741,46,46,65,75,100.9,39.0,39.0,39.0,39.0,102,true,455,36,39,1.826086956521739,2.2869565217391306,1.0,1.0,1.0,1.9230769230769231,2.5871794871794873,1.0,0.9230769230769231,1.0,1.4550740718841553,
results/experiments_results_clique/n30/clq_n30_20_5_5.json,clq_n30_20_5_5.json,results/experiments_results_clique/n30,clique,50,30,,0.15,20_5_5,,75,122.5,54.0,54.0,851,50,52,68,92,124.8,47.0,47.0,47.0,47.0,147,true,540,41,46,1.3888888888888888,2.2685185185185186,1.0,0.9259259259259259,0.9629629629629629,1.9574468085106382,2.65531914893617,1.0,0.8723404255319149,0.9787234042553191,1.4767208099365234,
results/experiments_results_clique/n20/clq_n20_4x5.json,clq_n20_4x5.json,results/experiments_results_clique/n20,clique,41,20,,0.15,4x5,,20,33.2,17.0,17.0,113,13,15,21,20,30.8,15.0,15.0,15.0,15.0,4,true,88,12,14,1.1764705882352942,1.9529411764705884,1.0,0.7647058823529411,0.8823529411764706,1.3333333333333333,2.0533333333333332,1.0,0.8,0.9333333333333333,0.35280609130859375,
results/experiments_results_clique/n20/clq_n20_4x5.json,clq_n20_4x5.json,results/experiments_results_clique/n20,clique,42,20,,0.15,4x5,,25,33.7,18.0,18.0,89,12,16,29,18,24.1,14.0,14.0,14.0,14.0,5,true,51,10,12,1.3888888888888888,1.8722222222222225,1.0,0.6666666666666666,0.8888888888888888,1.2857142857142858,1.7214285714285715,1.0,0.7142857142857143,0.8571428571428571,0.34233808517456055,
results/experiments_results_clique/n20/clq_n20_4x5.json,clq_n20_4x5.json,results/experiments_results_clique/n20,clique,43,20,,0.15,4x5,,15,27.2,14.0,14.0,99,13,14,29,16,25.7,12.0,12.0,12.0,12.0,8,true,72,10,11,1.0714285714285714,1.9428571428571428,1.0,0.9285714285714286,1.0,1.3333333333333333,2.1416666666666666,1.0,0.8333333333333334,0.9166666666666666,0.33217501640319824,
results/experiments_results_clique/n20/clq_n20_4x5.json,clq_n20_4x5.json,results/experiments_results_clique/n20,clique,44,20,,0.15,4x5,,21,26.7,14.0,14.0,85,10,14,24,18,25.2,13.0,13.0,13.0,13.0,2,true,57,10,13,1.5,1.907142857142857,1.0,0.7142857142857143,1.0,1.3846153846153846,1.9384615384615385,1.0,0.7692307692307693,1.0,0.3417048454284668,
results/experiments_results_clique/n20/clq_n20_4x5.json,clq_n20_4x5.json,results/experiments_results_clique/n20,clique,45,20,,0.15,4x5,,17,29.6,17.0,17.0,114,12,14,25,21,29.3,16.0,16.0,16.0,16.0,4,true,85,12,11,1.0,1.7411764705882353,1.0,0.7058823529411765,0.8235294117647058,1.3125,1.83125,1.0,0.75,0.6875,0.3555450439453125,
results/experiments_results_clique/n20/clq_n20_4x5.json,clq_n20_4x5.json,results/experiments_results_clique/n20,clique,46,20,,0.15,4x5,,22,30.6,17.0,17.0,119,14,17,29,22,26.3,15.0,15.0,15.0,15.0,11,true,77,12,15,1.2941176470588236,1.8,1.0,0.8235294117647058,1.0,1.4666666666666666,1.7533333333333334,1.0,0.8,1.0,0.3333141803741455,
results/experiments_results_clique/n20/clq_n20_4x5.json,clq_n20_4x5.json,results/experiments_results_clique/n20,clique,47,20,,0.15,4x5,,30,39.3,21.0,21.0,148,17,20,30,24,30.6,17.0,17.0,17.0,17.0,3,true,88,13,15,1.4285714285714286,1.8714285714285712,1.0,0.8095238095238095,0.9523809523809523,1.411764705882353,1.8,1.0,0.7647058823529411,0.8823529411764706,0.3348221778869629,
results/experiments_results_clique/n20/clq_n20_4x5.json,clq_n20_4x5.json,results/experiments_results_clique/n20,clique,48,20,,0.15,4x5,,32,35.9,20.0,20.0,123,18,19,28,28,29.9,16.0,16.0,16.0,16.0,8,true,73,14,15,1.6,1.795,1.0,0.9,0.95,1.75,1.86875,1.0,0.875,0.9375,0.31894993782043457,
results/experiments_results_clique/n20/clq_n20_4x5.json,clq_n20_4x5.json,results/experiments_results_clique/n20,clique,49,20,,0.15,4x5,,12,22.5,12.0,12.0,79,10,11,31,17,20.3,9.0,9.0,9.0,9.0,1,true,43,7,9,1.0,1.875,1.0,0.8333333333333334,0.9166666666666666,1.8888888888888888,2.2555555555555555,1.0,0.7777777777777778,1.0,0.3711259365081787,
results/experiments_results_clique/n20/clq_n20_4x5.json,clq_n20_4x5.json,results/experiments_results_clique/n20,clique,50,20,,0.15,4x5,,32,43.5,25.0,25.0,175,20,22,32,24,31.9,19.0,19.0,19.0,19.0,11,true,96,14,18,1.28,1.74,1.0,0.8,0.88,1.263157894736842,1.6789473684210525,1.0,0.7368421052631579,0.9473684210526315,0.33836793899536133,
results/experiments_results_clique/n20/clq_n20_7_7_6.json,clq_n20_7_7_6.json,results/experiments_results_clique/n20,clique,41,20,,0.15,7_6_7,,14,30.0,14.0,14.0,142,13,14,21,14,30.5,12.0,12.0,12.0,12.0,1,true,106,12,12,1.0,2.142857142857143,1.0,0.9285714285714286,1.0,1.1666666666666667,2.5416666666666665,1.0,1.0,1.0,0.3649418354034424,
results/experiments_results_clique/n20/clq_n20_7_7_6.json,clq_n20_7_7_6.json,results/experiments_results_clique/n20,clique,42,20,,0.15,7_6_7,,27,40.4,18.0,18.0,136,16,17,29,24,33.6,16.0,16.0,16.0,16.0,11,true,80,13,15,1.5,2.2444444444444445,1.0,0.8888888888888888,0.9444444444444444,1.5,2.1,1.0,0.8125,0.9375,0.3277719020843506,
results/experiments_results_clique/n20/clq_n20_7_7_6.json,clq_n20_7_7_6.json,results/experiments_results_clique/n20,clique,43,20,,0.15,7_6_7,,14,27.4,13.0,13.0,118,12,13,29,21,29.6,12.0,12.0,12.0,12.0,10,true,83,11,12,1.0769230769230769,2.1076923076923078,1.0,0.9230769230769231,1.0,1.75,2.466666666666667,1.0,0.9166666666666666,1.0,0.3279151916503906,
results/experiments_results_clique/n20/clq_n20_7_7_6.json,clq_n20_7_7_6.json,results/experiments_results_clique/n20,clique,44,20,,0.15,7_6_7,,15,26.6,13.0,13.0,95,10,13,24,14,24.5,11.0,11.0,11.0,11.0,3,true,63,8,10,1.1538461538461537,2.0461538461538464,1.0,0.7692307692307693,1.0,1.2727272727272727,2.227272727272727,1.0,0.7272727272727273,0.9090909090909091,0.35334300994873047,
results/experiments_results_clique/n20/clq_n20_7_7_6.json,clq_n20_7_7_6.json,results/experiments_results_clique/n20,clique,45,20,,0.15,7_6_7,,15,25.2,12.0,12.0,105,11,11,25,15,24.9,11.0,11.0,11.0,11.0,4,true,78,10,11,1.25,2.1,1.0,0.9166666666666666,0.9166666666666666,1.3636363636363635,2.2636363636363637,1.0,0.9090909090909091,1.0,0.33385801315307617,
results/experiments_results_clique/n20/clq_n20_7_7_6.json,clq_n20_7_7_6.json,results/experiments_results_clique/n20,clique,46,20,,0.15,7_6_7,,26,34.6,18.0,18.0,157,17,18,29,27,32.1,16.0,16.0,16.0,16.0,11,true,102,15,16,1.4444444444444444,1.9222222222222223,1.0,0.9444444444444444,1.0,1.6875,2.00625,1.0,0.9375,1.0,0.3304598331451416,
results/experiments_results_clique/n20/clq_n20_7_7_6.json,clq_n20_7_7_6.json,results/experiments_results_clique/n20,clique,47,20,,0.15,7_6_7,,20,39.3,18.0,18.0,155,17,18,30,19,28.3,12.0,13.0,12.0,13.0,4,true,83,10,12,1.1111111111111112,2.183333333333333,1.0,0.9444444444444444,1.0,1.4615384615384615,2.176923076923077,1.0,0.7692307692307693,0.9230769230769231,0.3502838611602783,
results/experiments_results_clique/n20/clq_n20_7_7_6.json,clq_n20_7_7_6.json,results/experiments_results_clique/n20,clique,48,20,,0.15,7_6_7,,32,41.3,21.0,21.0,179,18,20,28,24,33.4,16.0,16.0,16.0,16.0,11,true,99,15,16,1.5238095238095237,1.9666666666666666,1.0,0.8571428571428571,0.9523809523809523,1.5,2.0875,1.0,0.9375,1.0,0.33999109268188477,
results/experiments_results_clique/n20/clq_n20_7_7_6.json,clq_n20_7_7_6.json,results/experiments_results_clique/n20,clique,49,20,,0.15,7_6_7,,20,27.5,16.0,16.0,102,14,15,31,14,19.1,10.0,10.0,10.0,10.0,7,true,47,8,9,1.25,1.71875,1.0,0.875,0.9375,1.4,1.9100000000000001,1.0,0.8,0.9,0.3173069953918457,
results/experiments_results_clique/n20/clq_n20_7_7_6.json,clq_n20_7_7_6.json,results/experiments_results_clique/n20,clique,50,20,,0.15,7_6_7,,35,43.5,22.0,22.0,195,19,22,32,27,36.5,18.0,18.0,18.0,18.0,17,true,125,14,18,1.5909090909090908,1.9772727272727273,1.0,0.8636363636363636,1.0,1.5,2.0277777777777777,1.0,0.7777777777777778,1.0,0.31713390350341797,
results/experiments_results_clique/n20/clq_n20_2x10.json,clq_n20_2x10.json,results/experiments_results_clique/n20,clique,41,20,,0.15,2x10,,12,26.6,12.0,12.0,129,12,12,21,11,34.9,11.0,11.0,11.0,11.0,11,true,102,11,11,1.0,2.216666666666667,1.0,1.0,1.0,1.0,3.1727272727272724,1.0,1.0,1.0,0.4009969234466553,
results/experiments_results_clique/n20/clq_n20_2x10.json,clq_n20_2x10.json,results/experiments_results_clique/n20,clique,42,20,,0.15,2x10,,21,40.5,18.0,18.0,171,17,18,29,31,42.7,18.0,18.0,18.0,18.0,26,true,118,17,18,1.1666666666666667,2.25,1.0,0.9444444444444444,1.0,1.7222222222222223,2.3722222222222222,1.0,0.9444444444444444,1.0,0.3380000591278076,
results/experiments_results_clique/n20/clq_n20_2x10.json,clq_n20_2x10.json,results/experiments_results_clique/n20,clique,43,20,,0.15,2x10,,10,21.9,10.0,10.0,121,10,10,29,13,29.4,9.0,9.0,9.0,9.0,10,true,85,9,9,1.0,2.19,1.0,1.0,1.0,1.4444444444444444,3.2666666666666666,1.0,1.0,1.0,0.32822108268737793,
results/experiments_results_clique/n20/clq_n20_2x10.json,clq_n20_2x10.json,results/experiments_results_clique/n20,clique,44,20,,0.15,2x10,,22,39.6,17.0,17.0,172,14,16,24,23,37.7,15.0,15.0,15.0,15.0,6,true,118,12,14,1.2941176470588236,2.3294117647058825,1.0,0.8235294117647058,0.9411764705882353,1.5333333333333334,2.5133333333333336,1.0,0.8,0.9333333333333333,0.3789949417114258,
results/experiments_results_clique/n20/clq_n20_2x10.json,clq_n20_2x10.json,results/experiments_results_clique/n20,clique,45,20,,0.15,2x10,,30,41.0,18.0,18.0,212,18,18,25,31,42.4,17.0,17.0,17.0,17.0,13,true,159,17,17,1.6666666666666667,2.2777777777777777,1.0,1.0,1.0,1.8235294117647058,2.4941176470588236,1.0,1.0,1.0,0.3472261428833008,
results/experiments_results_clique/n20/clq_n20_2x10.json,clq_n20_2x10.json,results/experiments_results_clique/n20,clique,46,20,,0.15,2x10,,16,30.1,16.0,16.0,175,16,16,29,19,32.9,14.0,14.0,14.0,14.0,25,true,113,14,14,1.0,1.88125,1.0,1.0,1.0,1.3571428571428572,2.35,1.0,1.0,1.0,0.33115696907043457,
results/experiments_results_clique/n20/clq_n20_2x10.json,clq_n20_2x10.json,results/experiments_results_clique/n20,clique,47,20,,0.15,2x10,,28,46.6,20.0,20.0,223,20,20,30,32,42.2,16.0,16.0,16.0,16.0,5,true,139,16,16,1.4,2.33,1.0,1.0,1.0,2.0,2.6375,1.0,1.0,1.0,0.3346128463745117,
results/experiments_results_clique/n20/clq_n20_2x10.json,clq_n20_2x10.json,results/experiments_results_clique/n20,clique,48,20,,0.15,2x10,,40,54.7,27.0,27.0,274,25,26,28,41,51.8,23.0,23.0,23.0,23.0,37,true,171,21,23,1.4814814814814814,2.025925925925926,1.0,0.9259259259259259,0.9629629629629629,1.7826086956521738,2.252173913043478,1.0,0.9130434782608695,1.0,0.3308689594268799,
results/experiments_results_clique/n20/clq_n20_2x10.json,clq_n20_2x10.json,results/experiments_results_clique/n20,clique,49,20,,0.15,2x10,,19,31.3,18.0,18.0,182,16,18,31,28,34.6,13.0,13.0,13.0,13.0,12,true,102,11,13,1.0555555555555556,1.738888888888889,1.0,0.8888888888888888,1.0,2.1538461538461537,2.661538461538462,1.0,0.8461538461538461,1.0,0.3099188804626465,
results/experiments_results_clique/n20/clq_n20_2x10.json,clq_n20_2x10.json,results/experiments_results_clique/n20,clique,50,20,,0.15,2x10,,22,41.6,22.0,22.0,255,20,22,32,30,40.2,17.0,17.0,17.0,17.0,30,true,148,16,17,1.0,1.8909090909090909,1.0,0.9090909090909091,1.0,1.7647058823529411,2.364705882352941,1.0,0.9411764705882353,1.0,0.33281993865966797,
results/experiments_results_clique/n10/clq_n10_2x5.json,clq_n10_2x5.json,results/experiments_results_clique/n10,clique,41,10,,0.15,2x5,,3,7.9,3.0,3.0,24,3,3,4,3,7.5,3.0,3.0,3.0,3.0,3,true,17,3,3,1.0,2.6333333333333333,1.0,1.0,1.0,1.0,2.5,1.0,1.0,1.0,0.07482576370239258,
results/experiments_results_clique/n10/clq_n10_2x5.json,clq_n10_2x5.json,results/experiments_results_clique/n10,clique,42,10,,0.15,2x5,,4,5.4,4.0,4.0,25,4,4,5,3,5.6,3.0,3.0,3.0,3.0,0,true,15,3,3,1.0,1.35,1.0,1.0,1.0,1.0,1.8666666666666665,1.0,1.0,1.0,0.03861236572265625,
results/experiments_results_clique/n10/clq_n10_2x5.json,clq_n10_2x5.json,results/experiments_results_clique/n10,clique,43,10,,0.15,2x5,,8,11.7,8.0,8.0,39,6,8,10,10,11.0,8.0,8.0,8.0,8.0,4,true,21,4,6,1.0,1.4625,1.0,0.75,1.0,1.25,1.375,1.0,0.5,0.75,0.0380551815032959,
results/experiments_results_clique/n10/clq_n10_2x5.json,clq_n10_2x5.json,results/experiments_results_clique/n10,clique,44,10,,0.15,2x5,,2,3.0,2.0,2.0,10,2,2,5,2,4.8,2.0,2.0,2.0,2.0,0,true,8,2,2,1.0,1.5,1.0,1.0,1.0,1.0,2.4,1.0,1.0,1.0,0.03667020797729492,
results/experiments_results_clique/n10/clq_n10_2x5.json,clq_n10_2x5.json,results/experiments_results_clique/n10,clique,45,10,,0.15,2x5,,3,5.6,3.0,3.0,13,3,3,8,5,5.8,3.0,3.0,3.0,3.0,0,true,9,3,3,1.0,1.8666666666666665,1.0,1.0,1.0,1.6666666666666667,1.9333333333333333,1.0,1.0,1.0,0.03452277183532715,
results/experiments_results_clique/n10/clq_n10_2x5.json,clq_n10_2x5.json,results/experiments_results_clique/n10,clique,46,10,,0.15,2x5,,2,4.7,2.0,2.0,11,2,2,9,2,5.0,2.0,2.0,2.0,2.0,1,true,6,2,2,1.0,2.35,1.0,1.0,1.0,1.0,2.5,1.0,1.0,1.0,0.03153514862060547,
results/experiments_results_clique/n10/clq_n10_2x5.json,clq_n10_2x5.json,results/experiments_results_clique/n10,clique,47,10,,0.15,2x5,,1,2.4,1.0,1.0,8,1,1,4,1,6.3,1.0,1.0,1.0,1.0,0,true,6,1,1,1.0,2.4,1.0,1.0,1.0,1.0,6.3,1.0,1.0,1.0,0.03772902488708496,
results/experiments_results_clique/n10/clq_n10_2x5.json,clq_n10_2x5.json,results/experiments_results_clique/n10,clique,48,10,,0.15,2x5,,9,12.1,5.0,5.0,30,5,5,7,9,11.0,4.0,4.0,4.0,4.0,1,true,17,4,4,1.8,2.42,1.0,1.0,1.0,2.25,2.75,1.0,1.0,1.0,0.0360560417175293,
results/experiments_results_clique/n10/clq_n10_2x5.json,clq_n10_2x5.json,results/experiments_results_clique/n10,clique,49,10,,0.15,2x5,,2,3.8,2.0,2.0,6,2,2,9,4,4.4,2.0,2.0,2.0,2.0,0,true,6,2,2,1.0,1.9,1.0,1.0,1.0,2.0,2.2,1.0,1.0,1.0,0.031881093978881836,
results/experiments_results_clique/n10/clq_n10_2x5.json,clq_n10_2x5.json,results/experiments_results_clique/n10,clique,50,10,,0.15,2x5,,2,3.6,2.0,2.0,6,2,2,8,3,5.1,2.0,2.0,2.0,2.0,0,true,4,2,2,1.0,1.8,1.0,1.0,1.0,1.5,2.55,1.0,1.0,1.0,0.03254890441894531,
results/experiments_results_clique/n10/clq_n10_4_3_3.json,clq_n10_4_3_3.json,results/experiments_results_clique/n10,clique,41,10,,0.15,3_3_4,,3,6.1,3.0,3.0,15,3,3,4,3,5.7,3.0,3.0,3.0,3.0,0,true,12,3,3,1.0,2.033333333333333,1.0,1.0,1.0,1.0,1.9000000000000001,1.0,1.0,1.0,0.038854122161865234,
results/experiments_results_clique/n10/clq_n10_4_3_3.json,clq_n10_4_3_3.json,results/experiments_results_clique/n10,clique,42,10,,0.15,3_3_4,,2,4.0,2.0,2.0,10,2,2,5,1,2.2,1.0,1.0,1.0,1.0,0,true,5,1,1,1.0,2.0,1.0,1.0,1.0,1.0,2.2,1.0,1.0,1.0,0.03648996353149414,
results/experiments_results_clique/n10/clq_n10_4_3_3.json,clq_n10_4_3_3.json,results/experiments_results_clique/n10,clique,43,10,,0.15,3_3_4,,6,9.1,6.0,6.0,22,5,5,10,6,7.4,5.0,5.0,5.0,5.0,2,true,11,4,4,1.0,1.5166666666666666,1.0,0.8333333333333334,0.8333333333333334,1.2,1.48,1.0,0.8,0.8,0.03262495994567871,
results/experiments_results_clique/n10/clq_n10_4_3_3.json,clq_n10_4_3_3.json,results/experiments_results_clique/n10,clique,44,10,,0.15,3_3_4,,3,4.4,3.0,3.0,11,2,2,5,2,4.6,2.0,2.0,2.0,2.0,0,true,9,1,1,1.0,1.4666666666666668,1.0,0.6666666666666666,0.6666666666666666,1.0,2.3,1.0,0.5,0.5,0.03721904754638672,
results/experiments_results_clique/n10/clq_n10_4_3_3.json,clq_n10_4_3_3.json,results/experiments_results_clique/n10,clique,45,10,,0.15,3_3_4,,6,9.1,5.0,5.0,19,5,5,8,6,8.6,5.0,5.0,5.0,5.0,0,true,14,5,5,1.2,1.8199999999999998,1.0,1.0,1.0,1.2,1.72,1.0,1.0,1.0,0.036110877990722656,
results/experiments_results_clique/n10/clq_n10_4_3_3.json,clq_n10_4_3_3.json,results/experiments_results_clique/n10,clique,46,10,,0.15,3_3_4,,3,5.0,3.0,3.0,12,3,3,9,3,4.2,3.0,3.0,3.0,3.0,0,true,7,3,3,1.0,1.6666666666666667,1.0,1.0,1.0,1.0,1.4000000000000001,1.0,1.0,1.0,0.03161501884460449,
results/experiments_results_clique/n10/clq_n10_4_3_3.json,clq_n10_4_3_3.json,results/experiments_results_clique/n10,clique,47,10,,0.15,3_3_4,,4,5.9,4.0,4.0,17,4,4,4,4,6.7,4.0,4.0,4.0,4.0,0,true,15,4,4,1.0,1.475,1.0,1.0,1.0,1.0,1.675,1.0,1.0,1.0,0.039231061935424805,
results/experiments_results_clique/n10/clq_n10_4_3_3.json,clq_n10_4_3_3.json,results/experiments_results_clique/n10,clique,48,10,,0.15,3_3_4,,5,8.6,5.0,5.0,18,4,5,7,6,8.0,5.0,5.0,5.0,5.0,1,true,11,4,4,1.0,1.72,1.0,0.8,1.0,1.2,1.6,1.0,0.8,0.8,0.035748958587646484,
results/experiments_results_clique/n10/clq_n10_4_3_3.json,clq_n10_4_3_3.json,results/experiments_results_clique/n10,clique,49,10,,0.15,3_3_4,,1,1.6,1.0,1.0,4,1,1,9,2,2.8,1.0,1.0,1.0,1.0,0,true,3,1,1,1.0,1.6,1.0,1.0,1.0,2.0,2.8,1.0,1.0,1.0,0.04697990417480469,
results/experiments_results_clique/n10/clq_n10_4_3_3.json,clq_n10_4_3_3.json,results/experiments_results_clique/n10,clique,50,10,,0.15,3_3_4,,7,8.2,7.0,6.0,15,4,5,8,7,7.7,5.0,5.0,5.0,5.0,0,true,10,4,5,1.0,1.1714285714285713,0.8571428571428571,0.5714285714285714,0.7142857142857143,1.4,1.54,1.0,0.8,1.0,0.034562110900878906,
results/experiments_results_clique/n10/clq_n10_5_3_2.json,clq_n10_5_3_2.json,results/experiments_results_clique/n10,clique,41,10,,0.15,3_2_5,,3,6.3,3.0,3.0,16,3,3,4,3,5.9,3.0,3.0,3.0,3.0,0,true,13,3,3,1.0,2.1,1.0,1.0,1.0,1.0,1.9666666666666668,1.0,1.0,1.0,0.03862714767456055,
results/experiments_results_clique/n10/clq_n10_5_3_2.json,clq_n10_5_3_2.json,results/experiments_results_clique/n10,clique,42,10,,0.15,3_2_5,,3,5.0,3.0,3.0,17,3,3,5,2,4.4,2.0,2.0,2.0,2.0,0,true,10,2,2,1.0,1.6666666666666667,1.0,1.0,1.0,1.0,2.2,1.0,1.0,1.0,0.03779196739196777,
results/experiments_results_clique/n10/clq_n10_5_3_2.json,clq_n10_5_3_2.json,results/experiments_results_clique/n10,clique,43,10,,0.15,3_2_5,,6,9.7,6.0,6.0,28,5,6,10,7,8.9,6.0,6.0,6.0,6.0,3,true,15,4,5,1.0,1.6166666666666665,1.0,0.8333333333333334,1.0,1.1666666666666667,1.4833333333333334,1.0,0.6666666666666666,0.8333333333333334,0.03314518928527832,
results/experiments_results_clique/n10/clq_n10_5_3_2.json,clq_n10_5_3_2.json,results/experiments_results_clique/n10,clique,44,10,,0.15,3_2_5,,2,2.9,2.0,2.0,6,1,2,5,1,3.7,1.0,1.0,1.0,1.0,0,true,4,1,1,1.0,1.45,1.0,0.5,1.0,1.0,3.7,1.0,1.0,1.0,0.03629803657531738,
results/experiments_results_clique/n10/clq_n10_5_3_2.json,clq_n10_5_3_2.json,results/experiments_results_clique/n10,clique,45,10,,0.15,3_2_5,,6,7.5,4.0,4.0,14,3,4,8,6,7.7,4.0,4.0,4.0,4.0,0,true,10,3,4,1.5,1.875,1.0,0.75,1.0,1.5,1.925,1.0,0.75,1.0,0.0347898006439209,
results/experiments_results_clique/n10/clq_n10_5_3_2.json,clq_n10_5_3_2.json,results/experiments_results_clique/n10,clique,46,10,,0.15,3_2_5,,3,5.7,3.0,3.0,13,3,3,9,3,5.1,3.0,3.0,3.0,3.0,1,true,7,3,3,1.0,1.9000000000000001,1.0,1.0,1.0,1.0,1.7,1.0,1.0,1.0,0.03262734413146973,
results/experiments_results_clique/n10/clq_n10_5_3_2.json,clq_n10_5_3_2.json,results/experiments_results_clique/n10,clique,47,10,,0.15,3_2_5,,2,4.0,2.0,2.0,9,2,2,4,2,5.5,2.0,2.0,2.0,2.0,0,true,7,2,2,1.0,2.0,1.0,1.0,1.0,1.0,2.75,1.0,1.0,1.0,0.038314104080200195,
results/experiments_results_clique/n10/clq_n10_5_3_2.json,clq_n10_5_3_2.json,results/experiments_results_clique/n10,clique,48,10,,0.15,3_2_5,,6,8.4,4.0,4.0,20,4,4,7,6,8.0,3.0,3.0,3.0,3.0,1,true,12,3,3,1.5,2.1,1.0,1.0,1.0,2.0,2.6666666666666665,1.0,1.0,1.0,0.03558969497680664,
results/experiments_results_clique/n10/clq_n10_5_3_2.json,clq_n10_5_3_2.json,results/experiments_results_clique/n10,clique,49,10,,0.15,3_2_5,,2,2.6,2.0,2.0,6,2,2,9,2,3.1,2.0,2.0,2.0,2.0,0,true,5,2,2,1.0,1.3,1.0,1.0,1.0,1.0,1.55,1.0,1.0,1.0,0.03416109085083008,
results/experiments_results_clique/n10/clq_n10_5_3_2.json,clq_n10_5_3_2.json,results/experiments_results_clique/n10,clique,50,10,,0.15,3_2_5,,4,6.1,4.0,3.5,9,3,3,8,4,6.9,3.0,3.0,3.0,3.0,0,true,6,3,3,1.0,1.525,0.875,0.75,0.75,1.3333333333333333,2.3000000000000003,1.0,1.0,1.0,0.033759117126464844,
results/experiments_results_clique/n100/clq_n100_60_25_10_5.json,clq_n100_60_25_10_5.json,results/experiments_results_clique/n100,clique,1,100,,0.15,60_25_10_5,,889,1254.4,520.0,520.0,26366,486,498,758,986,1205.0,447.0,447.0,447.0,447.0,16807,true,16324,421,437,1.7096153846153845,2.4123076923076923,1.0,0.9346153846153846,0.9576923076923077,2.2058165548098434,2.6957494407158835,1.0,0.941834451901566,0.9776286353467561,94.4784369468689,
results/experiments_results_clique/n100/clq_n100_60_25_10_5.json,clq_n100_60_25_10_5.json,results/experiments_results_clique/n100,clique,2,100,,0.15,60_25_10_5,,967,1232.2,495.0,495.0,25119,460,473,741,966,1177.1,405.0,405.0,405.0,405.0,15020,true,14808,387,394,1.9535353535353535,2.4892929292929296,1.0,0.9292929292929293,0.9555555555555556,2.3851851851851853,2.9064197530864195,1.0,0.9555555555555556,0.9728395061728395,95.1907958984375,
results/experiments_results_clique/n100/clq_n100_60_25_10_5.json,clq_n100_60_25_10_5.json,results/experiments_results_clique/n100,clique,3,100,,0.15,60_25_10_5,,911,1248.0,494.0,494.0,25833,466,465,802,1141,1262.8,408.0,408.0,408.0,408.0,19037,false,15112,390,397,1.8441295546558705,2.526315789473684,1.0,0.9433198380566802,0.9412955465587044,2.7965686274509802,3.0950980392156864,1.0,0.9558823529411765,0.9730392156862745,94.52528309822083,
results/experiments_results_clique/n100/clq_n100_60_25_10_5.json,clq_n100_60_25_10_5.json,results/experiments_results_clique/n100,clique,4,100,,0.15,60_25_10_5,,986,1156.3,488.0,488.0,25586,460,467,781,984,1139.6,408.0,408.0,408.0,408.0,17210,true,15534,394,397,2.0204918032786887,2.369467213114754,1.0,0.9426229508196722,0.9569672131147541,2.411764705882353,2.7931372549019606,1.0,0.9656862745098039,0.9730392156862745,94.6249041557312,
results/experiments_results_clique/n100/clq_n100_60_25_10_5.json,clq_n100_60_25_10_5.json,results/experiments_results_clique/n100,clique,5,100,,0.15,60_25_10_5,,839,1196.4,505.0,505.0,26081,478,469,784,927,1196.1,411.0,412.0,411.0,412.0,16610,false,15096,388,406,1.6613861386138613,2.3691089108910894,1.0,0.9465346534653465,0.9287128712871288,2.25,2.903155339805825,1.0,0.941747572815534,0.9854368932038835,94.28889918327332,
results/experiments_results_clique/n100/clq_n100_60_25_10_5.json,clq_n100_60_25_10_5.json,results/experiments_results_clique/n100,clique,6,100,,0.15,60_25_10_5,,737,1236.0,495.0,495.0,25538,463,472,733,1008,1221.4,417.0,417.0,417.0,417.0,15278,true,15865,396,405,1.488888888888889,2.496969696969697,1.0,0.9353535353535354,0.9535353535353536,2.41726618705036,2.9290167865707435,1.0,0.9496402877697842,0.9712230215827338,95.63100910186768,
results/experiments_results_clique/n100/clq_n100_60_25_10_5.json,clq_n100_60_25_10_5.json,results/experiments_results_clique/n100,clique,7,100,,0.15,60_25_10_5,,1005,1239.4,483.0,483.0,24863,461,469,726,1041,1176.2,411.0,411.0,411.0,411.0,14245,true,15406,399,401,2.080745341614907,2.5660455486542446,1.0,0.9544513457556936,0.9710144927536232,2.5328467153284673,2.861800486618005,1.0,0.9708029197080292,0.975669099756691,95.53539872169495,
results/experiments_results_clique/n100/clq_n100_60_25_10_5.json,clq_n100_60_25_10_5.json,results/experiments_results_clique/n100,clique,8,100,,0.15,60_25_10_5,,855,1161.2,474.0,474.0,24491,452,451,664,959,1196.6,415.0,415.0,415.0,415.0,13500,true,16023,394,405,1.8037974683544304,2.449789029535865,1.0,0.9535864978902954,0.9514767932489452,2.310843373493976,2.8833734939759035,1.0,0.9493975903614458,0.9759036144578314,96.48558688163757,
results/experiments_results_clique/n100/clq_n100_60_25_10_5.json,clq_n100_60_25_10_5.json,results/experiments_results_clique/n100,clique,9,100,,0.15,60_25_10_5,,918,1107.0,511.0,511.0,25480,489,490,698,1074,1229.2,441.0,441.0,441.0,441.0,14991,true,16150,430,432,1.796477495107632,2.1663405088062624,1.0,0.9569471624266145,0.958904109589041,2.435374149659864,2.7873015873015876,1.0,0.9750566893424036,0.9795918367346939,96.46536612510681,
results/experiments_results_clique/n100/clq_n100_60_25_10_5.json,clq_n100_60_25_10_5.json,results/experiments_results_clique/n100,clique,10,100,,0.15,60_25_10_5,,871,1100.2,483.0,483.0,24697,451,457,735,964,1174.6,404.0,404.0,404.0,404.0,15201,true,14964,374,395,1.803312629399586,2.277846790890269,1.0,0.9337474120082816,0.9461697722567288,2.386138613861386,2.907425742574257,1.0,0.9257425742574258,0.9777227722772277,95.2772810459137,
results/experiments_results_clique/n100/clq_n100_60_25_10_5.json,clq_n100_60_25_10_5.json,results/experiments_results_clique/n100,clique,11,100,,0.15,60_25_10_5,,1006,1232.0,521.0,521.0,27251,483,495,730,1069,1233.6,447.0,447.0,447.0,447.0,17380,true,16680,424,440,1.9309021113243763,2.36468330134357,1.0,0.927063339731286,0.9500959692898272,2.3914988814317675,2.7597315436241607,1.0,0.9485458612975392,0.9843400447427293,97.86390399932861,
results/experiments_results_clique/n100/clq_n100_60_25_10_5.json,clq_n100_60_25_10_5.json,results/experiments_results_clique/n100,clique,12,100,,0.15,60_25_10_5,,791,1062.8,495.0,495.0,25290,469,473,747,907,1117.6,415.0,415.0,415.0,415.0,15361,true,15309,394,403,1.597979797979798,2.147070707070707,1.0,0.9474747474747475,0.9555555555555556,2.185542168674699,2.693012048192771,1.0,0.9493975903614458,0.9710843373493976,173.82701587677002,
results/experiments_results_clique/n100/clq_n100_60_25_10_5.json,clq_n100_60_25_10_5.json,results/experiments_results_clique/n100,clique,13,100,,0.15,60_25_10_5,,953,1292.9,523.0,523.0,27217,485,487,735,1162,1292.2,441.0,441.0,441.0,441.0,16577,true,16636,421,432,1.8221797323135756,2.4720841300191205,1.0,0.9273422562141491,0.9311663479923518,2.634920634920635,2.9301587301587304,1.0,0.9546485260770975,0.9795918367346939,229.6023609638214,
results/experiments_results_clique/n100/clq_n100_60_25_10_5.json,clq_n100_60_25_10_5.json,results/experiments_results_clique/n100,clique,14,100,,0.15,60_25_10_5,,951,1199.8,498.0,498.0,25242,467,474,755,1042,1195.4,428.0,428.0,428.0,428.0,16737,true,15438,414,416,1.9096385542168675,2.4092369477911646,1.0,0.9377510040160643,0.9518072289156626,2.4345794392523366,2.7929906542056075,1.0,0.9672897196261683,0.9719626168224299,227.401780128479,
results/experiments_results_clique/n100/clq_n100_60_25_10_5.json,clq_n100_60_25_10_5.json,results/experiments_results_clique/n100,clique,15,100,,0.15,60_25_10_5,,954,1239.6,525.0,525.0,27003,483,497,741,1075,1257.3,452.0,452.0,452.0,452.0,16398,true,16631,416,444,1.8171428571428572,2.3611428571428568,1.0,0.92,0.9466666666666667,2.3783185840707963,2.781637168141593,1.0,0.9203539823008849,0.9823008849557522,165.77545070648193,
results/experiments_results_clique/n100/clq_n100_60_25_10_5.json,clq_n100_60_25_10_5.json,results/experiments_results_clique/n100,clique,16,100,,0.15,60_25_10_5,,861,1203.6,524.0,524.0,27024,481,494,726,841,1218.8,452.0,452.0,452.0,452.0,16180,true,17056,403,431,1.6431297709923665,2.296946564885496,1.0,0.9179389312977099,0.9427480916030534,1.8606194690265487,2.6964601769911503,1.0,0.8915929203539823,0.9535398230088495,96.0570182800293,
results/experiments_results_clique/n100/clq_n100_60_25_10_5.json,clq_n100_60_25_10_5.json,results/experiments_results_clique/n100,clique,17,100,,0.15,60_25_10_5,,983,1268.4,489.0,489.0,25211,450,466,723,996,1183.1,413.0,413.0,413.0,413.0,15621,true,15482,385,398,2.0102249488752557,2.5938650306748468,1.0,0.9202453987730062,0.9529652351738241,2.4116222760290555,2.864648910411622,1.0,0.9322033898305084,0.9636803874092009,97.94825911521912,
results/experiments_results_clique/n100/clq_n100_60_25_10_5.json,clq_n100_60_25_10_5.json,results/experiments_results_clique/n100,clique,18,100,,0.15,60_25_10_5,,923,1222.2,506.0,506.0,26409,474,478,760,1071,1230.1,434.0,434.0,434.0,434.0,17090,true,16000,412,425,1.8241106719367588,2.415415019762846,1.0,0.9367588932806324,0.9446640316205533,2.467741935483871,2.834331797235023,1.0,0.9493087557603687,0.9792626728110599,95.98005509376526,
results/experiments_results_clique/n100/clq_n100_60_25_10_5.json,clq_n100_60_25_10_5.json,results/experiments_results_clique/n100,clique,19,100,,0.15,60_25_10_5,,809,1144.2,469.0,469.0,24814,445,434,788,1018,1220.5,403.0,403.0,403.0,403.0,16940,true,15337,387,398,1.724946695095949,2.4396588486140725,1.0,0.9488272921108742,0.9253731343283582,2.5260545905707197,3.0285359801488836,1.0,0.9602977667493796,0.9875930521091811,94.44840288162231,
results/experiments_results_clique/n100/clq_n100_60_25_10_5.json,clq_n100_60_25_10_5.json,results/experiments_results_clique/n100,clique,20,100,,0.15,60_25_10_5,,935,1139.8,482.0,482.0,24607,467,456,769,1066,1204.4,402.0,402.0,402.0,402.0,16001,true,14691,382,395,1.9398340248962656,2.3647302904564316,1.0,0.9688796680497925,0.946058091286307,2.6517412935323383,2.9960199004975125,1.0,0.9502487562189055,0.9825870646766169,102.59662890434265,
results/experiments_results_clique/n100/clq_n100_60_25_10_5.json,clq_n100_60_25_10_5.json,results/experiments_results_clique/n100,clique,21,100,,0.15,60_25_10_5,,910,1226.6,481.0,481.0,25361,458,457,747,910,1226.6,420.0,420.0,420.0,420.0,15849,true,16207,411,413,1.8918918918918919,2.5501039501039497,1.0,0.9521829521829522,0.9501039501039501,2.1666666666666665,2.9204761904761902,1.0,0.9785714285714285,0.9833333333333333,94.67618298530579,
results/experiments_results_clique/n100/clq_n100_60_25_10_5.json,clq_n100_60_25_10_5.json,results/experiments_results_clique/n100,clique,22,100,,0.15,60_25_10_5,,1169,1287.6,500.0,500.0,25878,462,465,800,1169,1287.6,406.0,406.0,406.0,406.0,17413,true,14875,380,398,2.338,2.5751999999999997,1.0,0.924,0.93,2.8793103448275863,3.1714285714285713,1.0,0.9359605911330049,0.9802955665024631,94.31535625457764,
results/experiments_results_clique/n100/clq_n100_60_25_10_5.json,clq_n100_60_25_10_5.json,results/experiments_results_clique/n100,clique,23,100,,0.15,60_25_10_5,,1013,1175.9,476.0,476.0,24563,443,453,723,1013,1175.9,415.0,415.0,415.0,415.0,14870,true,15691,393,403,2.1281512605042017,2.4703781512605043,1.0,0.930672268907563,0.9516806722689075,2.440963855421687,2.8334939759036146,1.0,0.946987951807229,0.9710843373493976,95.69309425354004,
results/experiments_results_clique/n100/clq_n100_60_25_10_5.json,clq_n100_60_25_10_5.json,results/experiments_results_clique/n100,clique,24,100,,0.15,60_25_10_5,,965,1245.7,493.0,493.0,25803,472,471,749,965,1245.7,434.0,434.0,434.0,434.0,17855,true,16385,417,425,1.9574036511156188,2.5267748478701826,1.0,0.9574036511156186,0.9553752535496958,2.2235023041474653,2.8702764976958526,1.0,0.9608294930875576,0.9792626728110599,97.05177712440491,
results/experiments_results_clique/n100/clq_n100_60_25_10_5.json,clq_n100_60_25_10_5.json,results/experiments_results_clique/n100,clique,25,100,,0.15,60_25_10_5,,1098,1251.6,507.0,507.0,26728,475,477,735,1098,1251.6,432.0,432.0,432.0,432.0,17159,true,16511,421,419,2.165680473372781,2.4686390532544378,1.0,0.9368836291913215,0.9408284023668639,2.5416666666666665,2.897222222222222,1.0,0.9745370370370371,0.9699074074074074,97.37274122238159,
results/experiments_results_clique/n100/clq_n100_60_25_10_5.json,clq_n100_60_25_10_5.json,results/experiments_results_clique/n100,clique,26,100,,0.15,60_25_10_5,,1037,1215.6,496.0,496.0,25305,465,469,746,1037,1215.6,419.0,419.0,419.0,419.0,16066,true,15457,400,408,2.090725806451613,2.450806451612903,1.0,0.9375,0.9455645161290323,2.4749403341288785,2.9011933174224342,1.0,0.954653937947494,0.9737470167064439,96.07144594192505,
results/experiments_results_clique/n100/clq_n100_60_25_10_5.json,clq_n100_60_25_10_5.json,results/experiments_results_clique/n100,clique,27,100,,0.15,60_25_10_5,,977,1199.3,477.0,477.0,24421,450,458,737,977,1199.3,394.0,395.0,394.0,395.0,14398,false,14436,378,388,2.048218029350105,2.5142557651991613,1.0,0.9433962264150944,0.960167714884696,2.473417721518987,3.0362025316455696,1.0,0.9569620253164557,0.9822784810126582,97.19898700714111,
results/experiments_results_clique/n100/clq_n100_60_25_10_5.json,clq_n100_60_25_10_5.json,results/experiments_results_clique/n100,clique,28,100,,0.15,60_25_10_5,,968,1207.3,504.0,504.0,25152,468,482,758,968,1207.3,416.0,416.0,416.0,416.0,16423,true,14791,385,409,1.9206349206349207,2.3954365079365076,1.0,0.9285714285714286,0.9563492063492064,2.326923076923077,2.9021634615384615,1.0,0.9254807692307693,0.9831730769230769,96.82523107528687,
results/experiments_results_clique/n100/clq_n100_60_25_10_5.json,clq_n100_60_25_10_5.json,results/experiments_results_clique/n100,clique,29,100,,0.15,60_25_10_5,,923,1185.5,480.0,480.0,24923,450,449,750,923,1185.5,404.0,404.0,404.0,404.0,15789,true,14954,383,397,1.9229166666666666,2.4697916666666666,1.0,0.9375,0.9354166666666667,2.2846534653465347,2.9344059405940595,1.0,0.948019801980198,0.9826732673267327,98.00099897384644,
results/experiments_results_clique/n100/clq_n100_60_25_10_5.json,clq_n100_60_25_10_5.json,results/experiments_results_clique/n100,clique,30,100,,0.15,60_25_10_5,,1096,1217.5,507.0,507.0,25347,466,476,739,1096,1217.5,434.0,434.0,434.0,434.0,14008,true,15511,403,418,2.1617357001972386,2.40138067061144,1.0,0.9191321499013807,0.9388560157790927,2.525345622119816,2.805299539170507,1.0,0.9285714285714286,0.9631336405529954,95.9989960193634,
results/experiments_results_clique/n100/clq_n100_60_25_10_5.json,clq_n100_60_25_10_5.json,results/experiments_results_clique/n100,clique,31,100,,0.15,60_25_10_5,,862,1221.2,509.0,509.0,26645,467,476,761,862,1221.2,437.0,437.0,437.0,437.0,17198,true,16386,409,426,1.693516699410609,2.3992141453831044,1.0,0.9174852652259332,0.9351669941060904,1.9725400457665905,2.794508009153318,1.0,0.9359267734553776,0.9748283752860412,97.16114807128906,
results/experiments_results_clique/n100/clq_n100_60_25_10_5.json,clq_n100_60_25_10_5.json,results/experiments_results_clique/n100,clique,32,100,,0.15,60_25_10_5,,1040,1246.4,507.0,507.0,26276,468,489,762,1040,1246.4,432.0,432.0,432.0,432.0,16577,true,15966,412,420,2.051282051282051,2.458382642998028,1.0,0.9230769230769231,0.9644970414201184,2.4074074074074074,2.8851851851851853,1.0,0.9537037037037037,0.9722222222222222,97.18030023574829,
results/experiments_results_clique/n100/clq_n100_60_25_10_5.json,clq_n100_60_25_10_5.json,results/experiments_results_clique/n100,clique,33,100,,0.15,60_25_10_5,,1015,1242.7,515.0,515.0,26315,481,488,761,1015,1242.7,436.0,436.0,436.0,436.0,16281,true,16095,425,419,1.970873786407767,2.413009708737864,1.0,0.9339805825242719,0.9475728155339805,2.3279816513761467,2.8502293577981654,1.0,0.9747706422018348,0.9610091743119266,97.37213325500488,
results/experiments_results_clique/n100/clq_n100_60_25_10_5.json,clq_n100_60_25_10_5.json,results/experiments_results_clique/n100,clique,34,100,,0.15,60_25_10_5,,784,1118.2,458.0,458.0,24465,426,437,775,784,1118.2,379.0,379.0,379.0,379.0,15798,true,14236,361,370,1.7117903930131004,2.4414847161572055,1.0,0.9301310043668122,0.9541484716157205,2.0686015831134563,2.950395778364116,1.0,0.9525065963060686,0.9762532981530343,96.76253890991211,
results/experiments_results_clique/n100/clq_n100_60_25_10_5.json,clq_n100_60_25_10_5.json,results/experiments_results_clique/n100,clique,35,100,,0.15,60_25_10_5,,1190,1300.8,488.0,488.0,25046,456,463,731,1190,1300.8,419.0,419.0,419.0,419.0,16489,true,15420,392,406,2.4385245901639343,2.665573770491803,1.0,0.9344262295081968,0.9487704918032787,2.840095465393795,3.1045346062052506,1.0,0.9355608591885441,0.9689737470167065,97.78883194923401,
results/experiments_results_clique/n100/clq_n100_60_25_10_5.json,clq_n100_60_25_10_5.json,results/experiments_results_clique/n100,clique,36,100,,0.15,60_25_10_5,,978,1211.2,499.0,499.0,26080,465,479,749,978,1211.2,428.0,428.0,428.0,428.0,15297,true,16161,407,414,1.9599198396793587,2.427254509018036,1.0,0.9318637274549099,0.9599198396793587,2.2850467289719627,2.829906542056075,1.0,0.9509345794392523,0.9672897196261683,97.659255027771,
results/experiments_results_clique/n100/clq_n100_60_25_10_5.json,clq_n100_60_25_10_5.json,results/experiments_results_clique/n100,clique,37,100,,0.15,60_25_10_5,,953,1175.9,505.0,505.0,25473,476,475,734,953,1175.9,425.0,425.0,425.0,425.0,15729,true,15658,407,413,1.887128712871287,2.328514851485149,1.0,0.9425742574257425,0.9405940594059405,2.2423529411764704,2.766823529411765,1.0,0.9576470588235294,0.971764705882353,97.91543078422546,
results/experiments_results_clique/n100/clq_n100_60_25_10_5.json,clq_n100_60_25_10_5.json,results/experiments_results_clique/n100,clique,38,100,,0.15,60_25_10_5,,905,1174.9,500.0,500.0,24768,469,477,710,905,1174.9,435.0,435.0,435.0,435.0,15089,true,15840,413,422,1.81,2.3498,1.0,0.938,0.954,2.0804597701149423,2.700919540229885,1.0,0.9494252873563218,0.9701149425287356,98.4845199584961,
results/experiments_results_clique/n100/clq_n100_60_25_10_5.json,clq_n100_60_25_10_5.json,results/experiments_results_clique/n100,clique,39,100,,0.15,60_25_10_5,,993,1245.6,508.0,508.0,25758,476,492,766,993,1245.6,427.0,427.0,427.0,427.0,16733,true,15413,410,417,1.954724409448819,2.4519685039370076,1.0,0.937007874015748,0.968503937007874,2.3255269320843093,2.917096018735363,1.0,0.9601873536299765,0.9765807962529274,98.66949319839478,
results/experiments_results_clique/n100/clq_n100_60_25_10_5.json,clq_n100_60_25_10_5.json,results/experiments_results_clique/n100,clique,40,100,,0.15,60_25_10_5,,1139,1222.7,506.0,506.0,25510,480,479,780,1139,1222.7,420.0,420.0,420.0,420.0,17547,true,14952,403,406,2.2509881422924902,2.416403162055336,1.0,0.9486166007905138,0.9466403162055336,2.711904761904762,2.9111904761904763,1.0,0.9595238095238096,0.9666666666666667,97.62345910072327,
results/experiments_results_clique/n100/clq_n100_60_25_10_5.json,clq_n100_60_25_10_5.json,results/experiments_results_clique/n100,clique,41,100,,0.15,60_25_10_5,,1004,1130.6,489.0,489.0,25125,455,455,723,1004,1130.6,413.0,413.0,413.0,413.0,14251,true,15555,388,401,2.053169734151329,2.3120654396728013,1.0,0.9304703476482618,0.9304703476482618,2.430992736077482,2.7375302663438252,1.0,0.9394673123486683,0.9709443099273608,98.29870057106018,
results/experiments_results_clique/n100/clq_n100_60_25_10_5.json,clq_n100_60_25_10_5.json,results/experiments_results_clique/n100,clique,42,100,,0.15,60_25_10_5,,1094,1234.1,484.0,484.0,25112,461,454,747,1094,1234.1,417.0,417.0,417.0,417.0,16508,true,15572,398,407,2.260330578512397,2.5497933884297517,1.0,0.9524793388429752,0.9380165289256198,2.6235011990407675,2.95947242206235,1.0,0.9544364508393285,0.9760191846522782,102.08633804321289,
results/experiments_results_clique/n100/clq_n100_60_25_10_5.json,clq_n100_60_25_10_5.json,results/experiments_results_clique/n100,clique,43,100,,0.15,60_25_10_5,,830,1219.0,507.0,507.0,26551,478,478,785,830,1219.0,418.0,418.0,418.0,418.0,17405,true,15440,403,404,1.6370808678500985,2.4043392504930967,1.0,0.9428007889546351,0.9428007889546351,1.985645933014354,2.916267942583732,1.0,0.9641148325358851,0.9665071770334929,98.71950817108154,
results/experiments_results_clique/n100/clq_n100_60_25_10_5.json,clq_n100_60_25_10_5.json,results/experiments_results_clique/n100,clique,44,100,,0.15,60_25_10_5,,1194,1275.7,525.0,525.0,26228,489,496,730,1194,1275.7,454.0,454.0,454.0,454.0,17379,true,16397,428,442,2.2742857142857145,2.429904761904762,1.0,0.9314285714285714,0.9447619047619048,2.6299559471365637,2.809911894273128,1.0,0.9427312775330396,0.973568281938326,103.17835116386414,
results/experiments_results_clique/n100/clq_n100_60_25_10_5.json,clq_n100_60_25_10_5.json,results/experiments_results_clique/n100,clique,45,100,,0.15,60_25_10_5,,1070,1209.0,507.0,507.0,26720,482,473,777,1070,1209.0,431.0,431.0,431.0,431.0,19105,true,15995,408,413,2.1104536489151875,2.3846153846153846,1.0,0.9506903353057199,0.9329388560157791,2.4825986078886313,2.805104408352668,1.0,0.9466357308584686,0.9582366589327146,99.28021216392517,
results/experiments_results_clique/n100/clq_n100_60_25_10_5.json,clq_n100_60_25_10_5.json,results/experiments_results_clique/n100,clique,46,100,,0.15,60_25_10_5,,919,1182.4,483.0,483.0,24657,458,451,735,919,1182.4,408.0,408.0,408.0,408.0,16255,true,15037,389,400,1.9026915113871636,2.448033126293996,1.0,0.94824016563147,0.9337474120082816,2.252450980392157,2.898039215686275,1.0,0.9534313725490197,0.9803921568627451,99.92138075828552,
results/experiments_results_clique/n100/clq_n100_60_25_10_5.json,clq_n100_60_25_10_5.json,results/experiments_results_clique/n100,clique,47,100,,0.15,60_25_10_5,,1019,1143.9,461.0,461.0,23483,438,445,714,1019,1143.9,402.0,402.0,402.0,402.0,13761,true,15345,381,393,2.210412147505423,2.4813449023861174,1.0,0.9501084598698482,0.96529284164859,2.5348258706467663,2.8455223880597016,1.0,0.9477611940298507,0.9776119402985075,103.22419786453247,
results/experiments_results_clique/n100/clq_n100_60_25_10_5.json,clq_n100_60_25_10_5.json,results/experiments_results_clique/n100,clique,48,100,,0.15,60_25_10_5,,922,1133.6,467.0,467.0,24042,444,446,729,922,1133.6,392.0,392.0,392.0,392.0,15420,true,14862,375,387,1.974304068522484,2.427408993576017,1.0,0.9507494646680942,0.9550321199143469,2.3520408163265305,2.8918367346938774,1.0,0.9566326530612245,0.9872448979591837,100.75880599021912,
results/experiments_results_clique/n100/clq_n100_60_25_10_5.json,clq_n100_60_25_10_5.json,results/experiments_results_clique/n100,clique,49,100,,0.15,60_25_10_5,,1041,1211.6,478.0,478.0,25634,449,457,766,1041,1211.6,408.0,408.0,408.0,408.0,17560,true,15438,388,402,2.1778242677824267,2.534728033472803,1.0,0.9393305439330544,0.9560669456066946,2.551470588235294,2.9696078431372546,1.0,0.9509803921568627,0.9852941176470589,103.06263399124146,
results/experiments_results_clique/n100/clq_n100_60_25_10_5.json,clq_n100_60_25_10_5.json,results/experiments_results_clique/n100,clique,50,100,,0.15,60_25_10_5,,1019,1225.6,499.0,499.0,25712,467,470,775,1019,1225.6,424.0,424.0,424.0,424.0,18097,true,15543,395,419,2.0420841683366735,2.4561122244488978,1.0,0.935871743486974,0.9418837675350702,2.4033018867924527,2.890566037735849,1.0,0.9316037735849056,0.9882075471698113,100.29500699043274,
results/experiments_results_clique/n100/clq_n100_10x10.json,clq_n100_10x10.json,results/experiments_results_clique/n100,clique,1,100,,0.15,10x10,,870,926.2,513.0,431.5,10364,320,393,758,714,767.0,438.0,438.0,370.0,370.0,2322,false,6445,272,334,1.695906432748538,1.805458089668616,0.8411306042884991,0.6237816764132553,0.7660818713450293,1.63013698630137,1.7511415525114156,0.8447488584474886,0.6210045662100456,0.7625570776255708,162.94747710227966,
results/experiments_results_clique/n100/clq_n100_10x10.json,clq_n100_10x10.json,results/experiments_results_clique/n100,clique,2,100,,0.15,10x10,,842,927.0,488.0,429.0,10223,302,374,741,695,739.8,405.0,405.0,360.0,360.0,1914,true,6070,255,315,1.7254098360655739,1.8995901639344261,0.8790983606557377,0.6188524590163934,0.7663934426229508,1.7160493827160495,1.8266666666666667,0.8888888888888888,0.6296296296296297,0.7777777777777778,137.09244918823242,
results/experiments_results_clique/n100/clq_n100_10x10.json,clq_n100_10x10.json,results/experiments_results_clique/n100,clique,3,100,,0.15,10x10,,898,954.5,509.0,436.5,10573,308,385,802,702,750.6,423.0,423.0,363.5,363.5,2665,true,6129,269,323,1.7642436149312377,1.87524557956778,0.8575638506876228,0.6051080550098232,0.756385068762279,1.6595744680851063,1.774468085106383,0.859338061465721,0.6359338061465721,0.7635933806146572,147.5308120250702,
results/experiments_results_clique/n100/clq_n100_10x10.json,clq_n100_10x10.json,results/experiments_results_clique/n100,clique,4,100,,0.15,10x10,,862,913.9,479.0,429.5,10111,300,371,781,675,724.2,399.0,399.0,361.5,361.5,2372,true,5952,255,308,1.7995824634655533,1.9079331941544884,0.8966597077244259,0.6263048016701461,0.7745302713987474,1.6917293233082706,1.8150375939849626,0.9060150375939849,0.6390977443609023,0.7719298245614035,128.8508038520813,
results/experiments_results_clique/n100/clq_n100_10x10.json,clq_n100_10x10.json,results/experiments_results_clique/n100,clique,5,100,,0.15,10x10,,910,969.1,523.0,439.5,10809,320,395,784,730,763.4,423.0,423.0,364.5,364.5,2192,false,6233,263,321,1.739961759082218,1.8529636711281072,0.8403441682600382,0.6118546845124283,0.7552581261950286,1.7257683215130024,1.804728132387707,0.8617021276595744,0.6217494089834515,0.7588652482269503,158.9101119041443,
results/experiments_results_clique/n100/clq_n100_10x10.json,clq_n100_10x10.json,results/experiments_results_clique/n100,clique,6,100,,0.15,10x10,,818,933.3,486.0,426.0,9972,294,370,733,686,757.1,418.0,418.0,365.5,365.5,1938,true,6351,263,320,1.683127572016461,1.9203703703703703,0.8765432098765432,0.6049382716049383,0.7613168724279835,1.6411483253588517,1.811244019138756,0.8744019138755981,0.6291866028708134,0.7655502392344498,138.02425813674927,
results/experiments_results_clique/n100/clq_n100_10x10.json,clq_n100_10x10.json,results/experiments_results_clique/n100,clique,7,100,,0.15,10x10,,824,903.4,503.0,421.5,9920,314,377,726,640,708.4,422.0,422.0,354.5,354.5,1905,true,5946,268,321,1.6381709741550696,1.796023856858847,0.8379721669980119,0.6242544731610338,0.7495029821073559,1.5165876777251184,1.6786729857819904,0.840047393364929,0.6350710900473934,0.7606635071090048,161.74917602539062,
results/experiments_results_clique/n100/clq_n100_10x10.json,clq_n100_10x10.json,results/experiments_results_clique/n100,clique,8,100,,0.15,10x10,,833,886.6,483.0,411.5,9384,309,371,664,698,736.2,417.0,417.0,351.0,351.0,1470,false,5910,263,319,1.7246376811594204,1.8356107660455487,0.8519668737060041,0.639751552795031,0.7681159420289855,1.6738609112709832,1.7654676258992807,0.841726618705036,0.6306954436450839,0.7649880095923262,163.68226408958435,
results/experiments_results_clique/n100/clq_n100_10x10.json,clq_n100_10x10.json,results/experiments_results_clique/n100,clique,9,100,,0.15,10x10,,910,946.0,514.0,437.0,10542,314,387,698,722,782.9,441.0,441.0,377.5,377.5,2012,true,6794,270,332,1.7704280155642023,1.8404669260700388,0.8501945525291829,0.6108949416342413,0.7529182879377432,1.63718820861678,1.775283446712018,0.8560090702947846,0.6122448979591837,0.7528344671201814,151.57272219657898,
results/experiments_results_clique/n100/clq_n100_10x10.json,clq_n100_10x10.json,results/experiments_results_clique/n100,clique,10,100,,0.15,10x10,,823,873.5,470.0,421.0,9750,288,361,735,672,720.2,390.0,390.0,355.0,355.0,1751,true,5880,242,307,1.751063829787234,1.8585106382978724,0.8957446808510638,0.6127659574468085,0.7680851063829788,1.7230769230769232,1.8466666666666667,0.9102564102564102,0.6205128205128205,0.7871794871794872,128.7623209953308,
results/experiments_results_clique/n100/clq_n100_10x10.json,clq_n100_10x10.json,results/experiments_results_clique/n100,clique,11,100,,0.15,10x10,,873,928.3,509.0,438.5,10675,312,394,730,722,769.6,436.0,436.0,372.5,372.5,2195,true,6631,262,335,1.7151277013752455,1.8237721021611002,0.8614931237721022,0.6129666011787819,0.7740667976424361,1.6559633027522935,1.765137614678899,0.8543577981651376,0.6009174311926605,0.768348623853211,147.65098690986633,
results/experiments_results_clique/n100/clq_n100_10x10.json,clq_n100_10x10.json,results/experiments_results_clique/n100,clique,12,100,,0.15,10x10,,846,875.3,473.0,417.5,9650,293,360,747,685,734.6,396.0,396.0,356.0,356.0,1858,true,5963,249,309,1.7885835095137421,1.8505285412262156,0.8826638477801269,0.6194503171247357,0.7610993657505285,1.72979797979798,1.855050505050505,0.898989898989899,0.6287878787878788,0.7803030303030303,132.89829683303833,
results/experiments_results_clique/n100/clq_n100_10x10.json,clq_n100_10x10.json,results/experiments_results_clique/n100,clique,13,100,,0.15,10x10,,888,954.5,508.0,435.0,10471,316,380,735,727,771.1,423.0,423.0,367.5,367.5,2255,true,6258,262,320,1.7480314960629921,1.8789370078740157,0.8562992125984252,0.6220472440944882,0.7480314960629921,1.718676122931442,1.8229314420803784,0.8687943262411347,0.6193853427895981,0.7565011820330969,145.44276905059814,
results/experiments_results_clique/n100/clq_n100_10x10.json,clq_n100_10x10.json,results/experiments_results_clique/n100,clique,14,100,,0.15,10x10,,894,936.2,506.0,429.0,10141,310,381,755,721,771.1,437.0,437.0,362.5,362.5,2296,true,6220,270,327,1.766798418972332,1.8501976284584982,0.8478260869565217,0.6126482213438735,0.7529644268774703,1.6498855835240274,1.7645308924485126,0.8295194508009154,0.6178489702517163,0.7482837528604119,159.0702497959137,
results/experiments_results_clique/n100/clq_n100_10x10.json,clq_n100_10x10.json,results/experiments_results_clique/n100,clique,15,100,,0.15,10x10,,881,932.5,507.0,426.5,10185,307,380,741,674,747.8,433.0,433.0,362.5,362.5,1993,true,6193,270,329,1.73767258382643,1.839250493096647,0.8412228796844181,0.6055226824457594,0.7495069033530573,1.556581986143187,1.7270207852193995,0.8371824480369515,0.6235565819861432,0.7598152424942263,280.6083619594574,
results/experiments_results_clique/n100/clq_n100_10x10.json,clq_n100_10x10.json,results/experiments_results_clique/n100,clique,16,100,,0.15,10x10,,852,956.9,515.0,434.5,10583,311,386,726,734,787.2,445.0,445.0,373.0,373.0,2277,false,6667,276,330,1.654368932038835,1.8580582524271845,0.8436893203883495,0.6038834951456311,0.7495145631067961,1.649438202247191,1.768988764044944,0.8382022471910112,0.6202247191011236,0.7415730337078652,208.22919487953186,
results/experiments_results_clique/n100/clq_n100_10x10.json,clq_n100_10x10.json,results/experiments_results_clique/n100,clique,17,100,,0.15,10x10,,813,929.3,494.0,427.0,10164,295,373,723,693,746.4,421.0,421.0,359.5,359.5,2228,true,6188,255,320,1.645748987854251,1.8811740890688258,0.8643724696356275,0.597165991902834,0.7550607287449392,1.6460807600950118,1.7729216152019003,0.8539192399049881,0.6057007125890737,0.7600950118764845,147.88840413093567,
results/experiments_results_clique/n100/clq_n100_10x10.json,clq_n100_10x10.json,results/experiments_results_clique/n100,clique,18,100,,0.15,10x10,,852,944.4,499.0,436.5,10504,303,378,760,706,763.6,423.0,423.0,367.0,367.0,2031,false,6348,263,329,1.7074148296593186,1.8925851703406813,0.874749498997996,0.6072144288577155,0.7575150300601202,1.66903073286052,1.8052009456264777,0.8676122931442081,0.6217494089834515,0.7777777777777778,149.83194398880005,
results/experiments_results_clique/n100/clq_n100_10x10.json,clq_n100_10x10.json,results/experiments_results_clique/n100,clique,19,100,,0.15,10x10,,834,896.9,487.0,422.5,9922,304,374,788,667,717.2,426.0,426.0,365.5,365.5,2348,true,6228,267,327,1.7125256673511293,1.8416837782340862,0.8675564681724846,0.6242299794661191,0.7679671457905544,1.5657276995305165,1.683568075117371,0.857981220657277,0.6267605633802817,0.7676056338028169,150.24951434135437,
results/experiments_results_clique/n100/clq_n100_10x10.json,clq_n100_10x10.json,results/experiments_results_clique/n100,clique,20,100,,0.15,10x10,,870,921.4,511.0,426.5,10157,324,384,769,714,742.5,424.0,424.0,353.5,353.5,2166,true,5903,267,321,1.7025440313111546,1.8031311154598826,0.8346379647749511,0.6340508806262231,0.7514677103718199,1.6839622641509433,1.7511792452830188,0.8337264150943396,0.6297169811320755,0.7570754716981132,161.62632703781128,
results/experiments_results_clique/n100/clq_n100_10x10.json,clq_n100_10x10.json,results/experiments_results_clique/n100,clique,21,100,,0.15,10x10,,714,767.3,467.0,421.5,9709,291,358,747,714,767.3,412.0,412.0,372.0,372.0,2099,true,6408,257,315,1.5289079229122056,1.6430406852248394,0.9025695931477516,0.6231263383297645,0.7665952890792291,1.733009708737864,1.862378640776699,0.9029126213592233,0.6237864077669902,0.7645631067961165,130.5631034374237,
results/experiments_results_clique/n100/clq_n100_10x10.json,clq_n100_10x10.json,results/experiments_results_clique/n100,clique,22,100,,0.15,10x10,,689,767.4,514.0,441.0,10737,319,396,800,689,767.4,418.0,418.0,362.5,362.5,2392,true,6153,267,324,1.3404669260700388,1.4929961089494164,0.857976653696498,0.6206225680933852,0.7704280155642024,1.6483253588516746,1.8358851674641148,0.8672248803827751,0.638755980861244,0.7751196172248804,140.9216570854187,
results/experiments_results_clique/n100/clq_n100_10x10.json,clq_n100_10x10.json,results/experiments_results_clique/n100,clique,23,100,,0.15,10x10,,689,733.6,493.0,423.5,9937,298,370,723,689,733.6,425.0,425.0,365.5,365.5,2054,true,6253,259,327,1.3975659229208925,1.4880324543610548,0.859026369168357,0.6044624746450304,0.7505070993914807,1.6211764705882352,1.7261176470588235,0.86,0.6094117647058823,0.7694117647058824,148.37652492523193,
results/experiments_results_clique/n100/clq_n100_10x10.json,clq_n100_10x10.json,results/experiments_results_clique/n100,clique,24,100,,0.15,10x10,,738,790.1,511.0,434.5,10588,310,390,749,738,790.1,451.0,451.0,378.5,378.5,2464,true,6906,284,350,1.4442270058708415,1.5461839530332682,0.850293542074364,0.6066536203522505,0.7632093933463796,1.6363636363636365,1.7518847006651885,0.8392461197339246,0.6297117516629712,0.7760532150776053,158.1558392047882,
results/experiments_results_clique/n100/clq_n100_10x10.json,clq_n100_10x10.json,results/experiments_results_clique/n100,clique,25,100,,0.15,10x10,,751,813.6,535.0,443.5,10986,326,399,735,751,813.6,466.0,466.0,378.5,378.5,2615,true,6924,284,344,1.4037383177570093,1.520747663551402,0.8289719626168224,0.6093457943925233,0.7457943925233644,1.611587982832618,1.745922746781116,0.8122317596566524,0.6094420600858369,0.7381974248927039,182.83553409576416,
results/experiments_results_clique/n100/clq_n100_10x10.json,clq_n100_10x10.json,results/experiments_results_clique/n100,clique,26,100,,0.15,10x10,,685,743.7,500.0,425.0,10101,310,379,746,685,743.7,430.0,430.0,362.5,362.5,2116,true,6286,275,327,1.37,1.4874,0.85,0.62,0.758,1.5930232558139534,1.7295348837209303,0.8430232558139535,0.6395348837209303,0.7604651162790698,148.1661479473114,
results/experiments_results_clique/n100/clq_n100_10x10.json,clq_n100_10x10.json,results/experiments_results_clique/n100,clique,27,100,,0.15,10x10,,691,738.1,474.0,421.0,9756,291,371,737,691,738.1,400.0,400.0,350.5,350.5,1859,true,5819,254,317,1.4578059071729959,1.5571729957805909,0.8881856540084389,0.6139240506329114,0.7827004219409283,1.7275,1.84525,0.87625,0.635,0.7925,133.92753672599792,
results/experiments_results_clique/n100/clq_n100_10x10.json,clq_n100_10x10.json,results/experiments_results_clique/n100,clique,28,100,,0.15,10x10,,718,758.0,513.0,431.5,10536,310,383,758,718,758.0,439.0,439.0,362.5,362.5,2405,true,6323,271,325,1.3996101364522417,1.4775828460038987,0.8411306042884991,0.6042884990253411,0.746588693957115,1.6355353075170842,1.7266514806378133,0.8257403189066059,0.6173120728929385,0.7403189066059226,166.89088988304138,
results/experiments_results_clique/n100/clq_n100_10x10.json,clq_n100_10x10.json,results/experiments_results_clique/n100,clique,29,100,,0.15,10x10,,693,728.0,480.0,423.0,9883,302,372,750,693,728.0,408.0,408.0,352.0,352.0,2120,true,5827,258,311,1.44375,1.5166666666666666,0.88125,0.6291666666666667,0.775,1.6985294117647058,1.7843137254901962,0.8627450980392157,0.6323529411764706,0.7622549019607843,133.21570301055908,
results/experiments_results_clique/n100/clq_n100_10x10.json,clq_n100_10x10.json,results/experiments_results_clique/n100,clique,30,100,,0.15,10x10,,679,759.4,496.0,435.0,10469,303,380,739,679,759.4,413.0,413.0,363.0,363.0,2146,true,6184,256,324,1.3689516129032258,1.5310483870967742,0.8770161290322581,0.6108870967741935,0.7661290322580645,1.6440677966101696,1.8387409200968523,0.8789346246973365,0.6198547215496368,0.784503631961259,141.73877000808716,
results/experiments_results_clique/n100/clq_n100_10x10.json,clq_n100_10x10.json,results/experiments_results_clique/n100,clique,31,100,,0.15,10x10,,683,762.8,512.0,434.0,10530,320,389,761,683,762.8,432.0,432.0,362.0,362.0,2362,false,6230,267,321,1.333984375,1.48984375,0.84765625,0.625,0.759765625,1.5810185185185186,1.7657407407407406,0.8379629629629629,0.6180555555555556,0.7430555555555556,158.7445719242096,
results/experiments_results_clique/n100/clq_n100_10x10.json,clq_n100_10x10.json,results/experiments_results_clique/n100,clique,32,100,,0.15,10x10,,699,745.1,496.0,429.0,10060,301,372,762,699,745.1,419.0,419.0,365.5,365.5,2027,true,6210,260,318,1.409274193548387,1.5022177419354839,0.8649193548387096,0.6068548387096774,0.75,1.668257756563246,1.7782816229116947,0.8723150357995226,0.6205250596658711,0.7589498806682577,142.54445910453796,
results/experiments_results_clique/n100/clq_n100_10x10.json,clq_n100_10x10.json,results/experiments_results_clique/n100,clique,33,100,,0.15,10x10,,720,786.0,538.0,444.0,11126,328,398,761,720,786.0,454.0,454.0,378.5,378.5,2573,true,6786,282,343,1.338289962825279,1.4609665427509293,0.8252788104089219,0.6096654275092936,0.7397769516728625,1.5859030837004404,1.7312775330396475,0.8337004405286343,0.6211453744493393,0.7555066079295154,177.90178990364075,
results/experiments_results_clique/n100/clq_n100_10x10.json,clq_n100_10x10.json,results/experiments_results_clique/n100,clique,34,100,,0.15,10x10,,672,702.6,477.0,428.5,10113,293,364,775,672,702.6,385.0,385.0,350.5,350.5,2059,true,5690,245,302,1.4088050314465408,1.4729559748427674,0.8983228511530398,0.6142557651991615,0.7631027253668763,1.7454545454545454,1.824935064935065,0.9103896103896104,0.6363636363636364,0.7844155844155845,126.18962788581848,
results/experiments_results_clique/n100/clq_n100_10x10.json,clq_n100_10x10.json,results/experiments_results_clique/n100,clique,35,100,,0.15,10x10,,678,762.9,495.0,425.5,10070,307,380,731,678,762.9,428.0,428.0,363.0,363.0,2134,true,6312,262,327,1.3696969696969696,1.5412121212121213,0.8595959595959596,0.6202020202020202,0.7676767676767676,1.5841121495327102,1.7824766355140187,0.8481308411214953,0.6121495327102804,0.764018691588785,150.8242049217224,
results/experiments_results_clique/n100/clq_n100_10x10.json,clq_n100_10x10.json,results/experiments_results_clique/n100,clique,36,100,,0.15,10x10,,723,775.5,507.0,431.5,10375,322,393,749,723,775.5,433.0,433.0,360.5,360.5,2183,true,6246,269,331,1.4260355029585798,1.529585798816568,0.8510848126232742,0.6351084812623274,0.7751479289940828,1.6697459584295613,1.7909930715935334,0.8325635103926097,0.6212471131639723,0.7644341801385681,160.5340461730957,
results/experiments_results_clique/n100/clq_n100_10x10.json,clq_n100_10x10.json,results/experiments_results_clique/n100,clique,37,100,,0.15,10x10,,664,712.9,480.0,411.0,9330,298,365,734,664,712.9,405.0,405.0,354.5,354.5,1882,true,5834,255,312,1.3833333333333333,1.4852083333333332,0.85625,0.6208333333333333,0.7604166666666666,1.6395061728395062,1.7602469135802468,0.8753086419753087,0.6296296296296297,0.7703703703703704,148.73262286186218,
results/experiments_results_clique/n100/clq_n100_10x10.json,clq_n100_10x10.json,results/experiments_results_clique/n100,clique,38,100,,0.15,10x10,,662,751.2,479.0,409.5,9399,289,366,710,662,751.2,411.0,411.0,360.0,360.0,2041,false,6162,257,317,1.3820459290187892,1.568267223382046,0.8549060542797495,0.6033402922755741,0.7640918580375783,1.610705596107056,1.8277372262773723,0.8759124087591241,0.6253041362530414,0.7712895377128953,146.4707269668579,
results/experiments_results_clique/n100/clq_n100_10x10.json,clq_n100_10x10.json,results/experiments_results_clique/n100,clique,39,100,,0.15,10x10,,659,713.5,501.0,421.5,9863,313,374,766,659,713.5,415.0,415.0,356.0,356.0,2138,true,5851,269,312,1.3153692614770458,1.4241516966067864,0.8413173652694611,0.624750499001996,0.7465069860279441,1.5879518072289156,1.719277108433735,0.8578313253012049,0.6481927710843374,0.7518072289156627,157.7332637310028,
results/experiments_results_clique/n100/clq_n100_10x10.json,clq_n100_10x10.json,results/experiments_results_clique/n100,clique,40,100,,0.15,10x10,,696,748.4,469.0,422.5,9764,288,364,780,696,748.4,407.0,407.0,364.0,364.0,2337,false,6118,252,318,1.4840085287846483,1.5957356076759062,0.9008528784648188,0.6140724946695096,0.7761194029850746,1.71007371007371,1.8388206388206387,0.8943488943488943,0.6191646191646192,0.7813267813267813,133.85487818717957,
results/experiments_results_clique/n100/clq_n100_10x10.json,clq_n100_10x10.json,results/experiments_results_clique/n100,clique,41,100,,0.15,10x10,,663,703.1,476.0,416.0,9450,296,370,723,663,703.1,395.0,395.0,354.5,354.5,1871,true,5811,257,315,1.3928571428571428,1.4771008403361345,0.8739495798319328,0.6218487394957983,0.7773109243697479,1.678481012658228,1.78,0.8974683544303798,0.6506329113924051,0.7974683544303798,134.01930689811707,
results/experiments_results_clique/n100/clq_n100_10x10.json,clq_n100_10x10.json,results/experiments_results_clique/n100,clique,42,100,,0.15,10x10,,715,762.7,493.0,425.5,10119,309,376,747,715,762.7,428.0,428.0,375.0,375.0,2326,true,6513,277,331,1.4503042596348885,1.5470588235294118,0.8630831643002028,0.6267748478701826,0.7626774847870182,1.6705607476635513,1.7820093457943926,0.8761682242990654,0.647196261682243,0.7733644859813084,152.85524606704712,
results/experiments_results_clique/n100/clq_n100_10x10.json,clq_n100_10x10.json,results/experiments_results_clique/n100,clique,43,100,,0.15,10x10,,744,784.6,532.0,448.0,11242,331,394,785,744,784.6,446.0,446.0,373.5,373.5,2663,true,6574,279,340,1.3984962406015038,1.474812030075188,0.8421052631578947,0.6221804511278195,0.7406015037593985,1.6681614349775784,1.7591928251121076,0.8374439461883408,0.625560538116592,0.7623318385650224,164.7944300174713,
results/experiments_results_clique/n100/clq_n100_10x10.json,clq_n100_10x10.json,results/experiments_results_clique/n100,clique,44,100,,0.15,10x10,,745,781.3,521.0,431.0,10446,316,391,730,745,781.3,450.0,450.0,368.5,368.5,2216,true,6518,277,343,1.4299424184261036,1.4996161228406908,0.8272552783109405,0.6065259117082533,0.7504798464491362,1.6555555555555554,1.7362222222222221,0.8188888888888889,0.6155555555555555,0.7622222222222222,184.19184494018555,
results/experiments_results_clique/n100/clq_n100_10x10.json,clq_n100_10x10.json,results/experiments_results_clique/n100,clique,45,100,,0.15,10x10,,743,786.7,527.0,441.5,10821,332,400,777,743,786.7,450.0,450.0,369.5,369.5,2729,true,6454,278,339,1.4098671726755219,1.4927893738140419,0.8377609108159393,0.6299810246679317,0.7590132827324478,1.6511111111111112,1.7482222222222223,0.8211111111111111,0.6177777777777778,0.7533333333333333,172.01912093162537,
results/experiments_results_clique/n100/clq_n100_10x10.json,clq_n100_10x10.json,results/experiments_results_clique/n100,clique,46,100,,0.15,10x10,,690,724.0,480.0,415.0,9541,306,371,735,690,724.0,404.0,404.0,349.0,349.0,2091,false,5739,256,309,1.4375,1.5083333333333333,0.8645833333333334,0.6375,0.7729166666666667,1.7079207920792079,1.7920792079207921,0.8638613861386139,0.6336633663366337,0.7648514851485149,151.9396951198578,
results/experiments_results_clique/n100/clq_n100_10x10.json,clq_n100_10x10.json,results/experiments_results_clique/n100,clique,47,100,,0.15,10x10,,664,725.1,451.0,413.5,9161,279,354,714,664,725.1,399.0,399.0,365.0,365.0,1985,true,6110,255,319,1.4722838137472283,1.6077605321507762,0.9168514412416852,0.6186252771618626,0.7849223946784922,1.6641604010025062,1.8172932330827067,0.9147869674185464,0.6390977443609023,0.7994987468671679,148.89518189430237,
results/experiments_results_clique/n100/clq_n100_10x10.json,clq_n100_10x10.json,results/experiments_results_clique/n100,clique,48,100,,0.15,10x10,,667,721.1,468.0,422.0,9667,290,366,729,667,721.1,401.0,401.0,362.5,362.5,2174,true,6033,253,317,1.4252136752136753,1.540811965811966,0.9017094017094017,0.6196581196581197,0.782051282051282,1.6633416458852868,1.7982543640897757,0.9039900249376559,0.6309226932668329,0.7905236907730673,137.20336508750916,
results/experiments_results_clique/n100/clq_n100_10x10.json,clq_n100_10x10.json,results/experiments_results_clique/n100,clique,49,100,,0.15,10x10,,716,752.7,498.0,438.0,10650,313,373,766,716,752.7,421.0,421.0,368.0,368.0,2156,true,6372,265,319,1.4377510040160641,1.5114457831325303,0.8795180722891566,0.6285140562248996,0.748995983935743,1.700712589073634,1.7878859857482186,0.8741092636579573,0.6294536817102138,0.7577197149643705,150.48428916931152,
results/experiments_results_clique/n100/clq_n100_10x10.json,clq_n100_10x10.json,results/experiments_results_clique/n100,clique,50,100,,0.15,10x10,,704,739.6,501.0,424.5,10076,313,381,775,704,739.6,428.0,428.0,356.5,356.5,2282,true,6062,265,321,1.405189620758483,1.47624750499002,0.8473053892215568,0.624750499001996,0.7604790419161677,1.644859813084112,1.7280373831775702,0.8329439252336449,0.6191588785046729,0.75,164.8389527797699,
results/experiments_results_clique/n100/clq_n100_4x25.json,clq_n100_4x25.json,results/experiments_results_clique/n100,clique,1,100,,0.15,4x25,,1069,1163.3,540.0,540.0,19350,390,487,758,975,1039.6,463.0,463.0,463.0,463.0,7661,true,12053,352,423,1.9796296296296296,2.154259259259259,1.0,0.7222222222222222,0.9018518518518519,2.1058315334773217,2.2453563714902804,1.0,0.7602591792656588,0.9136069114470843,98.5444860458374,
results/experiments_results_clique/n100/clq_n100_4x25.json,clq_n100_4x25.json,results/experiments_results_clique/n100,clique,1,100,,0.15,4x25,,1069,1163.3,540.0,540.0,19350,390,487,758,975,1039.6,463.0,463.0,463.0,463.0,7661,true,12053,352,423,1.9796296296296296,2.154259259259259,1.0,0.7222222222222222,0.9018518518518519,2.1058315334773217,2.2453563714902804,1.0,0.7602591792656588,0.9136069114470843,97.50136399269104,
results/experiments_results_clique/n100/clq_n100_4x25.json,clq_n100_4x25.json,results/experiments_results_clique/n100,clique,2,100,,0.15,4x25,,948,1105.4,495.0,495.0,18635,373,464,741,892,966.0,414.0,414.0,414.0,414.0,7479,true,11236,310,393,1.915151515151515,2.2331313131313135,1.0,0.7535353535353535,0.9373737373737374,2.154589371980676,2.3333333333333335,1.0,0.748792270531401,0.9492753623188406,95.12011790275574,
results/experiments_results_clique/n100/clq_n100_4x25.json,clq_n100_4x25.json,results/experiments_results_clique/n100,clique,3,100,,0.15,4x25,,1015,1166.5,525.0,525.0,19901,388,482,802,967,1050.0,441.0,441.0,441.0,441.0,8972,true,11670,326,407,1.9333333333333333,2.221904761904762,1.0,0.7390476190476191,0.9180952380952381,2.1927437641723357,2.380952380952381,1.0,0.7392290249433107,0.9229024943310657,94.32012486457825,
results/experiments_results_clique/n100/clq_n100_4x25.json,clq_n100_4x25.json,results/experiments_results_clique/n100,clique,4,100,,0.15,4x25,,818,1008.4,482.0,482.0,18680,360,443,781,783,960.7,404.0,404.0,404.0,404.0,8430,true,11022,308,371,1.6970954356846473,2.0921161825726142,1.0,0.7468879668049793,0.9190871369294605,1.938118811881188,2.377970297029703,1.0,0.7623762376237624,0.9183168316831684,93.84531497955322,
results/experiments_results_clique/n100/clq_n100_4x25.json,clq_n100_4x25.json,results/experiments_results_clique/n100,clique,5,100,,0.15,4x25,,853,1078.2,512.0,512.0,19310,368,454,784,917,989.3,414.0,414.0,414.0,414.0,7466,true,11216,308,375,1.666015625,2.105859375,1.0,0.71875,0.88671875,2.214975845410628,2.389613526570048,1.0,0.7439613526570048,0.9057971014492754,94.21411991119385,
results/experiments_results_clique/n100/clq_n100_4x25.json,clq_n100_4x25.json,results/experiments_results_clique/n100,clique,6,100,,0.15,4x25,,932,1098.1,484.0,484.0,18178,367,445,733,907,1013.0,410.0,410.0,410.0,410.0,6916,true,11321,313,383,1.9256198347107438,2.2688016528925616,1.0,0.7582644628099173,0.9194214876033058,2.2121951219512197,2.470731707317073,1.0,0.7634146341463415,0.9341463414634147,95.02976989746094,
results/experiments_results_clique/n100/clq_n100_4x25.json,clq_n100_4x25.json,results/experiments_results_clique/n100,clique,7,100,,0.15,4x25,,977,1111.4,505.0,505.0,18416,372,465,726,859,976.8,421.0,421.0,421.0,421.0,6702,true,11024,316,397,1.9346534653465346,2.200792079207921,1.0,0.7366336633663366,0.9207920792079208,2.040380047505938,2.320190023752969,1.0,0.7505938242280285,0.9429928741092637,96.02295923233032,
results/experiments_results_clique/n100/clq_n100_4x25.json,clq_n100_4x25.json,results/experiments_results_clique/n100,clique,8,100,,0.15,4x25,,1023,1082.0,484.0,484.0,17544,369,448,664,862,967.4,420.0,420.0,420.0,420.0,5548,true,11359,329,396,2.1136363636363638,2.2355371900826446,1.0,0.762396694214876,0.9256198347107438,2.052380952380952,2.3033333333333332,1.0,0.7833333333333333,0.9428571428571428,96.0935549736023,
results/experiments_results_clique/n100/clq_n100_4x25.json,clq_n100_4x25.json,results/experiments_results_clique/n100,clique,9,100,,0.15,4x25,,946,1048.7,506.0,506.0,18551,371,458,698,911,981.6,435.0,435.0,435.0,435.0,6759,true,11922,322,409,1.8695652173913044,2.0725296442687746,1.0,0.733201581027668,0.9051383399209486,2.094252873563218,2.256551724137931,1.0,0.7402298850574712,0.9402298850574713,97.08320999145508,
results/experiments_results_clique/n100/clq_n100_4x25.json,clq_n100_4x25.json,results/experiments_results_clique/n100,clique,10,100,,0.15,4x25,,908,1061.6,482.0,482.0,18227,351,440,735,882,955.3,399.0,399.0,399.0,399.0,6802,true,10803,297,368,1.883817427385892,2.2024896265560163,1.0,0.7282157676348547,0.9128630705394191,2.210526315789474,2.394235588972431,1.0,0.7443609022556391,0.9223057644110275,95.1747031211853,
results/experiments_results_clique/n100/clq_n100_4x25.json,clq_n100_4x25.json,results/experiments_results_clique/n100,clique,11,100,,0.15,4x25,,855,1072.6,485.0,485.0,18783,359,447,730,902,979.3,413.0,413.0,413.0,413.0,7104,true,11719,303,384,1.7628865979381443,2.2115463917525773,1.0,0.7402061855670103,0.9216494845360824,2.1840193704600486,2.371186440677966,1.0,0.7336561743341404,0.9297820823244553,155.51833820343018,
results/experiments_results_clique/n100/clq_n100_4x25.json,clq_n100_4x25.json,results/experiments_results_clique/n100,clique,12,100,,0.15,4x25,,834,1018.3,475.0,475.0,17802,353,431,747,855,950.8,396.0,396.0,396.0,396.0,6859,true,10907,295,371,1.7557894736842106,2.1437894736842105,1.0,0.7431578947368421,0.9073684210526316,2.159090909090909,2.401010101010101,1.0,0.7449494949494949,0.9368686868686869,199.70843410491943,
results/experiments_results_clique/n100/clq_n100_4x25.json,clq_n100_4x25.json,results/experiments_results_clique/n100,clique,13,100,,0.15,4x25,,963,1131.2,488.0,488.0,18501,345,441,735,887,984.2,397.0,397.0,397.0,397.0,7172,true,10950,294,370,1.973360655737705,2.318032786885246,1.0,0.7069672131147541,0.9036885245901639,2.234256926952141,2.4790931989924436,1.0,0.7405541561712846,0.9319899244332494,166.94606590270996,
results/experiments_results_clique/n100/clq_n100_4x25.json,clq_n100_4x25.json,results/experiments_results_clique/n100,clique,14,100,,0.15,4x25,,989,1091.9,506.0,506.0,18750,377,459,755,780,990.3,436.0,436.0,436.0,436.0,7932,true,11621,329,406,1.9545454545454546,2.1579051383399213,1.0,0.7450592885375494,0.9071146245059288,1.7889908256880733,2.271330275229358,1.0,0.7545871559633027,0.9311926605504587,110.71411681175232,
results/experiments_results_clique/n100/clq_n100_4x25.json,clq_n100_4x25.json,results/experiments_results_clique/n100,clique,15,100,,0.15,4x25,,909,1118.7,512.0,512.0,18572,366,461,741,904,1019.0,436.0,436.0,436.0,436.0,6996,true,11402,326,397,1.775390625,2.1849609375,1.0,0.71484375,0.900390625,2.073394495412844,2.3371559633027523,1.0,0.7477064220183486,0.9105504587155964,125.57848072052002,
results/experiments_results_clique/n100/clq_n100_4x25.json,clq_n100_4x25.json,results/experiments_results_clique/n100,clique,16,100,,0.15,4x25,,946,1108.0,512.0,512.0,19300,371,465,726,774,1029.6,440.0,440.0,440.0,440.0,7484,true,12185,331,399,1.84765625,2.1640625,1.0,0.724609375,0.908203125,1.759090909090909,2.34,1.0,0.7522727272727273,0.9068181818181819,198.82135796546936,
results/experiments_results_clique/n100/clq_n100_4x25.json,clq_n100_4x25.json,results/experiments_results_clique/n100,clique,17,100,,0.15,4x25,,979,1095.7,485.0,485.0,18675,347,448,723,922,1017.6,417.0,417.0,417.0,417.0,7340,true,11617,306,388,2.0185567010309278,2.259175257731959,1.0,0.7154639175257732,0.9237113402061856,2.211031175059952,2.4402877697841725,1.0,0.7338129496402878,0.9304556354916067,155.84130811691284,
results/experiments_results_clique/n100/clq_n100_4x25.json,clq_n100_4x25.json,results/experiments_results_clique/n100,clique,18,100,,0.15,4x25,,978,1105.3,489.0,489.0,18048,363,442,760,844,990.2,417.0,417.0,417.0,417.0,7211,true,10928,312,383,2.0,2.260327198364008,1.0,0.7423312883435583,0.9038854805725971,2.0239808153477217,2.374580335731415,1.0,0.7482014388489209,0.9184652278177458,143.7443859577179,
results/experiments_results_clique/n100/clq_n100_4x25.json,clq_n100_4x25.json,results/experiments_results_clique/n100,clique,19,100,,0.15,4x25,,837,1061.6,480.0,480.0,18035,361,447,788,866,987.4,417.0,417.0,417.0,417.0,7957,true,11201,317,390,1.74375,2.2116666666666664,1.0,0.7520833333333333,0.93125,2.07673860911271,2.367865707434053,1.0,0.7601918465227818,0.935251798561151,93.72938990592957,
results/experiments_results_clique/n100/clq_n100_4x25.json,clq_n100_4x25.json,results/experiments_results_clique/n100,clique,20,100,,0.15,4x25,,866,1041.0,493.0,493.0,18530,359,452,769,830,978.4,408.0,408.0,408.0,408.0,7404,true,10890,300,381,1.7565922920892494,2.1115618661257605,1.0,0.7281947261663286,0.9168356997971603,2.034313725490196,2.3980392156862744,1.0,0.7352941176470589,0.9338235294117647,94.7894778251648,
results/experiments_results_clique/n100/clq_n100_4x25.json,clq_n100_4x25.json,results/experiments_results_clique/n100,clique,21,100,,0.15,4x25,,852,986.9,472.0,472.0,17956,354,435,747,852,986.9,416.0,416.0,416.0,416.0,7432,true,11724,307,390,1.805084745762712,2.0908898305084747,1.0,0.75,0.9216101694915254,2.048076923076923,2.372355769230769,1.0,0.7379807692307693,0.9375,169.67370223999023,
results/experiments_results_clique/n100/clq_n100_4x25.json,clq_n100_4x25.json,results/experiments_results_clique/n100,clique,22,100,,0.15,4x25,,884,958.3,495.0,495.0,18814,356,455,800,884,958.3,395.0,395.0,395.0,395.0,7890,true,10664,301,376,1.7858585858585858,1.9359595959595959,1.0,0.7191919191919192,0.9191919191919192,2.2379746835443037,2.4260759493670885,1.0,0.7620253164556962,0.9518987341772152,168.52662920951843,
results/experiments_results_clique/n100/clq_n100_4x25.json,clq_n100_4x25.json,results/experiments_results_clique/n100,clique,23,100,,0.15,4x25,,918,983.7,481.0,481.0,17962,354,446,723,918,983.7,416.0,416.0,416.0,416.0,7318,true,11359,322,389,1.9085239085239085,2.0451143451143454,1.0,0.735966735966736,0.9272349272349273,2.206730769230769,2.364663461538462,1.0,0.7740384615384616,0.9350961538461539,189.12571096420288,
results/experiments_results_clique/n100/clq_n100_4x25.json,clq_n100_4x25.json,results/experiments_results_clique/n100,clique,24,100,,0.15,4x25,,928,1041.7,513.0,513.0,19479,376,470,749,928,1041.7,447.0,447.0,447.0,447.0,8301,true,12480,322,417,1.8089668615984404,2.0306042884990254,1.0,0.732943469785575,0.9161793372319688,2.076062639821029,2.3304250559284116,1.0,0.7203579418344519,0.9328859060402684,96.95631837844849,
results/experiments_results_clique/n100/clq_n100_4x25.json,clq_n100_4x25.json,results/experiments_results_clique/n100,clique,25,100,,0.15,4x25,,862,1033.6,519.0,519.0,19974,379,476,735,862,1033.6,442.0,442.0,442.0,442.0,8398,true,12446,322,411,1.6608863198458574,1.9915221579961462,1.0,0.7302504816955684,0.9171483622350675,1.9502262443438914,2.338461538461538,1.0,0.7285067873303167,0.9298642533936652,95.70659732818604,
results/experiments_results_clique/n100/clq_n100_4x25.json,clq_n100_4x25.json,results/experiments_results_clique/n100,clique,26,100,,0.15,4x25,,851,994.9,495.0,495.0,18401,356,453,746,851,994.9,422.0,422.0,422.0,422.0,7237,true,11225,323,390,1.7191919191919192,2.00989898989899,1.0,0.7191919191919192,0.9151515151515152,2.0165876777251186,2.3575829383886258,1.0,0.7654028436018957,0.9241706161137441,96.44301700592041,
results/experiments_results_clique/n100/clq_n100_4x25.json,clq_n100_4x25.json,results/experiments_results_clique/n100,clique,27,100,,0.15,4x25,,919,1033.4,478.0,478.0,18236,354,444,737,919,1033.4,409.0,409.0,409.0,409.0,7366,true,11185,310,389,1.9225941422594142,2.161924686192469,1.0,0.7405857740585774,0.9288702928870293,2.2469437652811735,2.5266503667481666,1.0,0.7579462102689487,0.9511002444987775,95.18111896514893,
results/experiments_results_clique/n100/clq_n100_4x25.json,clq_n100_4x25.json,results/experiments_results_clique/n100,clique,28,100,,0.15,4x25,,924,1014.5,513.0,513.0,19065,376,461,758,924,1014.5,440.0,440.0,440.0,440.0,7906,true,11467,325,408,1.8011695906432748,1.9775828460038987,1.0,0.732943469785575,0.898635477582846,2.1,2.305681818181818,1.0,0.7386363636363636,0.9272727272727272,96.68465614318848,
results/experiments_results_clique/n100/clq_n100_4x25.json,clq_n100_4x25.json,results/experiments_results_clique/n100,clique,29,100,,0.15,4x25,,892,1010.7,481.0,481.0,18502,346,439,750,892,1010.7,410.0,410.0,410.0,410.0,7589,true,11128,303,383,1.8544698544698546,2.1012474012474014,1.0,0.7193347193347194,0.9126819126819127,2.175609756097561,2.4651219512195124,1.0,0.7390243902439024,0.9341463414634147,95.17904210090637,
results/experiments_results_clique/n100/clq_n100_4x25.json,clq_n100_4x25.json,results/experiments_results_clique/n100,clique,30,100,,0.15,4x25,,943,1011.2,520.0,520.0,19121,386,476,739,943,1011.2,435.0,435.0,435.0,435.0,6952,true,11510,331,404,1.8134615384615385,1.9446153846153846,1.0,0.7423076923076923,0.9153846153846154,2.167816091954023,2.3245977011494254,1.0,0.7609195402298851,0.9287356321839081,95.28895497322083,
results/experiments_results_clique/n100/clq_n100_4x25.json,clq_n100_4x25.json,results/experiments_results_clique/n100,clique,31,100,,0.15,4x25,,947,1009.4,502.0,502.0,19287,362,460,761,947,1009.4,428.0,428.0,428.0,428.0,8017,true,11628,320,393,1.8864541832669324,2.0107569721115537,1.0,0.7211155378486056,0.9163346613545816,2.2126168224299065,2.358411214953271,1.0,0.7476635514018691,0.9182242990654206,97.65982794761658,
results/experiments_results_clique/n100/clq_n100_4x25.json,clq_n100_4x25.json,results/experiments_results_clique/n100,clique,32,100,,0.15,4x25,,834,1020.8,505.0,505.0,19076,370,460,762,834,1020.8,427.0,427.0,427.0,427.0,7938,true,11546,324,393,1.6514851485148514,2.0213861386138614,1.0,0.7326732673267327,0.9108910891089109,1.9531615925058547,2.390632318501171,1.0,0.7587822014051522,0.9203747072599532,98.67272591590881,
results/experiments_results_clique/n100/clq_n100_4x25.json,clq_n100_4x25.json,results/experiments_results_clique/n100,clique,33,100,,0.15,4x25,,912,1016.6,532.0,532.0,19828,389,484,761,912,1016.6,448.0,448.0,448.0,448.0,8259,true,12038,339,413,1.7142857142857142,1.9109022556390978,1.0,0.731203007518797,0.9097744360902256,2.0357142857142856,2.2691964285714286,1.0,0.7566964285714286,0.921875,97.0839991569519,
results/experiments_results_clique/n100/clq_n100_4x25.json,clq_n100_4x25.json,results/experiments_results_clique/n100,clique,34,100,,0.15,4x25,,779,917.2,467.0,467.0,18077,344,427,775,779,917.2,380.0,380.0,380.0,380.0,7233,true,10311,293,353,1.6680942184154175,1.9640256959314777,1.0,0.7366167023554604,0.9143468950749465,2.05,2.413684210526316,1.0,0.7710526315789473,0.9289473684210526,95.72633385658264,
results/experiments_results_clique/n100/clq_n100_4x25.json,clq_n100_4x25.json,results/experiments_results_clique/n100,clique,35,100,,0.15,4x25,,880,1008.9,493.0,493.0,18446,360,439,731,880,1008.9,433.0,433.0,433.0,433.0,7472,true,11636,310,391,1.7849898580121704,2.046450304259635,1.0,0.7302231237322515,0.8904665314401623,2.032332563510393,2.3300230946882214,1.0,0.7159353348729792,0.9030023094688222,97.07813501358032,
results/experiments_results_clique/n100/clq_n100_4x25.json,clq_n100_4x25.json,results/experiments_results_clique/n100,clique,36,100,,0.15,4x25,,962,1022.0,509.0,509.0,19155,375,467,749,962,1022.0,434.0,434.0,434.0,434.0,7813,true,11515,323,404,1.8899803536345776,2.0078585461689586,1.0,0.7367387033398821,0.9174852652259332,2.216589861751152,2.3548387096774195,1.0,0.7442396313364056,0.9308755760368663,97.1808431148529,
results/experiments_results_clique/n100/clq_n100_4x25.json,clq_n100_4x25.json,results/experiments_results_clique/n100,clique,37,100,,0.15,4x25,,872,938.9,488.0,488.0,17442,359,447,734,872,938.9,414.0,414.0,414.0,414.0,6347,true,10856,305,380,1.7868852459016393,1.9239754098360655,1.0,0.735655737704918,0.9159836065573771,2.106280193236715,2.2678743961352654,1.0,0.7367149758454107,0.9178743961352657,99.00738906860352,
results/experiments_results_clique/n100/clq_n100_4x25.json,clq_n100_4x25.json,results/experiments_results_clique/n100,clique,38,100,,0.15,4x25,,783,950.4,468.0,468.0,16823,348,442,710,783,950.4,406.0,406.0,406.0,406.0,6737,true,10867,303,386,1.6730769230769231,2.0307692307692307,1.0,0.7435897435897436,0.9444444444444444,1.9285714285714286,2.340886699507389,1.0,0.7463054187192119,0.9507389162561576,97.3718409538269,
results/experiments_results_clique/n100/clq_n100_4x25.json,clq_n100_4x25.json,results/experiments_results_clique/n100,clique,39,100,,0.15,4x25,,772,936.9,517.0,517.0,18523,383,474,766,772,936.9,433.0,433.0,433.0,433.0,7175,true,11186,324,407,1.493230174081238,1.8121856866537718,1.0,0.7408123791102514,0.9168278529980658,1.7829099307159353,2.1637413394919167,1.0,0.7482678983833718,0.9399538106235565,97.54531693458557,
results/experiments_results_clique/n100/clq_n100_4x25.json,clq_n100_4x25.json,results/experiments_results_clique/n100,clique,40,100,,0.15,4x25,,943,997.8,495.0,495.0,18291,370,455,780,943,997.8,419.0,419.0,419.0,419.0,8008,true,11008,306,394,1.905050505050505,2.0157575757575756,1.0,0.7474747474747475,0.9191919191919192,2.2505966587112174,2.381384248210024,1.0,0.7303102625298329,0.9403341288782816,96.2363109588623,
results/experiments_results_clique/n100/clq_n100_4x25.json,clq_n100_4x25.json,results/experiments_results_clique/n100,clique,41,100,,0.15,4x25,,813,945.2,494.0,494.0,17986,371,457,723,813,945.2,414.0,414.0,414.0,414.0,6469,true,10958,323,388,1.645748987854251,1.9133603238866397,1.0,0.7510121457489879,0.9251012145748988,1.963768115942029,2.2830917874396137,1.0,0.7801932367149759,0.9371980676328503,96.75748991966248,
results/experiments_results_clique/n100/clq_n100_4x25.json,clq_n100_4x25.json,results/experiments_results_clique/n100,clique,42,100,,0.15,4x25,,964,1016.7,493.0,493.0,18593,365,456,747,964,1016.7,429.0,429.0,429.0,429.0,7825,true,11875,330,405,1.9553752535496958,2.062271805273834,1.0,0.7403651115618661,0.9249492900608519,2.247086247086247,2.36993006993007,1.0,0.7692307692307693,0.9440559440559441,334.50723028182983,
results/experiments_results_clique/n100/clq_n100_4x25.json,clq_n100_4x25.json,results/experiments_results_clique/n100,clique,43,100,,0.15,4x25,,931,1025.0,503.0,503.0,19489,362,451,785,931,1025.0,418.0,418.0,418.0,418.0,8393,true,11417,306,393,1.8508946322067594,2.0377733598409544,1.0,0.7196819085487077,0.8966202783300199,2.227272727272727,2.452153110047847,1.0,0.7320574162679426,0.9401913875598086,97.56444787979126,
results/experiments_results_clique/n100/clq_n100_4x25.json,clq_n100_4x25.json,results/experiments_results_clique/n100,clique,44,100,,0.15,4x25,,903,985.3,511.0,511.0,18951,382,466,730,903,985.3,447.0,447.0,447.0,447.0,7563,true,11966,332,414,1.7671232876712328,1.9281800391389432,1.0,0.7475538160469667,0.9119373776908023,2.0201342281879193,2.2042505592841164,1.0,0.7427293064876958,0.9261744966442953,99.26171493530273,
results/experiments_results_clique/n100/clq_n100_4x25.json,clq_n100_4x25.json,results/experiments_results_clique/n100,clique,45,100,,0.15,4x25,,997,1065.1,531.0,531.0,19695,393,473,777,997,1065.1,450.0,450.0,450.0,450.0,8587,true,11833,325,408,1.8775894538606404,2.0058380414312618,1.0,0.7401129943502824,0.8907721280602636,2.2155555555555555,2.3668888888888886,1.0,0.7222222222222222,0.9066666666666666,98.20601177215576,
results/experiments_results_clique/n100/clq_n100_4x25.json,clq_n100_4x25.json,results/experiments_results_clique/n100,clique,46,100,,0.15,4x25,,904,966.0,493.0,493.0,17664,362,448,735,904,966.0,416.0,416.0,416.0,416.0,7218,true,10611,305,386,1.8336713995943206,1.9594320486815415,1.0,0.7342799188640974,0.9087221095334685,2.173076923076923,2.3221153846153846,1.0,0.7331730769230769,0.9278846153846154,96.90422201156616,
results/experiments_results_clique/n100/clq_n100_4x25.json,clq_n100_4x25.json,results/experiments_results_clique/n100,clique,47,100,,0.15,4x25,,846,951.6,448.0,448.0,16680,325,406,714,846,951.6,398.0,398.0,398.0,398.0,6652,true,10944,299,367,1.8883928571428572,2.124107142857143,1.0,0.7254464285714286,0.90625,2.1256281407035176,2.3909547738693466,1.0,0.7512562814070352,0.9221105527638191,97.64659309387207,
results/experiments_results_clique/n100/clq_n100_4x25.json,clq_n100_4x25.json,results/experiments_results_clique/n100,clique,48,100,,0.15,4x25,,890,932.4,468.0,468.0,17689,336,427,729,890,932.4,404.0,404.0,404.0,404.0,7409,true,10981,303,378,1.9017094017094016,1.9923076923076923,1.0,0.717948717948718,0.9123931623931624,2.202970297029703,2.3079207920792078,1.0,0.75,0.9356435643564357,96.52366805076599,
results/experiments_results_clique/n100/clq_n100_4x25.json,clq_n100_4x25.json,results/experiments_results_clique/n100,clique,49,100,,0.15,4x25,,813,946.9,475.0,475.0,18461,346,426,766,813,946.9,401.0,401.0,401.0,401.0,7805,true,11184,302,365,1.711578947368421,1.9934736842105263,1.0,0.728421052631579,0.8968421052631579,2.027431421446384,2.361346633416459,1.0,0.7531172069825436,0.9102244389027432,96.00115513801575,
results/experiments_results_clique/n100/clq_n100_4x25.json,clq_n100_4x25.json,results/experiments_results_clique/n100,clique,50,100,,0.15,4x25,,874,966.6,497.0,497.0,18300,367,451,775,874,966.6,418.0,418.0,418.0,418.0,7433,true,10953,316,387,1.7585513078470825,1.9448692152917506,1.0,0.738430583501006,0.9074446680080482,2.090909090909091,2.31244019138756,1.0,0.7559808612440191,0.9258373205741627,96.19640183448792,
