ego_id,n,seed,complete_pivot_best_cost,complete_pivot_average_cost,complete_ilp_cost,complete_lp_cost,p_delete,edge_pivot_best_cost,edge_pivot_average_cost,edge_all_pairs_ilp_cost,edge_all_pairs_lp_cost,complete_min_max_cc_computed,complete_min_max_cc_cluster_count,complete_min_max_cc_max_disagreement,complete_min_max_cc_d_hat,complete_min_max_cc_lambda,complete_min_max_cc_runtime_seconds,complete_min_max_lp_computed,complete_min_max_lp_cost,complete_min_max_lp_rounding_cost,complete_min_max_lp_max_disagreement_vertex,complete_min_max_lp_cluster_count,complete_min_max_lp_r,complete_min_max_lp_r2,complete_min_max_lp_method,complete_min_max_lp_norm,complete_min_max_lp_runtime_seconds,complete_min_max_lp_rounding_runtime_seconds,complete_min_max_lp_total_runtime_seconds,edge_min_max_cc_computed,edge_min_max_cc_cluster_count,edge_min_max_cc_max_disagreement,edge_min_max_cc_d_hat,edge_min_max_cc_lambda,edge_min_max_cc_runtime_seconds,edge_min_max_lp_computed,edge_min_max_lp_cost,edge_min_max_lp_rounding_cost,edge_min_max_lp_max_disagreement_vertex,edge_min_max_lp_cluster_count,edge_min_max_lp_r,edge_min_max_lp_r2,edge_min_max_lp_method,edge_min_max_lp_norm,edge_min_max_lp_runtime_seconds,edge_min_max_lp_rounding_runtime_seconds,edge_min_max_lp_total_runtime_seconds
0,333,1,2028,2388.16,,,0.05,1999,2287.86,,,True,273,60,8,5,0.022709,,,,,,,,,,,,,True,275,59,8,5,0.022952,,,,,,,,,,,,
0,333,2,2028,2388.16,,,0.05,1919,2248.51,,,True,273,60,8,5,0.022709,,,,,,,,,,,,,True,275,56,8,5,0.023892,,,,,,,,,,,,
0,333,3,2028,2388.16,,,0.05,1901,2222.9,,,True,273,60,8,5,0.022709,,,,,,,,,,,,,True,277,56,8,5,0.02257,,,,,,,,,,,,
0,333,4,2028,2388.16,,,0.05,1948,2259.51,,,True,273,60,8,5,0.022709,,,,,,,,,,,,,True,276,59,8,5,0.022775,,,,,,,,,,,,
0,333,5,2028,2388.16,,,0.05,1944,2254.9,,,True,273,60,8,5,0.022709,,,,,,,,,,,,,True,276,60,8,5,0.021775,,,,,,,,,,,,
0,333,6,2028,2388.16,,,0.05,1938,2256.75,,,True,273,60,8,5,0.022709,,,,,,,,,,,,,True,276,59,8,5,0.022521,,,,,,,,,,,,
0,333,7,2028,2388.16,,,0.05,1965,2272.36,,,True,273,60,8,5,0.022709,,,,,,,,,,,,,True,275,62,8,5,0.022049,,,,,,,,,,,,
0,333,8,2028,2388.16,,,0.05,1985,2260.42,,,True,273,60,8,5,0.022709,,,,,,,,,,,,,True,276,58,8,5,0.022303,,,,,,,,,,,,
0,333,9,2028,2388.16,,,0.05,1961,2248.91,,,True,273,60,8,5,0.022709,,,,,,,,,,,,,True,275,58,8,5,0.022161,,,,,,,,,,,,
0,333,10,2028,2388.16,,,0.05,1975,2297.44,,,True,273,60,8,5,0.022709,,,,,,,,,,,,,True,275,57,8,5,0.022846,,,,,,,,,,,,
0,333,11,2028,2388.16,,,0.05,1973,2230.8,,,True,273,60,8,5,0.022709,,,,,,,,,,,,,True,276,58,8,5,0.022051,,,,,,,,,,,,
0,333,12,2028,2388.16,,,0.05,1999,2280.51,,,True,273,60,8,5,0.022709,,,,,,,,,,,,,True,276,57,8,5,0.02311,,,,,,,,,,,,
0,333,13,2028,2388.16,,,0.05,1904,2256.22,,,True,273,60,8,5,0.022709,,,,,,,,,,,,,True,276,59,8,5,0.021999,,,,,,,,,,,,
0,333,14,2028,2388.16,,,0.05,1912,2232.66,,,True,273,60,8,5,0.022709,,,,,,,,,,,,,True,275,56,8,5,0.023299,,,,,,,,,,,,
0,333,15,2028,2388.16,,,0.05,1950,2273.08,,,True,273,60,8,5,0.022709,,,,,,,,,,,,,True,277,56,8,5,0.021898,,,,,,,,,,,,
0,333,16,2028,2388.16,,,0.05,1980,2298.99,,,True,273,60,8,5,0.022709,,,,,,,,,,,,,True,277,57,8,5,0.022452,,,,,,,,,,,,
0,333,17,2028,2388.16,,,0.05,1983,2283.36,,,True,273,60,8,5,0.022709,,,,,,,,,,,,,True,274,55,8,5,0.022,,,,,,,,,,,,
0,333,18,2028,2388.16,,,0.05,1939,2300.76,,,True,273,60,8,5,0.022709,,,,,,,,,,,,,True,274,56,8,5,0.022689,,,,,,,,,,,,
0,333,19,2028,2388.16,,,0.05,1931,2266.37,,,True,273,60,8,5,0.022709,,,,,,,,,,,,,True,274,59,8,5,0.022564,,,,,,,,,,,,
0,333,20,2028,2388.16,,,0.05,2006,2281.73,,,True,273,60,8,5,0.022709,,,,,,,,,,,,,True,276,59,8,5,0.022786,,,,,,,,,,,,
0,333,21,2028,2388.16,,,0.05,2002,2268.65,,,True,273,60,8,5,0.022709,,,,,,,,,,,,,True,276,56,8,5,0.022776,,,,,,,,,,,,
0,333,22,2028,2388.16,,,0.05,2001,2285.5,,,True,273,60,8,5,0.022709,,,,,,,,,,,,,True,275,60,8,5,0.023972,,,,,,,,,,,,
0,333,23,2028,2388.16,,,0.05,2024,2291.55,,,True,273,60,8,5,0.022709,,,,,,,,,,,,,True,274,61,8,5,0.02261,,,,,,,,,,,,
0,333,24,2028,2388.16,,,0.05,1907,2255.89,,,True,273,60,8,5,0.022709,,,,,,,,,,,,,True,275,58,8,5,0.02252,,,,,,,,,,,,
0,333,25,2028,2388.16,,,0.05,1980,2235.73,,,True,273,60,8,5,0.022709,,,,,,,,,,,,,True,273,55,8,5,0.022373,,,,,,,,,,,,
0,333,26,2028,2388.16,,,0.05,1972,2273.21,,,True,273,60,8,5,0.022709,,,,,,,,,,,,,True,277,59,8,5,0.021909,,,,,,,,,,,,
0,333,27,2028,2388.16,,,0.05,1942,2255.37,,,True,273,60,8,5,0.022709,,,,,,,,,,,,,True,274,56,8,5,0.022165,,,,,,,,,,,,
0,333,28,2028,2388.16,,,0.05,1959,2272.47,,,True,273,60,8,5,0.022709,,,,,,,,,,,,,True,273,58,8,5,0.023525,,,,,,,,,,,,
0,333,29,2028,2388.16,,,0.05,1947,2282.41,,,True,273,60,8,5,0.022709,,,,,,,,,,,,,True,275,56,8,5,0.021748,,,,,,,,,,,,
0,333,30,2028,2388.16,,,0.05,1945,2283.83,,,True,273,60,8,5,0.022709,,,,,,,,,,,,,True,274,57,8,5,0.022798,,,,,,,,,,,,
0,333,1,2028,2388.16,,,0.15,1819,2042.31,,,True,273,60,8,5,0.022709,,,,,,,,,,,,,True,284,53,8,5,0.021875,,,,,,,,,,,,
0,333,2,2028,2388.16,,,0.15,1757,1960.91,,,True,273,60,8,5,0.022709,,,,,,,,,,,,,True,280,49,8,5,0.02317,,,,,,,,,,,,
0,333,3,2028,2388.16,,,0.15,1729,2013.45,,,True,273,60,8,5,0.022709,,,,,,,,,,,,,True,286,48,8,5,0.022551,,,,,,,,,,,,
0,333,4,2028,2388.16,,,0.15,1753,1998.96,,,True,273,60,8,5,0.022709,,,,,,,,,,,,,True,282,50,8,5,0.023518,,,,,,,,,,,,
0,333,5,2028,2388.16,,,0.15,1772,2032.38,,,True,273,60,8,5,0.022709,,,,,,,,,,,,,True,284,55,8,5,0.022831,,,,,,,,,,,,
0,333,6,2028,2388.16,,,0.15,1745,2011.81,,,True,273,60,8,5,0.022709,,,,,,,,,,,,,True,286,47,8,5,0.02462,,,,,,,,,,,,
0,333,7,2028,2388.16,,,0.15,1761,2015.19,,,True,273,60,8,5,0.022709,,,,,,,,,,,,,True,284,50,8,5,0.02324,,,,,,,,,,,,
0,333,8,2028,2388.16,,,0.15,1769,2042.85,,,True,273,60,8,5,0.022709,,,,,,,,,,,,,True,281,45,8,5,0.022328,,,,,,,,,,,,
0,333,9,2028,2388.16,,,0.15,1793,2010.73,,,True,273,60,8,5,0.022709,,,,,,,,,,,,,True,285,48,8,5,0.023021,,,,,,,,,,,,
0,333,10,2028,2388.16,,,0.15,1770,1996.29,,,True,273,60,8,5,0.022709,,,,,,,,,,,,,True,284,48,8,5,0.022169,,,,,,,,,,,,
0,333,11,2028,2388.16,,,0.15,1749,2016.14,,,True,273,60,8,5,0.022709,,,,,,,,,,,,,True,284,52,8,5,0.022324,,,,,,,,,,,,
0,333,12,2028,2388.16,,,0.15,1748,2009.71,,,True,273,60,8,5,0.022709,,,,,,,,,,,,,True,285,46,8,5,0.021455,,,,,,,,,,,,
0,333,13,2028,2388.16,,,0.15,1751,2005.1,,,True,273,60,8,5,0.022709,,,,,,,,,,,,,True,284,47,8,5,0.022576,,,,,,,,,,,,
0,333,14,2028,2388.16,,,0.15,1806,2009.72,,,True,273,60,8,5,0.022709,,,,,,,,,,,,,True,286,45,8,5,0.022138,,,,,,,,,,,,
0,333,15,2028,2388.16,,,0.15,1761,1980.25,,,True,273,60,8,5,0.022709,,,,,,,,,,,,,True,282,45,8,5,0.021887,,,,,,,,,,,,
0,333,16,2028,2388.16,,,0.15,1737,2053.83,,,True,273,60,8,5,0.022709,,,,,,,,,,,,,True,284,47,8,5,0.021973,,,,,,,,,,,,
0,333,17,2028,2388.16,,,0.15,1780,2001.05,,,True,273,60,8,5,0.022709,,,,,,,,,,,,,True,285,46,8,5,0.022054,,,,,,,,,,,,
0,333,18,2028,2388.16,,,0.15,1745,1992.89,,,True,273,60,8,5,0.022709,,,,,,,,,,,,,True,283,45,8,5,0.022965,,,,,,,,,,,,
0,333,19,2028,2388.16,,,0.15,1707,2025.09,,,True,273,60,8,5,0.022709,,,,,,,,,,,,,True,280,56,8,5,0.022277,,,,,,,,,,,,
0,333,20,2028,2388.16,,,0.15,1820,2028.95,,,True,273,60,8,5,0.022709,,,,,,,,,,,,,True,283,49,8,5,0.022738,,,,,,,,,,,,
0,333,21,2028,2388.16,,,0.15,1824,2066.62,,,True,273,60,8,5,0.022709,,,,,,,,,,,,,True,285,48,8,5,0.021869,,,,,,,,,,,,
0,333,22,2028,2388.16,,,0.15,1760,1987.95,,,True,273,60,8,5,0.022709,,,,,,,,,,,,,True,284,50,8,5,0.022788,,,,,,,,,,,,
0,333,23,2028,2388.16,,,0.15,1809,2042.7,,,True,273,60,8,5,0.022709,,,,,,,,,,,,,True,283,49,8,5,0.022107,,,,,,,,,,,,
0,333,24,2028,2388.16,,,0.15,1790,2041.6,,,True,273,60,8,5,0.022709,,,,,,,,,,,,,True,279,53,8,5,0.021609,,,,,,,,,,,,
0,333,25,2028,2388.16,,,0.15,1700,1992.54,,,True,273,60,8,5,0.022709,,,,,,,,,,,,,True,287,45,8,5,0.02389,,,,,,,,,,,,
0,333,26,2028,2388.16,,,0.15,1818,2047.05,,,True,273,60,8,5,0.022709,,,,,,,,,,,,,True,283,51,8,5,0.022278,,,,,,,,,,,,
0,333,27,2028,2388.16,,,0.15,1749,1995.55,,,True,273,60,8,5,0.022709,,,,,,,,,,,,,True,285,47,8,5,0.022252,,,,,,,,,,,,
0,333,28,2028,2388.16,,,0.15,1725,2002.89,,,True,273,60,8,5,0.022709,,,,,,,,,,,,,True,286,53,8,5,0.021705,,,,,,,,,,,,
0,333,29,2028,2388.16,,,0.15,1771,2037.4,,,True,273,60,8,5,0.022709,,,,,,,,,,,,,True,285,45,8,5,0.022061,,,,,,,,,,,,
0,333,30,2028,2388.16,,,0.15,1782,2003.44,,,True,273,60,8,5,0.022709,,,,,,,,,,,,,True,284,50,8,5,0.021936,,,,,,,,,,,,
0,333,1,2028,2388.16,,,0.25,1581,1765.16,,,True,273,60,8,5,0.022709,,,,,,,,,,,,,True,296,41,8,5,0.022388,,,,,,,,,,,,
0,333,2,2028,2388.16,,,0.25,1561,1745.97,,,True,273,60,8,5,0.022709,,,,,,,,,,,,,True,290,39,8,5,0.021381,,,,,,,,,,,,
0,333,3,2028,2388.16,,,0.25,1592,1778.25,,,True,273,60,8,5,0.022709,,,,,,,,,,,,,True,295,42,8,5,0.021506,,,,,,,,,,,,
0,333,4,2028,2388.16,,,0.25,1562,1736.32,,,True,273,60,8,5,0.022709,,,,,,,,,,,,,True,297,39,8,5,0.022165,,,,,,,,,,,,
0,333,5,2028,2388.16,,,0.25,1563,1749.99,,,True,273,60,8,5,0.022709,,,,,,,,,,,,,True,294,39,8,5,0.022671,,,,,,,,,,,,
0,333,6,2028,2388.16,,,0.25,1550,1783.39,,,True,273,60,8,5,0.022709,,,,,,,,,,,,,True,293,39,8,5,0.022497,,,,,,,,,,,,
0,333,7,2028,2388.16,,,0.25,1543,1767.5,,,True,273,60,8,5,0.022709,,,,,,,,,,,,,True,296,41,8,5,0.022315,,,,,,,,,,,,
0,333,8,2028,2388.16,,,0.25,1601,1776.67,,,True,273,60,8,5,0.022709,,,,,,,,,,,,,True,295,42,8,5,0.021586,,,,,,,,,,,,
0,333,9,2028,2388.16,,,0.25,1578,1734.78,,,True,273,60,8,5,0.022709,,,,,,,,,,,,,True,295,42,8,5,0.021471,,,,,,,,,,,,
0,333,10,2028,2388.16,,,0.25,1536,1745.62,,,True,273,60,8,5,0.022709,,,,,,,,,,,,,True,296,41,8,5,0.022054,,,,,,,,,,,,
0,333,11,2028,2388.16,,,0.25,1560,1751.01,,,True,273,60,8,5,0.022709,,,,,,,,,,,,,True,295,36,8,5,0.02163,,,,,,,,,,,,
0,333,12,2028,2388.16,,,0.25,1545,1742.69,,,True,273,60,8,5,0.022709,,,,,,,,,,,,,True,292,45,8,5,0.021755,,,,,,,,,,,,
0,333,13,2028,2388.16,,,0.25,1548,1752.59,,,True,273,60,8,5,0.022709,,,,,,,,,,,,,True,293,47,8,5,0.021377,,,,,,,,,,,,
0,333,14,2028,2388.16,,,0.25,1541,1750.83,,,True,273,60,8,5,0.022709,,,,,,,,,,,,,True,299,43,8,5,0.021691,,,,,,,,,,,,
0,333,15,2028,2388.16,,,0.25,1588,1758.54,,,True,273,60,8,5,0.022709,,,,,,,,,,,,,True,295,40,8,5,0.021914,,,,,,,,,,,,
0,333,16,2028,2388.16,,,0.25,1554,1806.87,,,True,273,60,8,5,0.022709,,,,,,,,,,,,,True,296,46,8,5,0.02225,,,,,,,,,,,,
0,333,17,2028,2388.16,,,0.25,1585,1800.39,,,True,273,60,8,5,0.022709,,,,,,,,,,,,,True,292,39,8,5,0.022179,,,,,,,,,,,,
0,333,18,2028,2388.16,,,0.25,1578,1763.02,,,True,273,60,8,5,0.022709,,,,,,,,,,,,,True,293,40,8,5,0.022216,,,,,,,,,,,,
0,333,19,2028,2388.16,,,0.25,1573,1759.23,,,True,273,60,8,5,0.022709,,,,,,,,,,,,,True,293,47,8,5,0.021579,,,,,,,,,,,,
0,333,20,2028,2388.16,,,0.25,1530,1743.89,,,True,273,60,8,5,0.022709,,,,,,,,,,,,,True,301,38,8,5,0.021778,,,,,,,,,,,,
0,333,21,2028,2388.16,,,0.25,1606,1809.19,,,True,273,60,8,5,0.022709,,,,,,,,,,,,,True,289,42,8,5,0.022676,,,,,,,,,,,,
0,333,22,2028,2388.16,,,0.25,1543,1737.6,,,True,273,60,8,5,0.022709,,,,,,,,,,,,,True,294,44,8,5,0.021812,,,,,,,,,,,,
0,333,23,2028,2388.16,,,0.25,1617,1783.66,,,True,273,60,8,5,0.022709,,,,,,,,,,,,,True,294,39,8,5,0.022203,,,,,,,,,,,,
0,333,24,2028,2388.16,,,0.25,1563,1743.52,,,True,273,60,8,5,0.022709,,,,,,,,,,,,,True,289,45,8,5,0.021342,,,,,,,,,,,,
0,333,25,2028,2388.16,,,0.25,1501,1717.22,,,True,273,60,8,5,0.022709,,,,,,,,,,,,,True,297,41,8,5,0.022755,,,,,,,,,,,,
0,333,26,2028,2388.16,,,0.25,1555,1761.99,,,True,273,60,8,5,0.022709,,,,,,,,,,,,,True,296,41,8,5,0.021763,,,,,,,,,,,,
0,333,27,2028,2388.16,,,0.25,1564,1725.15,,,True,273,60,8,5,0.022709,,,,,,,,,,,,,True,298,40,8,5,0.021666,,,,,,,,,,,,
0,333,28,2028,2388.16,,,0.25,1543,1739.79,,,True,273,60,8,5,0.022709,,,,,,,,,,,,,True,294,42,8,5,0.021409,,,,,,,,,,,,
0,333,29,2028,2388.16,,,0.25,1619,1772.46,,,True,273,60,8,5,0.022709,,,,,,,,,,,,,True,292,39,8,5,0.021939,,,,,,,,,,,,
0,333,30,2028,2388.16,,,0.25,1567,1720.94,,,True,273,60,8,5,0.022709,,,,,,,,,,,,,True,294,40,8,5,0.022979,,,,,,,,,,,,
0,333,1,2028,2388.16,,,0.4,1248,1370.12,,,True,273,60,8,5,0.022709,,,,,,,,,,,,,True,314,39,8,5,0.021471,,,,,,,,,,,,
0,333,2,2028,2388.16,,,0.4,1262,1358.99,,,True,273,60,8,5,0.022709,,,,,,,,,,,,,True,311,42,8,5,0.023075,,,,,,,,,,,,
0,333,3,2028,2388.16,,,0.4,1257,1381.57,,,True,273,60,8,5,0.022709,,,,,,,,,,,,,True,323,39,8,5,0.021736,,,,,,,,,,,,
0,333,4,2028,2388.16,,,0.4,1230,1342.04,,,True,273,60,8,5,0.022709,,,,,,,,,,,,,True,316,35,8,5,0.022032,,,,,,,,,,,,
0,333,5,2028,2388.16,,,0.4,1266,1381.45,,,True,273,60,8,5,0.022709,,,,,,,,,,,,,True,313,37,8,5,0.021965,,,,,,,,,,,,
0,333,6,2028,2388.16,,,0.4,1240,1381.72,,,True,273,60,8,5,0.022709,,,,,,,,,,,,,True,317,41,8,5,0.022177,,,,,,,,,,,,
0,333,7,2028,2388.16,,,0.4,1229,1358.81,,,True,273,60,8,5,0.022709,,,,,,,,,,,,,True,322,45,8,5,0.021393,,,,,,,,,,,,
0,333,8,2028,2388.16,,,0.4,1284,1425.36,,,True,273,60,8,5,0.022709,,,,,,,,,,,,,True,310,35,8,5,0.02228,,,,,,,,,,,,
0,333,9,2028,2388.16,,,0.4,1215,1332.45,,,True,273,60,8,5,0.022709,,,,,,,,,,,,,True,315,35,8,5,0.022867,,,,,,,,,,,,
0,333,10,2028,2388.16,,,0.4,1229,1343.8,,,True,273,60,8,5,0.022709,,,,,,,,,,,,,True,314,36,8,5,0.02164,,,,,,,,,,,,
0,333,11,2028,2388.16,,,0.4,1246,1342.44,,,True,273,60,8,5,0.022709,,,,,,,,,,,,,True,316,37,8,5,0.021983,,,,,,,,,,,,
0,333,12,2028,2388.16,,,0.4,1191,1320.25,,,True,273,60,8,5,0.022709,,,,,,,,,,,,,True,325,45,8,5,0.021406,,,,,,,,,,,,
0,333,13,2028,2388.16,,,0.4,1203,1331.67,,,True,273,60,8,5,0.022709,,,,,,,,,,,,,True,322,45,8,5,0.022113,,,,,,,,,,,,
0,333,14,2028,2388.16,,,0.4,1238,1379.69,,,True,273,60,8,5,0.022709,,,,,,,,,,,,,True,327,47,8,5,0.022063,,,,,,,,,,,,
0,333,15,2028,2388.16,,,0.4,1256,1365.17,,,True,273,60,8,5,0.022709,,,,,,,,,,,,,True,317,39,8,5,0.021796,,,,,,,,,,,,
0,333,16,2028,2388.16,,,0.4,1266,1394.46,,,True,273,60,8,5,0.022709,,,,,,,,,,,,,True,318,43,8,5,0.021581,,,,,,,,,,,,
0,333,17,2028,2388.16,,,0.4,1270,1379.95,,,True,273,60,8,5,0.022709,,,,,,,,,,,,,True,315,36,8,5,0.022367,,,,,,,,,,,,
0,333,18,2028,2388.16,,,0.4,1229,1370.4,,,True,273,60,8,5,0.022709,,,,,,,,,,,,,True,318,44,8,5,0.022102,,,,,,,,,,,,
0,333,19,2028,2388.16,,,0.4,1290,1390.96,,,True,273,60,8,5,0.022709,,,,,,,,,,,,,True,317,43,8,5,0.022224,,,,,,,,,,,,
0,333,20,2028,2388.16,,,0.4,1306,1424.58,,,True,273,60,8,5,0.022709,,,,,,,,,,,,,True,317,40,8,5,0.022157,,,,,,,,,,,,
0,333,21,2028,2388.16,,,0.4,1312,1447.24,,,True,273,60,8,5,0.022709,,,,,,,,,,,,,True,310,38,8,5,0.0224,,,,,,,,,,,,
0,333,22,2028,2388.16,,,0.4,1242,1369.04,,,True,273,60,8,5,0.022709,,,,,,,,,,,,,True,323,44,8,5,0.021167,,,,,,,,,,,,
0,333,23,2028,2388.16,,,0.4,1258,1375.51,,,True,273,60,8,5,0.022709,,,,,,,,,,,,,True,315,37,8,5,0.022838,,,,,,,,,,,,
0,333,24,2028,2388.16,,,0.4,1244,1345.73,,,True,273,60,8,5,0.022709,,,,,,,,,,,,,True,313,37,8,5,0.021672,,,,,,,,,,,,
0,333,25,2028,2388.16,,,0.4,1224,1322.74,,,True,273,60,8,5,0.022709,,,,,,,,,,,,,True,315,40,8,5,0.022623,,,,,,,,,,,,
0,333,26,2028,2388.16,,,0.4,1263,1370.45,,,True,273,60,8,5,0.022709,,,,,,,,,,,,,True,319,41,8,5,0.0224,,,,,,,,,,,,
0,333,27,2028,2388.16,,,0.4,1235,1341.24,,,True,273,60,8,5,0.022709,,,,,,,,,,,,,True,320,36,8,5,0.02176,,,,,,,,,,,,
0,333,28,2028,2388.16,,,0.4,1231,1350.59,,,True,273,60,8,5,0.022709,,,,,,,,,,,,,True,316,41,8,5,0.022388,,,,,,,,,,,,
0,333,29,2028,2388.16,,,0.4,1247,1389.27,,,True,273,60,8,5,0.022709,,,,,,,,,,,,,True,313,42,8,5,0.021996,,,,,,,,,,,,
0,333,30,2028,2388.16,,,0.4,1246,1365.89,,,True,273,60,8,5,0.022709,,,,,,,,,,,,,True,315,39,8,5,0.021326,,,,,,,,,,,,
107,1034,1,23780,26133.19,,,0.05,,,,,True,355,663,8,5,0.677503,,,,,,,,,,,,,True,388,611,8,5,0.706726,,,,,,,,,,,,
107,1034,2,23780,26133.19,,,0.05,,,,,True,355,663,8,5,0.677503,,,,,,,,,,,,,True,393,611,8,5,0.670057,,,,,,,,,,,,
107,1034,3,23780,26133.19,,,0.05,,,,,True,355,663,8,5,0.677503,,,,,,,,,,,,,True,397,615,8,5,0.664927,,,,,,,,,,,,
107,1034,4,23780,26133.19,,,0.05,,,,,True,355,663,8,5,0.677503,,,,,,,,,,,,,True,375,611,8,5,0.671543,,,,,,,,,,,,
107,1034,5,23780,26133.19,,,0.05,,,,,True,355,663,8,5,0.677503,,,,,,,,,,,,,True,392,618,8,5,0.675494,,,,,,,,,,,,
107,1034,6,23780,26133.19,,,0.05,,,,,True,355,663,8,5,0.677503,,,,,,,,,,,,,True,390,616,8,5,0.673827,,,,,,,,,,,,
107,1034,7,23780,26133.19,,,0.05,,,,,True,355,663,8,5,0.677503,,,,,,,,,,,,,True,390,621,8,5,0.671844,,,,,,,,,,,,
107,1034,8,23780,26133.19,,,0.05,,,,,True,355,663,8,5,0.677503,,,,,,,,,,,,,True,393,618,8,5,0.667708,,,,,,,,,,,,
107,1034,9,23780,26133.19,,,0.05,,,,,True,355,663,8,5,0.677503,,,,,,,,,,,,,True,397,612,8,5,0.667057,,,,,,,,,,,,
107,1034,10,23780,26133.19,,,0.05,,,,,True,355,663,8,5,0.677503,,,,,,,,,,,,,True,375,618,8,5,0.667877,,,,,,,,,,,,
107,1034,11,23780,26133.19,,,0.05,,,,,True,355,663,8,5,0.677503,,,,,,,,,,,,,True,379,608,8,5,0.66425,,,,,,,,,,,,
107,1034,12,23780,26133.19,,,0.05,,,,,True,355,663,8,5,0.677503,,,,,,,,,,,,,True,394,615,8,5,0.66954,,,,,,,,,,,,
107,1034,13,23780,26133.19,,,0.05,,,,,True,355,663,8,5,0.677503,,,,,,,,,,,,,True,391,614,8,5,0.667162,,,,,,,,,,,,
107,1034,14,23780,26133.19,,,0.05,,,,,True,355,663,8,5,0.677503,,,,,,,,,,,,,True,375,611,8,5,0.663808,,,,,,,,,,,,
107,1034,15,23780,26133.19,,,0.05,,,,,True,355,663,8,5,0.677503,,,,,,,,,,,,,True,399,607,8,5,0.671053,,,,,,,,,,,,
107,1034,16,23780,26133.19,,,0.05,,,,,True,355,663,8,5,0.677503,,,,,,,,,,,,,True,370,611,8,5,0.670458,,,,,,,,,,,,
107,1034,17,23780,26133.19,,,0.05,,,,,True,355,663,8,5,0.677503,,,,,,,,,,,,,True,377,616,8,5,0.669023,,,,,,,,,,,,
107,1034,18,23780,26133.19,,,0.05,,,,,True,355,663,8,5,0.677503,,,,,,,,,,,,,True,399,611,8,5,0.669794,,,,,,,,,,,,
107,1034,19,23780,26133.19,,,0.05,,,,,True,355,663,8,5,0.677503,,,,,,,,,,,,,True,396,609,8,5,0.670147,,,,,,,,,,,,
107,1034,20,23780,26133.19,,,0.05,,,,,True,355,663,8,5,0.677503,,,,,,,,,,,,,True,392,617,8,5,0.672691,,,,,,,,,,,,
107,1034,21,23780,26133.19,,,0.05,,,,,True,355,663,8,5,0.677503,,,,,,,,,,,,,True,382,608,8,5,0.666937,,,,,,,,,,,,
107,1034,22,23780,26133.19,,,0.05,,,,,True,355,663,8,5,0.677503,,,,,,,,,,,,,True,392,611,8,5,0.673876,,,,,,,,,,,,
107,1034,23,23780,26133.19,,,0.05,,,,,True,355,663,8,5,0.677503,,,,,,,,,,,,,True,376,613,8,5,0.681726,,,,,,,,,,,,
107,1034,24,23780,26133.19,,,0.05,,,,,True,355,663,8,5,0.677503,,,,,,,,,,,,,True,374,620,8,5,0.671244,,,,,,,,,,,,
107,1034,25,23780,26133.19,,,0.05,,,,,True,355,663,8,5,0.677503,,,,,,,,,,,,,True,372,627,8,5,0.668934,,,,,,,,,,,,
107,1034,26,23780,26133.19,,,0.05,,,,,True,355,663,8,5,0.677503,,,,,,,,,,,,,True,396,613,8,5,0.670166,,,,,,,,,,,,
107,1034,27,23780,26133.19,,,0.05,,,,,True,355,663,8,5,0.677503,,,,,,,,,,,,,True,393,615,8,5,0.680622,,,,,,,,,,,,
107,1034,28,23780,26133.19,,,0.05,,,,,True,355,663,8,5,0.677503,,,,,,,,,,,,,True,388,614,8,5,0.669224,,,,,,,,,,,,
107,1034,29,23780,26133.19,,,0.05,,,,,True,355,663,8,5,0.677503,,,,,,,,,,,,,True,396,625,8,5,0.672269,,,,,,,,,,,,
107,1034,30,23780,26133.19,,,0.05,,,,,True,355,663,8,5,0.677503,,,,,,,,,,,,,True,398,608,8,5,0.66844,,,,,,,,,,,,
107,1034,1,23780,26133.19,,,0.15,,,,,True,355,663,8,5,0.677503,,,,,,,,,,,,,True,440,513,8,5,0.669518,,,,,,,,,,,,
107,1034,2,23780,26133.19,,,0.15,,,,,True,355,663,8,5,0.677503,,,,,,,,,,,,,True,444,514,8,5,0.66676,,,,,,,,,,,,
107,1034,3,23780,26133.19,,,0.15,,,,,True,355,663,8,5,0.677503,,,,,,,,,,,,,True,438,518,8,5,0.664047,,,,,,,,,,,,
107,1034,4,23780,26133.19,,,0.15,,,,,True,355,663,8,5,0.677503,,,,,,,,,,,,,True,435,518,8,5,0.665209,,,,,,,,,,,,
107,1034,5,23780,26133.19,,,0.15,,,,,True,355,663,8,5,0.677503,,,,,,,,,,,,,True,449,514,8,5,0.668133,,,,,,,,,,,,
107,1034,6,23780,26133.19,,,0.15,,,,,True,355,663,8,5,0.677503,,,,,,,,,,,,,True,449,507,8,5,0.664288,,,,,,,,,,,,
107,1034,7,23780,26133.19,,,0.15,,,,,True,355,663,8,5,0.677503,,,,,,,,,,,,,True,443,516,8,5,0.671446,,,,,,,,,,,,
107,1034,8,23780,26133.19,,,0.15,,,,,True,355,663,8,5,0.677503,,,,,,,,,,,,,True,444,515,8,5,0.660424,,,,,,,,,,,,
107,1034,9,23780,26133.19,,,0.15,,,,,True,355,663,8,5,0.677503,,,,,,,,,,,,,True,438,513,8,5,0.663377,,,,,,,,,,,,
107,1034,10,23780,26133.19,,,0.15,,,,,True,355,663,8,5,0.677503,,,,,,,,,,,,,True,441,510,8,5,0.659622,,,,,,,,,,,,
107,1034,11,23780,26133.19,,,0.15,,,,,True,355,663,8,5,0.677503,,,,,,,,,,,,,True,449,517,8,5,0.6583,,,,,,,,,,,,
107,1034,12,23780,26133.19,,,0.15,,,,,True,355,663,8,5,0.677503,,,,,,,,,,,,,True,441,510,8,5,0.666742,,,,,,,,,,,,
107,1034,13,23780,26133.19,,,0.15,,,,,True,355,663,8,5,0.677503,,,,,,,,,,,,,True,445,510,8,5,0.665262,,,,,,,,,,,,
107,1034,14,23780,26133.19,,,0.15,,,,,True,355,663,8,5,0.677503,,,,,,,,,,,,,True,439,513,8,5,0.664386,,,,,,,,,,,,
107,1034,15,23780,26133.19,,,0.15,,,,,True,355,663,8,5,0.677503,,,,,,,,,,,,,True,448,504,8,5,0.663289,,,,,,,,,,,,
107,1034,16,23780,26133.19,,,0.15,,,,,True,355,663,8,5,0.677503,,,,,,,,,,,,,True,451,504,8,5,0.668146,,,,,,,,,,,,
107,1034,17,23780,26133.19,,,0.15,,,,,True,355,663,8,5,0.677503,,,,,,,,,,,,,True,435,516,8,5,0.662165,,,,,,,,,,,,
107,1034,18,23780,26133.19,,,0.15,,,,,True,355,663,8,5,0.677503,,,,,,,,,,,,,True,452,513,8,5,0.662996,,,,,,,,,,,,
107,1034,19,23780,26133.19,,,0.15,,,,,True,355,663,8,5,0.677503,,,,,,,,,,,,,True,444,512,8,5,0.663122,,,,,,,,,,,,
107,1034,20,23780,26133.19,,,0.15,,,,,True,355,663,8,5,0.677503,,,,,,,,,,,,,True,435,519,8,5,0.66395,,,,,,,,,,,,
107,1034,21,23780,26133.19,,,0.15,,,,,True,355,663,8,5,0.677503,,,,,,,,,,,,,True,436,515,8,5,0.665351,,,,,,,,,,,,
107,1034,22,23780,26133.19,,,0.15,,,,,True,355,663,8,5,0.677503,,,,,,,,,,,,,True,447,515,8,5,0.657997,,,,,,,,,,,,
107,1034,23,23780,26133.19,,,0.15,,,,,True,355,663,8,5,0.677503,,,,,,,,,,,,,True,447,515,8,5,0.660537,,,,,,,,,,,,
107,1034,24,23780,26133.19,,,0.15,,,,,True,355,663,8,5,0.677503,,,,,,,,,,,,,True,446,519,8,5,0.663399,,,,,,,,,,,,
107,1034,25,23780,26133.19,,,0.15,,,,,True,355,663,8,5,0.677503,,,,,,,,,,,,,True,443,520,8,5,0.664574,,,,,,,,,,,,
107,1034,26,23780,26133.19,,,0.15,,,,,True,355,663,8,5,0.677503,,,,,,,,,,,,,True,448,518,8,5,0.665649,,,,,,,,,,,,
107,1034,27,23780,26133.19,,,0.15,,,,,True,355,663,8,5,0.677503,,,,,,,,,,,,,True,443,520,8,5,0.665171,,,,,,,,,,,,
107,1034,28,23780,26133.19,,,0.15,,,,,True,355,663,8,5,0.677503,,,,,,,,,,,,,True,443,510,8,5,0.662965,,,,,,,,,,,,
107,1034,29,23780,26133.19,,,0.15,,,,,True,355,663,8,5,0.677503,,,,,,,,,,,,,True,448,509,8,5,0.662849,,,,,,,,,,,,
107,1034,30,23780,26133.19,,,0.15,,,,,True,355,663,8,5,0.677503,,,,,,,,,,,,,True,441,513,8,5,0.662071,,,,,,,,,,,,
107,1034,1,23780,26133.19,,,0.25,,,,,True,355,663,8,5,0.677503,,,,,,,,,,,,,True,507,413,8,5,0.66237,,,,,,,,,,,,
107,1034,2,23780,26133.19,,,0.25,,,,,True,355,663,8,5,0.677503,,,,,,,,,,,,,True,500,420,8,5,0.658557,,,,,,,,,,,,
107,1034,3,23780,26133.19,,,0.25,,,,,True,355,663,8,5,0.677503,,,,,,,,,,,,,True,499,416,8,5,0.657707,,,,,,,,,,,,
107,1034,4,23780,26133.19,,,0.25,,,,,True,355,663,8,5,0.677503,,,,,,,,,,,,,True,497,237,8,5,0.660818,,,,,,,,,,,,
107,1034,5,23780,26133.19,,,0.25,,,,,True,355,663,8,5,0.677503,,,,,,,,,,,,,True,504,216,8,5,0.660655,,,,,,,,,,,,
107,1034,6,23780,26133.19,,,0.25,,,,,True,355,663,8,5,0.677503,,,,,,,,,,,,,True,508,222,8,5,0.664414,,,,,,,,,,,,
107,1034,7,23780,26133.19,,,0.25,,,,,True,355,663,8,5,0.677503,,,,,,,,,,,,,True,504,250,8,5,0.662474,,,,,,,,,,,,
107,1034,8,23780,26133.19,,,0.25,,,,,True,355,663,8,5,0.677503,,,,,,,,,,,,,True,497,422,8,5,0.692205,,,,,,,,,,,,
107,1034,9,23780,26133.19,,,0.25,,,,,True,355,663,8,5,0.677503,,,,,,,,,,,,,True,494,225,8,5,0.659941,,,,,,,,,,,,
107,1034,10,23780,26133.19,,,0.25,,,,,True,355,663,8,5,0.677503,,,,,,,,,,,,,True,495,218,8,5,0.665718,,,,,,,,,,,,
107,1034,11,23780,26133.19,,,0.25,,,,,True,355,663,8,5,0.677503,,,,,,,,,,,,,True,503,421,8,5,0.664997,,,,,,,,,,,,
107,1034,12,23780,26133.19,,,0.25,,,,,True,355,663,8,5,0.677503,,,,,,,,,,,,,True,504,225,8,5,0.663798,,,,,,,,,,,,
107,1034,13,23780,26133.19,,,0.25,,,,,True,355,663,8,5,0.677503,,,,,,,,,,,,,True,502,419,8,5,0.661619,,,,,,,,,,,,
107,1034,14,23780,26133.19,,,0.25,,,,,True,355,663,8,5,0.677503,,,,,,,,,,,,,True,491,429,8,5,0.683873,,,,,,,,,,,,
107,1034,15,23780,26133.19,,,0.25,,,,,True,355,663,8,5,0.677503,,,,,,,,,,,,,True,508,232,8,5,0.662126,,,,,,,,,,,,
107,1034,16,23780,26133.19,,,0.25,,,,,True,355,663,8,5,0.677503,,,,,,,,,,,,,True,505,219,8,5,0.666512,,,,,,,,,,,,
107,1034,17,23780,26133.19,,,0.25,,,,,True,355,663,8,5,0.677503,,,,,,,,,,,,,True,499,224,8,5,0.667988,,,,,,,,,,,,
107,1034,18,23780,26133.19,,,0.25,,,,,True,355,663,8,5,0.677503,,,,,,,,,,,,,True,507,415,8,5,0.663504,,,,,,,,,,,,
107,1034,19,23780,26133.19,,,0.25,,,,,True,355,663,8,5,0.677503,,,,,,,,,,,,,True,498,421,8,5,0.657222,,,,,,,,,,,,
107,1034,20,23780,26133.19,,,0.25,,,,,True,355,663,8,5,0.677503,,,,,,,,,,,,,True,498,223,8,5,0.659572,,,,,,,,,,,,
107,1034,21,23780,26133.19,,,0.25,,,,,True,355,663,8,5,0.677503,,,,,,,,,,,,,True,497,226,8,5,0.658764,,,,,,,,,,,,
107,1034,22,23780,26133.19,,,0.25,,,,,True,355,663,8,5,0.677503,,,,,,,,,,,,,True,501,420,8,5,0.658846,,,,,,,,,,,,
107,1034,23,23780,26133.19,,,0.25,,,,,True,355,663,8,5,0.677503,,,,,,,,,,,,,True,492,424,8,5,0.658136,,,,,,,,,,,,
107,1034,24,23780,26133.19,,,0.25,,,,,True,355,663,8,5,0.677503,,,,,,,,,,,,,True,508,240,8,5,0.653928,,,,,,,,,,,,
107,1034,25,23780,26133.19,,,0.25,,,,,True,355,663,8,5,0.677503,,,,,,,,,,,,,True,496,423,8,5,0.662579,,,,,,,,,,,,
107,1034,26,23780,26133.19,,,0.25,,,,,True,355,663,8,5,0.677503,,,,,,,,,,,,,True,505,422,8,5,0.668936,,,,,,,,,,,,
107,1034,27,23780,26133.19,,,0.25,,,,,True,355,663,8,5,0.677503,,,,,,,,,,,,,True,498,224,8,5,0.657088,,,,,,,,,,,,
107,1034,28,23780,26133.19,,,0.25,,,,,True,355,663,8,5,0.677503,,,,,,,,,,,,,True,503,431,8,5,0.665324,,,,,,,,,,,,
107,1034,29,23780,26133.19,,,0.25,,,,,True,355,663,8,5,0.677503,,,,,,,,,,,,,True,509,231,8,5,0.659341,,,,,,,,,,,,
107,1034,30,23780,26133.19,,,0.25,,,,,True,355,663,8,5,0.677503,,,,,,,,,,,,,True,499,418,8,5,0.658494,,,,,,,,,,,,
107,1034,1,23780,26133.19,,,0.4,,,,,True,355,663,8,5,0.677503,,,,,,,,,,,,,True,608,168,8,5,0.651769,,,,,,,,,,,,
107,1034,2,23780,26133.19,,,0.4,,,,,True,355,663,8,5,0.677503,,,,,,,,,,,,,True,605,162,8,5,0.651622,,,,,,,,,,,,
107,1034,3,23780,26133.19,,,0.4,,,,,True,355,663,8,5,0.677503,,,,,,,,,,,,,True,616,181,8,5,0.651588,,,,,,,,,,,,
107,1034,4,23780,26133.19,,,0.4,,,,,True,355,663,8,5,0.677503,,,,,,,,,,,,,True,605,175,8,5,0.646105,,,,,,,,,,,,
107,1034,5,23780,26133.19,,,0.4,,,,,True,355,663,8,5,0.677503,,,,,,,,,,,,,True,605,149,8,5,0.650614,,,,,,,,,,,,
107,1034,6,23780,26133.19,,,0.4,,,,,True,355,663,8,5,0.677503,,,,,,,,,,,,,True,631,144,8,5,0.649996,,,,,,,,,,,,
107,1034,7,23780,26133.19,,,0.4,,,,,True,355,663,8,5,0.677503,,,,,,,,,,,,,True,620,169,8,5,0.64782,,,,,,,,,,,,
107,1034,8,23780,26133.19,,,0.4,,,,,True,355,663,8,5,0.677503,,,,,,,,,,,,,True,604,176,8,5,0.651961,,,,,,,,,,,,
107,1034,9,23780,26133.19,,,0.4,,,,,True,355,663,8,5,0.677503,,,,,,,,,,,,,True,611,156,8,5,0.651456,,,,,,,,,,,,
107,1034,10,23780,26133.19,,,0.4,,,,,True,355,663,8,5,0.677503,,,,,,,,,,,,,True,621,174,8,5,0.649869,,,,,,,,,,,,
107,1034,11,23780,26133.19,,,0.4,,,,,True,355,663,8,5,0.677503,,,,,,,,,,,,,True,608,172,8,5,0.647409,,,,,,,,,,,,
107,1034,12,23780,26133.19,,,0.4,,,,,True,355,663,8,5,0.677503,,,,,,,,,,,,,True,615,159,8,5,0.65355,,,,,,,,,,,,
107,1034,13,23780,26133.19,,,0.4,,,,,True,355,663,8,5,0.677503,,,,,,,,,,,,,True,604,162,8,5,0.654204,,,,,,,,,,,,
107,1034,14,23780,26133.19,,,0.4,,,,,True,355,663,8,5,0.677503,,,,,,,,,,,,,True,619,153,8,5,0.651966,,,,,,,,,,,,
107,1034,15,23780,26133.19,,,0.4,,,,,True,355,663,8,5,0.677503,,,,,,,,,,,,,True,623,180,8,5,0.648646,,,,,,,,,,,,
107,1034,16,23780,26133.19,,,0.4,,,,,True,355,663,8,5,0.677503,,,,,,,,,,,,,True,605,163,8,5,0.652223,,,,,,,,,,,,
107,1034,17,23780,26133.19,,,0.4,,,,,True,355,663,8,5,0.677503,,,,,,,,,,,,,True,603,176,8,5,0.648393,,,,,,,,,,,,
107,1034,18,23780,26133.19,,,0.4,,,,,True,355,663,8,5,0.677503,,,,,,,,,,,,,True,620,163,8,5,0.653903,,,,,,,,,,,,
107,1034,19,23780,26133.19,,,0.4,,,,,True,355,663,8,5,0.677503,,,,,,,,,,,,,True,609,160,8,5,0.650678,,,,,,,,,,,,
107,1034,20,23780,26133.19,,,0.4,,,,,True,355,663,8,5,0.677503,,,,,,,,,,,,,True,612,153,8,5,0.654488,,,,,,,,,,,,
107,1034,21,23780,26133.19,,,0.4,,,,,True,355,663,8,5,0.677503,,,,,,,,,,,,,True,604,160,8,5,0.654418,,,,,,,,,,,,
107,1034,22,23780,26133.19,,,0.4,,,,,True,355,663,8,5,0.677503,,,,,,,,,,,,,True,626,154,8,5,0.65132,,,,,,,,,,,,
107,1034,23,23780,26133.19,,,0.4,,,,,True,355,663,8,5,0.677503,,,,,,,,,,,,,True,625,170,8,5,0.655696,,,,,,,,,,,,
107,1034,24,23780,26133.19,,,0.4,,,,,True,355,663,8,5,0.677503,,,,,,,,,,,,,True,622,155,8,5,0.653266,,,,,,,,,,,,
107,1034,25,23780,26133.19,,,0.4,,,,,True,355,663,8,5,0.677503,,,,,,,,,,,,,True,608,158,8,5,0.651105,,,,,,,,,,,,
107,1034,26,23780,26133.19,,,0.4,,,,,True,355,663,8,5,0.677503,,,,,,,,,,,,,True,615,156,8,5,0.657551,,,,,,,,,,,,
107,1034,27,23780,26133.19,,,0.4,,,,,True,355,663,8,5,0.677503,,,,,,,,,,,,,True,600,163,8,5,0.655745,,,,,,,,,,,,
107,1034,28,23780,26133.19,,,0.4,,,,,True,355,663,8,5,0.677503,,,,,,,,,,,,,True,624,166,8,5,0.65305,,,,,,,,,,,,
107,1034,29,23780,26133.19,,,0.4,,,,,True,355,663,8,5,0.677503,,,,,,,,,,,,,True,618,166,8,5,0.654507,,,,,,,,,,,,
107,1034,30,23780,26133.19,,,0.4,,,,,True,355,663,8,5,0.677503,,,,,,,,,,,,,True,615,165,8,5,0.652965,,,,,,,,,,,,
348,224,1,2499,3077.56,,,0.05,,,,,True,107,117,8,5,0.009387,,,,,,,,,,,,,True,116,103,8,5,0.008971,,,,,,,,,,,,
348,224,2,2499,3077.56,,,0.05,,,,,True,107,117,8,5,0.009387,,,,,,,,,,,,,True,115,102,8,5,0.008532,,,,,,,,,,,,
348,224,3,2499,3077.56,,,0.05,,,,,True,107,117,8,5,0.009387,,,,,,,,,,,,,True,116,107,8,5,0.008536,,,,,,,,,,,,
348,224,4,2499,3077.56,,,0.05,,,,,True,107,117,8,5,0.009387,,,,,,,,,,,,,True,113,110,8,5,0.008683,,,,,,,,,,,,
348,224,5,2499,3077.56,,,0.05,,,,,True,107,117,8,5,0.009387,,,,,,,,,,,,,True,114,104,8,5,0.008618,,,,,,,,,,,,
348,224,6,2499,3077.56,,,0.05,,,,,True,107,117,8,5,0.009387,,,,,,,,,,,,,True,113,107,8,5,0.008928,,,,,,,,,,,,
348,224,7,2499,3077.56,,,0.05,,,,,True,107,117,8,5,0.009387,,,,,,,,,,,,,True,115,105,8,5,0.008612,,,,,,,,,,,,
348,224,8,2499,3077.56,,,0.05,,,,,True,107,117,8,5,0.009387,,,,,,,,,,,,,True,111,111,8,5,0.008472,,,,,,,,,,,,
348,224,9,2499,3077.56,,,0.05,,,,,True,107,117,8,5,0.009387,,,,,,,,,,,,,True,112,109,8,5,0.008487,,,,,,,,,,,,
348,224,10,2499,3077.56,,,0.05,,,,,True,107,117,8,5,0.009387,,,,,,,,,,,,,True,114,105,8,5,0.00975,,,,,,,,,,,,
348,224,11,2499,3077.56,,,0.05,,,,,True,107,117,8,5,0.009387,,,,,,,,,,,,,True,115,105,8,5,0.008394,,,,,,,,,,,,
348,224,12,2499,3077.56,,,0.05,,,,,True,107,117,8,5,0.009387,,,,,,,,,,,,,True,112,107,8,5,0.0088,,,,,,,,,,,,
348,224,13,2499,3077.56,,,0.05,,,,,True,107,117,8,5,0.009387,,,,,,,,,,,,,True,110,105,8,5,0.010806,,,,,,,,,,,,
348,224,14,2499,3077.56,,,0.05,,,,,True,107,117,8,5,0.009387,,,,,,,,,,,,,True,115,105,8,5,0.008709,,,,,,,,,,,,
348,224,15,2499,3077.56,,,0.05,,,,,True,107,117,8,5,0.009387,,,,,,,,,,,,,True,111,112,8,5,0.008498,,,,,,,,,,,,
348,224,16,2499,3077.56,,,0.05,,,,,True,107,117,8,5,0.009387,,,,,,,,,,,,,True,115,108,8,5,0.0086,,,,,,,,,,,,
348,224,17,2499,3077.56,,,0.05,,,,,True,107,117,8,5,0.009387,,,,,,,,,,,,,True,118,106,8,5,0.008527,,,,,,,,,,,,
348,224,18,2499,3077.56,,,0.05,,,,,True,107,117,8,5,0.009387,,,,,,,,,,,,,True,113,103,8,5,0.00874,,,,,,,,,,,,
348,224,19,2499,3077.56,,,0.05,,,,,True,107,117,8,5,0.009387,,,,,,,,,,,,,True,115,106,8,5,0.008915,,,,,,,,,,,,
348,224,20,2499,3077.56,,,0.05,,,,,True,107,117,8,5,0.009387,,,,,,,,,,,,,True,112,108,8,5,0.008816,,,,,,,,,,,,
348,224,21,2499,3077.56,,,0.05,,,,,True,107,117,8,5,0.009387,,,,,,,,,,,,,True,112,113,8,5,0.008904,,,,,,,,,,,,
348,224,22,2499,3077.56,,,0.05,,,,,True,107,117,8,5,0.009387,,,,,,,,,,,,,True,113,103,8,5,0.008851,,,,,,,,,,,,
348,224,23,2499,3077.56,,,0.05,,,,,True,107,117,8,5,0.009387,,,,,,,,,,,,,True,116,104,8,5,0.008432,,,,,,,,,,,,
348,224,24,2499,3077.56,,,0.05,,,,,True,107,117,8,5,0.009387,,,,,,,,,,,,,True,112,108,8,5,0.008764,,,,,,,,,,,,
348,224,25,2499,3077.56,,,0.05,,,,,True,107,117,8,5,0.009387,,,,,,,,,,,,,True,112,102,8,5,0.008635,,,,,,,,,,,,
348,224,26,2499,3077.56,,,0.05,,,,,True,107,117,8,5,0.009387,,,,,,,,,,,,,True,113,106,8,5,0.008577,,,,,,,,,,,,
348,224,27,2499,3077.56,,,0.05,,,,,True,107,117,8,5,0.009387,,,,,,,,,,,,,True,113,105,8,5,0.008548,,,,,,,,,,,,
348,224,28,2499,3077.56,,,0.05,,,,,True,107,117,8,5,0.009387,,,,,,,,,,,,,True,116,107,8,5,0.009456,,,,,,,,,,,,
348,224,29,2499,3077.56,,,0.05,,,,,True,107,117,8,5,0.009387,,,,,,,,,,,,,True,115,102,8,5,0.008916,,,,,,,,,,,,
348,224,30,2499,3077.56,,,0.05,,,,,True,107,117,8,5,0.009387,,,,,,,,,,,,,True,115,103,8,5,0.008568,,,,,,,,,,,,
348,224,1,2499,3077.56,,,0.15,,,,,True,107,117,8,5,0.009387,,,,,,,,,,,,,True,132,93,8,5,0.00796,,,,,,,,,,,,
348,224,2,2499,3077.56,,,0.15,,,,,True,107,117,8,5,0.009387,,,,,,,,,,,,,True,123,89,8,5,0.008323,,,,,,,,,,,,
348,224,3,2499,3077.56,,,0.15,,,,,True,107,117,8,5,0.009387,,,,,,,,,,,,,True,131,84,8,5,0.007983,,,,,,,,,,,,
348,224,4,2499,3077.56,,,0.15,,,,,True,107,117,8,5,0.009387,,,,,,,,,,,,,True,120,94,8,5,0.008343,,,,,,,,,,,,
348,224,5,2499,3077.56,,,0.15,,,,,True,107,117,8,5,0.009387,,,,,,,,,,,,,True,132,83,8,5,0.007939,,,,,,,,,,,,
348,224,6,2499,3077.56,,,0.15,,,,,True,107,117,8,5,0.009387,,,,,,,,,,,,,True,127,89,8,5,0.009056,,,,,,,,,,,,
348,224,7,2499,3077.56,,,0.15,,,,,True,107,117,8,5,0.009387,,,,,,,,,,,,,True,133,88,8,5,0.008995,,,,,,,,,,,,
348,224,8,2499,3077.56,,,0.15,,,,,True,107,117,8,5,0.009387,,,,,,,,,,,,,True,127,86,8,5,0.008062,,,,,,,,,,,,
348,224,9,2499,3077.56,,,0.15,,,,,True,107,117,8,5,0.009387,,,,,,,,,,,,,True,126,85,8,5,0.008222,,,,,,,,,,,,
348,224,10,2499,3077.56,,,0.15,,,,,True,107,117,8,5,0.009387,,,,,,,,,,,,,True,125,89,8,5,0.007957,,,,,,,,,,,,
348,224,11,2499,3077.56,,,0.15,,,,,True,107,117,8,5,0.009387,,,,,,,,,,,,,True,130,90,8,5,0.008139,,,,,,,,,,,,
348,224,12,2499,3077.56,,,0.15,,,,,True,107,117,8,5,0.009387,,,,,,,,,,,,,True,122,94,8,5,0.008685,,,,,,,,,,,,
348,224,13,2499,3077.56,,,0.15,,,,,True,107,117,8,5,0.009387,,,,,,,,,,,,,True,127,87,8,5,0.008285,,,,,,,,,,,,
348,224,14,2499,3077.56,,,0.15,,,,,True,107,117,8,5,0.009387,,,,,,,,,,,,,True,128,94,8,5,0.00791,,,,,,,,,,,,
348,224,15,2499,3077.56,,,0.15,,,,,True,107,117,8,5,0.009387,,,,,,,,,,,,,True,128,89,8,5,0.008213,,,,,,,,,,,,
348,224,16,2499,3077.56,,,0.15,,,,,True,107,117,8,5,0.009387,,,,,,,,,,,,,True,126,93,8,5,0.008449,,,,,,,,,,,,
348,224,17,2499,3077.56,,,0.15,,,,,True,107,117,8,5,0.009387,,,,,,,,,,,,,True,131,83,8,5,0.008414,,,,,,,,,,,,
348,224,18,2499,3077.56,,,0.15,,,,,True,107,117,8,5,0.009387,,,,,,,,,,,,,True,125,88,8,5,0.008622,,,,,,,,,,,,
348,224,19,2499,3077.56,,,0.15,,,,,True,107,117,8,5,0.009387,,,,,,,,,,,,,True,126,89,8,5,0.008236,,,,,,,,,,,,
348,224,20,2499,3077.56,,,0.15,,,,,True,107,117,8,5,0.009387,,,,,,,,,,,,,True,127,87,8,5,0.008668,,,,,,,,,,,,
348,224,21,2499,3077.56,,,0.15,,,,,True,107,117,8,5,0.009387,,,,,,,,,,,,,True,130,84,8,5,0.008201,,,,,,,,,,,,
348,224,22,2499,3077.56,,,0.15,,,,,True,107,117,8,5,0.009387,,,,,,,,,,,,,True,128,88,8,5,0.007933,,,,,,,,,,,,
348,224,23,2499,3077.56,,,0.15,,,,,True,107,117,8,5,0.009387,,,,,,,,,,,,,True,125,89,8,5,0.008234,,,,,,,,,,,,
348,224,24,2499,3077.56,,,0.15,,,,,True,107,117,8,5,0.009387,,,,,,,,,,,,,True,126,89,8,5,0.008112,,,,,,,,,,,,
348,224,25,2499,3077.56,,,0.15,,,,,True,107,117,8,5,0.009387,,,,,,,,,,,,,True,126,90,8,5,0.008526,,,,,,,,,,,,
348,224,26,2499,3077.56,,,0.15,,,,,True,107,117,8,5,0.009387,,,,,,,,,,,,,True,125,96,8,5,0.008013,,,,,,,,,,,,
348,224,27,2499,3077.56,,,0.15,,,,,True,107,117,8,5,0.009387,,,,,,,,,,,,,True,127,87,8,5,0.008039,,,,,,,,,,,,
348,224,28,2499,3077.56,,,0.15,,,,,True,107,117,8,5,0.009387,,,,,,,,,,,,,True,131,88,8,5,0.008171,,,,,,,,,,,,
348,224,29,2499,3077.56,,,0.15,,,,,True,107,117,8,5,0.009387,,,,,,,,,,,,,True,126,89,8,5,0.008177,,,,,,,,,,,,
348,224,30,2499,3077.56,,,0.15,,,,,True,107,117,8,5,0.009387,,,,,,,,,,,,,True,126,94,8,5,0.008433,,,,,,,,,,,,
348,224,1,2499,3077.56,,,0.25,,,,,True,107,117,8,5,0.009387,,,,,,,,,,,,,True,149,62,8,5,0.007632,,,,,,,,,,,,
348,224,2,2499,3077.56,,,0.25,,,,,True,107,117,8,5,0.009387,,,,,,,,,,,,,True,144,66,8,5,0.007772,,,,,,,,,,,,
348,224,3,2499,3077.56,,,0.25,,,,,True,107,117,8,5,0.009387,,,,,,,,,,,,,True,141,72,8,5,0.007602,,,,,,,,,,,,
348,224,4,2499,3077.56,,,0.25,,,,,True,107,117,8,5,0.009387,,,,,,,,,,,,,True,142,72,8,5,0.007611,,,,,,,,,,,,
348,224,5,2499,3077.56,,,0.25,,,,,True,107,117,8,5,0.009387,,,,,,,,,,,,,True,146,69,8,5,0.007511,,,,,,,,,,,,
348,224,6,2499,3077.56,,,0.25,,,,,True,107,117,8,5,0.009387,,,,,,,,,,,,,True,145,84,8,5,0.008218,,,,,,,,,,,,
348,224,7,2499,3077.56,,,0.25,,,,,True,107,117,8,5,0.009387,,,,,,,,,,,,,True,146,69,8,5,0.007708,,,,,,,,,,,,
348,224,8,2499,3077.56,,,0.25,,,,,True,107,117,8,5,0.009387,,,,,,,,,,,,,True,147,67,8,5,0.00859,,,,,,,,,,,,
348,224,9,2499,3077.56,,,0.25,,,,,True,107,117,8,5,0.009387,,,,,,,,,,,,,True,143,72,8,5,0.007766,,,,,,,,,,,,
348,224,10,2499,3077.56,,,0.25,,,,,True,107,117,8,5,0.009387,,,,,,,,,,,,,True,140,71,8,5,0.007828,,,,,,,,,,,,
348,224,11,2499,3077.56,,,0.25,,,,,True,107,117,8,5,0.009387,,,,,,,,,,,,,True,145,71,8,5,0.007545,,,,,,,,,,,,
348,224,12,2499,3077.56,,,0.25,,,,,True,107,117,8,5,0.009387,,,,,,,,,,,,,True,144,67,8,5,0.00787,,,,,,,,,,,,
348,224,13,2499,3077.56,,,0.25,,,,,True,107,117,8,5,0.009387,,,,,,,,,,,,,True,145,68,8,5,0.007616,,,,,,,,,,,,
348,224,14,2499,3077.56,,,0.25,,,,,True,107,117,8,5,0.009387,,,,,,,,,,,,,True,141,66,8,5,0.007615,,,,,,,,,,,,
348,224,15,2499,3077.56,,,0.25,,,,,True,107,117,8,5,0.009387,,,,,,,,,,,,,True,143,68,8,5,0.008175,,,,,,,,,,,,
348,224,16,2499,3077.56,,,0.25,,,,,True,107,117,8,5,0.009387,,,,,,,,,,,,,True,141,76,8,5,0.007657,,,,,,,,,,,,
348,224,17,2499,3077.56,,,0.25,,,,,True,107,117,8,5,0.009387,,,,,,,,,,,,,True,146,66,8,5,0.0076,,,,,,,,,,,,
348,224,18,2499,3077.56,,,0.25,,,,,True,107,117,8,5,0.009387,,,,,,,,,,,,,True,139,73,8,5,0.008134,,,,,,,,,,,,
348,224,19,2499,3077.56,,,0.25,,,,,True,107,117,8,5,0.009387,,,,,,,,,,,,,True,145,74,8,5,0.007689,,,,,,,,,,,,
348,224,20,2499,3077.56,,,0.25,,,,,True,107,117,8,5,0.009387,,,,,,,,,,,,,True,137,72,8,5,0.007704,,,,,,,,,,,,
348,224,21,2499,3077.56,,,0.25,,,,,True,107,117,8,5,0.009387,,,,,,,,,,,,,True,140,76,8,5,0.007889,,,,,,,,,,,,
348,224,22,2499,3077.56,,,0.25,,,,,True,107,117,8,5,0.009387,,,,,,,,,,,,,True,147,65,8,5,0.00765,,,,,,,,,,,,
348,224,23,2499,3077.56,,,0.25,,,,,True,107,117,8,5,0.009387,,,,,,,,,,,,,True,145,70,8,5,0.007776,,,,,,,,,,,,
348,224,24,2499,3077.56,,,0.25,,,,,True,107,117,8,5,0.009387,,,,,,,,,,,,,True,145,66,8,5,0.008458,,,,,,,,,,,,
348,224,25,2499,3077.56,,,0.25,,,,,True,107,117,8,5,0.009387,,,,,,,,,,,,,True,150,67,8,5,0.007599,,,,,,,,,,,,
348,224,26,2499,3077.56,,,0.25,,,,,True,107,117,8,5,0.009387,,,,,,,,,,,,,True,136,82,8,5,0.007829,,,,,,,,,,,,
348,224,27,2499,3077.56,,,0.25,,,,,True,107,117,8,5,0.009387,,,,,,,,,,,,,True,145,71,8,5,0.007584,,,,,,,,,,,,
348,224,28,2499,3077.56,,,0.25,,,,,True,107,117,8,5,0.009387,,,,,,,,,,,,,True,141,69,8,5,0.008452,,,,,,,,,,,,
348,224,29,2499,3077.56,,,0.25,,,,,True,107,117,8,5,0.009387,,,,,,,,,,,,,True,140,74,8,5,0.007503,,,,,,,,,,,,
348,224,30,2499,3077.56,,,0.25,,,,,True,107,117,8,5,0.009387,,,,,,,,,,,,,True,144,71,8,5,0.007504,,,,,,,,,,,,
348,224,1,2499,3077.56,,,0.4,,,,,True,107,117,8,5,0.009387,,,,,,,,,,,,,True,177,44,8,5,0.007318,,,,,,,,,,,,
348,224,2,2499,3077.56,,,0.4,,,,,True,107,117,8,5,0.009387,,,,,,,,,,,,,True,172,46,8,5,0.007448,,,,,,,,,,,,
348,224,3,2499,3077.56,,,0.4,,,,,True,107,117,8,5,0.009387,,,,,,,,,,,,,True,177,43,8,5,0.007141,,,,,,,,,,,,
348,224,4,2499,3077.56,,,0.4,,,,,True,107,117,8,5,0.009387,,,,,,,,,,,,,True,177,47,8,5,0.007042,,,,,,,,,,,,
348,224,5,2499,3077.56,,,0.4,,,,,True,107,117,8,5,0.009387,,,,,,,,,,,,,True,177,40,8,5,0.007129,,,,,,,,,,,,
348,224,6,2499,3077.56,,,0.4,,,,,True,107,117,8,5,0.009387,,,,,,,,,,,,,True,183,42,8,5,0.006921,,,,,,,,,,,,
348,224,7,2499,3077.56,,,0.4,,,,,True,107,117,8,5,0.009387,,,,,,,,,,,,,True,184,41,8,5,0.006926,,,,,,,,,,,,
348,224,8,2499,3077.56,,,0.4,,,,,True,107,117,8,5,0.009387,,,,,,,,,,,,,True,173,41,8,5,0.007437,,,,,,,,,,,,
348,224,9,2499,3077.56,,,0.4,,,,,True,107,117,8,5,0.009387,,,,,,,,,,,,,True,173,47,8,5,0.007119,,,,,,,,,,,,
348,224,10,2499,3077.56,,,0.4,,,,,True,107,117,8,5,0.009387,,,,,,,,,,,,,True,177,44,8,5,0.007207,,,,,,,,,,,,
348,224,11,2499,3077.56,,,0.4,,,,,True,107,117,8,5,0.009387,,,,,,,,,,,,,True,184,43,8,5,0.007613,,,,,,,,,,,,
348,224,12,2499,3077.56,,,0.4,,,,,True,107,117,8,5,0.009387,,,,,,,,,,,,,True,176,41,8,5,0.00709,,,,,,,,,,,,
348,224,13,2499,3077.56,,,0.4,,,,,True,107,117,8,5,0.009387,,,,,,,,,,,,,True,186,40,8,5,0.007048,,,,,,,,,,,,
348,224,14,2499,3077.56,,,0.4,,,,,True,107,117,8,5,0.009387,,,,,,,,,,,,,True,173,41,8,5,0.007252,,,,,,,,,,,,
348,224,15,2499,3077.56,,,0.4,,,,,True,107,117,8,5,0.009387,,,,,,,,,,,,,True,179,42,8,5,0.00741,,,,,,,,,,,,
348,224,16,2499,3077.56,,,0.4,,,,,True,107,117,8,5,0.009387,,,,,,,,,,,,,True,178,39,8,5,0.009339,,,,,,,,,,,,
348,224,17,2499,3077.56,,,0.4,,,,,True,107,117,8,5,0.009387,,,,,,,,,,,,,True,176,44,8,5,0.006988,,,,,,,,,,,,
348,224,18,2499,3077.56,,,0.4,,,,,True,107,117,8,5,0.009387,,,,,,,,,,,,,True,179,42,8,5,0.0074,,,,,,,,,,,,
348,224,19,2499,3077.56,,,0.4,,,,,True,107,117,8,5,0.009387,,,,,,,,,,,,,True,172,39,8,5,0.007142,,,,,,,,,,,,
348,224,20,2499,3077.56,,,0.4,,,,,True,107,117,8,5,0.009387,,,,,,,,,,,,,True,181,37,8,5,0.006905,,,,,,,,,,,,
348,224,21,2499,3077.56,,,0.4,,,,,True,107,117,8,5,0.009387,,,,,,,,,,,,,True,169,44,8,5,0.007033,,,,,,,,,,,,
348,224,22,2499,3077.56,,,0.4,,,,,True,107,117,8,5,0.009387,,,,,,,,,,,,,True,171,47,8,5,0.006993,,,,,,,,,,,,
348,224,23,2499,3077.56,,,0.4,,,,,True,107,117,8,5,0.009387,,,,,,,,,,,,,True,180,44,8,5,0.007121,,,,,,,,,,,,
348,224,24,2499,3077.56,,,0.4,,,,,True,107,117,8,5,0.009387,,,,,,,,,,,,,True,177,43,8,5,0.007855,,,,,,,,,,,,
348,224,25,2499,3077.56,,,0.4,,,,,True,107,117,8,5,0.009387,,,,,,,,,,,,,True,181,43,8,5,0.007106,,,,,,,,,,,,
348,224,26,2499,3077.56,,,0.4,,,,,True,107,117,8,5,0.009387,,,,,,,,,,,,,True,168,49,8,5,0.007,,,,,,,,,,,,
348,224,27,2499,3077.56,,,0.4,,,,,True,107,117,8,5,0.009387,,,,,,,,,,,,,True,180,47,8,5,0.006964,,,,,,,,,,,,
348,224,28,2499,3077.56,,,0.4,,,,,True,107,117,8,5,0.009387,,,,,,,,,,,,,True,173,40,8,5,0.007116,,,,,,,,,,,,
348,224,29,2499,3077.56,,,0.4,,,,,True,107,117,8,5,0.009387,,,,,,,,,,,,,True,175,46,8,5,0.007348,,,,,,,,,,,,
348,224,30,2499,3077.56,,,0.4,,,,,True,107,117,8,5,0.009387,,,,,,,,,,,,,True,171,47,8,5,0.007196,,,,,,,,,,,,
414,150,1,1024,1209.48,797.0,739.0,0.05,985,1171.23,758.0,704.0,True,102,40,8,5,0.002495,True,19.660679801348344,,,,0.4,0.4,2,inf,83.519529,,83.519529,True,103,37,8,5,0.002392,True,18.82931274736838,,,,0.4,0.4,2,inf,126.231408,,126.231408
414,150,2,1024,1209.48,797.0,739.0,0.05,1014,1177.36,758.0,708.5000000000036,True,102,40,8,5,0.002495,True,19.660679801348344,,,,0.4,0.4,2,inf,83.519529,,83.519529,True,102,38,8,5,0.002386,True,18.90816690078181,,,,0.4,0.4,2,inf,180.601063,,180.601063
414,150,3,1024,1209.48,797.0,739.0,0.05,972,1163.66,758.0,699.5000000000036,True,102,40,8,5,0.002495,True,19.660679801348344,,,,0.4,0.4,2,inf,83.519529,,83.519529,True,102,38,8,5,0.002359,True,18.526710561897584,,,,0.4,0.4,2,inf,177.269645,,177.269645
414,150,4,1024,1209.48,797.0,739.0,0.05,967,1170.77,758.0,704.0000000000036,True,102,40,8,5,0.002495,True,19.660679801348344,,,,0.4,0.4,2,inf,83.519529,,83.519529,True,102,38,8,5,0.002429,True,18.996235215566635,,,,0.4,0.4,2,inf,154.366796,,154.366796
414,150,5,1024,1209.48,797.0,739.0,0.05,1005,1184.96,758.0,704.5000000000018,True,102,40,8,5,0.002495,True,19.660679801348344,,,,0.4,0.4,2,inf,83.519529,,83.519529,True,102,37,8,5,0.002512,True,18.340904860442865,,,,0.4,0.4,2,inf,158.137743,,158.137743
414,150,6,1024,1209.48,797.0,739.0,0.05,985,1169.27,758.0,707.0,True,102,40,8,5,0.002495,True,19.660679801348344,,,,0.4,0.4,2,inf,83.519529,,83.519529,True,102,39,8,5,0.002714,True,18.934203309516942,,,,0.4,0.4,2,inf,145.024456,,145.024456
414,150,7,1024,1209.48,797.0,739.0,0.05,896,1168.07,758.0,699.0,True,102,40,8,5,0.002495,True,19.660679801348344,,,,0.4,0.4,2,inf,83.519529,,83.519529,True,102,39,8,5,0.002727,True,18.803027745478154,,,,0.4,0.4,2,inf,169.023966,,169.023966
414,150,8,1024,1209.48,797.0,739.0,0.05,900,1171.21,758.0,708.9999999999927,True,102,40,8,5,0.002495,True,19.660679801348344,,,,0.4,0.4,2,inf,83.519529,,83.519529,True,102,39,8,5,0.002437,True,18.81906984432418,,,,0.4,0.4,2,inf,135.976582,,135.976582
414,150,9,1024,1209.48,797.0,739.0,0.05,902,1168.18,758.0,695.0000000000018,True,102,40,8,5,0.002495,True,19.660679801348344,,,,0.4,0.4,2,inf,83.519529,,83.519529,True,102,37,8,5,0.002662,True,18.840561238082167,,,,0.4,0.4,2,inf,133.82838,,133.82838
414,150,10,1024,1209.48,797.0,739.0,0.05,914,1162.81,758.0,703.3333333333358,True,102,40,8,5,0.002495,True,19.660679801348344,,,,0.4,0.4,2,inf,83.519529,,83.519529,True,102,38,8,5,0.002397,True,18.568075689076966,,,,0.4,0.4,2,inf,90.9915,,90.9915
414,150,11,1024,1209.48,797.0,739.0,0.05,894,1174.42,758.0,696.9999999999982,True,102,40,8,5,0.002495,True,19.660679801348344,,,,0.4,0.4,2,inf,83.519529,,83.519529,True,102,39,8,5,0.002488,True,18.78605759921418,,,,0.4,0.4,2,inf,95.60647,,95.60647
414,150,12,1024,1209.48,797.0,739.0,0.05,958,1170.34,758.0,696.9999999999982,True,102,40,8,5,0.002495,True,19.660679801348344,,,,0.4,0.4,2,inf,83.519529,,83.519529,True,102,39,8,5,0.002683,True,18.80989542994514,,,,0.4,0.4,2,inf,99.830165,,99.830165
414,150,13,1024,1209.48,797.0,739.0,0.05,995,1166.67,758.0,699.5,True,102,40,8,5,0.002495,True,19.660679801348344,,,,0.4,0.4,2,inf,83.519529,,83.519529,True,102,39,8,5,0.002449,True,18.857478345823615,,,,0.4,0.4,2,inf,106.29423,,106.29423
414,150,14,1024,1209.48,797.0,739.0,0.05,996,1179.3,758.0,707.7500000000018,True,102,40,8,5,0.002495,True,19.660679801348344,,,,0.4,0.4,2,inf,83.519529,,83.519529,True,102,40,8,5,0.002466,True,18.845600385136663,,,,0.4,0.4,2,inf,237.706445,,237.706445
414,150,15,1024,1209.48,797.0,739.0,0.05,916,1162.02,758.0,693.5,True,102,40,8,5,0.002495,True,19.660679801348344,,,,0.4,0.4,2,inf,83.519529,,83.519529,True,102,38,8,5,0.002429,True,18.74505053709008,,,,0.4,0.4,2,inf,111.87351,,111.87351
414,150,16,1024,1209.48,797.0,739.0,0.05,925,1174.11,758.0,701.9999999999964,True,102,40,8,5,0.002495,True,19.660679801348344,,,,0.4,0.4,2,inf,83.519529,,83.519529,True,102,38,8,5,0.002408,True,18.406027336953972,,,,0.4,0.4,2,inf,196.784551,,196.784551
414,150,17,1024,1209.48,797.0,739.0,0.05,942,1170.19,758.0,703.9999999999945,True,102,40,8,5,0.002495,True,19.660679801348344,,,,0.4,0.4,2,inf,83.519529,,83.519529,True,102,38,8,5,0.00248,True,18.870180350222345,,,,0.4,0.4,2,inf,109.793618,,109.793618
414,150,18,1024,1209.48,797.0,739.0,0.05,933,1167.07,758.0,703.5,True,102,40,8,5,0.002495,True,19.660679801348344,,,,0.4,0.4,2,inf,83.519529,,83.519529,True,102,40,8,5,0.0024,True,18.6796721332818,,,,0.4,0.4,2,inf,134.493401,,134.493401
414,150,19,1024,1209.48,797.0,739.0,0.05,968,1168.21,758.0,701.0,True,102,40,8,5,0.002495,True,19.660679801348344,,,,0.4,0.4,2,inf,83.519529,,83.519529,True,102,38,8,5,0.002407,True,18.73059380753766,,,,0.4,0.4,2,inf,125.431034,,125.431034
414,150,20,1024,1209.48,797.0,739.0,0.05,989,1158.86,758.0,696.0,True,102,40,8,5,0.002495,True,19.660679801348344,,,,0.4,0.4,2,inf,83.519529,,83.519529,True,102,38,8,5,0.002348,True,18.505254716847052,,,,0.4,0.4,2,inf,104.701525,,104.701525
414,150,21,1024,1209.48,797.0,739.0,0.05,1011,1166.54,758.0,703.5,True,102,40,8,5,0.002495,True,19.660679801348344,,,,0.4,0.4,2,inf,83.519529,,83.519529,True,102,38,8,5,0.002529,True,18.66439974924862,,,,0.4,0.4,2,inf,181.486466,,181.486466
414,150,22,1024,1209.48,797.0,739.0,0.05,911,1154.26,758.0,691.4999999999818,True,102,40,8,5,0.002495,True,19.660679801348344,,,,0.4,0.4,2,inf,83.519529,,83.519529,True,102,40,8,5,0.002385,True,18.797870799673166,,,,0.4,0.4,2,inf,165.203688,,165.203688
414,150,23,1024,1209.48,797.0,739.0,0.05,977,1180.32,758.0,711.0000000000073,True,102,40,8,5,0.002495,True,19.660679801348344,,,,0.4,0.4,2,inf,83.519529,,83.519529,True,102,38,8,5,0.002405,True,19.06294585141188,,,,0.4,0.4,2,inf,134.893819,,134.893819
414,150,24,1024,1209.48,797.0,739.0,0.05,972,1175.53,758.0,692.5,True,102,40,8,5,0.002495,True,19.660679801348344,,,,0.4,0.4,2,inf,83.519529,,83.519529,True,102,39,8,5,0.002402,True,18.5711933790718,,,,0.4,0.4,2,inf,98.78011,,98.78011
414,150,25,1024,1209.48,797.0,739.0,0.05,885,1156.88,758.0,694.5000000000073,True,102,40,8,5,0.002495,True,19.660679801348344,,,,0.4,0.4,2,inf,83.519529,,83.519529,True,102,40,8,5,0.00246,True,18.766147688468966,,,,0.4,0.4,2,inf,111.672578,,111.672578
414,150,26,1024,1209.48,797.0,739.0,0.05,974,1190.29,758.0,696.9999999999982,True,102,40,8,5,0.002495,True,19.660679801348344,,,,0.4,0.4,2,inf,83.519529,,83.519529,True,104,37,8,5,0.002473,True,18.790932531211215,,,,0.4,0.4,2,inf,146.750706,,146.750706
414,150,27,1024,1209.48,797.0,739.0,0.05,915,1180.7,758.0,698.4999999999982,True,102,40,8,5,0.002495,True,19.660679801348344,,,,0.4,0.4,2,inf,83.519529,,83.519529,True,102,37,8,5,0.002411,True,18.916199336230008,,,,0.4,0.4,2,inf,169.169839,,169.169839
414,150,28,1024,1209.48,797.0,739.0,0.05,979,1183.7,758.0,709.7500000000018,True,102,40,8,5,0.002495,True,19.660679801348344,,,,0.4,0.4,2,inf,83.519529,,83.519529,True,102,38,8,5,0.002385,True,19.08273311812635,,,,0.4,0.4,2,inf,109.218034,,109.218034
414,150,29,1024,1209.48,797.0,739.0,0.05,919,1170.45,758.0,704.1666666666715,True,102,40,8,5,0.002495,True,19.660679801348344,,,,0.4,0.4,2,inf,83.519529,,83.519529,True,102,39,8,5,0.002423,True,18.796579347470214,,,,0.4,0.4,2,inf,164.161138,,164.161138
414,150,30,1024,1209.48,797.0,739.0,0.05,987,1171.56,758.0,693.5,True,102,40,8,5,0.002495,True,19.660679801348344,,,,0.4,0.4,2,inf,83.519529,,83.519529,True,102,39,8,5,0.00247,True,18.644801353204997,,,,0.4,0.4,2,inf,111.36832,,111.36832
414,150,1,1024,1209.48,797.0,739.0,0.15,914,1091.63,670.0,639.2499999999955,True,102,40,8,5,0.002495,True,19.660679801348344,,,,0.4,0.4,2,inf,83.519529,,83.519529,True,106,35,8,5,0.002277,True,16.819310160894144,,,,0.4,0.4,2,inf,131.954278,,131.954278
414,150,2,1024,1209.48,797.0,739.0,0.15,916,1086.14,670.0,629.5,True,102,40,8,5,0.002495,True,19.660679801348344,,,,0.4,0.4,2,inf,83.519529,,83.519529,True,108,37,8,5,0.002428,True,16.51160366195183,,,,0.4,0.4,2,inf,91.094607,,91.094607
414,150,3,1024,1209.48,797.0,739.0,0.15,933,1091.21,670.0,632.5,True,102,40,8,5,0.002495,True,19.660679801348344,,,,0.4,0.4,2,inf,83.519529,,83.519529,True,105,35,8,5,0.002539,True,16.35851251599055,,,,0.4,0.4,2,inf,136.244507,,136.244507
414,150,4,1024,1209.48,797.0,739.0,0.15,900,1087.04,670.0,614.0,True,102,40,8,5,0.002495,True,19.660679801348344,,,,0.4,0.4,2,inf,83.519529,,83.519529,True,105,34,8,5,0.002412,True,17.004084556754044,,,,0.4,0.4,2,inf,110.21517,,110.21517
414,150,5,1024,1209.48,797.0,739.0,0.15,948,1095.51,670.0,630.0,True,102,40,8,5,0.002495,True,19.660679801348344,,,,0.4,0.4,2,inf,83.519529,,83.519529,True,106,35,8,5,0.002198,True,16.58505298954888,,,,0.4,0.4,2,inf,121.347233,,121.347233
414,150,6,1024,1209.48,797.0,739.0,0.15,951,1095.58,670.0,628.5,True,102,40,8,5,0.002495,True,19.660679801348344,,,,0.4,0.4,2,inf,83.519529,,83.519529,True,105,36,8,5,0.002632,True,17.226125150133484,,,,0.4,0.4,2,inf,105.025328,,105.025328
414,150,7,1024,1209.48,797.0,739.0,0.15,828,1083.83,670.0,621.4999999999991,True,102,40,8,5,0.002495,True,19.660679801348344,,,,0.4,0.4,2,inf,83.519529,,83.519529,True,105,35,8,5,0.002444,True,17.201004087934784,,,,0.4,0.4,2,inf,152.908512,,152.908512
414,150,8,1024,1209.48,797.0,739.0,0.15,892,1107.1,670.0,643.0000000000009,True,102,40,8,5,0.002495,True,19.660679801348344,,,,0.4,0.4,2,inf,83.519529,,83.519529,True,105,38,8,5,0.002256,True,17.366525416529537,,,,0.4,0.4,2,inf,167.92608,,167.92608
414,150,9,1024,1209.48,797.0,739.0,0.15,857,1072.84,670.0,613.5000000000009,True,102,40,8,5,0.002495,True,19.660679801348344,,,,0.4,0.4,2,inf,83.519529,,83.519529,True,104,34,8,5,0.002228,True,17.18978694742385,,,,0.4,0.4,2,inf,103.107706,,103.107706
414,150,10,1024,1209.48,797.0,739.0,0.15,937,1083.41,670.0,631.5,True,102,40,8,5,0.002495,True,19.660679801348344,,,,0.4,0.4,2,inf,83.519529,,83.519529,True,105,36,8,5,0.002544,True,16.803877101203373,,,,0.4,0.4,2,inf,114.105932,,114.105932
414,150,11,1024,1209.48,797.0,739.0,0.15,923,1096.1,670.0,620.4999999999991,True,102,40,8,5,0.002495,True,19.660679801348344,,,,0.4,0.4,2,inf,83.519529,,83.519529,True,104,37,8,5,0.002197,True,17.14387770528806,,,,0.4,0.4,2,inf,87.970651,,87.970651
414,150,12,1024,1209.48,797.0,739.0,0.15,887,1097.46,670.0,632.5,True,102,40,8,5,0.002495,True,19.660679801348344,,,,0.4,0.4,2,inf,83.519529,,83.519529,True,105,36,8,5,0.002272,True,17.067082660716355,,,,0.4,0.4,2,inf,92.844578,,92.844578
414,150,13,1024,1209.48,797.0,739.0,0.15,906,1083.33,670.0,628.4999999999982,True,102,40,8,5,0.002495,True,19.660679801348344,,,,0.4,0.4,2,inf,83.519529,,83.519529,True,102,34,8,5,0.002177,True,17.051818294986585,,,,0.4,0.4,2,inf,156.116455,,156.116455
414,150,14,1024,1209.48,797.0,739.0,0.15,935,1097.06,670.0,632.5,True,102,40,8,5,0.002495,True,19.660679801348344,,,,0.4,0.4,2,inf,83.519529,,83.519529,True,106,34,8,5,0.002225,True,17.118238296292965,,,,0.4,0.4,2,inf,117.639761,,117.639761
414,150,15,1024,1209.48,797.0,739.0,0.15,889,1086.53,670.0,621.5,True,102,40,8,5,0.002495,True,19.660679801348344,,,,0.4,0.4,2,inf,83.519529,,83.519529,True,104,36,8,5,0.002369,True,16.86174315102489,,,,0.4,0.4,2,inf,88.167749,,88.167749
414,150,16,1024,1209.48,797.0,739.0,0.15,874,1084.41,670.0,617.0,True,102,40,8,5,0.002495,True,19.660679801348344,,,,0.4,0.4,2,inf,83.519529,,83.519529,True,106,34,8,5,0.002246,True,16.7784038835661,,,,0.4,0.4,2,inf,193.207718,,193.207718
414,150,17,1024,1209.48,797.0,739.0,0.15,895,1089.48,670.0,626.5,True,102,40,8,5,0.002495,True,19.660679801348344,,,,0.4,0.4,2,inf,83.519529,,83.519529,True,105,35,8,5,0.002366,True,17.19295306358822,,,,0.4,0.4,2,inf,101.825839,,101.825839
414,150,18,1024,1209.48,797.0,739.0,0.15,899,1081.25,670.0,625.4999999999982,True,102,40,8,5,0.002495,True,19.660679801348344,,,,0.4,0.4,2,inf,83.519529,,83.519529,True,104,37,8,5,0.002642,True,16.911763301495515,,,,0.4,0.4,2,inf,137.806899,,137.806899
414,150,19,1024,1209.48,797.0,739.0,0.15,947,1087.98,670.0,624.5,True,102,40,8,5,0.002495,True,19.660679801348344,,,,0.4,0.4,2,inf,83.519529,,83.519529,True,104,37,8,5,0.002404,True,16.645423115639925,,,,0.4,0.4,2,inf,136.755259,,136.755259
414,150,20,1024,1209.48,797.0,739.0,0.15,968,1091.53,670.0,627.9999999999973,True,102,40,8,5,0.002495,True,19.660679801348344,,,,0.4,0.4,2,inf,83.519529,,83.519529,True,105,35,8,5,0.002543,True,16.850278753387503,,,,0.4,0.4,2,inf,128.692317,,128.692317
414,150,21,1024,1209.48,797.0,739.0,0.15,910,1076.02,670.0,622.5,True,102,40,8,5,0.002495,True,19.660679801348344,,,,0.4,0.4,2,inf,83.519529,,83.519529,True,104,35,8,5,0.002346,True,16.834889193995057,,,,0.4,0.4,2,inf,178.292876,,178.292876
414,150,22,1024,1209.48,797.0,739.0,0.15,885,1058.72,670.0,610.0,True,102,40,8,5,0.002495,True,19.660679801348344,,,,0.4,0.4,2,inf,83.519529,,83.519529,True,104,37,8,5,0.00221,True,16.639384953642953,,,,0.4,0.4,2,inf,117.855933,,117.855933
414,150,23,1024,1209.48,797.0,739.0,0.15,930,1100.77,670.0,636.0000000000027,True,102,40,8,5,0.002495,True,19.660679801348344,,,,0.4,0.4,2,inf,83.519529,,83.519529,True,104,36,8,5,0.00257,True,16.89706364670589,,,,0.4,0.4,2,inf,90.813797,,90.813797
414,150,24,1024,1209.48,797.0,739.0,0.15,909,1069.31,670.0,619.0,True,102,40,8,5,0.002495,True,19.660679801348344,,,,0.4,0.4,2,inf,83.519529,,83.519529,True,106,34,8,5,0.002216,True,16.776277616212422,,,,0.4,0.4,2,inf,89.137699,,89.137699
414,150,25,1024,1209.48,797.0,739.0,0.15,882,1085.14,670.0,617.0,True,102,40,8,5,0.002495,True,19.660679801348344,,,,0.4,0.4,2,inf,83.519529,,83.519529,True,105,37,8,5,0.002333,True,16.834316257728293,,,,0.4,0.4,2,inf,120.65959,,120.65959
414,150,26,1024,1209.48,797.0,739.0,0.15,874,1091.57,670.0,615.0000000000064,True,102,40,8,5,0.002495,True,19.660679801348344,,,,0.4,0.4,2,inf,83.519529,,83.519529,True,106,34,8,5,0.00241,True,16.613243007793503,,,,0.4,0.4,2,inf,113.421996,,113.421996
414,150,27,1024,1209.48,797.0,739.0,0.15,868,1093.35,670.0,635.0000000000018,True,102,40,8,5,0.002495,True,19.660679801348344,,,,0.4,0.4,2,inf,83.519529,,83.519529,True,104,33,8,5,0.002372,True,17.215034942629078,,,,0.4,0.4,2,inf,103.328464,,103.328464
414,150,28,1024,1209.48,797.0,739.0,0.15,916,1091.78,670.0,620.4999999999927,True,102,40,8,5,0.002495,True,19.660679801348344,,,,0.4,0.4,2,inf,83.519529,,83.519529,True,105,35,8,5,0.00226,True,16.924120316704244,,,,0.4,0.4,2,inf,111.324895,,111.324895
414,150,29,1024,1209.48,797.0,739.0,0.15,878,1108.35,670.0,642.5000000000045,True,102,40,8,5,0.002495,True,19.660679801348344,,,,0.4,0.4,2,inf,83.519529,,83.519529,True,104,36,8,5,0.002511,True,17.234517260861423,,,,0.4,0.4,2,inf,123.368616,,123.368616
414,150,30,1024,1209.48,797.0,739.0,0.15,910,1098.6,670.0,630.9999999999964,True,102,40,8,5,0.002495,True,19.660679801348344,,,,0.4,0.4,2,inf,83.519529,,83.519529,True,107,38,8,5,0.002547,True,16.74104043274792,,,,0.4,0.4,2,inf,103.832947,,103.832947
414,150,1,1024,1209.48,797.0,739.0,0.25,899,1003.7,591.0,566.7499999999973,True,102,40,8,5,0.002495,True,19.660679801348344,,,,0.4,0.4,2,inf,83.519529,,83.519529,True,150,40,8,5,0.002455,True,14.770285181549871,,,,0.4,0.4,2,inf,115.759535,,115.759535
414,150,2,1024,1209.48,797.0,739.0,0.25,873,1002.1,591.0,558.5,True,102,40,8,5,0.002495,True,19.660679801348344,,,,0.4,0.4,2,inf,83.519529,,83.519529,True,115,34,8,5,0.002517,True,14.713803409914,,,,0.4,0.4,2,inf,90.404291,,90.404291
414,150,3,1024,1209.48,797.0,739.0,0.25,835,974.92,591.0,544.9999999999991,True,102,40,8,5,0.002495,True,19.660679801348344,,,,0.4,0.4,2,inf,83.519529,,83.519529,True,150,40,8,5,0.002264,True,14.134873948892691,,,,0.4,0.4,2,inf,163.456643,,163.456643
414,150,4,1024,1209.48,797.0,739.0,0.25,880,991.65,591.0,547.0,True,102,40,8,5,0.002495,True,19.660679801348344,,,,0.4,0.4,2,inf,83.519529,,83.519529,True,123,32,8,5,0.002134,True,15.093574204214303,,,,0.4,0.4,2,inf,108.466277,,108.466277
414,150,5,1024,1209.48,797.0,739.0,0.25,823,984.37,591.0,546.5,True,102,40,8,5,0.002495,True,19.660679801348344,,,,0.4,0.4,2,inf,83.519529,,83.519529,True,112,30,8,5,0.002309,True,14.817947033501039,,,,0.4,0.4,2,inf,102.449699,,102.449699
414,150,6,1024,1209.48,797.0,739.0,0.25,879,1018.58,591.0,562.0000000000009,True,102,40,8,5,0.002495,True,19.660679801348344,,,,0.4,0.4,2,inf,83.519529,,83.519529,True,113,30,8,5,0.002342,True,15.364847684699132,,,,0.4,0.4,2,inf,128.38601,,128.38601
414,150,7,1024,1209.48,797.0,739.0,0.25,835,1004.32,591.0,556.5,True,102,40,8,5,0.002495,True,19.660679801348344,,,,0.4,0.4,2,inf,83.519529,,83.519529,True,110,34,8,5,0.002355,True,15.522160909176545,,,,0.4,0.4,2,inf,131.083746,,131.083746
414,150,8,1024,1209.48,797.0,739.0,0.25,900,1009.71,591.0,575.0000000000055,True,102,40,8,5,0.002495,True,19.660679801348344,,,,0.4,0.4,2,inf,83.519529,,83.519529,True,118,35,8,5,0.00228,True,15.45377346900432,,,,0.4,0.4,2,inf,140.355229,,140.355229
414,150,9,1024,1209.48,797.0,739.0,0.25,840,974.84,591.0,536.9999999999991,True,102,40,8,5,0.002495,True,19.660679801348344,,,,0.4,0.4,2,inf,83.519529,,83.519529,True,150,39,8,5,0.002108,True,15.354623626369605,,,,0.4,0.4,2,inf,97.255518,,97.255518
414,150,10,1024,1209.48,797.0,739.0,0.25,855,987.44,591.0,540.5,True,102,40,8,5,0.002495,True,19.660679801348344,,,,0.4,0.4,2,inf,83.519529,,83.519529,True,150,39,8,5,0.002205,True,14.537015669939201,,,,0.4,0.4,2,inf,119.142267,,119.142267
414,150,11,1024,1209.48,797.0,739.0,0.25,855,981.32,591.0,533.0000000000009,True,102,40,8,5,0.002495,True,19.660679801348344,,,,0.4,0.4,2,inf,83.519529,,83.519529,True,121,35,8,5,0.002411,True,15.109769741386643,,,,0.4,0.4,2,inf,120.732295,,120.732295
414,150,12,1024,1209.48,797.0,739.0,0.25,794,1002.63,591.0,555.4999999999982,True,102,40,8,5,0.002495,True,19.660679801348344,,,,0.4,0.4,2,inf,83.519529,,83.519529,True,112,31,8,5,0.002447,True,15.461979891640796,,,,0.4,0.4,2,inf,133.432223,,133.432223
414,150,13,1024,1209.48,797.0,739.0,0.25,819,985.69,591.0,552.25,True,102,40,8,5,0.002495,True,19.660679801348344,,,,0.4,0.4,2,inf,83.519529,,83.519529,True,110,31,8,5,0.002217,True,15.345398414118968,,,,0.4,0.4,2,inf,123.254996,,123.254996
414,150,14,1024,1209.48,797.0,739.0,0.25,851,980.61,591.0,554.5,True,102,40,8,5,0.002495,True,19.660679801348344,,,,0.4,0.4,2,inf,83.519529,,83.519529,True,117,33,8,5,0.002304,True,15.236579872459737,,,,0.4,0.4,2,inf,122.040276,,122.040276
414,150,15,1024,1209.48,797.0,739.0,0.25,792,988.25,591.0,547.0000000000009,True,102,40,8,5,0.002495,True,19.660679801348344,,,,0.4,0.4,2,inf,83.519529,,83.519529,True,112,32,8,5,0.002284,True,15.048576975909175,,,,0.4,0.4,2,inf,103.203785,,103.203785
414,150,16,1024,1209.48,797.0,739.0,0.25,821,997.72,591.0,544.5,True,102,40,8,5,0.002495,True,19.660679801348344,,,,0.4,0.4,2,inf,83.519529,,83.519529,True,114,31,8,5,0.002221,True,14.82445891273775,,,,0.4,0.4,2,inf,122.683983,,122.683983
414,150,17,1024,1209.48,797.0,739.0,0.25,828,994.85,591.0,556.5,True,102,40,8,5,0.002495,True,19.660679801348344,,,,0.4,0.4,2,inf,83.519529,,83.519529,True,113,31,8,5,0.002427,True,15.526371773654445,,,,0.4,0.4,2,inf,100.060407,,100.060407
414,150,18,1024,1209.48,797.0,739.0,0.25,836,991.66,591.0,557.4999999999973,True,102,40,8,5,0.002495,True,19.660679801348344,,,,0.4,0.4,2,inf,83.519529,,83.519529,True,108,33,8,5,0.00222,True,15.086275006833851,,,,0.4,0.4,2,inf,111.866233,,111.866233
414,150,19,1024,1209.48,797.0,739.0,0.25,888,993.91,591.0,554.0,True,102,40,8,5,0.002495,True,19.660679801348344,,,,0.4,0.4,2,inf,83.519529,,83.519529,True,111,31,8,5,0.002222,True,15.029001145291879,,,,0.4,0.4,2,inf,102.89444,,102.89444
414,150,20,1024,1209.48,797.0,739.0,0.25,901,994.84,591.0,552.0,True,102,40,8,5,0.002495,True,19.660679801348344,,,,0.4,0.4,2,inf,83.519529,,83.519529,True,113,30,8,5,0.002185,True,14.778854494063037,,,,0.4,0.4,2,inf,95.817055,,95.817055
414,150,21,1024,1209.48,797.0,739.0,0.25,833,993.9,591.0,557.0,True,102,40,8,5,0.002495,True,19.660679801348344,,,,0.4,0.4,2,inf,83.519529,,83.519529,True,111,30,8,5,0.002154,True,14.788885961679572,,,,0.4,0.4,2,inf,90.794606,,90.794606
414,150,22,1024,1209.48,797.0,739.0,0.25,845,954.07,591.0,522.0,True,102,40,8,5,0.002495,True,19.660679801348344,,,,0.4,0.4,2,inf,83.519529,,83.519529,True,120,33,8,5,0.002245,True,14.357369060720702,,,,0.4,0.4,2,inf,119.407713,,119.407713
414,150,23,1024,1209.48,797.0,739.0,0.25,865,1001.29,591.0,557.25,True,102,40,8,5,0.002495,True,19.660679801348344,,,,0.4,0.4,2,inf,83.519529,,83.519529,True,114,33,8,5,0.002133,True,15.249227011789833,,,,0.4,0.4,2,inf,95.412358,,95.412358
414,150,24,1024,1209.48,797.0,739.0,0.25,804,977.41,591.0,537.5000000000009,True,102,40,8,5,0.002495,True,19.660679801348344,,,,0.4,0.4,2,inf,83.519529,,83.519529,True,113,29,8,5,0.002468,True,15.215805277030588,,,,0.4,0.4,2,inf,106.974736,,106.974736
414,150,25,1024,1209.48,797.0,739.0,0.25,796,974.94,591.0,533.0,True,102,40,8,5,0.002495,True,19.660679801348344,,,,0.4,0.4,2,inf,83.519529,,83.519529,True,112,34,8,5,0.002279,True,14.823457106466421,,,,0.4,0.4,2,inf,169.68566,,169.68566
414,150,26,1024,1209.48,797.0,739.0,0.25,845,982.65,591.0,536.0,True,102,40,8,5,0.002495,True,19.660679801348344,,,,0.4,0.4,2,inf,83.519529,,83.519529,True,119,31,8,5,0.002464,True,14.517185761363924,,,,0.4,0.4,2,inf,98.555377,,98.555377
414,150,27,1024,1209.48,797.0,739.0,0.25,870,1005.25,591.0,564.5,True,102,40,8,5,0.002495,True,19.660679801348344,,,,0.4,0.4,2,inf,83.519529,,83.519529,True,118,31,8,5,0.002159,True,15.720592224936835,,,,0.4,0.4,2,inf,116.700794,,116.700794
414,150,28,1024,1209.48,797.0,739.0,0.25,869,986.77,591.0,547.7499999999991,True,102,40,8,5,0.002495,True,19.660679801348344,,,,0.4,0.4,2,inf,83.519529,,83.519529,True,113,32,8,5,0.002215,True,14.937984561737087,,,,0.4,0.4,2,inf,116.171653,,116.171653
414,150,29,1024,1209.48,797.0,739.0,0.25,881,997.97,591.0,567.5000000000036,True,102,40,8,5,0.002495,True,19.660679801348344,,,,0.4,0.4,2,inf,83.519529,,83.519529,True,110,33,8,5,0.002392,True,15.492320195125007,,,,0.4,0.4,2,inf,135.29984,,135.29984
414,150,30,1024,1209.48,797.0,739.0,0.25,877,1007.58,591.0,553.0,True,102,40,8,5,0.002495,True,19.660679801348344,,,,0.4,0.4,2,inf,83.519529,,83.519529,True,114,33,8,5,0.002637,True,15.048284397343929,,,,0.4,0.4,2,inf,92.088657,,92.088657
414,150,1,1024,1209.48,797.0,739.0,0.4,771,839.07,465.0,450.5,True,102,40,8,5,0.002495,True,19.660679801348344,,,,0.4,0.4,2,inf,83.519529,,83.519529,True,150,37,8,5,0.002191,True,12.015620410480215,,,,0.4,0.4,2,inf,123.760751,,123.760751
414,150,2,1024,1209.48,797.0,739.0,0.4,746,822.55,465.0,442.16666666666606,True,102,40,8,5,0.002495,True,19.660679801348344,,,,0.4,0.4,2,inf,83.519529,,83.519529,True,150,36,8,5,0.002197,True,12.38843138007155,,,,0.4,0.4,2,inf,96.69789,,96.69789
414,150,3,1024,1209.48,797.0,739.0,0.4,715,793.11,465.0,423.625,True,102,40,8,5,0.002495,True,19.660679801348344,,,,0.4,0.4,2,inf,83.519529,,83.519529,True,150,32,8,5,0.002373,True,11.458269938897654,,,,0.4,0.4,2,inf,129.565454,,129.565454
414,150,4,1024,1209.48,797.0,739.0,0.4,730,806.5,465.0,422.25,True,102,40,8,5,0.002495,True,19.660679801348344,,,,0.4,0.4,2,inf,83.519529,,83.519529,True,150,35,8,5,0.002205,True,12.034352531236095,,,,0.4,0.4,2,inf,74.360684,,74.360684
414,150,5,1024,1209.48,797.0,739.0,0.4,717,805.41,465.0,428.5,True,102,40,8,5,0.002495,True,19.660679801348344,,,,0.4,0.4,2,inf,83.519529,,83.519529,True,150,37,8,5,0.002122,True,11.948427050375031,,,,0.4,0.4,2,inf,118.054333,,118.054333
414,150,6,1024,1209.48,797.0,739.0,0.4,703,831.02,465.0,443.2499999999991,True,102,40,8,5,0.002495,True,19.660679801348344,,,,0.4,0.4,2,inf,83.519529,,83.519529,True,150,37,8,5,0.002116,True,12.71326797054175,,,,0.4,0.4,2,inf,81.735523,,81.735523
414,150,7,1024,1209.48,797.0,739.0,0.4,743,838.06,465.0,439.8982300884936,True,102,40,8,5,0.002495,True,19.660679801348344,,,,0.4,0.4,2,inf,83.519529,,83.519529,True,150,34,8,5,0.002289,True,12.013770888086796,,,,0.4,0.4,2,inf,98.704779,,98.704779
414,150,8,1024,1209.48,797.0,739.0,0.4,764,843.11,465.0,456.25,True,102,40,8,5,0.002495,True,19.660679801348344,,,,0.4,0.4,2,inf,83.519529,,83.519529,True,150,37,8,5,0.002315,True,12.268316298563771,,,,0.4,0.4,2,inf,118.949208,,118.949208
414,150,9,1024,1209.48,797.0,739.0,0.4,702,808.72,465.0,433.0,True,102,40,8,5,0.002495,True,19.660679801348344,,,,0.4,0.4,2,inf,83.519529,,83.519529,True,150,34,8,5,0.002386,True,11.972176075571456,,,,0.4,0.4,2,inf,90.910778,,90.910778
414,150,10,1024,1209.48,797.0,739.0,0.4,705,816.22,465.0,424.5,True,102,40,8,5,0.002495,True,19.660679801348344,,,,0.4,0.4,2,inf,83.519529,,83.519529,True,150,33,8,5,0.00212,True,11.762535800999007,,,,0.4,0.4,2,inf,77.282021,,77.282021
414,150,11,1024,1209.48,797.0,739.0,0.4,742,804.25,465.0,424.0,True,102,40,8,5,0.002495,True,19.660679801348344,,,,0.4,0.4,2,inf,83.519529,,83.519529,True,150,33,8,5,0.002242,True,11.689054042039418,,,,0.4,0.4,2,inf,129.081228,,129.081228
414,150,12,1024,1209.48,797.0,739.0,0.4,735,822.3,465.0,431.5,True,102,40,8,5,0.002495,True,19.660679801348344,,,,0.4,0.4,2,inf,83.519529,,83.519529,True,150,39,8,5,0.002112,True,12.426859030252965,,,,0.4,0.4,2,inf,103.256815,,103.256815
414,150,13,1024,1209.48,797.0,739.0,0.4,738,794.16,465.0,423.0,True,102,40,8,5,0.002495,True,19.660679801348344,,,,0.4,0.4,2,inf,83.519529,,83.519529,True,130,28,8,5,0.002131,True,12.191905412448282,,,,0.4,0.4,2,inf,120.601588,,120.601588
414,150,14,1024,1209.48,797.0,739.0,0.4,722,791.33,465.0,426.74999999999727,True,102,40,8,5,0.002495,True,19.660679801348344,,,,0.4,0.4,2,inf,83.519529,,83.519529,True,150,36,8,5,0.002208,True,12.097791912010042,,,,0.4,0.4,2,inf,99.221936,,99.221936
414,150,15,1024,1209.48,797.0,739.0,0.4,721,843.98,465.0,447.25,True,102,40,8,5,0.002495,True,19.660679801348344,,,,0.4,0.4,2,inf,83.519529,,83.519529,True,150,36,8,5,0.002127,True,12.523366775911693,,,,0.4,0.4,2,inf,157.39711,,157.39711
414,150,16,1024,1209.48,797.0,739.0,0.4,714,813.03,465.0,423.5,True,102,40,8,5,0.002495,True,19.660679801348344,,,,0.4,0.4,2,inf,83.519529,,83.519529,True,150,36,8,5,0.002196,True,12.288673494647027,,,,0.4,0.4,2,inf,106.734351,,106.734351
414,150,17,1024,1209.48,797.0,739.0,0.4,716,809.54,465.0,435.5,True,102,40,8,5,0.002495,True,19.660679801348344,,,,0.4,0.4,2,inf,83.519529,,83.519529,True,150,34,8,5,0.002185,True,12.216304619874034,,,,0.4,0.4,2,inf,162.84616,,162.84616
414,150,18,1024,1209.48,797.0,739.0,0.4,742,813.82,465.0,437.75,True,102,40,8,5,0.002495,True,19.660679801348344,,,,0.4,0.4,2,inf,83.519529,,83.519529,True,150,39,8,5,0.002151,True,12.149605623378218,,,,0.4,0.4,2,inf,132.620294,,132.620294
414,150,19,1024,1209.48,797.0,739.0,0.4,732,836.76,465.0,446.25,True,102,40,8,5,0.002495,True,19.660679801348344,,,,0.4,0.4,2,inf,83.519529,,83.519529,True,150,38,8,5,0.002115,True,12.53217634186243,,,,0.4,0.4,2,inf,103.186454,,103.186454
414,150,20,1024,1209.48,797.0,739.0,0.4,759,830.45,465.0,435.0,True,102,40,8,5,0.002495,True,19.660679801348344,,,,0.4,0.4,2,inf,83.519529,,83.519529,True,150,38,8,5,0.002448,True,11.983365638379079,,,,0.4,0.4,2,inf,105.035333,,105.035333
414,150,21,1024,1209.48,797.0,739.0,0.4,686,819.59,465.0,439.75,True,102,40,8,5,0.002495,True,19.660679801348344,,,,0.4,0.4,2,inf,83.519529,,83.519529,True,150,38,8,5,0.00218,True,12.016973384424269,,,,0.4,0.4,2,inf,90.259646,,90.259646
414,150,22,1024,1209.48,797.0,739.0,0.4,691,792.23,465.0,405.0,True,102,40,8,5,0.002495,True,19.660679801348344,,,,0.4,0.4,2,inf,83.519529,,83.519529,True,150,37,8,5,0.002157,True,11.234677068577057,,,,0.4,0.4,2,inf,146.486515,,146.486515
414,150,23,1024,1209.48,797.0,739.0,0.4,736,811.73,465.0,434.5,True,102,40,8,5,0.002495,True,19.660679801348344,,,,0.4,0.4,2,inf,83.519529,,83.519529,True,150,35,8,5,0.002453,True,11.907905520571143,,,,0.4,0.4,2,inf,109.176766,,109.176766
414,150,24,1024,1209.48,797.0,739.0,0.4,722,800.43,465.0,429.0,True,102,40,8,5,0.002495,True,19.660679801348344,,,,0.4,0.4,2,inf,83.519529,,83.519529,True,150,35,8,5,0.002136,True,12.184343438489881,,,,0.4,0.4,2,inf,95.53238,,95.53238
414,150,25,1024,1209.48,797.0,739.0,0.4,695,807.89,465.0,427.5,True,102,40,8,5,0.002495,True,19.660679801348344,,,,0.4,0.4,2,inf,83.519529,,83.519529,True,150,38,8,5,0.002225,True,11.862162230958427,,,,0.4,0.4,2,inf,99.299994,,99.299994
414,150,26,1024,1209.48,797.0,739.0,0.4,705,789.8,465.0,418.5,True,102,40,8,5,0.002495,True,19.660679801348344,,,,0.4,0.4,2,inf,83.519529,,83.519529,True,150,34,8,5,0.00226,True,11.735549741554888,,,,0.4,0.4,2,inf,107.743165,,107.743165
414,150,27,1024,1209.48,797.0,739.0,0.4,755,838.02,465.0,460.0,True,102,40,8,5,0.002495,True,19.660679801348344,,,,0.4,0.4,2,inf,83.519529,,83.519529,True,150,33,8,5,0.002178,True,12.858389815706916,,,,0.4,0.4,2,inf,93.336765,,93.336765
414,150,28,1024,1209.48,797.0,739.0,0.4,734,806.86,465.0,432.0,True,102,40,8,5,0.002495,True,19.660679801348344,,,,0.4,0.4,2,inf,83.519529,,83.519529,True,150,34,8,5,0.002215,True,11.866600910456164,,,,0.4,0.4,2,inf,90.361161,,90.361161
414,150,29,1024,1209.48,797.0,739.0,0.4,747,823.54,465.0,454.5,True,102,40,8,5,0.002495,True,19.660679801348344,,,,0.4,0.4,2,inf,83.519529,,83.519529,True,150,36,8,5,0.002346,True,12.67594701209566,,,,0.4,0.4,2,inf,95.49286,,95.49286
414,150,30,1024,1209.48,797.0,739.0,0.4,747,835.7,465.0,437.9999999999982,True,102,40,8,5,0.002495,True,19.660679801348344,,,,0.4,0.4,2,inf,83.519529,,83.519529,True,150,39,8,5,0.002424,True,12.321412244909759,,,,0.4,0.4,2,inf,97.074067,,97.074067
686,168,1,1338,1649.13,,826.5,0.05,1233,1522.15,,775.0,True,107,58,8,5,0.003366,True,30.47983593606501,,,,0.4,0.4,2,inf,125.828169,,125.828169,True,115,52,8,5,0.003448,True,28.883539273101597,,,,0.4,0.4,2,inf,153.953172,,153.953172
686,168,2,1338,1649.13,,826.5,0.05,1301,1530.89,,779.0,True,107,58,8,5,0.003366,True,30.47983593606501,,,,0.4,0.4,2,inf,125.828169,,125.828169,True,115,51,8,5,0.003253,True,28.361829818192074,,,,0.4,0.4,2,inf,153.754265,,153.754265
686,168,3,1338,1649.13,,826.5,0.05,1302,1554.32,,780.0,True,107,58,8,5,0.003366,True,30.47983593606501,,,,0.4,0.4,2,inf,125.828169,,125.828169,True,115,53,8,5,0.00321,True,28.831247442168337,,,,0.4,0.4,2,inf,148.979707,,148.979707
686,168,4,1338,1649.13,,826.5,0.05,1282,1550.63,,784.5,True,107,58,8,5,0.003366,True,30.47983593606501,,,,0.4,0.4,2,inf,125.828169,,125.828169,True,116,49,8,5,0.003208,True,28.66260896419648,,,,0.4,0.4,2,inf,124.586571,,124.586571
686,168,5,1338,1649.13,,826.5,0.05,1270,1551.6,,783.0,True,107,58,8,5,0.003366,True,30.47983593606501,,,,0.4,0.4,2,inf,125.828169,,125.828169,True,113,55,8,5,0.003189,True,28.768540468997433,,,,0.4,0.4,2,inf,133.026321,,133.026321
686,168,6,1338,1649.13,,826.5,0.05,1299,1563.68,,786.5,True,107,58,8,5,0.003366,True,30.47983593606501,,,,0.4,0.4,2,inf,125.828169,,125.828169,True,113,56,8,5,0.003221,True,28.33717402709975,,,,0.4,0.4,2,inf,126.686069,,126.686069
686,168,7,1338,1649.13,,826.5,0.05,1271,1557.74,,788.5,True,107,58,8,5,0.003366,True,30.47983593606501,,,,0.4,0.4,2,inf,125.828169,,125.828169,True,111,53,8,5,0.003659,True,29.196076943551116,,,,0.4,0.4,2,inf,146.493783,,146.493783
686,168,8,1338,1649.13,,826.5,0.05,1270,1554.02,,790.5,True,107,58,8,5,0.003366,True,30.47983593606501,,,,0.4,0.4,2,inf,125.828169,,125.828169,True,113,51,8,5,0.003288,True,29.349863223269804,,,,0.4,0.4,2,inf,100.45331,,100.45331
686,168,9,1338,1649.13,,826.5,0.05,1320,1568.75,,786.0,True,107,58,8,5,0.003366,True,30.47983593606501,,,,0.4,0.4,2,inf,125.828169,,125.828169,True,113,50,8,5,0.003223,True,28.901028930482024,,,,0.4,0.4,2,inf,129.220798,,129.220798
686,168,10,1338,1649.13,,826.5,0.05,1287,1556.71,,783.5,True,107,58,8,5,0.003366,True,30.47983593606501,,,,0.4,0.4,2,inf,125.828169,,125.828169,True,111,50,8,5,0.003204,True,28.81121450117855,,,,0.4,0.4,2,inf,140.189669,,140.189669
686,168,11,1338,1649.13,,826.5,0.05,1308,1538.47,,775.0,True,107,58,8,5,0.003366,True,30.47983593606501,,,,0.4,0.4,2,inf,125.828169,,125.828169,True,113,52,8,5,0.003362,True,28.685019400328716,,,,0.4,0.4,2,inf,109.319887,,109.319887
686,168,12,1338,1649.13,,826.5,0.05,1285,1528.99,,778.0,True,107,58,8,5,0.003366,True,30.47983593606501,,,,0.4,0.4,2,inf,125.828169,,125.828169,True,114,52,8,5,0.003208,True,27.80322505099989,,,,0.4,0.4,2,inf,126.008477,,126.008477
686,168,13,1338,1649.13,,826.5,0.05,1282,1536.63,,776.0,True,107,58,8,5,0.003366,True,30.47983593606501,,,,0.4,0.4,2,inf,125.828169,,125.828169,True,115,54,8,5,0.003412,True,28.920407568413612,,,,0.4,0.4,2,inf,131.583675,,131.583675
686,168,14,1338,1649.13,,826.5,0.05,1297,1566.91,,784.0,True,107,58,8,5,0.003366,True,30.47983593606501,,,,0.4,0.4,2,inf,125.828169,,125.828169,True,113,52,8,5,0.003259,True,29.002664519279886,,,,0.4,0.4,2,inf,178.588338,,178.588338
686,168,15,1338,1649.13,,826.5,0.05,1276,1540.03,,780.5,True,107,58,8,5,0.003366,True,30.47983593606501,,,,0.4,0.4,2,inf,125.828169,,125.828169,True,112,52,8,5,0.003281,True,28.764692302316696,,,,0.4,0.4,2,inf,118.823306,,118.823306
686,168,16,1338,1649.13,,826.5,0.05,1291,1563.2,,785.5,True,107,58,8,5,0.003366,True,30.47983593606501,,,,0.4,0.4,2,inf,125.828169,,125.828169,True,115,54,8,5,0.003256,True,28.73006840014173,,,,0.4,0.4,2,inf,124.220332,,124.220332
686,168,17,1338,1649.13,,826.5,0.05,1287,1547.94,,779.0,True,107,58,8,5,0.003366,True,30.47983593606501,,,,0.4,0.4,2,inf,125.828169,,125.828169,True,114,50,8,5,0.003299,True,28.34398532675843,,,,0.4,0.4,2,inf,118.617626,,118.617626
686,168,18,1338,1649.13,,826.5,0.05,1306,1565.38,,790.5,True,107,58,8,5,0.003366,True,30.47983593606501,,,,0.4,0.4,2,inf,125.828169,,125.828169,True,110,54,8,5,0.003387,True,28.866258320856378,,,,0.4,0.4,2,inf,155.711496,,155.711496
686,168,19,1338,1649.13,,826.5,0.05,1286,1543.71,,779.0,True,107,58,8,5,0.003366,True,30.47983593606501,,,,0.4,0.4,2,inf,125.828169,,125.828169,True,115,51,8,5,0.003219,True,28.883950103138645,,,,0.4,0.4,2,inf,145.533347,,145.533347
686,168,20,1338,1649.13,,826.5,0.05,1314,1566.72,,791.5,True,107,58,8,5,0.003366,True,30.47983593606501,,,,0.4,0.4,2,inf,125.828169,,125.828169,True,112,53,8,5,0.00324,True,28.62181424335188,,,,0.4,0.4,2,inf,105.520189,,105.520189
686,168,21,1338,1649.13,,826.5,0.05,1267,1551.38,,785.5,True,107,58,8,5,0.003366,True,30.47983593606501,,,,0.4,0.4,2,inf,125.828169,,125.828169,True,113,54,8,5,0.003562,True,29.191190970151244,,,,0.4,0.4,2,inf,154.766875,,154.766875
686,168,22,1338,1649.13,,826.5,0.05,1283,1527.31,,772.5,True,107,58,8,5,0.003366,True,30.47983593606501,,,,0.4,0.4,2,inf,125.828169,,125.828169,True,114,50,8,5,0.003214,True,28.46644041086483,,,,0.4,0.4,2,inf,126.431549,,126.431549
686,168,23,1338,1649.13,,826.5,0.05,1270,1552.65,,794.0,True,107,58,8,5,0.003366,True,30.47983593606501,,,,0.4,0.4,2,inf,125.828169,,125.828169,True,110,53,8,5,0.003378,True,29.310530251687602,,,,0.4,0.4,2,inf,148.114803,,148.114803
686,168,24,1338,1649.13,,826.5,0.05,1250,1545.77,,779.0,True,107,58,8,5,0.003366,True,30.47983593606501,,,,0.4,0.4,2,inf,125.828169,,125.828169,True,111,56,8,5,0.003355,True,29.134429469636032,,,,0.4,0.4,2,inf,111.392891,,111.392891
686,168,25,1338,1649.13,,826.5,0.05,1284,1525.11,,779.0,True,107,58,8,5,0.003366,True,30.47983593606501,,,,0.4,0.4,2,inf,125.828169,,125.828169,True,112,53,8,5,0.011995,True,28.28186499145048,,,,0.4,0.4,2,inf,164.357031,,164.357031
686,168,26,1338,1649.13,,826.5,0.05,1339,1547.33,,785.0,True,107,58,8,5,0.003366,True,30.47983593606501,,,,0.4,0.4,2,inf,125.828169,,125.828169,True,112,52,8,5,0.003806,True,28.95612594005472,,,,0.4,0.4,2,inf,127.684913,,127.684913
686,168,27,1338,1649.13,,826.5,0.05,1269,1548.11,,779.5,True,107,58,8,5,0.003366,True,30.47983593606501,,,,0.4,0.4,2,inf,125.828169,,125.828169,True,111,54,8,5,0.003687,True,28.882050204089175,,,,0.4,0.4,2,inf,131.379383,,131.379383
686,168,28,1338,1649.13,,826.5,0.05,1321,1555.59,,784.0,True,107,58,8,5,0.003366,True,30.47983593606501,,,,0.4,0.4,2,inf,125.828169,,125.828169,True,112,54,8,5,0.003428,True,28.877752957550033,,,,0.4,0.4,2,inf,126.988039,,126.988039
686,168,29,1338,1649.13,,826.5,0.05,1279,1540.37,,782.5,True,107,58,8,5,0.003366,True,30.47983593606501,,,,0.4,0.4,2,inf,125.828169,,125.828169,True,115,53,8,5,0.00336,True,28.94011473325631,,,,0.4,0.4,2,inf,115.201687,,115.201687
686,168,30,1338,1649.13,,826.5,0.05,1300,1560.35,,788.0,True,107,58,8,5,0.003366,True,30.47983593606501,,,,0.4,0.4,2,inf,125.828169,,125.828169,True,111,51,8,5,0.003232,True,28.32227893945636,,,,0.4,0.4,2,inf,112.681653,,112.681653
686,168,1,1338,1649.13,,826.5,0.15,1173,1331.57,,687.5,True,107,58,8,5,0.003366,True,30.47983593606501,,,,0.4,0.4,2,inf,125.828169,,125.828169,True,126,46,8,5,0.003149,True,24.550301220416397,,,,0.4,0.4,2,inf,179.888536,,179.888536
686,168,2,1338,1649.13,,826.5,0.15,1176,1333.65,,689.5,True,107,58,8,5,0.003366,True,30.47983593606501,,,,0.4,0.4,2,inf,125.828169,,125.828169,True,127,48,8,5,0.0031,True,24.715484031499905,,,,0.4,0.4,2,inf,192.133622,,192.133622
686,168,3,1338,1649.13,,826.5,0.15,1175,1368.64,,701.5,True,107,58,8,5,0.003366,True,30.47983593606501,,,,0.4,0.4,2,inf,125.828169,,125.828169,True,126,43,8,5,0.003092,True,26.13809327592604,,,,0.4,0.4,2,inf,144.622885,,144.622885
686,168,4,1338,1649.13,,826.5,0.15,1178,1354.26,,693.0,True,107,58,8,5,0.003366,True,30.47983593606501,,,,0.4,0.4,2,inf,125.828169,,125.828169,True,125,42,8,5,0.003205,True,24.879125442755612,,,,0.4,0.4,2,inf,143.173168,,143.173168
686,168,5,1338,1649.13,,826.5,0.15,1167,1412.14,,715.0,True,107,58,8,5,0.003366,True,30.47983593606501,,,,0.4,0.4,2,inf,125.828169,,125.828169,True,122,45,8,5,0.003126,True,26.106198827735053,,,,0.4,0.4,2,inf,118.25491,,118.25491
686,168,6,1338,1649.13,,826.5,0.15,1171,1374.34,,699.5,True,107,58,8,5,0.003366,True,30.47983593606501,,,,0.4,0.4,2,inf,125.828169,,125.828169,True,124,45,8,5,0.003465,True,25.376751334943513,,,,0.4,0.4,2,inf,115.536863,,115.536863
686,168,7,1338,1649.13,,826.5,0.15,1177,1395.1,,709.0,True,107,58,8,5,0.003366,True,30.47983593606501,,,,0.4,0.4,2,inf,125.828169,,125.828169,True,123,43,8,5,0.003241,True,26.484817486632814,,,,0.4,0.4,2,inf,171.721951,,171.721951
686,168,8,1338,1649.13,,826.5,0.15,1169,1400.77,,715.5,True,107,58,8,5,0.003366,True,30.47983593606501,,,,0.4,0.4,2,inf,125.828169,,125.828169,True,121,48,8,5,0.003131,True,26.401541191136555,,,,0.4,0.4,2,inf,108.66578,,108.66578
686,168,9,1338,1649.13,,826.5,0.15,1181,1386.37,,704.5,True,107,58,8,5,0.003366,True,30.47983593606501,,,,0.4,0.4,2,inf,125.828169,,125.828169,True,126,41,8,5,0.003468,True,25.852599357783323,,,,0.4,0.4,2,inf,133.113845,,133.113845
686,168,10,1338,1649.13,,826.5,0.15,1206,1357.18,,693.5,True,107,58,8,5,0.003366,True,30.47983593606501,,,,0.4,0.4,2,inf,125.828169,,125.828169,True,124,45,8,5,0.003163,True,25.11511472887962,,,,0.4,0.4,2,inf,124.472282,,124.472282
686,168,11,1338,1649.13,,826.5,0.15,1197,1352.79,,687.5,True,107,58,8,5,0.003366,True,30.47983593606501,,,,0.4,0.4,2,inf,125.828169,,125.828169,True,128,45,8,5,0.003222,True,25.085244187564815,,,,0.4,0.4,2,inf,147.64029,,147.64029
686,168,12,1338,1649.13,,826.5,0.15,1175,1363.17,,705.0,True,107,58,8,5,0.003366,True,30.47983593606501,,,,0.4,0.4,2,inf,125.828169,,125.828169,True,124,45,8,5,0.003115,True,25.399194641132397,,,,0.4,0.4,2,inf,155.298323,,155.298323
686,168,13,1338,1649.13,,826.5,0.15,1172,1364.24,,702.0,True,107,58,8,5,0.003366,True,30.47983593606501,,,,0.4,0.4,2,inf,125.828169,,125.828169,True,127,40,8,5,0.003182,True,25.621747747295547,,,,0.4,0.4,2,inf,148.615228,,148.615228
686,168,14,1338,1649.13,,826.5,0.15,1165,1335.71,,687.5,True,107,58,8,5,0.003366,True,30.47983593606501,,,,0.4,0.4,2,inf,125.828169,,125.828169,True,124,46,8,5,0.003145,True,25.63083525934168,,,,0.4,0.4,2,inf,136.171519,,136.171519
686,168,15,1338,1649.13,,826.5,0.15,1220,1387.01,,705.5,True,107,58,8,5,0.003366,True,30.47983593606501,,,,0.4,0.4,2,inf,125.828169,,125.828169,True,122,46,8,5,0.003119,True,25.5562635560997,,,,0.4,0.4,2,inf,128.80615,,128.80615
686,168,16,1338,1649.13,,826.5,0.15,1130,1382.86,,696.5,True,107,58,8,5,0.003366,True,30.47983593606501,,,,0.4,0.4,2,inf,125.828169,,125.828169,True,124,49,8,5,0.003326,True,25.89024348497386,,,,0.4,0.4,2,inf,117.42984,,117.42984
686,168,17,1338,1649.13,,826.5,0.15,1174,1347.84,,685.0,True,107,58,8,5,0.003366,True,30.47983593606501,,,,0.4,0.4,2,inf,125.828169,,125.828169,True,128,45,8,5,0.003382,True,24.713706797228845,,,,0.4,0.4,2,inf,140.159056,,140.159056
686,168,18,1338,1649.13,,826.5,0.15,1173,1382.93,,702.5,True,107,58,8,5,0.003366,True,30.47983593606501,,,,0.4,0.4,2,inf,125.828169,,125.828169,True,126,45,8,5,0.003173,True,25.018229319722554,,,,0.4,0.4,2,inf,143.671277,,143.671277
686,168,19,1338,1649.13,,826.5,0.15,1216,1375.89,,705.0,True,107,58,8,5,0.003366,True,30.47983593606501,,,,0.4,0.4,2,inf,125.828169,,125.828169,True,125,45,8,5,0.003589,True,25.422381295222742,,,,0.4,0.4,2,inf,246.103298,,246.103298
686,168,20,1338,1649.13,,826.5,0.15,1205,1361.93,,703.5,True,107,58,8,5,0.003366,True,30.47983593606501,,,,0.4,0.4,2,inf,125.828169,,125.828169,True,126,43,8,5,0.003355,True,25.156769326807694,,,,0.4,0.4,2,inf,138.944851,,138.944851
686,168,21,1338,1649.13,,826.5,0.15,1185,1386.51,,708.0,True,107,58,8,5,0.003366,True,30.47983593606501,,,,0.4,0.4,2,inf,125.828169,,125.828169,True,123,43,8,5,0.003282,True,26.389360164659543,,,,0.4,0.4,2,inf,149.399864,,149.399864
686,168,22,1338,1649.13,,826.5,0.15,1149,1347.78,,684.0,True,107,58,8,5,0.003366,True,30.47983593606501,,,,0.4,0.4,2,inf,125.828169,,125.828169,True,128,43,8,5,0.003156,True,24.530244627909443,,,,0.4,0.4,2,inf,120.954068,,120.954068
686,168,23,1338,1649.13,,826.5,0.15,1160,1361.93,,705.5,True,107,58,8,5,0.003366,True,30.47983593606501,,,,0.4,0.4,2,inf,125.828169,,125.828169,True,121,47,8,5,0.003139,True,26.250997547511908,,,,0.4,0.4,2,inf,190.227155,,190.227155
686,168,24,1338,1649.13,,826.5,0.15,1142,1376.28,,700.0,True,107,58,8,5,0.003366,True,30.47983593606501,,,,0.4,0.4,2,inf,125.828169,,125.828169,True,127,44,8,5,0.003121,True,25.761676342618514,,,,0.4,0.4,2,inf,140.08018,,140.08018
686,168,25,1338,1649.13,,826.5,0.15,1173,1341.86,,697.5,True,107,58,8,5,0.003366,True,30.47983593606501,,,,0.4,0.4,2,inf,125.828169,,125.828169,True,125,44,8,5,0.003523,True,24.932685760127804,,,,0.4,0.4,2,inf,163.463785,,163.463785
686,168,26,1338,1649.13,,826.5,0.15,1199,1394.67,,719.0,True,107,58,8,5,0.003366,True,30.47983593606501,,,,0.4,0.4,2,inf,125.828169,,125.828169,True,118,44,8,5,0.003408,True,26.354904147575326,,,,0.4,0.4,2,inf,128.185757,,128.185757
686,168,27,1338,1649.13,,826.5,0.15,1222,1381.58,,702.0,True,107,58,8,5,0.003366,True,30.47983593606501,,,,0.4,0.4,2,inf,125.828169,,125.828169,True,128,42,8,5,0.003074,True,25.663316677130627,,,,0.4,0.4,2,inf,142.067405,,142.067405
686,168,28,1338,1649.13,,826.5,0.15,1201,1374.48,,700.0,True,107,58,8,5,0.003366,True,30.47983593606501,,,,0.4,0.4,2,inf,125.828169,,125.828169,True,125,45,8,5,0.003235,True,24.80620775849289,,,,0.4,0.4,2,inf,129.097617,,129.097617
686,168,29,1338,1649.13,,826.5,0.15,1166,1367.79,,703.5,True,107,58,8,5,0.003366,True,30.47983593606501,,,,0.4,0.4,2,inf,125.828169,,125.828169,True,127,42,8,5,0.003431,True,25.657383328838435,,,,0.4,0.4,2,inf,130.470188,,130.470188
686,168,30,1338,1649.13,,826.5,0.15,1230,1383.56,,709.5,True,107,58,8,5,0.003366,True,30.47983593606501,,,,0.4,0.4,2,inf,125.828169,,125.828169,True,121,38,8,5,0.003266,True,25.19446917860535,,,,0.4,0.4,2,inf,117.280421,,117.280421
686,168,1,1338,1649.13,,826.5,0.25,1017,1171.75,,612.0,True,107,58,8,5,0.003366,True,30.47983593606501,,,,0.4,0.4,2,inf,125.828169,,125.828169,True,135,44,8,5,0.003043,True,21.731693458091687,,,,0.4,0.4,2,inf,144.07002,,144.07002
686,168,2,1338,1649.13,,826.5,0.25,1048,1169.67,,603.5,True,107,58,8,5,0.003366,True,30.47983593606501,,,,0.4,0.4,2,inf,125.828169,,125.828169,True,141,37,8,5,0.003043,True,21.748028591203962,,,,0.4,0.4,2,inf,165.511816,,165.511816
686,168,3,1338,1649.13,,826.5,0.25,1068,1179.35,,610.0,True,107,58,8,5,0.003366,True,30.47983593606501,,,,0.4,0.4,2,inf,125.828169,,125.828169,True,135,39,8,5,0.003129,True,22.07832727490573,,,,0.4,0.4,2,inf,153.014376,,153.014376
686,168,4,1338,1649.13,,826.5,0.25,1028,1174.66,,617.0,True,107,58,8,5,0.003366,True,30.47983593606501,,,,0.4,0.4,2,inf,125.828169,,125.828169,True,139,42,8,5,0.00313,True,21.882776319706,,,,0.4,0.4,2,inf,153.007499,,153.007499
686,168,5,1338,1649.13,,826.5,0.25,1038,1203.78,,623.5,True,107,58,8,5,0.003366,True,30.47983593606501,,,,0.4,0.4,2,inf,125.828169,,125.828169,True,137,38,8,5,0.003032,True,22.61412843132255,,,,0.4,0.4,2,inf,129.203835,,129.203835
686,168,6,1338,1649.13,,826.5,0.25,1063,1210.08,,625.5,True,107,58,8,5,0.003366,True,30.47983593606501,,,,0.4,0.4,2,inf,125.828169,,125.828169,True,136,39,8,5,0.003059,True,22.86914140486237,,,,0.4,0.4,2,inf,145.270898,,145.270898
686,168,7,1338,1649.13,,826.5,0.25,1085,1203.28,,626.5,True,107,58,8,5,0.003366,True,30.47983593606501,,,,0.4,0.4,2,inf,125.828169,,125.828169,True,134,41,8,5,0.003277,True,22.894235708505757,,,,0.4,0.4,2,inf,124.568365,,124.568365
686,168,8,1338,1649.13,,826.5,0.25,1043,1233.76,,638.0,True,107,58,8,5,0.003366,True,30.47983593606501,,,,0.4,0.4,2,inf,125.828169,,125.828169,True,137,41,8,5,0.003245,True,23.498352006346376,,,,0.4,0.4,2,inf,129.181049,,129.181049
686,168,9,1338,1649.13,,826.5,0.25,1031,1163.04,,615.0,True,107,58,8,5,0.003366,True,30.47983593606501,,,,0.4,0.4,2,inf,125.828169,,125.828169,True,136,37,8,5,0.003125,True,22.405847371614385,,,,0.4,0.4,2,inf,135.446988,,135.446988
686,168,10,1338,1649.13,,826.5,0.25,1007,1177.9,,609.0,True,107,58,8,5,0.003366,True,30.47983593606501,,,,0.4,0.4,2,inf,125.828169,,125.828169,True,142,40,8,5,0.003148,True,22.068968696038812,,,,0.4,0.4,2,inf,129.086192,,129.086192
686,168,11,1338,1649.13,,826.5,0.25,1042,1168.74,,604.5,True,107,58,8,5,0.003366,True,30.47983593606501,,,,0.4,0.4,2,inf,125.828169,,125.828169,True,138,38,8,5,0.003051,True,22.44562917937294,,,,0.4,0.4,2,inf,125.814146,,125.814146
686,168,12,1338,1649.13,,826.5,0.25,1029,1183.53,,620.5,True,107,58,8,5,0.003366,True,30.47983593606501,,,,0.4,0.4,2,inf,125.828169,,125.828169,True,135,35,8,5,0.003455,True,22.038264212701385,,,,0.4,0.4,2,inf,138.623047,,138.623047
686,168,13,1338,1649.13,,826.5,0.25,1007,1196.19,,622.0,True,107,58,8,5,0.003366,True,30.47983593606501,,,,0.4,0.4,2,inf,125.828169,,125.828169,True,135,38,8,5,0.003028,True,21.881968808830024,,,,0.4,0.4,2,inf,137.653915,,137.653915
686,168,14,1338,1649.13,,826.5,0.25,998,1153.73,,603.0,True,107,58,8,5,0.003366,True,30.47983593606501,,,,0.4,0.4,2,inf,125.828169,,125.828169,True,137,42,8,5,0.003073,True,22.394768894142004,,,,0.4,0.4,2,inf,150.326923,,150.326923
686,168,15,1338,1649.13,,826.5,0.25,1094,1226.51,,630.0,True,107,58,8,5,0.003366,True,30.47983593606501,,,,0.4,0.4,2,inf,125.828169,,125.828169,True,138,37,8,5,0.003168,True,22.06247678352705,,,,0.4,0.4,2,inf,180.257377,,180.257377
686,168,16,1338,1649.13,,826.5,0.25,1002,1171.09,,607.0,True,107,58,8,5,0.003366,True,30.47983593606501,,,,0.4,0.4,2,inf,125.828169,,125.828169,True,131,40,8,5,0.003375,True,22.599898659221754,,,,0.4,0.4,2,inf,113.32057,,113.32057
686,168,17,1338,1649.13,,826.5,0.25,1025,1155.25,,601.0,True,107,58,8,5,0.003366,True,30.47983593606501,,,,0.4,0.4,2,inf,125.828169,,125.828169,True,140,41,8,5,0.003213,True,21.861394543414438,,,,0.4,0.4,2,inf,142.158874,,142.158874
686,168,18,1338,1649.13,,826.5,0.25,1000,1197.55,,616.0,True,107,58,8,5,0.003366,True,30.47983593606501,,,,0.4,0.4,2,inf,125.828169,,125.828169,True,142,39,8,5,0.003165,True,21.226888921711794,,,,0.4,0.4,2,inf,127.790131,,127.790131
686,168,19,1338,1649.13,,826.5,0.25,1067,1195.53,,621.0,True,107,58,8,5,0.003366,True,30.47983593606501,,,,0.4,0.4,2,inf,125.828169,,125.828169,True,140,39,8,5,0.003325,True,22.26603161151834,,,,0.4,0.4,2,inf,153.481683,,153.481683
686,168,20,1338,1649.13,,826.5,0.25,1073,1204.92,,622.0,True,107,58,8,5,0.003366,True,30.47983593606501,,,,0.4,0.4,2,inf,125.828169,,125.828169,True,137,39,8,5,0.003021,True,22.145933162873703,,,,0.4,0.4,2,inf,174.615807,,174.615807
686,168,21,1338,1649.13,,826.5,0.25,1057,1193.35,,628.5,True,107,58,8,5,0.003366,True,30.47983593606501,,,,0.4,0.4,2,inf,125.828169,,125.828169,True,134,36,8,5,0.003291,True,23.366207100078654,,,,0.4,0.4,2,inf,125.675142,,125.675142
686,168,22,1338,1649.13,,826.5,0.25,1003,1180.82,,611.5,True,107,58,8,5,0.003366,True,30.47983593606501,,,,0.4,0.4,2,inf,125.828169,,125.828169,True,137,39,8,5,0.003036,True,21.91962389035734,,,,0.4,0.4,2,inf,152.741824,,152.741824
686,168,23,1338,1649.13,,826.5,0.25,1061,1195.05,,621.5,True,107,58,8,5,0.003366,True,30.47983593606501,,,,0.4,0.4,2,inf,125.828169,,125.828169,True,132,42,8,5,0.00299,True,22.908384243764605,,,,0.4,0.4,2,inf,171.618917,,171.618917
686,168,24,1338,1649.13,,826.5,0.25,1036,1188.78,,607.0,True,107,58,8,5,0.003366,True,30.47983593606501,,,,0.4,0.4,2,inf,125.828169,,125.828169,True,140,43,8,5,0.003119,True,22.470278733244495,,,,0.4,0.4,2,inf,133.787505,,133.787505
686,168,25,1338,1649.13,,826.5,0.25,1040,1175.75,,615.0,True,107,58,8,5,0.003366,True,30.47983593606501,,,,0.4,0.4,2,inf,125.828169,,125.828169,True,138,38,8,5,0.003097,True,21.944095089031617,,,,0.4,0.4,2,inf,121.221798,,121.221798
686,168,26,1338,1649.13,,826.5,0.25,1085,1226.62,,638.5,True,107,58,8,5,0.003366,True,30.47983593606501,,,,0.4,0.4,2,inf,125.828169,,125.828169,True,133,43,8,5,0.003483,True,22.76964648259178,,,,0.4,0.4,2,inf,135.243276,,135.243276
686,168,27,1338,1649.13,,826.5,0.25,1078,1203.28,,620.5,True,107,58,8,5,0.003366,True,30.47983593606501,,,,0.4,0.4,2,inf,125.828169,,125.828169,True,134,38,8,5,0.003024,True,22.334519983358803,,,,0.4,0.4,2,inf,127.564734,,127.564734
686,168,28,1338,1649.13,,826.5,0.25,1076,1194.83,,618.5,True,107,58,8,5,0.003366,True,30.47983593606501,,,,0.4,0.4,2,inf,125.828169,,125.828169,True,136,43,8,5,0.003139,True,21.220206533938807,,,,0.4,0.4,2,inf,125.156702,,125.156702
686,168,29,1338,1649.13,,826.5,0.25,1053,1175.49,,614.5,True,107,58,8,5,0.003366,True,30.47983593606501,,,,0.4,0.4,2,inf,125.828169,,125.828169,True,141,40,8,5,0.003006,True,21.289310263182863,,,,0.4,0.4,2,inf,145.694747,,145.694747
686,168,30,1338,1649.13,,826.5,0.25,1064,1174.84,,619.0,True,107,58,8,5,0.003366,True,30.47983593606501,,,,0.4,0.4,2,inf,125.828169,,125.828169,True,133,36,8,5,0.003604,True,22.08763485134166,,,,0.4,0.4,2,inf,130.962519,,130.962519
686,168,1,1338,1649.13,,826.5,0.4,823,903.22,,486.75,True,107,58,8,5,0.003366,True,30.47983593606501,,,,0.4,0.4,2,inf,125.828169,,125.828169,True,163,45,8,5,0.003051,True,16.967422387980925,,,,0.4,0.4,2,inf,125.883019,,125.883019
686,168,2,1338,1649.13,,826.5,0.4,831,897.61,,486.0,True,107,58,8,5,0.003366,True,30.47983593606501,,,,0.4,0.4,2,inf,125.828169,,125.828169,True,158,39,8,5,0.002975,True,17.438555425955716,,,,0.4,0.4,2,inf,143.659274,,143.659274
686,168,3,1338,1649.13,,826.5,0.4,836,938.71,,494.5,True,107,58,8,5,0.003366,True,30.47983593606501,,,,0.4,0.4,2,inf,125.828169,,125.828169,True,158,38,8,5,0.003186,True,17.260986737992614,,,,0.4,0.4,2,inf,119.750476,,119.750476
686,168,4,1338,1649.13,,826.5,0.4,842,916.04,,488.5,True,107,58,8,5,0.003366,True,30.47983593606501,,,,0.4,0.4,2,inf,125.828169,,125.828169,True,160,44,8,5,0.003083,True,17.28016489903837,,,,0.4,0.4,2,inf,129.257295,,129.257295
686,168,5,1338,1649.13,,826.5,0.4,829,932.75,,499.5,True,107,58,8,5,0.003366,True,30.47983593606501,,,,0.4,0.4,2,inf,125.828169,,125.828169,True,158,40,8,5,0.002948,True,17.947241024728342,,,,0.4,0.4,2,inf,133.201989,,133.201989
686,168,6,1338,1649.13,,826.5,0.4,858,939.02,,496.7500000000009,True,107,58,8,5,0.003366,True,30.47983593606501,,,,0.4,0.4,2,inf,125.828169,,125.828169,True,164,46,8,5,0.00318,True,17.0231307545915,,,,0.4,0.4,2,inf,142.124522,,142.124522
686,168,7,1338,1649.13,,826.5,0.4,847,936.05,,502.609375,True,107,58,8,5,0.003366,True,30.47983593606501,,,,0.4,0.4,2,inf,125.828169,,125.828169,True,157,43,8,5,0.002987,True,18.54278453183732,,,,0.4,0.4,2,inf,114.282819,,114.282819
686,168,8,1338,1649.13,,826.5,0.4,859,975.38,,517.5,True,107,58,8,5,0.003366,True,30.47983593606501,,,,0.4,0.4,2,inf,125.828169,,125.828169,True,160,43,8,5,0.003383,True,17.767062521650914,,,,0.4,0.4,2,inf,130.10146,,130.10146
686,168,9,1338,1649.13,,826.5,0.4,818,898.49,,485.6071428571431,True,107,58,8,5,0.003366,True,30.47983593606501,,,,0.4,0.4,2,inf,125.828169,,125.828169,True,159,42,8,5,0.002926,True,18.45996305902998,,,,0.4,0.4,2,inf,161.585689,,161.585689
686,168,10,1338,1649.13,,826.5,0.4,810,890.51,,473.83333333333303,True,107,58,8,5,0.003366,True,30.47983593606501,,,,0.4,0.4,2,inf,125.828169,,125.828169,True,160,37,8,5,0.002947,True,16.80754470142802,,,,0.4,0.4,2,inf,148.874,,148.874
686,168,11,1338,1649.13,,826.5,0.4,823,909.57,,488.0,True,107,58,8,5,0.003366,True,30.47983593606501,,,,0.4,0.4,2,inf,125.828169,,125.828169,True,157,38,8,5,0.003096,True,17.534026063801935,,,,0.4,0.4,2,inf,121.97273,,121.97273
686,168,12,1338,1649.13,,826.5,0.4,840,932.46,,497.5,True,107,58,8,5,0.003366,True,30.47983593606501,,,,0.4,0.4,2,inf,125.828169,,125.828169,True,154,36,8,5,0.002975,True,17.41404815090119,,,,0.4,0.4,2,inf,132.15163,,132.15163
686,168,13,1338,1649.13,,826.5,0.4,811,911.18,,488.0,True,107,58,8,5,0.003366,True,30.47983593606501,,,,0.4,0.4,2,inf,125.828169,,125.828169,True,161,41,8,5,0.003404,True,16.81573417244156,,,,0.4,0.4,2,inf,142.469277,,142.469277
686,168,14,1338,1649.13,,826.5,0.4,845,918.54,,494.5,True,107,58,8,5,0.003366,True,30.47983593606501,,,,0.4,0.4,2,inf,125.828169,,125.828169,True,157,46,8,5,0.003358,True,18.192395450391885,,,,0.4,0.4,2,inf,133.874455,,133.874455
686,168,15,1338,1649.13,,826.5,0.4,867,967.83,,517.75,True,107,58,8,5,0.003366,True,30.47983593606501,,,,0.4,0.4,2,inf,125.828169,,125.828169,True,157,42,8,5,0.002936,True,18.23084712084402,,,,0.4,0.4,2,inf,127.949457,,127.949457
686,168,16,1338,1649.13,,826.5,0.4,802,904.96,,481.5,True,107,58,8,5,0.003366,True,30.47983593606501,,,,0.4,0.4,2,inf,125.828169,,125.828169,True,159,46,8,5,0.002913,True,17.5919490062009,,,,0.4,0.4,2,inf,144.863808,,144.863808
686,168,17,1338,1649.13,,826.5,0.4,819,882.29,,472.5,True,107,58,8,5,0.003366,True,30.47983593606501,,,,0.4,0.4,2,inf,125.828169,,125.828169,True,162,42,8,5,0.002956,True,16.803841429064008,,,,0.4,0.4,2,inf,145.448377,,145.448377
686,168,18,1338,1649.13,,826.5,0.4,806,907.42,,483.0,True,107,58,8,5,0.003366,True,30.47983593606501,,,,0.4,0.4,2,inf,125.828169,,125.828169,True,165,41,8,5,0.00302,True,16.385800231945566,,,,0.4,0.4,2,inf,119.271847,,119.271847
686,168,19,1338,1649.13,,826.5,0.4,866,939.98,,500.83333333333485,True,107,58,8,5,0.003366,True,30.47983593606501,,,,0.4,0.4,2,inf,125.828169,,125.828169,True,156,41,8,5,0.003115,True,17.9937330298815,,,,0.4,0.4,2,inf,124.754504,,124.754504
686,168,20,1338,1649.13,,826.5,0.4,844,918.77,,489.0,True,107,58,8,5,0.003366,True,30.47983593606501,,,,0.4,0.4,2,inf,125.828169,,125.828169,True,157,37,8,5,0.0032,True,17.362820661186387,,,,0.4,0.4,2,inf,117.516923,,117.516923
686,168,21,1338,1649.13,,826.5,0.4,865,942.46,,502.5,True,107,58,8,5,0.003366,True,30.47983593606501,,,,0.4,0.4,2,inf,125.828169,,125.828169,True,160,45,8,5,0.003158,True,17.71857716813377,,,,0.4,0.4,2,inf,162.834216,,162.834216
686,168,22,1338,1649.13,,826.5,0.4,801,899.03,,484.75,True,107,58,8,5,0.003366,True,30.47983593606501,,,,0.4,0.4,2,inf,125.828169,,125.828169,True,164,44,8,5,0.003016,True,17.104717105383866,,,,0.4,0.4,2,inf,155.839315,,155.839315
686,168,23,1338,1649.13,,826.5,0.4,814,907.69,,487.5,True,107,58,8,5,0.003366,True,30.47983593606501,,,,0.4,0.4,2,inf,125.828169,,125.828169,True,161,46,8,5,0.003279,True,17.541053954045555,,,,0.4,0.4,2,inf,154.077335,,154.077335
686,168,24,1338,1649.13,,826.5,0.4,814,903.45,,475.25,True,107,58,8,5,0.003366,True,30.47983593606501,,,,0.4,0.4,2,inf,125.828169,,125.828169,True,157,43,8,5,0.00308,True,18.008729219752812,,,,0.4,0.4,2,inf,138.71816,,138.71816
686,168,25,1338,1649.13,,826.5,0.4,827,916.9,,494.25,True,107,58,8,5,0.003366,True,30.47983593606501,,,,0.4,0.4,2,inf,125.828169,,125.828169,True,162,43,8,5,0.002942,True,17.02519394034596,,,,0.4,0.4,2,inf,135.722878,,135.722878
686,168,26,1338,1649.13,,826.5,0.4,847,938.77,,506.0000000000009,True,107,58,8,5,0.003366,True,30.47983593606501,,,,0.4,0.4,2,inf,125.828169,,125.828169,True,160,48,8,5,0.002923,True,17.38961655291358,,,,0.4,0.4,2,inf,145.577884,,145.577884
686,168,27,1338,1649.13,,826.5,0.4,848,937.83,,500.66666666666697,True,107,58,8,5,0.003366,True,30.47983593606501,,,,0.4,0.4,2,inf,125.828169,,125.828169,True,157,42,8,5,0.003034,True,17.75551348130708,,,,0.4,0.4,2,inf,169.724958,,169.724958
686,168,28,1338,1649.13,,826.5,0.4,854,957.86,,509.10000000000036,True,107,58,8,5,0.003366,True,30.47983593606501,,,,0.4,0.4,2,inf,125.828169,,125.828169,True,161,40,8,5,0.003407,True,17.16178705152364,,,,0.4,0.4,2,inf,124.350212,,124.350212
686,168,29,1338,1649.13,,826.5,0.4,817,911.49,,483.66666666666697,True,107,58,8,5,0.003366,True,30.47983593606501,,,,0.4,0.4,2,inf,125.828169,,125.828169,True,160,43,8,5,0.003062,True,17.261097530650463,,,,0.4,0.4,2,inf,154.624548,,154.624548
686,168,30,1338,1649.13,,826.5,0.4,863,945.72,,505.5,True,107,58,8,5,0.003366,True,30.47983593606501,,,,0.4,0.4,2,inf,125.828169,,125.828169,True,162,45,8,5,0.003061,True,17.250176427365904,,,,0.4,0.4,2,inf,119.935175,,119.935175
698,61,1,109,148.42,97.0,94.0,0.05,119,150.47,94.0,91.0,True,61,29,8,5,0.000184,True,10.640256103359992,,,,0.4,0.4,2,inf,1.686229,,1.686229,True,61,29,8,5,0.000176,True,10.4510602524765,,,,0.4,0.4,2,inf,1.904605,,1.904605
698,61,2,109,148.42,97.0,94.0,0.05,116,154.91,94.0,92.5,True,61,29,8,5,0.000184,True,10.640256103359992,,,,0.4,0.4,2,inf,1.686229,,1.686229,True,61,28,8,5,0.000176,True,10.231487143265298,,,,0.4,0.4,2,inf,1.85527,,1.85527
698,61,3,109,148.42,97.0,94.0,0.05,113,151.96,94.0,92.5,True,61,29,8,5,0.000184,True,10.640256103359992,,,,0.4,0.4,2,inf,1.686229,,1.686229,True,61,28,8,5,0.000185,True,10.20788869920496,,,,0.4,0.4,2,inf,1.875414,,1.875414
698,61,4,109,148.42,97.0,94.0,0.05,109,149.37,94.0,91.5,True,61,29,8,5,0.000184,True,10.640256103359992,,,,0.4,0.4,2,inf,1.686229,,1.686229,True,61,29,8,5,0.000157,True,10.448581506493253,,,,0.4,0.4,2,inf,1.965009,,1.965009
698,61,5,109,148.42,97.0,94.0,0.05,103,140.53,94.0,84.5,True,61,29,8,5,0.000184,True,10.640256103359992,,,,0.4,0.4,2,inf,1.686229,,1.686229,True,61,26,8,5,0.00018,True,9.465689799492672,,,,0.4,0.4,2,inf,2.147551,,2.147551
698,61,6,109,148.42,97.0,94.0,0.05,102,145.58,94.0,90.0,True,61,29,8,5,0.000184,True,10.640256103359992,,,,0.4,0.4,2,inf,1.686229,,1.686229,True,61,27,8,5,0.000153,True,9.98511279279339,,,,0.4,0.4,2,inf,2.056201,,2.056201
698,61,7,109,148.42,97.0,94.0,0.05,117,152.3,94.0,91.0,True,61,29,8,5,0.000184,True,10.640256103359992,,,,0.4,0.4,2,inf,1.686229,,1.686229,True,61,28,8,5,0.000161,True,10.117559143212885,,,,0.4,0.4,2,inf,2.247315,,2.247315
698,61,8,109,148.42,97.0,94.0,0.05,102,143.69,94.0,88.0,True,61,29,8,5,0.000184,True,10.640256103359992,,,,0.4,0.4,2,inf,1.686229,,1.686229,True,61,26,8,5,0.000158,True,9.60821735759858,,,,0.4,0.4,2,inf,2.07023,,2.07023
698,61,9,109,148.42,97.0,94.0,0.05,97,138.58,94.0,85.5,True,61,29,8,5,0.000184,True,10.640256103359992,,,,0.4,0.4,2,inf,1.686229,,1.686229,True,61,27,8,5,0.000156,True,9.827066555130278,,,,0.4,0.4,2,inf,2.347727,,2.347727
698,61,10,109,148.42,97.0,94.0,0.05,102,144.83,94.0,86.5,True,61,29,8,5,0.000184,True,10.640256103359992,,,,0.4,0.4,2,inf,1.686229,,1.686229,True,61,28,8,5,0.000179,True,10.162919681993115,,,,0.4,0.4,2,inf,2.132927,,2.132927
698,61,11,109,148.42,97.0,94.0,0.05,110,146.22,94.0,89.0,True,61,29,8,5,0.000184,True,10.640256103359992,,,,0.4,0.4,2,inf,1.686229,,1.686229,True,61,24,8,5,0.000183,True,9.184449688419923,,,,0.4,0.4,2,inf,2.211567,,2.211567
698,61,12,109,148.42,97.0,94.0,0.05,103,143.68,94.0,88.0,True,61,29,8,5,0.000184,True,10.640256103359992,,,,0.4,0.4,2,inf,1.686229,,1.686229,True,61,27,8,5,0.000158,True,9.703144471290903,,,,0.4,0.4,2,inf,1.833347,,1.833347
698,61,13,109,148.42,97.0,94.0,0.05,92,138.69,94.0,85.5,True,61,29,8,5,0.000184,True,10.640256103359992,,,,0.4,0.4,2,inf,1.686229,,1.686229,True,61,25,8,5,0.000199,True,9.312465239121817,,,,0.4,0.4,2,inf,2.025596,,2.025596
698,61,14,109,148.42,97.0,94.0,0.05,109,148.89,94.0,90.5,True,61,29,8,5,0.000184,True,10.640256103359992,,,,0.4,0.4,2,inf,1.686229,,1.686229,True,61,26,8,5,0.000184,True,9.438612963102196,,,,0.4,0.4,2,inf,2.28275,,2.28275
698,61,15,109,148.42,97.0,94.0,0.05,104,147.54,94.0,88.5,True,61,29,8,5,0.000184,True,10.640256103359992,,,,0.4,0.4,2,inf,1.686229,,1.686229,True,61,27,8,5,0.000277,True,9.816443987261625,,,,0.4,0.4,2,inf,1.988277,,1.988277
698,61,16,109,148.42,97.0,94.0,0.05,109,150.78,94.0,90.5,True,61,29,8,5,0.000184,True,10.640256103359992,,,,0.4,0.4,2,inf,1.686229,,1.686229,True,61,29,8,5,0.000179,True,10.3239050589127,,,,0.4,0.4,2,inf,1.895944,,1.895944
698,61,17,109,148.42,97.0,94.0,0.05,102,141.55,94.0,84.0,True,61,29,8,5,0.000184,True,10.640256103359992,,,,0.4,0.4,2,inf,1.686229,,1.686229,True,61,27,8,5,0.000155,True,9.747038082243265,,,,0.4,0.4,2,inf,2.007442,,2.007442
698,61,18,109,148.42,97.0,94.0,0.05,104,143.88,94.0,90.5,True,61,29,8,5,0.000184,True,10.640256103359992,,,,0.4,0.4,2,inf,1.686229,,1.686229,True,61,28,8,5,0.000182,True,10.13255821037377,,,,0.4,0.4,2,inf,1.890188,,1.890188
698,61,19,109,148.42,97.0,94.0,0.05,104,142.41,94.0,87.0,True,61,29,8,5,0.000184,True,10.640256103359992,,,,0.4,0.4,2,inf,1.686229,,1.686229,True,61,25,8,5,0.00018,True,8.977473491147096,,,,0.4,0.4,2,inf,2.605735,,2.605735
698,61,20,109,148.42,97.0,94.0,0.05,105,143.21,94.0,87.5,True,61,29,8,5,0.000184,True,10.640256103359992,,,,0.4,0.4,2,inf,1.686229,,1.686229,True,61,27,8,5,0.00018,True,9.84342532596174,,,,0.4,0.4,2,inf,2.137673,,2.137673
698,61,21,109,148.42,97.0,94.0,0.05,106,142.37,94.0,85.0,True,61,29,8,5,0.000184,True,10.640256103359992,,,,0.4,0.4,2,inf,1.686229,,1.686229,True,61,28,8,5,0.000152,True,10.098282576566262,,,,0.4,0.4,2,inf,2.304242,,2.304242
698,61,22,109,148.42,97.0,94.0,0.05,111,143.83,94.0,88.0,True,61,29,8,5,0.000184,True,10.640256103359992,,,,0.4,0.4,2,inf,1.686229,,1.686229,True,61,27,8,5,0.000156,True,9.969357103233282,,,,0.4,0.4,2,inf,1.852992,,1.852992
698,61,23,109,148.42,97.0,94.0,0.05,106,151.2,94.0,91.0,True,61,29,8,5,0.000184,True,10.640256103359992,,,,0.4,0.4,2,inf,1.686229,,1.686229,True,61,27,8,5,0.000165,True,9.925156786151444,,,,0.4,0.4,2,inf,1.920208,,1.920208
698,61,24,109,148.42,97.0,94.0,0.05,108,143.4,94.0,90.0,True,61,29,8,5,0.000184,True,10.640256103359992,,,,0.4,0.4,2,inf,1.686229,,1.686229,True,61,29,8,5,0.000155,True,10.402315923074251,,,,0.4,0.4,2,inf,2.159261,,2.159261
698,61,25,109,148.42,97.0,94.0,0.05,114,145.75,94.0,89.0,True,61,29,8,5,0.000184,True,10.640256103359992,,,,0.4,0.4,2,inf,1.686229,,1.686229,True,61,27,8,5,0.000179,True,9.895754499019123,,,,0.4,0.4,2,inf,1.839533,,1.839533
698,61,26,109,148.42,97.0,94.0,0.05,104,151.02,94.0,90.5,True,61,29,8,5,0.000184,True,10.640256103359992,,,,0.4,0.4,2,inf,1.686229,,1.686229,True,61,26,8,5,0.000155,True,9.69835438748449,,,,0.4,0.4,2,inf,1.886033,,1.886033
698,61,27,109,148.42,97.0,94.0,0.05,105,146.41,94.0,90.0,True,61,29,8,5,0.000184,True,10.640256103359992,,,,0.4,0.4,2,inf,1.686229,,1.686229,True,61,27,8,5,0.000158,True,9.719526473333044,,,,0.4,0.4,2,inf,1.875234,,1.875234
698,61,28,109,148.42,97.0,94.0,0.05,114,150.81,94.0,91.5,True,61,29,8,5,0.000184,True,10.640256103359992,,,,0.4,0.4,2,inf,1.686229,,1.686229,True,61,28,8,5,0.00016,True,10.198761657838928,,,,0.4,0.4,2,inf,2.073016,,2.073016
698,61,29,109,148.42,97.0,94.0,0.05,105,145.94,94.0,91.0,True,61,29,8,5,0.000184,True,10.640256103359992,,,,0.4,0.4,2,inf,1.686229,,1.686229,True,61,29,8,5,0.000161,True,10.354526117156347,,,,0.4,0.4,2,inf,2.089928,,2.089928
698,61,30,109,148.42,97.0,94.0,0.05,116,145.13,94.0,88.5,True,61,29,8,5,0.000184,True,10.640256103359992,,,,0.4,0.4,2,inf,1.686229,,1.686229,True,61,28,8,5,0.000155,True,10.085545495404924,,,,0.4,0.4,2,inf,1.957756,,1.957756
698,61,1,109,148.42,97.0,94.0,0.15,107,145.83,82.0,84.5,True,61,29,8,5,0.000184,True,10.640256103359992,,,,0.4,0.4,2,inf,1.686229,,1.686229,True,61,28,8,5,0.000185,True,9.685674398950338,,,,0.4,0.4,2,inf,2.016223,,2.016223
698,61,2,109,148.42,97.0,94.0,0.15,116,143.66,82.0,84.5,True,61,29,8,5,0.000184,True,10.640256103359992,,,,0.4,0.4,2,inf,1.686229,,1.686229,True,61,25,8,5,0.000156,True,8.86522749488158,,,,0.4,0.4,2,inf,2.365263,,2.365263
698,61,3,109,148.42,97.0,94.0,0.15,103,146.23,82.0,83.0,True,61,29,8,5,0.000184,True,10.640256103359992,,,,0.4,0.4,2,inf,1.686229,,1.686229,True,61,25,8,5,0.000151,True,8.836067068081968,,,,0.4,0.4,2,inf,1.988867,,1.988867
698,61,4,109,148.42,97.0,94.0,0.15,113,142.98,82.0,82.5,True,61,29,8,5,0.000184,True,10.640256103359992,,,,0.4,0.4,2,inf,1.686229,,1.686229,True,61,27,8,5,0.000181,True,9.397771991595416,,,,0.4,0.4,2,inf,1.842666,,1.842666
698,61,5,109,148.42,97.0,94.0,0.15,99,132.85,82.0,78.0,True,61,29,8,5,0.000184,True,10.640256103359992,,,,0.4,0.4,2,inf,1.686229,,1.686229,True,61,23,8,5,0.000182,True,8.298855497728749,,,,0.4,0.4,2,inf,2.175957,,2.175957
698,61,6,109,148.42,97.0,94.0,0.15,109,144.17,82.0,84.5,True,61,29,8,5,0.000184,True,10.640256103359992,,,,0.4,0.4,2,inf,1.686229,,1.686229,True,61,26,8,5,0.000152,True,9.207717580318905,,,,0.4,0.4,2,inf,1.859823,,1.859823
698,61,7,109,148.42,97.0,94.0,0.15,112,144.24,82.0,82.0,True,61,29,8,5,0.000184,True,10.640256103359992,,,,0.4,0.4,2,inf,1.686229,,1.686229,True,61,24,8,5,0.000168,True,8.748832270144803,,,,0.4,0.4,2,inf,1.959654,,1.959654
698,61,8,109,148.42,97.0,94.0,0.15,96,132.06,82.0,71.5,True,61,29,8,5,0.000184,True,10.640256103359992,,,,0.4,0.4,2,inf,1.686229,,1.686229,True,61,23,8,5,0.000178,True,7.978068597590952,,,,0.4,0.4,2,inf,2.097508,,2.097508
698,61,9,109,148.42,97.0,94.0,0.15,104,134.16,82.0,77.5,True,61,29,8,5,0.000184,True,10.640256103359992,,,,0.4,0.4,2,inf,1.686229,,1.686229,True,61,22,8,5,0.000165,True,8.314356609993688,,,,0.4,0.4,2,inf,2.204095,,2.204095
698,61,10,109,148.42,97.0,94.0,0.15,115,139.64,82.0,78.0,True,61,29,8,5,0.000184,True,10.640256103359992,,,,0.4,0.4,2,inf,1.686229,,1.686229,True,61,26,8,5,0.000182,True,8.989071313459725,,,,0.4,0.4,2,inf,1.85041,,1.85041
698,61,11,109,148.42,97.0,94.0,0.15,98,130.26,82.0,74.0,True,61,29,8,5,0.000184,True,10.640256103359992,,,,0.4,0.4,2,inf,1.686229,,1.686229,True,61,22,8,5,0.000153,True,8.071360503799134,,,,0.4,0.4,2,inf,1.974399,,1.974399
698,61,12,109,148.42,97.0,94.0,0.15,105,137.35,82.0,78.5,True,61,29,8,5,0.000184,True,10.640256103359992,,,,0.4,0.4,2,inf,1.686229,,1.686229,True,61,24,8,5,0.000153,True,8.493780701541004,,,,0.4,0.4,2,inf,2.042348,,2.042348
698,61,13,109,148.42,97.0,94.0,0.15,87,132.35,82.0,72.5,True,61,29,8,5,0.000184,True,10.640256103359992,,,,0.4,0.4,2,inf,1.686229,,1.686229,True,61,19,8,5,0.000154,True,7.412025201280748,,,,0.4,0.4,2,inf,1.964825,,1.964825
698,61,14,109,148.42,97.0,94.0,0.15,105,138.93,82.0,80.0,True,61,29,8,5,0.000184,True,10.640256103359992,,,,0.4,0.4,2,inf,1.686229,,1.686229,True,61,23,8,5,0.000152,True,8.365973263320337,,,,0.4,0.4,2,inf,1.991155,,1.991155
698,61,15,109,148.42,97.0,94.0,0.15,92,133.27,82.0,74.5,True,61,29,8,5,0.000184,True,10.640256103359992,,,,0.4,0.4,2,inf,1.686229,,1.686229,True,61,22,8,5,0.000159,True,8.000668360257649,,,,0.4,0.4,2,inf,1.876629,,1.876629
698,61,16,109,148.42,97.0,94.0,0.15,111,135.7,82.0,76.0,True,61,29,8,5,0.000184,True,10.640256103359992,,,,0.4,0.4,2,inf,1.686229,,1.686229,True,61,24,8,5,0.000155,True,8.541793416373778,,,,0.4,0.4,2,inf,2.109005,,2.109005
698,61,17,109,148.42,97.0,94.0,0.15,105,135.69,82.0,76.5,True,61,29,8,5,0.000184,True,10.640256103359992,,,,0.4,0.4,2,inf,1.686229,,1.686229,True,61,26,8,5,0.000178,True,8.841876120270811,,,,0.4,0.4,2,inf,1.873736,,1.873736
698,61,18,109,148.42,97.0,94.0,0.15,102,138.61,82.0,79.25,True,61,29,8,5,0.000184,True,10.640256103359992,,,,0.4,0.4,2,inf,1.686229,,1.686229,True,61,24,8,5,0.00018,True,8.504735506342561,,,,0.4,0.4,2,inf,1.919404,,1.919404
698,61,19,109,148.42,97.0,94.0,0.15,107,132.89,82.0,73.5,True,61,29,8,5,0.000184,True,10.640256103359992,,,,0.4,0.4,2,inf,1.686229,,1.686229,True,61,24,8,5,0.000177,True,8.162961842535427,,,,0.4,0.4,2,inf,2.290966,,2.290966
698,61,20,109,148.42,97.0,94.0,0.15,99,133.2,82.0,78.5,True,61,29,8,5,0.000184,True,10.640256103359992,,,,0.4,0.4,2,inf,1.686229,,1.686229,True,61,25,8,5,0.000151,True,8.679141502937908,,,,0.4,0.4,2,inf,1.994809,,1.994809
698,61,21,109,148.42,97.0,94.0,0.15,98,132.59,82.0,75.0,True,61,29,8,5,0.000184,True,10.640256103359992,,,,0.4,0.4,2,inf,1.686229,,1.686229,True,61,25,8,5,0.000162,True,8.94036736575773,,,,0.4,0.4,2,inf,2.004103,,2.004103
698,61,22,109,148.42,97.0,94.0,0.15,108,136.13,82.0,77.0,True,61,29,8,5,0.000184,True,10.640256103359992,,,,0.4,0.4,2,inf,1.686229,,1.686229,True,61,24,8,5,0.000158,True,8.63433925268784,,,,0.4,0.4,2,inf,1.863381,,1.863381
698,61,23,109,148.42,97.0,94.0,0.15,109,143.84,82.0,85.5,True,61,29,8,5,0.000184,True,10.640256103359992,,,,0.4,0.4,2,inf,1.686229,,1.686229,True,61,24,8,5,0.000157,True,8.518806311487253,,,,0.4,0.4,2,inf,1.911984,,1.911984
698,61,24,109,148.42,97.0,94.0,0.15,117,145.19,82.0,85.5,True,61,29,8,5,0.000184,True,10.640256103359992,,,,0.4,0.4,2,inf,1.686229,,1.686229,True,61,26,8,5,0.000152,True,9.274364554838913,,,,0.4,0.4,2,inf,2.248776,,2.248776
698,61,25,109,148.42,97.0,94.0,0.15,94,133.53,82.0,76.5,True,61,29,8,5,0.000184,True,10.640256103359992,,,,0.4,0.4,2,inf,1.686229,,1.686229,True,61,25,8,5,0.000158,True,8.682250337048808,,,,0.4,0.4,2,inf,2.096925,,2.096925
698,61,26,109,148.42,97.0,94.0,0.15,107,140.12,82.0,77.5,True,61,29,8,5,0.000184,True,10.640256103359992,,,,0.4,0.4,2,inf,1.686229,,1.686229,True,61,24,8,5,0.000166,True,8.610703983822257,,,,0.4,0.4,2,inf,1.986487,,1.986487
698,61,27,109,148.42,97.0,94.0,0.15,114,146.11,82.0,86.5,True,61,29,8,5,0.000184,True,10.640256103359992,,,,0.4,0.4,2,inf,1.686229,,1.686229,True,61,26,8,5,0.00019,True,9.048899330112393,,,,0.4,0.4,2,inf,2.303828,,2.303828
698,61,28,109,148.42,97.0,94.0,0.15,114,139.61,82.0,81.0,True,61,29,8,5,0.000184,True,10.640256103359992,,,,0.4,0.4,2,inf,1.686229,,1.686229,True,61,24,8,5,0.000159,True,8.483234647584071,,,,0.4,0.4,2,inf,2.069816,,2.069816
698,61,29,109,148.42,97.0,94.0,0.15,101,139.57,82.0,80.5,True,61,29,8,5,0.000184,True,10.640256103359992,,,,0.4,0.4,2,inf,1.686229,,1.686229,True,61,27,8,5,0.000155,True,9.37342793991261,,,,0.4,0.4,2,inf,2.116897,,2.116897
698,61,30,109,148.42,97.0,94.0,0.15,108,135.75,82.0,78.0,True,61,29,8,5,0.000184,True,10.640256103359992,,,,0.4,0.4,2,inf,1.686229,,1.686229,True,61,22,8,5,0.000152,True,8.130832596445881,,,,0.4,0.4,2,inf,2.054094,,2.054094
698,61,1,109,148.42,97.0,94.0,0.25,101,132.58,72.0,74.0,True,61,29,8,5,0.000184,True,10.640256103359992,,,,0.4,0.4,2,inf,1.686229,,1.686229,True,61,26,8,5,0.000172,True,8.48733950736118,,,,0.4,0.4,2,inf,2.08456,,2.08456
698,61,2,109,148.42,97.0,94.0,0.25,102,129.8,72.0,73.5,True,61,29,8,5,0.000184,True,10.640256103359992,,,,0.4,0.4,2,inf,1.686229,,1.686229,True,61,24,8,5,0.00015,True,7.9961055181976315,,,,0.4,0.4,2,inf,2.229256,,2.229256
698,61,3,109,148.42,97.0,94.0,0.25,96,130.65,72.0,71.5,True,61,29,8,5,0.000184,True,10.640256103359992,,,,0.4,0.4,2,inf,1.686229,,1.686229,True,61,23,8,5,0.000156,True,7.668458882082068,,,,0.4,0.4,2,inf,1.964074,,1.964074
698,61,4,109,148.42,97.0,94.0,0.25,98,131.36,72.0,71.5,True,61,29,8,5,0.000184,True,10.640256103359992,,,,0.4,0.4,2,inf,1.686229,,1.686229,True,61,25,8,5,0.000155,True,8.223104240484394,,,,0.4,0.4,2,inf,1.809285,,1.809285
698,61,5,109,148.42,97.0,94.0,0.25,95,119.64,72.0,63.5,True,61,29,8,5,0.000184,True,10.640256103359992,,,,0.4,0.4,2,inf,1.686229,,1.686229,True,61,20,8,5,0.000184,True,6.98644592124137,,,,0.4,0.4,2,inf,1.919119,,1.919119
698,61,6,109,148.42,97.0,94.0,0.25,103,131.52,72.0,73.5,True,61,29,8,5,0.000184,True,10.640256103359992,,,,0.4,0.4,2,inf,1.686229,,1.686229,True,61,22,8,5,0.000156,True,7.421425240104449,,,,0.4,0.4,2,inf,1.856198,,1.856198
698,61,7,109,148.42,97.0,94.0,0.25,110,131.1,72.0,70.5,True,61,29,8,5,0.000184,True,10.640256103359992,,,,0.4,0.4,2,inf,1.686229,,1.686229,True,61,22,8,5,0.000182,True,7.611485983556396,,,,0.4,0.4,2,inf,1.860557,,1.860557
698,61,8,109,148.42,97.0,94.0,0.25,91,117.08,72.0,58.0,True,61,29,8,5,0.000184,True,10.640256103359992,,,,0.4,0.4,2,inf,1.686229,,1.686229,True,61,17,8,5,0.000152,True,5.814203057239649,,,,0.4,0.4,2,inf,1.9294,,1.9294
698,61,9,109,148.42,97.0,94.0,0.25,97,121.21,72.0,69.5,True,61,29,8,5,0.000184,True,10.640256103359992,,,,0.4,0.4,2,inf,1.686229,,1.686229,True,61,20,8,5,0.000181,True,7.27644787647054,,,,0.4,0.4,2,inf,2.044926,,2.044926
698,61,10,109,148.42,97.0,94.0,0.25,101,121.63,72.0,67.5,True,61,29,8,5,0.000184,True,10.640256103359992,,,,0.4,0.4,2,inf,1.686229,,1.686229,True,61,23,8,5,0.000182,True,7.985430380973584,,,,0.4,0.4,2,inf,2.14318,,2.14318
698,61,11,109,148.42,97.0,94.0,0.25,91,118.94,72.0,59.5,True,61,29,8,5,0.000184,True,10.640256103359992,,,,0.4,0.4,2,inf,1.686229,,1.686229,True,61,21,8,5,0.000178,True,7.196339221814956,,,,0.4,0.4,2,inf,1.92903,,1.92903
698,61,12,109,148.42,97.0,94.0,0.25,94,125.92,72.0,67.0,True,61,29,8,5,0.000184,True,10.640256103359992,,,,0.4,0.4,2,inf,1.686229,,1.686229,True,61,24,8,5,0.00015,True,7.751903018875736,,,,0.4,0.4,2,inf,1.910306,,1.910306
698,61,13,109,148.42,97.0,94.0,0.25,79,119.46,72.0,64.5,True,61,29,8,5,0.000184,True,10.640256103359992,,,,0.4,0.4,2,inf,1.686229,,1.686229,True,61,17,8,5,0.000154,True,6.700743279527327,,,,0.4,0.4,2,inf,1.976509,,1.976509
698,61,14,109,148.42,97.0,94.0,0.25,104,127.08,72.0,71.0,True,61,29,8,5,0.000184,True,10.640256103359992,,,,0.4,0.4,2,inf,1.686229,,1.686229,True,61,21,8,5,0.000152,True,7.486359787624397,,,,0.4,0.4,2,inf,2.01443,,2.01443
698,61,15,109,148.42,97.0,94.0,0.25,96,122.9,72.0,68.5,True,61,29,8,5,0.000184,True,10.640256103359992,,,,0.4,0.4,2,inf,1.686229,,1.686229,True,61,20,8,5,0.00016,True,7.151372244949698,,,,0.4,0.4,2,inf,2.259296,,2.259296
698,61,16,109,148.42,97.0,94.0,0.25,100,123.97,72.0,67.5,True,61,29,8,5,0.000184,True,10.640256103359992,,,,0.4,0.4,2,inf,1.686229,,1.686229,True,61,23,8,5,0.000151,True,7.708490888307784,,,,0.4,0.4,2,inf,1.810744,,1.810744
698,61,17,109,148.42,97.0,94.0,0.25,99,125.01,72.0,67.5,True,61,29,8,5,0.000184,True,10.640256103359992,,,,0.4,0.4,2,inf,1.686229,,1.686229,True,61,24,8,5,0.000182,True,7.915027747184195,,,,0.4,0.4,2,inf,1.735162,,1.735162
698,61,18,109,148.42,97.0,94.0,0.25,103,125.86,72.0,67.0,True,61,29,8,5,0.000184,True,10.640256103359992,,,,0.4,0.4,2,inf,1.686229,,1.686229,True,61,23,8,5,0.000153,True,7.726766907998662,,,,0.4,0.4,2,inf,1.987537,,1.987537
698,61,19,109,148.42,97.0,94.0,0.25,100,123.72,72.0,66.75,True,61,29,8,5,0.000184,True,10.640256103359992,,,,0.4,0.4,2,inf,1.686229,,1.686229,True,61,21,8,5,0.000162,True,7.027449639351714,,,,0.4,0.4,2,inf,2.204853,,2.204853
698,61,20,109,148.42,97.0,94.0,0.25,95,122.41,72.0,63.5,True,61,29,8,5,0.000184,True,10.640256103359992,,,,0.4,0.4,2,inf,1.686229,,1.686229,True,61,23,8,5,0.000179,True,7.651384338561323,,,,0.4,0.4,2,inf,2.21298,,2.21298
698,61,21,109,148.42,97.0,94.0,0.25,97,126.34,72.0,66.0,True,61,29,8,5,0.000184,True,10.640256103359992,,,,0.4,0.4,2,inf,1.686229,,1.686229,True,61,23,8,5,0.000154,True,7.989949261434856,,,,0.4,0.4,2,inf,2.018218,,2.018218
698,61,22,109,148.42,97.0,94.0,0.25,109,129.91,72.0,69.0,True,61,29,8,5,0.000184,True,10.640256103359992,,,,0.4,0.4,2,inf,1.686229,,1.686229,True,61,23,8,5,0.000152,True,7.960423043357136,,,,0.4,0.4,2,inf,2.173619,,2.173619
698,61,23,109,148.42,97.0,94.0,0.25,99,131.38,72.0,71.5,True,61,29,8,5,0.000184,True,10.640256103359992,,,,0.4,0.4,2,inf,1.686229,,1.686229,True,61,21,8,5,0.000154,True,7.091924051097731,,,,0.4,0.4,2,inf,1.950882,,1.950882
698,61,24,109,148.42,97.0,94.0,0.25,104,132.53,72.0,72.0,True,61,29,8,5,0.000184,True,10.640256103359992,,,,0.4,0.4,2,inf,1.686229,,1.686229,True,61,25,8,5,0.000179,True,8.340514920737796,,,,0.4,0.4,2,inf,2.056193,,2.056193
698,61,25,109,148.42,97.0,94.0,0.25,95,120.43,72.0,68.5,True,61,29,8,5,0.000184,True,10.640256103359992,,,,0.4,0.4,2,inf,1.686229,,1.686229,True,61,24,8,5,0.000188,True,7.8018662864746045,,,,0.4,0.4,2,inf,2.091615,,2.091615
698,61,26,109,148.42,97.0,94.0,0.25,94,124.51,72.0,64.0,True,61,29,8,5,0.000184,True,10.640256103359992,,,,0.4,0.4,2,inf,1.686229,,1.686229,True,61,18,8,5,0.000183,True,6.37707248679984,,,,0.4,0.4,2,inf,1.924391,,1.924391
698,61,27,109,148.42,97.0,94.0,0.25,110,138.3,72.0,76.5,True,61,29,8,5,0.000184,True,10.640256103359992,,,,0.4,0.4,2,inf,1.686229,,1.686229,True,61,25,8,5,0.000203,True,8.311900852426406,,,,0.4,0.4,2,inf,2.332408,,2.332408
698,61,28,109,148.42,97.0,94.0,0.25,105,128.01,72.0,78.0,True,61,29,8,5,0.000184,True,10.640256103359992,,,,0.4,0.4,2,inf,1.686229,,1.686229,True,61,24,8,5,0.000156,True,7.761556715666157,,,,0.4,0.4,2,inf,2.428407,,2.428407
698,61,29,109,148.42,97.0,94.0,0.25,93,131.07,72.0,72.83333333333303,True,61,29,8,5,0.000184,True,10.640256103359992,,,,0.4,0.4,2,inf,1.686229,,1.686229,True,61,24,8,5,0.000181,True,8.252254741528184,,,,0.4,0.4,2,inf,2.08696,,2.08696
698,61,30,109,148.42,97.0,94.0,0.25,98,119,72.0,68.0,True,61,29,8,5,0.000184,True,10.640256103359992,,,,0.4,0.4,2,inf,1.686229,,1.686229,True,61,19,8,5,0.000181,True,6.923270193055955,,,,0.4,0.4,2,inf,1.816211,,1.816211
698,61,1,109,148.42,97.0,94.0,0.4,87,106.85,53.0,56.0,True,61,29,8,5,0.000184,True,10.640256103359992,,,,0.4,0.4,2,inf,1.686229,,1.686229,True,61,23,8,5,0.000181,True,6.780167819182915,,,,0.4,0.4,2,inf,1.936947,,1.936947
698,61,2,109,148.42,97.0,94.0,0.4,90,104.98,53.0,60.0,True,61,29,8,5,0.000184,True,10.640256103359992,,,,0.4,0.4,2,inf,1.686229,,1.686229,True,61,22,8,5,0.000182,True,6.43707683763143,,,,0.4,0.4,2,inf,2.007676,,2.007676
698,61,3,109,148.42,97.0,94.0,0.4,86,102.58,53.0,48.5,True,61,29,8,5,0.000184,True,10.640256103359992,,,,0.4,0.4,2,inf,1.686229,,1.686229,True,61,17,8,5,0.000156,True,5.4437152861054185,,,,0.4,0.4,2,inf,1.905579,,1.905579
698,61,4,109,148.42,97.0,94.0,0.4,81,103.04,53.0,58.5,True,61,29,8,5,0.000184,True,10.640256103359992,,,,0.4,0.4,2,inf,1.686229,,1.686229,True,61,20,8,5,0.000179,True,5.9771743846219625,,,,0.4,0.4,2,inf,1.959567,,1.959567
698,61,5,109,148.42,97.0,94.0,0.4,88,102.59,53.0,52.5,True,61,29,8,5,0.000184,True,10.640256103359992,,,,0.4,0.4,2,inf,1.686229,,1.686229,True,61,16,8,5,0.000154,True,5.247598691338544,,,,0.4,0.4,2,inf,2.330976,,2.330976
698,61,6,109,148.42,97.0,94.0,0.4,89,106.13,53.0,55.0,True,61,29,8,5,0.000184,True,10.640256103359992,,,,0.4,0.4,2,inf,1.686229,,1.686229,True,61,20,8,5,0.000154,True,5.971115890780073,,,,0.4,0.4,2,inf,1.922534,,1.922534
698,61,7,109,148.42,97.0,94.0,0.4,96,110.96,53.0,57.0,True,61,29,8,5,0.000184,True,10.640256103359992,,,,0.4,0.4,2,inf,1.686229,,1.686229,True,61,19,8,5,0.000191,True,6.04357647862745,,,,0.4,0.4,2,inf,1.76309,,1.76309
698,61,8,109,148.42,97.0,94.0,0.4,75,94.67,53.0,41.5,True,61,29,8,5,0.000184,True,10.640256103359992,,,,0.4,0.4,2,inf,1.686229,,1.686229,True,61,16,8,5,0.000182,True,4.801490113299737,,,,0.4,0.4,2,inf,1.797782,,1.797782
698,61,9,109,148.42,97.0,94.0,0.4,77,101.99,53.0,57.5,True,61,29,8,5,0.000184,True,10.640256103359992,,,,0.4,0.4,2,inf,1.686229,,1.686229,True,61,17,8,5,0.000154,True,5.843773536319269,,,,0.4,0.4,2,inf,2.011574,,2.011574
698,61,10,109,148.42,97.0,94.0,0.4,83,95.94,53.0,49.5,True,61,29,8,5,0.000184,True,10.640256103359992,,,,0.4,0.4,2,inf,1.686229,,1.686229,True,61,15,8,5,0.000191,True,5.168499392560256,,,,0.4,0.4,2,inf,1.935605,,1.935605
698,61,11,109,148.42,97.0,94.0,0.4,69,97.46,53.0,44.5,True,61,29,8,5,0.000184,True,10.640256103359992,,,,0.4,0.4,2,inf,1.686229,,1.686229,True,61,16,8,5,0.000154,True,5.169860475353395,,,,0.4,0.4,2,inf,2.001473,,2.001473
698,61,12,109,148.42,97.0,94.0,0.4,90,104.4,53.0,51.5,True,61,29,8,5,0.000184,True,10.640256103359992,,,,0.4,0.4,2,inf,1.686229,,1.686229,True,61,18,8,5,0.000158,True,5.68187816843034,,,,0.4,0.4,2,inf,1.884031,,1.884031
698,61,13,109,148.42,97.0,94.0,0.4,83,102.36,53.0,52.0,True,61,29,8,5,0.000184,True,10.640256103359992,,,,0.4,0.4,2,inf,1.686229,,1.686229,True,61,15,8,5,0.000159,True,5.002274966616637,,,,0.4,0.4,2,inf,2.124821,,2.124821
698,61,14,109,148.42,97.0,94.0,0.4,87,101.48,53.0,54.0,True,61,29,8,5,0.000184,True,10.640256103359992,,,,0.4,0.4,2,inf,1.686229,,1.686229,True,61,17,8,5,0.000162,True,5.370477430771454,,,,0.4,0.4,2,inf,2.095925,,2.095925
698,61,15,109,148.42,97.0,94.0,0.4,90,107.17,53.0,54.0,True,61,29,8,5,0.000184,True,10.640256103359992,,,,0.4,0.4,2,inf,1.686229,,1.686229,True,61,18,8,5,0.000159,True,5.992725480830615,,,,0.4,0.4,2,inf,1.810223,,1.810223
698,61,16,109,148.42,97.0,94.0,0.4,81,99.73,53.0,49.5,True,61,29,8,5,0.000184,True,10.640256103359992,,,,0.4,0.4,2,inf,1.686229,,1.686229,True,61,16,8,5,0.000172,True,5.374033572458368,,,,0.4,0.4,2,inf,2.074004,,2.074004
698,61,17,109,148.42,97.0,94.0,0.4,79,101.06,53.0,52.5,True,61,29,8,5,0.000184,True,10.640256103359992,,,,0.4,0.4,2,inf,1.686229,,1.686229,True,61,20,8,5,0.000164,True,5.938642363772693,,,,0.4,0.4,2,inf,2.084376,,2.084376
698,61,18,109,148.42,97.0,94.0,0.4,91,108.66,53.0,55.5,True,61,29,8,5,0.000184,True,10.640256103359992,,,,0.4,0.4,2,inf,1.686229,,1.686229,True,61,19,8,5,0.000222,True,5.907008815114702,,,,0.4,0.4,2,inf,2.238748,,2.238748
698,61,19,109,148.42,97.0,94.0,0.4,87,105.89,53.0,54.5,True,61,29,8,5,0.000184,True,10.640256103359992,,,,0.4,0.4,2,inf,1.686229,,1.686229,True,61,16,8,5,0.000164,True,5.607900830622784,,,,0.4,0.4,2,inf,1.872962,,1.872962
698,61,20,109,148.42,97.0,94.0,0.4,80,96.81,53.0,44.5,True,61,29,8,5,0.000184,True,10.640256103359992,,,,0.4,0.4,2,inf,1.686229,,1.686229,True,61,18,8,5,0.000161,True,5.568596508654373,,,,0.4,0.4,2,inf,2.17401,,2.17401
698,61,21,109,148.42,97.0,94.0,0.4,85,105.35,53.0,51.0,True,61,29,8,5,0.000184,True,10.640256103359992,,,,0.4,0.4,2,inf,1.686229,,1.686229,True,61,19,8,5,0.000181,True,6.103489114342267,,,,0.4,0.4,2,inf,1.866954,,1.866954
698,61,22,109,148.42,97.0,94.0,0.4,91,108.9,53.0,57.5,True,61,29,8,5,0.000184,True,10.640256103359992,,,,0.4,0.4,2,inf,1.686229,,1.686229,True,61,19,8,5,0.000179,True,6.262629085063858,,,,0.4,0.4,2,inf,1.85587,,1.85587
698,61,23,109,148.42,97.0,94.0,0.4,79,100.1,53.0,52.0,True,61,29,8,5,0.000184,True,10.640256103359992,,,,0.4,0.4,2,inf,1.686229,,1.686229,True,61,15,8,5,0.000186,True,5.154757508023469,,,,0.4,0.4,2,inf,2.011789,,2.011789
698,61,24,109,148.42,97.0,94.0,0.4,96,112.15,53.0,60.0,True,61,29,8,5,0.000184,True,10.640256103359992,,,,0.4,0.4,2,inf,1.686229,,1.686229,True,61,20,8,5,0.000183,True,6.201274077904389,,,,0.4,0.4,2,inf,1.912941,,1.912941
698,61,25,109,148.42,97.0,94.0,0.4,89,102.93,53.0,54.5,True,61,29,8,5,0.000184,True,10.640256103359992,,,,0.4,0.4,2,inf,1.686229,,1.686229,True,61,20,8,5,0.000183,True,6.009981494130447,,,,0.4,0.4,2,inf,2.046287,,2.046287
698,61,26,109,148.42,97.0,94.0,0.4,77,100.29,53.0,47.0,True,61,29,8,5,0.000184,True,10.640256103359992,,,,0.4,0.4,2,inf,1.686229,,1.686229,True,61,14,8,5,0.000157,True,4.475722706349813,,,,0.4,0.4,2,inf,1.959859,,1.959859
698,61,27,109,148.42,97.0,94.0,0.4,94,111.51,53.0,60.25,True,61,29,8,5,0.000184,True,10.640256103359992,,,,0.4,0.4,2,inf,1.686229,,1.686229,True,61,18,8,5,0.000184,True,5.740779632184786,,,,0.4,0.4,2,inf,2.210743,,2.210743
698,61,28,109,148.42,97.0,94.0,0.4,87,102.63,53.0,57.625000000000114,True,61,29,8,5,0.000184,True,10.640256103359992,,,,0.4,0.4,2,inf,1.686229,,1.686229,True,61,18,8,5,0.000156,True,5.764738737120754,,,,0.4,0.4,2,inf,1.890856,,1.890856
698,61,29,109,148.42,97.0,94.0,0.4,81,108.23,53.0,55.0,True,61,29,8,5,0.000184,True,10.640256103359992,,,,0.4,0.4,2,inf,1.686229,,1.686229,True,61,22,8,5,0.000162,True,6.790712354695049,,,,0.4,0.4,2,inf,1.75173,,1.75173
698,61,30,109,148.42,97.0,94.0,0.4,82,94.63,53.0,46.5,True,61,29,8,5,0.000184,True,10.640256103359992,,,,0.4,0.4,2,inf,1.686229,,1.686229,True,61,14,8,5,0.000159,True,4.539519102779457,,,,0.4,0.4,2,inf,2.345132,,2.345132
1684,786,1,12574,14232.68,,,0.05,,,,,True,382,239,8,5,0.291831,,,,,,,,,,,,,True,401,218,8,5,0.293931,,,,,,,,,,,,
1684,786,2,12574,14232.68,,,0.05,,,,,True,382,239,8,5,0.291831,,,,,,,,,,,,,True,396,214,8,5,0.294427,,,,,,,,,,,,
1684,786,3,12574,14232.68,,,0.05,,,,,True,382,239,8,5,0.291831,,,,,,,,,,,,,True,395,220,8,5,0.290816,,,,,,,,,,,,
1684,786,4,12574,14232.68,,,0.05,,,,,True,382,239,8,5,0.291831,,,,,,,,,,,,,True,397,218,8,5,0.290455,,,,,,,,,,,,
1684,786,5,12574,14232.68,,,0.05,,,,,True,382,239,8,5,0.291831,,,,,,,,,,,,,True,395,218,8,5,0.293723,,,,,,,,,,,,
1684,786,6,12574,14232.68,,,0.05,,,,,True,382,239,8,5,0.291831,,,,,,,,,,,,,True,395,225,8,5,0.295374,,,,,,,,,,,,
1684,786,7,12574,14232.68,,,0.05,,,,,True,382,239,8,5,0.291831,,,,,,,,,,,,,True,397,219,8,5,0.290717,,,,,,,,,,,,
1684,786,8,12574,14232.68,,,0.05,,,,,True,382,239,8,5,0.291831,,,,,,,,,,,,,True,398,218,8,5,0.290031,,,,,,,,,,,,
1684,786,9,12574,14232.68,,,0.05,,,,,True,382,239,8,5,0.291831,,,,,,,,,,,,,True,393,223,8,5,0.290034,,,,,,,,,,,,
1684,786,10,12574,14232.68,,,0.05,,,,,True,382,239,8,5,0.291831,,,,,,,,,,,,,True,395,220,8,5,0.287456,,,,,,,,,,,,
1684,786,11,12574,14232.68,,,0.05,,,,,True,382,239,8,5,0.291831,,,,,,,,,,,,,True,405,218,8,5,0.289403,,,,,,,,,,,,
1684,786,12,12574,14232.68,,,0.05,,,,,True,382,239,8,5,0.291831,,,,,,,,,,,,,True,399,217,8,5,0.291189,,,,,,,,,,,,
1684,786,13,12574,14232.68,,,0.05,,,,,True,382,239,8,5,0.291831,,,,,,,,,,,,,True,395,215,8,5,0.29321,,,,,,,,,,,,
1684,786,14,12574,14232.68,,,0.05,,,,,True,382,239,8,5,0.291831,,,,,,,,,,,,,True,401,209,8,5,0.292327,,,,,,,,,,,,
1684,786,15,12574,14232.68,,,0.05,,,,,True,382,239,8,5,0.291831,,,,,,,,,,,,,True,392,224,8,5,0.292542,,,,,,,,,,,,
1684,786,16,12574,14232.68,,,0.05,,,,,True,382,239,8,5,0.291831,,,,,,,,,,,,,True,395,219,8,5,0.293853,,,,,,,,,,,,
1684,786,17,12574,14232.68,,,0.05,,,,,True,382,239,8,5,0.291831,,,,,,,,,,,,,True,397,218,8,5,0.293519,,,,,,,,,,,,
1684,786,18,12574,14232.68,,,0.05,,,,,True,382,239,8,5,0.291831,,,,,,,,,,,,,True,396,220,8,5,0.292223,,,,,,,,,,,,
1684,786,19,12574,14232.68,,,0.05,,,,,True,382,239,8,5,0.291831,,,,,,,,,,,,,True,397,215,8,5,0.292928,,,,,,,,,,,,
1684,786,20,12574,14232.68,,,0.05,,,,,True,382,239,8,5,0.291831,,,,,,,,,,,,,True,393,218,8,5,0.403453,,,,,,,,,,,,
1684,786,21,12574,14232.68,,,0.05,,,,,True,382,239,8,5,0.291831,,,,,,,,,,,,,True,398,218,8,5,0.293151,,,,,,,,,,,,
1684,786,22,12574,14232.68,,,0.05,,,,,True,382,239,8,5,0.291831,,,,,,,,,,,,,True,393,219,8,5,0.29239,,,,,,,,,,,,
1684,786,23,12574,14232.68,,,0.05,,,,,True,382,239,8,5,0.291831,,,,,,,,,,,,,True,400,217,8,5,0.291986,,,,,,,,,,,,
1684,786,24,12574,14232.68,,,0.05,,,,,True,382,239,8,5,0.291831,,,,,,,,,,,,,True,397,224,8,5,0.315231,,,,,,,,,,,,
1684,786,25,12574,14232.68,,,0.05,,,,,True,382,239,8,5,0.291831,,,,,,,,,,,,,True,402,212,8,5,0.299681,,,,,,,,,,,,
1684,786,26,12574,14232.68,,,0.05,,,,,True,382,239,8,5,0.291831,,,,,,,,,,,,,True,402,217,8,5,0.29872,,,,,,,,,,,,
1684,786,27,12574,14232.68,,,0.05,,,,,True,382,239,8,5,0.291831,,,,,,,,,,,,,True,395,222,8,5,0.322599,,,,,,,,,,,,
1684,786,28,12574,14232.68,,,0.05,,,,,True,382,239,8,5,0.291831,,,,,,,,,,,,,True,397,223,8,5,0.30087,,,,,,,,,,,,
1684,786,29,12574,14232.68,,,0.05,,,,,True,382,239,8,5,0.291831,,,,,,,,,,,,,True,401,210,8,5,0.292946,,,,,,,,,,,,
1684,786,30,12574,14232.68,,,0.05,,,,,True,382,239,8,5,0.291831,,,,,,,,,,,,,True,396,217,8,5,0.292791,,,,,,,,,,,,
1684,786,1,12574,14232.68,,,0.15,,,,,True,382,239,8,5,0.291831,,,,,,,,,,,,,True,434,178,8,5,0.289855,,,,,,,,,,,,
1684,786,2,12574,14232.68,,,0.15,,,,,True,382,239,8,5,0.291831,,,,,,,,,,,,,True,437,175,8,5,0.291171,,,,,,,,,,,,
1684,786,3,12574,14232.68,,,0.15,,,,,True,382,239,8,5,0.291831,,,,,,,,,,,,,True,430,180,8,5,0.289932,,,,,,,,,,,,
1684,786,4,12574,14232.68,,,0.15,,,,,True,382,239,8,5,0.291831,,,,,,,,,,,,,True,444,172,8,5,0.321889,,,,,,,,,,,,
1684,786,5,12574,14232.68,,,0.15,,,,,True,382,239,8,5,0.291831,,,,,,,,,,,,,True,441,174,8,5,0.289917,,,,,,,,,,,,
1684,786,6,12574,14232.68,,,0.15,,,,,True,382,239,8,5,0.291831,,,,,,,,,,,,,True,435,178,8,5,0.289577,,,,,,,,,,,,
1684,786,7,12574,14232.68,,,0.15,,,,,True,382,239,8,5,0.291831,,,,,,,,,,,,,True,432,181,8,5,0.300877,,,,,,,,,,,,
1684,786,8,12574,14232.68,,,0.15,,,,,True,382,239,8,5,0.291831,,,,,,,,,,,,,True,440,172,8,5,0.291768,,,,,,,,,,,,
1684,786,9,12574,14232.68,,,0.15,,,,,True,382,239,8,5,0.291831,,,,,,,,,,,,,True,439,180,8,5,0.291173,,,,,,,,,,,,
1684,786,10,12574,14232.68,,,0.15,,,,,True,382,239,8,5,0.291831,,,,,,,,,,,,,True,443,166,8,5,0.300274,,,,,,,,,,,,
1684,786,11,12574,14232.68,,,0.15,,,,,True,382,239,8,5,0.291831,,,,,,,,,,,,,True,440,174,8,5,0.292049,,,,,,,,,,,,
1684,786,12,12574,14232.68,,,0.15,,,,,True,382,239,8,5,0.291831,,,,,,,,,,,,,True,439,171,8,5,0.34937,,,,,,,,,,,,
1684,786,13,12574,14232.68,,,0.15,,,,,True,382,239,8,5,0.291831,,,,,,,,,,,,,True,444,168,8,5,0.290252,,,,,,,,,,,,
1684,786,14,12574,14232.68,,,0.15,,,,,True,382,239,8,5,0.291831,,,,,,,,,,,,,True,444,167,8,5,0.291432,,,,,,,,,,,,
1684,786,15,12574,14232.68,,,0.15,,,,,True,382,239,8,5,0.291831,,,,,,,,,,,,,True,438,178,8,5,0.291533,,,,,,,,,,,,
1684,786,16,12574,14232.68,,,0.15,,,,,True,382,239,8,5,0.291831,,,,,,,,,,,,,True,433,174,8,5,0.292863,,,,,,,,,,,,
1684,786,17,12574,14232.68,,,0.15,,,,,True,382,239,8,5,0.291831,,,,,,,,,,,,,True,438,184,8,5,0.325569,,,,,,,,,,,,
1684,786,18,12574,14232.68,,,0.15,,,,,True,382,239,8,5,0.291831,,,,,,,,,,,,,True,439,179,8,5,0.29209,,,,,,,,,,,,
1684,786,19,12574,14232.68,,,0.15,,,,,True,382,239,8,5,0.291831,,,,,,,,,,,,,True,443,165,8,5,0.304033,,,,,,,,,,,,
1684,786,20,12574,14232.68,,,0.15,,,,,True,382,239,8,5,0.291831,,,,,,,,,,,,,True,439,174,8,5,0.383305,,,,,,,,,,,,
1684,786,21,12574,14232.68,,,0.15,,,,,True,382,239,8,5,0.291831,,,,,,,,,,,,,True,442,171,8,5,0.301604,,,,,,,,,,,,
1684,786,22,12574,14232.68,,,0.15,,,,,True,382,239,8,5,0.291831,,,,,,,,,,,,,True,437,172,8,5,0.288396,,,,,,,,,,,,
1684,786,23,12574,14232.68,,,0.15,,,,,True,382,239,8,5,0.291831,,,,,,,,,,,,,True,434,180,8,5,0.304728,,,,,,,,,,,,
1684,786,24,12574,14232.68,,,0.15,,,,,True,382,239,8,5,0.291831,,,,,,,,,,,,,True,434,183,8,5,0.298234,,,,,,,,,,,,
1684,786,25,12574,14232.68,,,0.15,,,,,True,382,239,8,5,0.291831,,,,,,,,,,,,,True,432,176,8,5,0.302725,,,,,,,,,,,,
1684,786,26,12574,14232.68,,,0.15,,,,,True,382,239,8,5,0.291831,,,,,,,,,,,,,True,429,182,8,5,0.293075,,,,,,,,,,,,
1684,786,27,12574,14232.68,,,0.15,,,,,True,382,239,8,5,0.291831,,,,,,,,,,,,,True,440,176,8,5,0.298695,,,,,,,,,,,,
1684,786,28,12574,14232.68,,,0.15,,,,,True,382,239,8,5,0.291831,,,,,,,,,,,,,True,437,175,8,5,0.400363,,,,,,,,,,,,
1684,786,29,12574,14232.68,,,0.15,,,,,True,382,239,8,5,0.291831,,,,,,,,,,,,,True,436,179,8,5,0.294316,,,,,,,,,,,,
1684,786,30,12574,14232.68,,,0.15,,,,,True,382,239,8,5,0.291831,,,,,,,,,,,,,True,437,188,8,5,0.303809,,,,,,,,,,,,
1684,786,1,12574,14232.68,,,0.25,,,,,True,382,239,8,5,0.291831,,,,,,,,,,,,,True,479,143,8,5,0.290173,,,,,,,,,,,,
1684,786,2,12574,14232.68,,,0.25,,,,,True,382,239,8,5,0.291831,,,,,,,,,,,,,True,486,139,8,5,0.292008,,,,,,,,,,,,
1684,786,3,12574,14232.68,,,0.25,,,,,True,382,239,8,5,0.291831,,,,,,,,,,,,,True,483,142,8,5,0.295314,,,,,,,,,,,,
1684,786,4,12574,14232.68,,,0.25,,,,,True,382,239,8,5,0.291831,,,,,,,,,,,,,True,488,135,8,5,0.377481,,,,,,,,,,,,
1684,786,5,12574,14232.68,,,0.25,,,,,True,382,239,8,5,0.291831,,,,,,,,,,,,,True,481,141,8,5,0.29452,,,,,,,,,,,,
1684,786,6,12574,14232.68,,,0.25,,,,,True,382,239,8,5,0.291831,,,,,,,,,,,,,True,485,142,8,5,0.290128,,,,,,,,,,,,
1684,786,7,12574,14232.68,,,0.25,,,,,True,382,239,8,5,0.291831,,,,,,,,,,,,,True,487,144,8,5,0.301936,,,,,,,,,,,,
1684,786,8,12574,14232.68,,,0.25,,,,,True,382,239,8,5,0.291831,,,,,,,,,,,,,True,485,148,8,5,0.315778,,,,,,,,,,,,
1684,786,9,12574,14232.68,,,0.25,,,,,True,382,239,8,5,0.291831,,,,,,,,,,,,,True,492,147,8,5,0.316768,,,,,,,,,,,,
1684,786,10,12574,14232.68,,,0.25,,,,,True,382,239,8,5,0.291831,,,,,,,,,,,,,True,498,138,8,5,0.292824,,,,,,,,,,,,
1684,786,11,12574,14232.68,,,0.25,,,,,True,382,239,8,5,0.291831,,,,,,,,,,,,,True,490,138,8,5,0.286642,,,,,,,,,,,,
1684,786,12,12574,14232.68,,,0.25,,,,,True,382,239,8,5,0.291831,,,,,,,,,,,,,True,488,134,8,5,0.285592,,,,,,,,,,,,
1684,786,13,12574,14232.68,,,0.25,,,,,True,382,239,8,5,0.291831,,,,,,,,,,,,,True,486,137,8,5,0.384306,,,,,,,,,,,,
1684,786,14,12574,14232.68,,,0.25,,,,,True,382,239,8,5,0.291831,,,,,,,,,,,,,True,496,133,8,5,0.324345,,,,,,,,,,,,
1684,786,15,12574,14232.68,,,0.25,,,,,True,382,239,8,5,0.291831,,,,,,,,,,,,,True,483,147,8,5,0.287999,,,,,,,,,,,,
1684,786,16,12574,14232.68,,,0.25,,,,,True,382,239,8,5,0.291831,,,,,,,,,,,,,True,486,142,8,5,0.29043,,,,,,,,,,,,
1684,786,17,12574,14232.68,,,0.25,,,,,True,382,239,8,5,0.291831,,,,,,,,,,,,,True,495,151,8,5,0.284817,,,,,,,,,,,,
1684,786,18,12574,14232.68,,,0.25,,,,,True,382,239,8,5,0.291831,,,,,,,,,,,,,True,494,136,8,5,0.287672,,,,,,,,,,,,
1684,786,19,12574,14232.68,,,0.25,,,,,True,382,239,8,5,0.291831,,,,,,,,,,,,,True,489,135,8,5,0.290476,,,,,,,,,,,,
1684,786,20,12574,14232.68,,,0.25,,,,,True,382,239,8,5,0.291831,,,,,,,,,,,,,True,487,137,8,5,0.298956,,,,,,,,,,,,
1684,786,21,12574,14232.68,,,0.25,,,,,True,382,239,8,5,0.291831,,,,,,,,,,,,,True,476,141,8,5,0.369715,,,,,,,,,,,,
1684,786,22,12574,14232.68,,,0.25,,,,,True,382,239,8,5,0.291831,,,,,,,,,,,,,True,488,143,8,5,0.290463,,,,,,,,,,,,
1684,786,23,12574,14232.68,,,0.25,,,,,True,382,239,8,5,0.291831,,,,,,,,,,,,,True,490,142,8,5,0.334443,,,,,,,,,,,,
1684,786,24,12574,14232.68,,,0.25,,,,,True,382,239,8,5,0.291831,,,,,,,,,,,,,True,482,148,8,5,0.301081,,,,,,,,,,,,
1684,786,25,12574,14232.68,,,0.25,,,,,True,382,239,8,5,0.291831,,,,,,,,,,,,,True,482,142,8,5,0.29465,,,,,,,,,,,,
1684,786,26,12574,14232.68,,,0.25,,,,,True,382,239,8,5,0.291831,,,,,,,,,,,,,True,480,142,8,5,0.289354,,,,,,,,,,,,
1684,786,27,12574,14232.68,,,0.25,,,,,True,382,239,8,5,0.291831,,,,,,,,,,,,,True,494,135,8,5,0.287909,,,,,,,,,,,,
1684,786,28,12574,14232.68,,,0.25,,,,,True,382,239,8,5,0.291831,,,,,,,,,,,,,True,480,147,8,5,0.29257,,,,,,,,,,,,
1684,786,29,12574,14232.68,,,0.25,,,,,True,382,239,8,5,0.291831,,,,,,,,,,,,,True,485,137,8,5,0.293109,,,,,,,,,,,,
1684,786,30,12574,14232.68,,,0.25,,,,,True,382,239,8,5,0.291831,,,,,,,,,,,,,True,488,141,8,5,0.288655,,,,,,,,,,,,
1684,786,1,12574,14232.68,,,0.4,,,,,True,382,239,8,5,0.291831,,,,,,,,,,,,,True,564,74,8,5,0.285025,,,,,,,,,,,,
1684,786,2,12574,14232.68,,,0.4,,,,,True,382,239,8,5,0.291831,,,,,,,,,,,,,True,576,96,8,5,0.284671,,,,,,,,,,,,
1684,786,3,12574,14232.68,,,0.4,,,,,True,382,239,8,5,0.291831,,,,,,,,,,,,,True,563,94,8,5,0.369924,,,,,,,,,,,,
1684,786,4,12574,14232.68,,,0.4,,,,,True,382,239,8,5,0.291831,,,,,,,,,,,,,True,565,90,8,5,0.287467,,,,,,,,,,,,
1684,786,5,12574,14232.68,,,0.4,,,,,True,382,239,8,5,0.291831,,,,,,,,,,,,,True,567,79,8,5,0.283577,,,,,,,,,,,,
1684,786,6,12574,14232.68,,,0.4,,,,,True,382,239,8,5,0.291831,,,,,,,,,,,,,True,574,96,8,5,0.2844,,,,,,,,,,,,
1684,786,7,12574,14232.68,,,0.4,,,,,True,382,239,8,5,0.291831,,,,,,,,,,,,,True,560,79,8,5,0.293419,,,,,,,,,,,,
1684,786,8,12574,14232.68,,,0.4,,,,,True,382,239,8,5,0.291831,,,,,,,,,,,,,True,558,93,8,5,0.28584,,,,,,,,,,,,
1684,786,9,12574,14232.68,,,0.4,,,,,True,382,239,8,5,0.291831,,,,,,,,,,,,,True,565,98,8,5,0.285281,,,,,,,,,,,,
1684,786,10,12574,14232.68,,,0.4,,,,,True,382,239,8,5,0.291831,,,,,,,,,,,,,True,580,78,8,5,0.285932,,,,,,,,,,,,
1684,786,11,12574,14232.68,,,0.4,,,,,True,382,239,8,5,0.291831,,,,,,,,,,,,,True,574,73,8,5,0.283677,,,,,,,,,,,,
1684,786,12,12574,14232.68,,,0.4,,,,,True,382,239,8,5,0.291831,,,,,,,,,,,,,True,565,75,8,5,0.287339,,,,,,,,,,,,
1684,786,13,12574,14232.68,,,0.4,,,,,True,382,239,8,5,0.291831,,,,,,,,,,,,,True,568,110,8,5,0.285766,,,,,,,,,,,,
1684,786,14,12574,14232.68,,,0.4,,,,,True,382,239,8,5,0.291831,,,,,,,,,,,,,True,566,102,8,5,0.326485,,,,,,,,,,,,
1684,786,15,12574,14232.68,,,0.4,,,,,True,382,239,8,5,0.291831,,,,,,,,,,,,,True,566,79,8,5,0.286901,,,,,,,,,,,,
1684,786,16,12574,14232.68,,,0.4,,,,,True,382,239,8,5,0.291831,,,,,,,,,,,,,True,559,99,8,5,0.284936,,,,,,,,,,,,
1684,786,17,12574,14232.68,,,0.4,,,,,True,382,239,8,5,0.291831,,,,,,,,,,,,,True,574,99,8,5,0.291144,,,,,,,,,,,,
1684,786,18,12574,14232.68,,,0.4,,,,,True,382,239,8,5,0.291831,,,,,,,,,,,,,True,567,77,8,5,0.366439,,,,,,,,,,,,
1684,786,19,12574,14232.68,,,0.4,,,,,True,382,239,8,5,0.291831,,,,,,,,,,,,,True,559,96,8,5,0.284207,,,,,,,,,,,,
1684,786,20,12574,14232.68,,,0.4,,,,,True,382,239,8,5,0.291831,,,,,,,,,,,,,True,569,93,8,5,0.285318,,,,,,,,,,,,
1684,786,21,12574,14232.68,,,0.4,,,,,True,382,239,8,5,0.291831,,,,,,,,,,,,,True,564,72,8,5,0.283719,,,,,,,,,,,,
1684,786,22,12574,14232.68,,,0.4,,,,,True,382,239,8,5,0.291831,,,,,,,,,,,,,True,564,101,8,5,0.283602,,,,,,,,,,,,
1684,786,23,12574,14232.68,,,0.4,,,,,True,382,239,8,5,0.291831,,,,,,,,,,,,,True,564,89,8,5,0.338942,,,,,,,,,,,,
1684,786,24,12574,14232.68,,,0.4,,,,,True,382,239,8,5,0.291831,,,,,,,,,,,,,True,577,77,8,5,0.334535,,,,,,,,,,,,
1684,786,25,12574,14232.68,,,0.4,,,,,True,382,239,8,5,0.291831,,,,,,,,,,,,,True,564,79,8,5,0.284806,,,,,,,,,,,,
1684,786,26,12574,14232.68,,,0.4,,,,,True,382,239,8,5,0.291831,,,,,,,,,,,,,True,570,78,8,5,0.286565,,,,,,,,,,,,
1684,786,27,12574,14232.68,,,0.4,,,,,True,382,239,8,5,0.291831,,,,,,,,,,,,,True,574,73,8,5,0.284939,,,,,,,,,,,,
1684,786,28,12574,14232.68,,,0.4,,,,,True,382,239,8,5,0.291831,,,,,,,,,,,,,True,565,90,8,5,0.295571,,,,,,,,,,,,
1684,786,29,12574,14232.68,,,0.4,,,,,True,382,239,8,5,0.291831,,,,,,,,,,,,,True,578,86,8,5,0.286485,,,,,,,,,,,,
1684,786,30,12574,14232.68,,,0.4,,,,,True,382,239,8,5,0.291831,,,,,,,,,,,,,True,569,69,8,5,0.284648,,,,,,,,,,,,
1912,747,1,17389,21577.51,,,0.05,,,,,True,185,579,8,5,0.275939,,,,,,,,,,,,,True,191,549,8,5,0.27522,,,,,,,,,,,,
1912,747,2,17389,21577.51,,,0.05,,,,,True,185,579,8,5,0.275939,,,,,,,,,,,,,True,193,543,8,5,0.295205,,,,,,,,,,,,
1912,747,3,17389,21577.51,,,0.05,,,,,True,185,579,8,5,0.275939,,,,,,,,,,,,,True,196,537,8,5,0.373082,,,,,,,,,,,,
1912,747,4,17389,21577.51,,,0.05,,,,,True,185,579,8,5,0.275939,,,,,,,,,,,,,True,194,538,8,5,0.280322,,,,,,,,,,,,
1912,747,5,17389,21577.51,,,0.05,,,,,True,185,579,8,5,0.275939,,,,,,,,,,,,,True,193,544,8,5,0.284244,,,,,,,,,,,,
1912,747,6,17389,21577.51,,,0.05,,,,,True,185,579,8,5,0.275939,,,,,,,,,,,,,True,196,541,8,5,0.27858,,,,,,,,,,,,
1912,747,7,17389,21577.51,,,0.05,,,,,True,185,579,8,5,0.275939,,,,,,,,,,,,,True,190,553,8,5,0.313904,,,,,,,,,,,,
1912,747,8,17389,21577.51,,,0.05,,,,,True,185,579,8,5,0.275939,,,,,,,,,,,,,True,190,551,8,5,0.280083,,,,,,,,,,,,
1912,747,9,17389,21577.51,,,0.05,,,,,True,185,579,8,5,0.275939,,,,,,,,,,,,,True,190,545,8,5,0.287915,,,,,,,,,,,,
1912,747,10,17389,21577.51,,,0.05,,,,,True,185,579,8,5,0.275939,,,,,,,,,,,,,True,196,546,8,5,0.279308,,,,,,,,,,,,
1912,747,11,17389,21577.51,,,0.05,,,,,True,185,579,8,5,0.275939,,,,,,,,,,,,,True,193,552,8,5,0.340009,,,,,,,,,,,,
1912,747,12,17389,21577.51,,,0.05,,,,,True,185,579,8,5,0.275939,,,,,,,,,,,,,True,191,556,8,5,0.352576,,,,,,,,,,,,
1912,747,13,17389,21577.51,,,0.05,,,,,True,185,579,8,5,0.275939,,,,,,,,,,,,,True,196,552,8,5,0.30533,,,,,,,,,,,,
1912,747,14,17389,21577.51,,,0.05,,,,,True,185,579,8,5,0.275939,,,,,,,,,,,,,True,188,546,8,5,0.279079,,,,,,,,,,,,
1912,747,15,17389,21577.51,,,0.05,,,,,True,185,579,8,5,0.275939,,,,,,,,,,,,,True,194,542,8,5,0.276517,,,,,,,,,,,,
1912,747,16,17389,21577.51,,,0.05,,,,,True,185,579,8,5,0.275939,,,,,,,,,,,,,True,193,548,8,5,0.275469,,,,,,,,,,,,
1912,747,17,17389,21577.51,,,0.05,,,,,True,185,579,8,5,0.275939,,,,,,,,,,,,,True,194,546,8,5,0.287585,,,,,,,,,,,,
1912,747,18,17389,21577.51,,,0.05,,,,,True,185,579,8,5,0.275939,,,,,,,,,,,,,True,194,547,8,5,0.306659,,,,,,,,,,,,
1912,747,19,17389,21577.51,,,0.05,,,,,True,185,579,8,5,0.275939,,,,,,,,,,,,,True,192,549,8,5,0.308823,,,,,,,,,,,,
1912,747,20,17389,21577.51,,,0.05,,,,,True,185,579,8,5,0.275939,,,,,,,,,,,,,True,194,537,8,5,0.294391,,,,,,,,,,,,
1912,747,21,17389,21577.51,,,0.05,,,,,True,185,579,8,5,0.275939,,,,,,,,,,,,,True,194,543,8,5,0.275198,,,,,,,,,,,,
1912,747,22,17389,21577.51,,,0.05,,,,,True,185,579,8,5,0.275939,,,,,,,,,,,,,True,189,554,8,5,0.274661,,,,,,,,,,,,
1912,747,23,17389,21577.51,,,0.05,,,,,True,185,579,8,5,0.275939,,,,,,,,,,,,,True,196,540,8,5,0.376853,,,,,,,,,,,,
1912,747,24,17389,21577.51,,,0.05,,,,,True,185,579,8,5,0.275939,,,,,,,,,,,,,True,194,539,8,5,0.27626,,,,,,,,,,,,
1912,747,25,17389,21577.51,,,0.05,,,,,True,185,579,8,5,0.275939,,,,,,,,,,,,,True,197,534,8,5,0.276613,,,,,,,,,,,,
1912,747,26,17389,21577.51,,,0.05,,,,,True,185,579,8,5,0.275939,,,,,,,,,,,,,True,195,536,8,5,0.313578,,,,,,,,,,,,
1912,747,27,17389,21577.51,,,0.05,,,,,True,185,579,8,5,0.275939,,,,,,,,,,,,,True,193,549,8,5,0.287819,,,,,,,,,,,,
1912,747,28,17389,21577.51,,,0.05,,,,,True,185,579,8,5,0.275939,,,,,,,,,,,,,True,193,542,8,5,0.279809,,,,,,,,,,,,
1912,747,29,17389,21577.51,,,0.05,,,,,True,185,579,8,5,0.275939,,,,,,,,,,,,,True,190,541,8,5,0.345266,,,,,,,,,,,,
1912,747,30,17389,21577.51,,,0.05,,,,,True,185,579,8,5,0.275939,,,,,,,,,,,,,True,196,540,8,5,0.282398,,,,,,,,,,,,
1912,747,1,17389,21577.51,,,0.15,,,,,True,185,579,8,5,0.275939,,,,,,,,,,,,,True,222,471,8,5,0.293672,,,,,,,,,,,,
1912,747,2,17389,21577.51,,,0.15,,,,,True,185,579,8,5,0.275939,,,,,,,,,,,,,True,223,482,8,5,0.272047,,,,,,,,,,,,
1912,747,3,17389,21577.51,,,0.15,,,,,True,185,579,8,5,0.275939,,,,,,,,,,,,,True,221,477,8,5,0.328951,,,,,,,,,,,,
1912,747,4,17389,21577.51,,,0.15,,,,,True,185,579,8,5,0.275939,,,,,,,,,,,,,True,216,473,8,5,0.293083,,,,,,,,,,,,
1912,747,5,17389,21577.51,,,0.15,,,,,True,185,579,8,5,0.275939,,,,,,,,,,,,,True,223,478,8,5,0.273133,,,,,,,,,,,,
1912,747,6,17389,21577.51,,,0.15,,,,,True,185,579,8,5,0.275939,,,,,,,,,,,,,True,217,482,8,5,0.269025,,,,,,,,,,,,
1912,747,7,17389,21577.51,,,0.15,,,,,True,185,579,8,5,0.275939,,,,,,,,,,,,,True,221,488,8,5,0.272009,,,,,,,,,,,,
1912,747,8,17389,21577.51,,,0.15,,,,,True,185,579,8,5,0.275939,,,,,,,,,,,,,True,227,474,8,5,0.270424,,,,,,,,,,,,
1912,747,9,17389,21577.51,,,0.15,,,,,True,185,579,8,5,0.275939,,,,,,,,,,,,,True,224,474,8,5,0.272261,,,,,,,,,,,,
1912,747,10,17389,21577.51,,,0.15,,,,,True,185,579,8,5,0.275939,,,,,,,,,,,,,True,227,472,8,5,0.269772,,,,,,,,,,,,
1912,747,11,17389,21577.51,,,0.15,,,,,True,185,579,8,5,0.275939,,,,,,,,,,,,,True,221,481,8,5,0.291988,,,,,,,,,,,,
1912,747,12,17389,21577.51,,,0.15,,,,,True,185,579,8,5,0.275939,,,,,,,,,,,,,True,219,482,8,5,0.283241,,,,,,,,,,,,
1912,747,13,17389,21577.51,,,0.15,,,,,True,185,579,8,5,0.275939,,,,,,,,,,,,,True,216,486,8,5,0.295258,,,,,,,,,,,,
1912,747,14,17389,21577.51,,,0.15,,,,,True,185,579,8,5,0.275939,,,,,,,,,,,,,True,212,478,8,5,0.359658,,,,,,,,,,,,
1912,747,15,17389,21577.51,,,0.15,,,,,True,185,579,8,5,0.275939,,,,,,,,,,,,,True,228,473,8,5,0.299932,,,,,,,,,,,,
1912,747,16,17389,21577.51,,,0.15,,,,,True,185,579,8,5,0.275939,,,,,,,,,,,,,True,221,480,8,5,0.274398,,,,,,,,,,,,
1912,747,17,17389,21577.51,,,0.15,,,,,True,185,579,8,5,0.275939,,,,,,,,,,,,,True,216,466,8,5,0.272391,,,,,,,,,,,,
1912,747,18,17389,21577.51,,,0.15,,,,,True,185,579,8,5,0.275939,,,,,,,,,,,,,True,222,480,8,5,0.300322,,,,,,,,,,,,
1912,747,19,17389,21577.51,,,0.15,,,,,True,185,579,8,5,0.275939,,,,,,,,,,,,,True,217,479,8,5,0.272938,,,,,,,,,,,,
1912,747,20,17389,21577.51,,,0.15,,,,,True,185,579,8,5,0.275939,,,,,,,,,,,,,True,216,468,8,5,0.280717,,,,,,,,,,,,
1912,747,21,17389,21577.51,,,0.15,,,,,True,185,579,8,5,0.275939,,,,,,,,,,,,,True,220,479,8,5,0.273441,,,,,,,,,,,,
1912,747,22,17389,21577.51,,,0.15,,,,,True,185,579,8,5,0.275939,,,,,,,,,,,,,True,219,473,8,5,0.28553,,,,,,,,,,,,
1912,747,23,17389,21577.51,,,0.15,,,,,True,185,579,8,5,0.275939,,,,,,,,,,,,,True,228,469,8,5,0.275641,,,,,,,,,,,,
1912,747,24,17389,21577.51,,,0.15,,,,,True,185,579,8,5,0.275939,,,,,,,,,,,,,True,221,480,8,5,0.353014,,,,,,,,,,,,
1912,747,25,17389,21577.51,,,0.15,,,,,True,185,579,8,5,0.275939,,,,,,,,,,,,,True,220,469,8,5,0.292637,,,,,,,,,,,,
1912,747,26,17389,21577.51,,,0.15,,,,,True,185,579,8,5,0.275939,,,,,,,,,,,,,True,220,465,8,5,0.269465,,,,,,,,,,,,
1912,747,27,17389,21577.51,,,0.15,,,,,True,185,579,8,5,0.275939,,,,,,,,,,,,,True,222,474,8,5,0.270366,,,,,,,,,,,,
1912,747,28,17389,21577.51,,,0.15,,,,,True,185,579,8,5,0.275939,,,,,,,,,,,,,True,220,468,8,5,0.270604,,,,,,,,,,,,
1912,747,29,17389,21577.51,,,0.15,,,,,True,185,579,8,5,0.275939,,,,,,,,,,,,,True,215,473,8,5,0.274443,,,,,,,,,,,,
1912,747,30,17389,21577.51,,,0.15,,,,,True,185,579,8,5,0.275939,,,,,,,,,,,,,True,217,472,8,5,0.272396,,,,,,,,,,,,
1912,747,1,17389,21577.51,,,0.25,,,,,True,185,579,8,5,0.275939,,,,,,,,,,,,,True,252,375,8,5,0.312028,,,,,,,,,,,,
1912,747,2,17389,21577.51,,,0.25,,,,,True,185,579,8,5,0.275939,,,,,,,,,,,,,True,252,419,8,5,0.28053,,,,,,,,,,,,
1912,747,3,17389,21577.51,,,0.25,,,,,True,185,579,8,5,0.275939,,,,,,,,,,,,,True,254,380,8,5,0.267405,,,,,,,,,,,,
1912,747,4,17389,21577.51,,,0.25,,,,,True,185,579,8,5,0.275939,,,,,,,,,,,,,True,252,398,8,5,0.311175,,,,,,,,,,,,
1912,747,5,17389,21577.51,,,0.25,,,,,True,185,579,8,5,0.275939,,,,,,,,,,,,,True,254,413,8,5,0.270237,,,,,,,,,,,,
1912,747,6,17389,21577.51,,,0.25,,,,,True,185,579,8,5,0.275939,,,,,,,,,,,,,True,251,438,8,5,0.290008,,,,,,,,,,,,
1912,747,7,17389,21577.51,,,0.25,,,,,True,185,579,8,5,0.275939,,,,,,,,,,,,,True,252,406,8,5,0.345352,,,,,,,,,,,,
1912,747,8,17389,21577.51,,,0.25,,,,,True,185,579,8,5,0.275939,,,,,,,,,,,,,True,253,375,8,5,0.27891,,,,,,,,,,,,
1912,747,9,17389,21577.51,,,0.25,,,,,True,185,579,8,5,0.275939,,,,,,,,,,,,,True,255,369,8,5,0.27027,,,,,,,,,,,,
1912,747,10,17389,21577.51,,,0.25,,,,,True,185,579,8,5,0.275939,,,,,,,,,,,,,True,253,376,8,5,0.268519,,,,,,,,,,,,
1912,747,11,17389,21577.51,,,0.25,,,,,True,185,579,8,5,0.275939,,,,,,,,,,,,,True,246,411,8,5,0.272332,,,,,,,,,,,,
1912,747,12,17389,21577.51,,,0.25,,,,,True,185,579,8,5,0.275939,,,,,,,,,,,,,True,246,419,8,5,0.2792,,,,,,,,,,,,
1912,747,13,17389,21577.51,,,0.25,,,,,True,185,579,8,5,0.275939,,,,,,,,,,,,,True,243,420,8,5,0.356798,,,,,,,,,,,,
1912,747,14,17389,21577.51,,,0.25,,,,,True,185,579,8,5,0.275939,,,,,,,,,,,,,True,248,422,8,5,0.274159,,,,,,,,,,,,
1912,747,15,17389,21577.51,,,0.25,,,,,True,185,579,8,5,0.275939,,,,,,,,,,,,,True,256,340,8,5,0.271203,,,,,,,,,,,,
1912,747,16,17389,21577.51,,,0.25,,,,,True,185,579,8,5,0.275939,,,,,,,,,,,,,True,251,412,8,5,0.271571,,,,,,,,,,,,
1912,747,17,17389,21577.51,,,0.25,,,,,True,185,579,8,5,0.275939,,,,,,,,,,,,,True,247,399,8,5,0.28384,,,,,,,,,,,,
1912,747,18,17389,21577.51,,,0.25,,,,,True,185,579,8,5,0.275939,,,,,,,,,,,,,True,253,375,8,5,0.290495,,,,,,,,,,,,
1912,747,19,17389,21577.51,,,0.25,,,,,True,185,579,8,5,0.275939,,,,,,,,,,,,,True,253,381,8,5,0.268562,,,,,,,,,,,,
1912,747,20,17389,21577.51,,,0.25,,,,,True,185,579,8,5,0.275939,,,,,,,,,,,,,True,253,421,8,5,0.304789,,,,,,,,,,,,
1912,747,21,17389,21577.51,,,0.25,,,,,True,185,579,8,5,0.275939,,,,,,,,,,,,,True,253,406,8,5,0.363237,,,,,,,,,,,,
1912,747,22,17389,21577.51,,,0.25,,,,,True,185,579,8,5,0.275939,,,,,,,,,,,,,True,252,391,8,5,0.314957,,,,,,,,,,,,
1912,747,23,17389,21577.51,,,0.25,,,,,True,185,579,8,5,0.275939,,,,,,,,,,,,,True,258,380,8,5,0.26863,,,,,,,,,,,,
1912,747,24,17389,21577.51,,,0.25,,,,,True,185,579,8,5,0.275939,,,,,,,,,,,,,True,251,401,8,5,0.280919,,,,,,,,,,,,
1912,747,25,17389,21577.51,,,0.25,,,,,True,185,579,8,5,0.275939,,,,,,,,,,,,,True,250,408,8,5,0.284719,,,,,,,,,,,,
1912,747,26,17389,21577.51,,,0.25,,,,,True,185,579,8,5,0.275939,,,,,,,,,,,,,True,257,376,8,5,0.298713,,,,,,,,,,,,
1912,747,27,17389,21577.51,,,0.25,,,,,True,185,579,8,5,0.275939,,,,,,,,,,,,,True,253,381,8,5,0.270644,,,,,,,,,,,,
1912,747,28,17389,21577.51,,,0.25,,,,,True,185,579,8,5,0.275939,,,,,,,,,,,,,True,257,397,8,5,0.398259,,,,,,,,,,,,
1912,747,29,17389,21577.51,,,0.25,,,,,True,185,579,8,5,0.275939,,,,,,,,,,,,,True,251,417,8,5,0.277093,,,,,,,,,,,,
1912,747,30,17389,21577.51,,,0.25,,,,,True,185,579,8,5,0.275939,,,,,,,,,,,,,True,251,400,8,5,0.27213,,,,,,,,,,,,
1912,747,1,17389,21577.51,,,0.4,,,,,True,185,579,8,5,0.275939,,,,,,,,,,,,,True,319,264,8,5,0.268434,,,,,,,,,,,,
1912,747,2,17389,21577.51,,,0.4,,,,,True,185,579,8,5,0.275939,,,,,,,,,,,,,True,315,259,8,5,0.273059,,,,,,,,,,,,
1912,747,3,17389,21577.51,,,0.4,,,,,True,185,579,8,5,0.275939,,,,,,,,,,,,,True,320,254,8,5,0.295901,,,,,,,,,,,,
1912,747,4,17389,21577.51,,,0.4,,,,,True,185,579,8,5,0.275939,,,,,,,,,,,,,True,303,276,8,5,0.261759,,,,,,,,,,,,
1912,747,5,17389,21577.51,,,0.4,,,,,True,185,579,8,5,0.275939,,,,,,,,,,,,,True,315,267,8,5,0.350538,,,,,,,,,,,,
1912,747,6,17389,21577.51,,,0.4,,,,,True,185,579,8,5,0.275939,,,,,,,,,,,,,True,310,253,8,5,0.264033,,,,,,,,,,,,
1912,747,7,17389,21577.51,,,0.4,,,,,True,185,579,8,5,0.275939,,,,,,,,,,,,,True,325,263,8,5,0.267935,,,,,,,,,,,,
1912,747,8,17389,21577.51,,,0.4,,,,,True,185,579,8,5,0.275939,,,,,,,,,,,,,True,314,283,8,5,0.336633,,,,,,,,,,,,
1912,747,9,17389,21577.51,,,0.4,,,,,True,185,579,8,5,0.275939,,,,,,,,,,,,,True,315,276,8,5,0.26894,,,,,,,,,,,,
1912,747,10,17389,21577.51,,,0.4,,,,,True,185,579,8,5,0.275939,,,,,,,,,,,,,True,322,279,8,5,0.305461,,,,,,,,,,,,
1912,747,11,17389,21577.51,,,0.4,,,,,True,185,579,8,5,0.275939,,,,,,,,,,,,,True,315,248,8,5,0.344467,,,,,,,,,,,,
1912,747,12,17389,21577.51,,,0.4,,,,,True,185,579,8,5,0.275939,,,,,,,,,,,,,True,305,288,8,5,0.27172,,,,,,,,,,,,
1912,747,13,17389,21577.51,,,0.4,,,,,True,185,579,8,5,0.275939,,,,,,,,,,,,,True,307,292,8,5,0.288266,,,,,,,,,,,,
1912,747,14,17389,21577.51,,,0.4,,,,,True,185,579,8,5,0.275939,,,,,,,,,,,,,True,313,254,8,5,0.270366,,,,,,,,,,,,
1912,747,15,17389,21577.51,,,0.4,,,,,True,185,579,8,5,0.275939,,,,,,,,,,,,,True,328,260,8,5,0.273415,,,,,,,,,,,,
1912,747,16,17389,21577.51,,,0.4,,,,,True,185,579,8,5,0.275939,,,,,,,,,,,,,True,349,278,8,5,0.265803,,,,,,,,,,,,
1912,747,17,17389,21577.51,,,0.4,,,,,True,185,579,8,5,0.275939,,,,,,,,,,,,,True,312,255,8,5,0.263889,,,,,,,,,,,,
1912,747,18,17389,21577.51,,,0.4,,,,,True,185,579,8,5,0.275939,,,,,,,,,,,,,True,344,253,8,5,0.27375,,,,,,,,,,,,
1912,747,19,17389,21577.51,,,0.4,,,,,True,185,579,8,5,0.275939,,,,,,,,,,,,,True,318,254,8,5,0.36221,,,,,,,,,,,,
1912,747,20,17389,21577.51,,,0.4,,,,,True,185,579,8,5,0.275939,,,,,,,,,,,,,True,339,259,8,5,0.267064,,,,,,,,,,,,
1912,747,21,17389,21577.51,,,0.4,,,,,True,185,579,8,5,0.275939,,,,,,,,,,,,,True,320,257,8,5,0.291735,,,,,,,,,,,,
1912,747,22,17389,21577.51,,,0.4,,,,,True,185,579,8,5,0.275939,,,,,,,,,,,,,True,321,266,8,5,0.273362,,,,,,,,,,,,
1912,747,23,17389,21577.51,,,0.4,,,,,True,185,579,8,5,0.275939,,,,,,,,,,,,,True,335,256,8,5,0.278585,,,,,,,,,,,,
1912,747,24,17389,21577.51,,,0.4,,,,,True,185,579,8,5,0.275939,,,,,,,,,,,,,True,329,262,8,5,0.265149,,,,,,,,,,,,
1912,747,25,17389,21577.51,,,0.4,,,,,True,185,579,8,5,0.275939,,,,,,,,,,,,,True,331,252,8,5,0.264804,,,,,,,,,,,,
1912,747,26,17389,21577.51,,,0.4,,,,,True,185,579,8,5,0.275939,,,,,,,,,,,,,True,308,251,8,5,0.450822,,,,,,,,,,,,
1912,747,27,17389,21577.51,,,0.4,,,,,True,185,579,8,5,0.275939,,,,,,,,,,,,,True,312,249,8,5,0.277025,,,,,,,,,,,,
1912,747,28,17389,21577.51,,,0.4,,,,,True,185,579,8,5,0.275939,,,,,,,,,,,,,True,334,249,8,5,0.515929,,,,,,,,,,,,
1912,747,29,17389,21577.51,,,0.4,,,,,True,185,579,8,5,0.275939,,,,,,,,,,,,,True,324,275,8,5,0.340661,,,,,,,,,,,,
1912,747,30,17389,21577.51,,,0.4,,,,,True,185,579,8,5,0.275939,,,,,,,,,,,,,True,321,252,8,5,0.299635,,,,,,,,,,,,
3437,534,1,3959,4505.17,,,0.05,,,,,True,394,83,8,5,0.135671,,,,,,,,,,,,,True,409,74,8,5,0.103561,,,,,,,,,,,,
3437,534,2,3959,4505.17,,,0.05,,,,,True,394,83,8,5,0.135671,,,,,,,,,,,,,True,411,77,8,5,0.093936,,,,,,,,,,,,
3437,534,3,3959,4505.17,,,0.05,,,,,True,394,83,8,5,0.135671,,,,,,,,,,,,,True,407,74,8,5,0.106482,,,,,,,,,,,,
3437,534,4,3959,4505.17,,,0.05,,,,,True,394,83,8,5,0.135671,,,,,,,,,,,,,True,410,70,8,5,0.100398,,,,,,,,,,,,
3437,534,5,3959,4505.17,,,0.05,,,,,True,394,83,8,5,0.135671,,,,,,,,,,,,,True,410,70,8,5,0.089336,,,,,,,,,,,,
3437,534,6,3959,4505.17,,,0.05,,,,,True,394,83,8,5,0.135671,,,,,,,,,,,,,True,405,79,8,5,0.161986,,,,,,,,,,,,
3437,534,7,3959,4505.17,,,0.05,,,,,True,394,83,8,5,0.135671,,,,,,,,,,,,,True,408,80,8,5,0.105068,,,,,,,,,,,,
3437,534,8,3959,4505.17,,,0.05,,,,,True,394,83,8,5,0.135671,,,,,,,,,,,,,True,406,75,8,5,0.089985,,,,,,,,,,,,
3437,534,9,3959,4505.17,,,0.05,,,,,True,394,83,8,5,0.135671,,,,,,,,,,,,,True,402,81,8,5,0.109897,,,,,,,,,,,,
3437,534,10,3959,4505.17,,,0.05,,,,,True,394,83,8,5,0.135671,,,,,,,,,,,,,True,408,75,8,5,0.105454,,,,,,,,,,,,
3437,534,11,3959,4505.17,,,0.05,,,,,True,394,83,8,5,0.135671,,,,,,,,,,,,,True,407,80,8,5,0.090405,,,,,,,,,,,,
3437,534,12,3959,4505.17,,,0.05,,,,,True,394,83,8,5,0.135671,,,,,,,,,,,,,True,405,74,8,5,0.093655,,,,,,,,,,,,
3437,534,13,3959,4505.17,,,0.05,,,,,True,394,83,8,5,0.135671,,,,,,,,,,,,,True,407,76,8,5,0.093903,,,,,,,,,,,,
3437,534,14,3959,4505.17,,,0.05,,,,,True,394,83,8,5,0.135671,,,,,,,,,,,,,True,410,70,8,5,0.149254,,,,,,,,,,,,
3437,534,15,3959,4505.17,,,0.05,,,,,True,394,83,8,5,0.135671,,,,,,,,,,,,,True,405,79,8,5,0.106075,,,,,,,,,,,,
3437,534,16,3959,4505.17,,,0.05,,,,,True,394,83,8,5,0.135671,,,,,,,,,,,,,True,403,75,8,5,0.089764,,,,,,,,,,,,
3437,534,17,3959,4505.17,,,0.05,,,,,True,394,83,8,5,0.135671,,,,,,,,,,,,,True,404,79,8,5,0.091282,,,,,,,,,,,,
3437,534,18,3959,4505.17,,,0.05,,,,,True,394,83,8,5,0.135671,,,,,,,,,,,,,True,406,75,8,5,0.09012,,,,,,,,,,,,
3437,534,19,3959,4505.17,,,0.05,,,,,True,394,83,8,5,0.135671,,,,,,,,,,,,,True,412,74,8,5,0.092384,,,,,,,,,,,,
3437,534,20,3959,4505.17,,,0.05,,,,,True,394,83,8,5,0.135671,,,,,,,,,,,,,True,407,77,8,5,0.134882,,,,,,,,,,,,
3437,534,21,3959,4505.17,,,0.05,,,,,True,394,83,8,5,0.135671,,,,,,,,,,,,,True,402,78,8,5,0.106142,,,,,,,,,,,,
3437,534,22,3959,4505.17,,,0.05,,,,,True,394,83,8,5,0.135671,,,,,,,,,,,,,True,405,78,8,5,0.105459,,,,,,,,,,,,
3437,534,23,3959,4505.17,,,0.05,,,,,True,394,83,8,5,0.135671,,,,,,,,,,,,,True,409,72,8,5,0.09889,,,,,,,,,,,,
3437,534,24,3959,4505.17,,,0.05,,,,,True,394,83,8,5,0.135671,,,,,,,,,,,,,True,407,79,8,5,0.091883,,,,,,,,,,,,
3437,534,25,3959,4505.17,,,0.05,,,,,True,394,83,8,5,0.135671,,,,,,,,,,,,,True,404,76,8,5,0.090748,,,,,,,,,,,,
3437,534,26,3959,4505.17,,,0.05,,,,,True,394,83,8,5,0.135671,,,,,,,,,,,,,True,410,77,8,5,0.105363,,,,,,,,,,,,
3437,534,27,3959,4505.17,,,0.05,,,,,True,394,83,8,5,0.135671,,,,,,,,,,,,,True,405,75,8,5,0.104122,,,,,,,,,,,,
3437,534,28,3959,4505.17,,,0.05,,,,,True,394,83,8,5,0.135671,,,,,,,,,,,,,True,408,76,8,5,0.100694,,,,,,,,,,,,
3437,534,29,3959,4505.17,,,0.05,,,,,True,394,83,8,5,0.135671,,,,,,,,,,,,,True,408,76,8,5,0.130979,,,,,,,,,,,,
3437,534,30,3959,4505.17,,,0.05,,,,,True,394,83,8,5,0.135671,,,,,,,,,,,,,True,406,78,8,5,0.106454,,,,,,,,,,,,
3437,534,1,3959,4505.17,,,0.15,,,,,True,394,83,8,5,0.135671,,,,,,,,,,,,,True,444,63,8,5,0.127695,,,,,,,,,,,,
3437,534,2,3959,4505.17,,,0.15,,,,,True,394,83,8,5,0.135671,,,,,,,,,,,,,True,452,63,8,5,0.105546,,,,,,,,,,,,
3437,534,3,3959,4505.17,,,0.15,,,,,True,394,83,8,5,0.135671,,,,,,,,,,,,,True,446,65,8,5,0.105675,,,,,,,,,,,,
3437,534,4,3959,4505.17,,,0.15,,,,,True,394,83,8,5,0.135671,,,,,,,,,,,,,True,440,58,8,5,0.089263,,,,,,,,,,,,
3437,534,5,3959,4505.17,,,0.15,,,,,True,394,83,8,5,0.135671,,,,,,,,,,,,,True,449,60,8,5,0.091269,,,,,,,,,,,,
3437,534,6,3959,4505.17,,,0.15,,,,,True,394,83,8,5,0.135671,,,,,,,,,,,,,True,448,63,8,5,0.093005,,,,,,,,,,,,
3437,534,7,3959,4505.17,,,0.15,,,,,True,394,83,8,5,0.135671,,,,,,,,,,,,,True,443,62,8,5,0.090038,,,,,,,,,,,,
3437,534,8,3959,4505.17,,,0.15,,,,,True,394,83,8,5,0.135671,,,,,,,,,,,,,True,438,59,8,5,0.091418,,,,,,,,,,,,
3437,534,9,3959,4505.17,,,0.15,,,,,True,394,83,8,5,0.135671,,,,,,,,,,,,,True,445,69,8,5,0.096892,,,,,,,,,,,,
3437,534,10,3959,4505.17,,,0.15,,,,,True,394,83,8,5,0.135671,,,,,,,,,,,,,True,441,63,8,5,0.131324,,,,,,,,,,,,
3437,534,11,3959,4505.17,,,0.15,,,,,True,394,83,8,5,0.135671,,,,,,,,,,,,,True,441,66,8,5,0.104017,,,,,,,,,,,,
3437,534,12,3959,4505.17,,,0.15,,,,,True,394,83,8,5,0.135671,,,,,,,,,,,,,True,441,59,8,5,0.106679,,,,,,,,,,,,
3437,534,13,3959,4505.17,,,0.15,,,,,True,394,83,8,5,0.135671,,,,,,,,,,,,,True,435,61,8,5,0.091325,,,,,,,,,,,,
3437,534,14,3959,4505.17,,,0.15,,,,,True,394,83,8,5,0.135671,,,,,,,,,,,,,True,443,61,8,5,0.09075,,,,,,,,,,,,
3437,534,15,3959,4505.17,,,0.15,,,,,True,394,83,8,5,0.135671,,,,,,,,,,,,,True,443,60,8,5,0.091934,,,,,,,,,,,,
3437,534,16,3959,4505.17,,,0.15,,,,,True,394,83,8,5,0.135671,,,,,,,,,,,,,True,433,61,8,5,0.089954,,,,,,,,,,,,
3437,534,17,3959,4505.17,,,0.15,,,,,True,394,83,8,5,0.135671,,,,,,,,,,,,,True,444,62,8,5,0.092826,,,,,,,,,,,,
3437,534,18,3959,4505.17,,,0.15,,,,,True,394,83,8,5,0.135671,,,,,,,,,,,,,True,440,67,8,5,0.090312,,,,,,,,,,,,
3437,534,19,3959,4505.17,,,0.15,,,,,True,394,83,8,5,0.135671,,,,,,,,,,,,,True,442,60,8,5,0.132522,,,,,,,,,,,,
3437,534,20,3959,4505.17,,,0.15,,,,,True,394,83,8,5,0.135671,,,,,,,,,,,,,True,443,58,8,5,0.148935,,,,,,,,,,,,
3437,534,21,3959,4505.17,,,0.15,,,,,True,394,83,8,5,0.135671,,,,,,,,,,,,,True,441,61,8,5,0.104442,,,,,,,,,,,,
3437,534,22,3959,4505.17,,,0.15,,,,,True,394,83,8,5,0.135671,,,,,,,,,,,,,True,442,65,8,5,0.089346,,,,,,,,,,,,
3437,534,23,3959,4505.17,,,0.15,,,,,True,394,83,8,5,0.135671,,,,,,,,,,,,,True,448,59,8,5,0.092789,,,,,,,,,,,,
3437,534,24,3959,4505.17,,,0.15,,,,,True,394,83,8,5,0.135671,,,,,,,,,,,,,True,446,61,8,5,0.092905,,,,,,,,,,,,
3437,534,25,3959,4505.17,,,0.15,,,,,True,394,83,8,5,0.135671,,,,,,,,,,,,,True,444,67,8,5,0.091871,,,,,,,,,,,,
3437,534,26,3959,4505.17,,,0.15,,,,,True,394,83,8,5,0.135671,,,,,,,,,,,,,True,437,62,8,5,0.094471,,,,,,,,,,,,
3437,534,27,3959,4505.17,,,0.15,,,,,True,394,83,8,5,0.135671,,,,,,,,,,,,,True,449,66,8,5,0.093161,,,,,,,,,,,,
3437,534,28,3959,4505.17,,,0.15,,,,,True,394,83,8,5,0.135671,,,,,,,,,,,,,True,442,62,8,5,0.104395,,,,,,,,,,,,
3437,534,29,3959,4505.17,,,0.15,,,,,True,394,83,8,5,0.135671,,,,,,,,,,,,,True,448,62,8,5,0.089915,,,,,,,,,,,,
3437,534,30,3959,4505.17,,,0.15,,,,,True,394,83,8,5,0.135671,,,,,,,,,,,,,True,441,64,8,5,0.097279,,,,,,,,,,,,
3437,534,1,3959,4505.17,,,0.25,,,,,True,394,83,8,5,0.135671,,,,,,,,,,,,,True,479,58,8,5,0.20575,,,,,,,,,,,,
3437,534,2,3959,4505.17,,,0.25,,,,,True,394,83,8,5,0.135671,,,,,,,,,,,,,True,477,59,8,5,0.102333,,,,,,,,,,,,
3437,534,3,3959,4505.17,,,0.25,,,,,True,394,83,8,5,0.135671,,,,,,,,,,,,,True,475,56,8,5,0.088296,,,,,,,,,,,,
3437,534,4,3959,4505.17,,,0.25,,,,,True,394,83,8,5,0.135671,,,,,,,,,,,,,True,470,49,8,5,0.09171,,,,,,,,,,,,
3437,534,5,3959,4505.17,,,0.25,,,,,True,394,83,8,5,0.135671,,,,,,,,,,,,,True,478,57,8,5,0.096465,,,,,,,,,,,,
3437,534,6,3959,4505.17,,,0.25,,,,,True,394,83,8,5,0.135671,,,,,,,,,,,,,True,480,61,8,5,0.104617,,,,,,,,,,,,
3437,534,7,3959,4505.17,,,0.25,,,,,True,394,83,8,5,0.135671,,,,,,,,,,,,,True,480,58,8,5,0.102389,,,,,,,,,,,,
3437,534,8,3959,4505.17,,,0.25,,,,,True,394,83,8,5,0.135671,,,,,,,,,,,,,True,478,57,8,5,0.094667,,,,,,,,,,,,
3437,534,9,3959,4505.17,,,0.25,,,,,True,394,83,8,5,0.135671,,,,,,,,,,,,,True,474,58,8,5,0.092055,,,,,,,,,,,,
3437,534,10,3959,4505.17,,,0.25,,,,,True,394,83,8,5,0.135671,,,,,,,,,,,,,True,477,60,8,5,0.092113,,,,,,,,,,,,
3437,534,11,3959,4505.17,,,0.25,,,,,True,394,83,8,5,0.135671,,,,,,,,,,,,,True,472,53,8,5,0.142341,,,,,,,,,,,,
3437,534,12,3959,4505.17,,,0.25,,,,,True,394,83,8,5,0.135671,,,,,,,,,,,,,True,472,53,8,5,0.103713,,,,,,,,,,,,
3437,534,13,3959,4505.17,,,0.25,,,,,True,394,83,8,5,0.135671,,,,,,,,,,,,,True,485,60,8,5,0.090542,,,,,,,,,,,,
3437,534,14,3959,4505.17,,,0.25,,,,,True,394,83,8,5,0.135671,,,,,,,,,,,,,True,471,57,8,5,0.091288,,,,,,,,,,,,
3437,534,15,3959,4505.17,,,0.25,,,,,True,394,83,8,5,0.135671,,,,,,,,,,,,,True,478,57,8,5,0.090346,,,,,,,,,,,,
3437,534,16,3959,4505.17,,,0.25,,,,,True,394,83,8,5,0.135671,,,,,,,,,,,,,True,478,62,8,5,0.0902,,,,,,,,,,,,
3437,534,17,3959,4505.17,,,0.25,,,,,True,394,83,8,5,0.135671,,,,,,,,,,,,,True,478,61,8,5,0.094551,,,,,,,,,,,,
3437,534,18,3959,4505.17,,,0.25,,,,,True,394,83,8,5,0.135671,,,,,,,,,,,,,True,470,55,8,5,0.134582,,,,,,,,,,,,
3437,534,19,3959,4505.17,,,0.25,,,,,True,394,83,8,5,0.135671,,,,,,,,,,,,,True,468,51,8,5,0.105097,,,,,,,,,,,,
3437,534,20,3959,4505.17,,,0.25,,,,,True,394,83,8,5,0.135671,,,,,,,,,,,,,True,476,55,8,5,0.10417,,,,,,,,,,,,
3437,534,21,3959,4505.17,,,0.25,,,,,True,394,83,8,5,0.135671,,,,,,,,,,,,,True,475,56,8,5,0.091767,,,,,,,,,,,,
3437,534,22,3959,4505.17,,,0.25,,,,,True,394,83,8,5,0.135671,,,,,,,,,,,,,True,474,61,8,5,0.132737,,,,,,,,,,,,
3437,534,23,3959,4505.17,,,0.25,,,,,True,394,83,8,5,0.135671,,,,,,,,,,,,,True,477,57,8,5,0.104136,,,,,,,,,,,,
3437,534,24,3959,4505.17,,,0.25,,,,,True,394,83,8,5,0.135671,,,,,,,,,,,,,True,484,56,8,5,0.088974,,,,,,,,,,,,
3437,534,25,3959,4505.17,,,0.25,,,,,True,394,83,8,5,0.135671,,,,,,,,,,,,,True,471,64,8,5,0.092368,,,,,,,,,,,,
3437,534,26,3959,4505.17,,,0.25,,,,,True,394,83,8,5,0.135671,,,,,,,,,,,,,True,468,57,8,5,0.091232,,,,,,,,,,,,
3437,534,27,3959,4505.17,,,0.25,,,,,True,394,83,8,5,0.135671,,,,,,,,,,,,,True,473,58,8,5,0.091628,,,,,,,,,,,,
3437,534,28,3959,4505.17,,,0.25,,,,,True,394,83,8,5,0.135671,,,,,,,,,,,,,True,486,60,8,5,0.089351,,,,,,,,,,,,
3437,534,29,3959,4505.17,,,0.25,,,,,True,394,83,8,5,0.135671,,,,,,,,,,,,,True,476,62,8,5,0.091091,,,,,,,,,,,,
3437,534,30,3959,4505.17,,,0.25,,,,,True,394,83,8,5,0.135671,,,,,,,,,,,,,True,480,59,8,5,0.090269,,,,,,,,,,,,
3437,534,1,3959,4505.17,,,0.4,,,,,True,394,83,8,5,0.135671,,,,,,,,,,,,,True,517,66,8,5,0.093241,,,,,,,,,,,,
3437,534,2,3959,4505.17,,,0.4,,,,,True,394,83,8,5,0.135671,,,,,,,,,,,,,True,520,58,8,5,0.1413,,,,,,,,,,,,
3437,534,3,3959,4505.17,,,0.4,,,,,True,394,83,8,5,0.135671,,,,,,,,,,,,,True,515,59,8,5,0.106537,,,,,,,,,,,,
3437,534,4,3959,4505.17,,,0.4,,,,,True,394,83,8,5,0.135671,,,,,,,,,,,,,True,512,49,8,5,0.128684,,,,,,,,,,,,
3437,534,5,3959,4505.17,,,0.4,,,,,True,394,83,8,5,0.135671,,,,,,,,,,,,,True,516,62,8,5,0.105017,,,,,,,,,,,,
3437,534,6,3959,4505.17,,,0.4,,,,,True,394,83,8,5,0.135671,,,,,,,,,,,,,True,523,57,8,5,0.103516,,,,,,,,,,,,
3437,534,7,3959,4505.17,,,0.4,,,,,True,394,83,8,5,0.135671,,,,,,,,,,,,,True,518,52,8,5,0.090367,,,,,,,,,,,,
3437,534,8,3959,4505.17,,,0.4,,,,,True,394,83,8,5,0.135671,,,,,,,,,,,,,True,515,61,8,5,0.103261,,,,,,,,,,,,
3437,534,9,3959,4505.17,,,0.4,,,,,True,394,83,8,5,0.135671,,,,,,,,,,,,,True,516,61,8,5,0.10016,,,,,,,,,,,,
3437,534,10,3959,4505.17,,,0.4,,,,,True,394,83,8,5,0.135671,,,,,,,,,,,,,True,521,60,8,5,0.104196,,,,,,,,,,,,
3437,534,11,3959,4505.17,,,0.4,,,,,True,394,83,8,5,0.135671,,,,,,,,,,,,,True,508,45,8,5,0.103017,,,,,,,,,,,,
3437,534,12,3959,4505.17,,,0.4,,,,,True,394,83,8,5,0.135671,,,,,,,,,,,,,True,519,59,8,5,0.091177,,,,,,,,,,,,
3437,534,13,3959,4505.17,,,0.4,,,,,True,394,83,8,5,0.135671,,,,,,,,,,,,,True,514,61,8,5,0.128214,,,,,,,,,,,,
3437,534,14,3959,4505.17,,,0.4,,,,,True,394,83,8,5,0.135671,,,,,,,,,,,,,True,512,57,8,5,0.104624,,,,,,,,,,,,
3437,534,15,3959,4505.17,,,0.4,,,,,True,394,83,8,5,0.135671,,,,,,,,,,,,,True,524,53,8,5,0.091658,,,,,,,,,,,,
3437,534,16,3959,4505.17,,,0.4,,,,,True,394,83,8,5,0.135671,,,,,,,,,,,,,True,521,58,8,5,0.091792,,,,,,,,,,,,
3437,534,17,3959,4505.17,,,0.4,,,,,True,394,83,8,5,0.135671,,,,,,,,,,,,,True,522,56,8,5,0.090552,,,,,,,,,,,,
3437,534,18,3959,4505.17,,,0.4,,,,,True,394,83,8,5,0.135671,,,,,,,,,,,,,True,515,56,8,5,0.105102,,,,,,,,,,,,
3437,534,19,3959,4505.17,,,0.4,,,,,True,394,83,8,5,0.135671,,,,,,,,,,,,,True,516,53,8,5,0.102976,,,,,,,,,,,,
3437,534,20,3959,4505.17,,,0.4,,,,,True,394,83,8,5,0.135671,,,,,,,,,,,,,True,515,57,8,5,0.091058,,,,,,,,,,,,
3437,534,21,3959,4505.17,,,0.4,,,,,True,394,83,8,5,0.135671,,,,,,,,,,,,,True,514,52,8,5,0.09079,,,,,,,,,,,,
3437,534,22,3959,4505.17,,,0.4,,,,,True,394,83,8,5,0.135671,,,,,,,,,,,,,True,518,72,8,5,0.094657,,,,,,,,,,,,
3437,534,23,3959,4505.17,,,0.4,,,,,True,394,83,8,5,0.135671,,,,,,,,,,,,,True,514,65,8,5,0.13442,,,,,,,,,,,,
3437,534,24,3959,4505.17,,,0.4,,,,,True,394,83,8,5,0.135671,,,,,,,,,,,,,True,513,57,8,5,0.104813,,,,,,,,,,,,
3437,534,25,3959,4505.17,,,0.4,,,,,True,394,83,8,5,0.135671,,,,,,,,,,,,,True,516,58,8,5,0.115462,,,,,,,,,,,,
3437,534,26,3959,4505.17,,,0.4,,,,,True,394,83,8,5,0.135671,,,,,,,,,,,,,True,510,61,8,5,0.090615,,,,,,,,,,,,
3437,534,27,3959,4505.17,,,0.4,,,,,True,394,83,8,5,0.135671,,,,,,,,,,,,,True,513,59,8,5,0.090561,,,,,,,,,,,,
3437,534,28,3959,4505.17,,,0.4,,,,,True,394,83,8,5,0.135671,,,,,,,,,,,,,True,523,61,8,5,0.092652,,,,,,,,,,,,
3437,534,29,3959,4505.17,,,0.4,,,,,True,394,83,8,5,0.135671,,,,,,,,,,,,,True,516,59,8,5,0.104789,,,,,,,,,,,,
3437,534,30,3959,4505.17,,,0.4,,,,,True,394,83,8,5,0.135671,,,,,,,,,,,,,True,518,58,8,5,0.106516,,,,,,,,,,,,
3980,52,1,85,117.44,75.0,68.5,0.05,82,113.14,74.0,66.5,True,52,18,8,5,0.000157,True,7.342016808376022,,,,0.4,0.4,2,inf,1.028404,,1.028404,True,52,18,8,5,0.000122,True,7.08784088330884,,,,0.4,0.4,2,inf,1.197892,,1.197892
3980,52,2,85,117.44,75.0,68.5,0.05,81,113.93,74.0,65.5,True,52,18,8,5,0.000157,True,7.342016808376022,,,,0.4,0.4,2,inf,1.028404,,1.028404,True,52,17,8,5,0.000134,True,7.073543972897075,,,,0.4,0.4,2,inf,1.103223,,1.103223
3980,52,3,85,117.44,75.0,68.5,0.05,80,110.72,74.0,65.0,True,52,18,8,5,0.000157,True,7.342016808376022,,,,0.4,0.4,2,inf,1.028404,,1.028404,True,52,18,8,5,0.000126,True,7.095271227533188,,,,0.4,0.4,2,inf,1.084221,,1.084221
3980,52,4,85,117.44,75.0,68.5,0.05,83,114.54,74.0,67.0,True,52,18,8,5,0.000157,True,7.342016808376022,,,,0.4,0.4,2,inf,1.028404,,1.028404,True,52,18,8,5,0.000145,True,7.218975999414965,,,,0.4,0.4,2,inf,1.153062,,1.153062
3980,52,5,85,117.44,75.0,68.5,0.05,81,107.67,74.0,63.0,True,52,18,8,5,0.000157,True,7.342016808376022,,,,0.4,0.4,2,inf,1.028404,,1.028404,True,52,17,8,5,0.000121,True,6.8362940039141975,,,,0.4,0.4,2,inf,1.090268,,1.090268
3980,52,6,85,117.44,75.0,68.5,0.05,86,112.2,74.0,66.5,True,52,18,8,5,0.000157,True,7.342016808376022,,,,0.4,0.4,2,inf,1.028404,,1.028404,True,52,17,8,5,0.000128,True,6.834162286250197,,,,0.4,0.4,2,inf,1.105987,,1.105987
3980,52,7,85,117.44,75.0,68.5,0.05,81,106.31,74.0,62.5,True,52,18,8,5,0.000157,True,7.342016808376022,,,,0.4,0.4,2,inf,1.028404,,1.028404,True,52,17,8,5,0.000147,True,6.4005385165823645,,,,0.4,0.4,2,inf,1.124034,,1.124034
3980,52,8,85,117.44,75.0,68.5,0.05,86,113.75,74.0,66.0,True,52,18,8,5,0.000157,True,7.342016808376022,,,,0.4,0.4,2,inf,1.028404,,1.028404,True,52,17,8,5,0.000152,True,6.717422146183851,,,,0.4,0.4,2,inf,1.068235,,1.068235
3980,52,9,85,117.44,75.0,68.5,0.05,80,110.35,74.0,65.0,True,52,18,8,5,0.000157,True,7.342016808376022,,,,0.4,0.4,2,inf,1.028404,,1.028404,True,52,17,8,5,0.000126,True,6.960342696581426,,,,0.4,0.4,2,inf,1.196851,,1.196851
3980,52,10,85,117.44,75.0,68.5,0.05,84,109.93,74.0,66.0,True,52,18,8,5,0.000157,True,7.342016808376022,,,,0.4,0.4,2,inf,1.028404,,1.028404,True,52,17,8,5,0.000127,True,7.045632052975993,,,,0.4,0.4,2,inf,1.101362,,1.101362
3980,52,11,85,117.44,75.0,68.5,0.05,78,102.29,74.0,62.0,True,52,18,8,5,0.000157,True,7.342016808376022,,,,0.4,0.4,2,inf,1.028404,,1.028404,True,52,16,8,5,0.000124,True,6.455556043438654,,,,0.4,0.4,2,inf,1.075377,,1.075377
3980,52,12,85,117.44,75.0,68.5,0.05,85,108.96,74.0,63.0,True,52,18,8,5,0.000157,True,7.342016808376022,,,,0.4,0.4,2,inf,1.028404,,1.028404,True,52,16,8,5,0.000129,True,6.6931239147059856,,,,0.4,0.4,2,inf,1.127835,,1.127835
3980,52,13,85,117.44,75.0,68.5,0.05,77,104.04,74.0,62.0,True,52,18,8,5,0.000157,True,7.342016808376022,,,,0.4,0.4,2,inf,1.028404,,1.028404,True,52,16,8,5,0.000124,True,6.447483816740535,,,,0.4,0.4,2,inf,1.042187,,1.042187
3980,52,14,85,117.44,75.0,68.5,0.05,82,108.7,74.0,63.5,True,52,18,8,5,0.000157,True,7.342016808376022,,,,0.4,0.4,2,inf,1.028404,,1.028404,True,52,17,8,5,0.000139,True,6.867894630828526,,,,0.4,0.4,2,inf,1.020957,,1.020957
3980,52,15,85,117.44,75.0,68.5,0.05,83,111.52,74.0,63.0,True,52,18,8,5,0.000157,True,7.342016808376022,,,,0.4,0.4,2,inf,1.028404,,1.028404,True,52,17,8,5,0.000123,True,6.860635893086805,,,,0.4,0.4,2,inf,1.126375,,1.126375
3980,52,16,85,117.44,75.0,68.5,0.05,89,114.29,74.0,65.0,True,52,18,8,5,0.000157,True,7.342016808376022,,,,0.4,0.4,2,inf,1.028404,,1.028404,True,52,18,8,5,0.000142,True,7.029894618212838,,,,0.4,0.4,2,inf,1.020578,,1.020578
3980,52,17,85,117.44,75.0,68.5,0.05,78,112.87,74.0,65.5,True,52,18,8,5,0.000157,True,7.342016808376022,,,,0.4,0.4,2,inf,1.028404,,1.028404,True,52,16,8,5,0.000128,True,6.70944645789983,,,,0.4,0.4,2,inf,1.195459,,1.195459
3980,52,18,85,117.44,75.0,68.5,0.05,89,113.07,74.0,66.0,True,52,18,8,5,0.000157,True,7.342016808376022,,,,0.4,0.4,2,inf,1.028404,,1.028404,True,52,17,8,5,0.000122,True,6.938761532375036,,,,0.4,0.4,2,inf,1.148897,,1.148897
3980,52,19,85,117.44,75.0,68.5,0.05,82,111.23,74.0,64.0,True,52,18,8,5,0.000157,True,7.342016808376022,,,,0.4,0.4,2,inf,1.028404,,1.028404,True,52,16,8,5,0.000111,True,6.699572188390409,,,,0.4,0.4,2,inf,1.066125,,1.066125
3980,52,20,85,117.44,75.0,68.5,0.05,86,110,74.0,64.5,True,52,18,8,5,0.000157,True,7.342016808376022,,,,0.4,0.4,2,inf,1.028404,,1.028404,True,52,17,8,5,0.000106,True,6.860537162977343,,,,0.4,0.4,2,inf,1.050127,,1.050127
3980,52,21,85,117.44,75.0,68.5,0.05,78,108.37,74.0,61.5,True,52,18,8,5,0.000157,True,7.342016808376022,,,,0.4,0.4,2,inf,1.028404,,1.028404,True,52,17,8,5,0.000109,True,6.7169271328152025,,,,0.4,0.4,2,inf,1.102745,,1.102745
3980,52,22,85,117.44,75.0,68.5,0.05,77,107.29,74.0,64.0,True,52,18,8,5,0.000157,True,7.342016808376022,,,,0.4,0.4,2,inf,1.028404,,1.028404,True,52,17,8,5,0.00011,True,6.806743796997256,,,,0.4,0.4,2,inf,1.088807,,1.088807
3980,52,23,85,117.44,75.0,68.5,0.05,82,109.4,74.0,64.0,True,52,18,8,5,0.000157,True,7.342016808376022,,,,0.4,0.4,2,inf,1.028404,,1.028404,True,52,18,8,5,0.000106,True,6.941627870616148,,,,0.4,0.4,2,inf,1.042531,,1.042531
3980,52,24,85,117.44,75.0,68.5,0.05,85,111.56,74.0,65.5,True,52,18,8,5,0.000157,True,7.342016808376022,,,,0.4,0.4,2,inf,1.028404,,1.028404,True,52,17,8,5,0.00011,True,6.931775291667837,,,,0.4,0.4,2,inf,1.024789,,1.024789
3980,52,25,85,117.44,75.0,68.5,0.05,86,112.76,74.0,65.0,True,52,18,8,5,0.000157,True,7.342016808376022,,,,0.4,0.4,2,inf,1.028404,,1.028404,True,52,17,8,5,0.000113,True,6.976517198482229,,,,0.4,0.4,2,inf,1.074577,,1.074577
3980,52,26,85,117.44,75.0,68.5,0.05,79,109.66,74.0,65.5,True,52,18,8,5,0.000157,True,7.342016808376022,,,,0.4,0.4,2,inf,1.028404,,1.028404,True,52,17,8,5,0.000122,True,6.72746599712165,,,,0.4,0.4,2,inf,1.062799,,1.062799
3980,52,27,85,117.44,75.0,68.5,0.05,73,108.59,74.0,64.0,True,52,18,8,5,0.000157,True,7.342016808376022,,,,0.4,0.4,2,inf,1.028404,,1.028404,True,52,16,8,5,0.000115,True,6.461717267819138,,,,0.4,0.4,2,inf,1.129412,,1.129412
3980,52,28,85,117.44,75.0,68.5,0.05,87,113.19,74.0,65.0,True,52,18,8,5,0.000157,True,7.342016808376022,,,,0.4,0.4,2,inf,1.028404,,1.028404,True,52,17,8,5,0.000109,True,6.99402856722553,,,,0.4,0.4,2,inf,1.074776,,1.074776
3980,52,29,85,117.44,75.0,68.5,0.05,75,109.08,74.0,66.0,True,52,18,8,5,0.000157,True,7.342016808376022,,,,0.4,0.4,2,inf,1.028404,,1.028404,True,52,18,8,5,0.000109,True,7.234637953735316,,,,0.4,0.4,2,inf,1.089828,,1.089828
3980,52,30,85,117.44,75.0,68.5,0.05,78,105.43,74.0,62.0,True,52,18,8,5,0.000157,True,7.342016808376022,,,,0.4,0.4,2,inf,1.028404,,1.028404,True,52,17,8,5,0.00011,True,6.804227527260844,,,,0.4,0.4,2,inf,1.048047,,1.048047
3980,52,1,85,117.44,75.0,68.5,0.15,74,95.51,67.0,57.5,True,52,18,8,5,0.000157,True,7.342016808376022,,,,0.4,0.4,2,inf,1.028404,,1.028404,True,52,17,8,5,0.000106,True,6.133252402779357,,,,0.4,0.4,2,inf,1.14087,,1.14087
3980,52,2,85,117.44,75.0,68.5,0.15,74,97.89,67.0,56.5,True,52,18,8,5,0.000157,True,7.342016808376022,,,,0.4,0.4,2,inf,1.028404,,1.028404,True,52,17,8,5,0.000109,True,6.355993662795366,,,,0.4,0.4,2,inf,1.188706,,1.188706
3980,52,3,85,117.44,75.0,68.5,0.15,68,90.44,67.0,55.0,True,52,18,8,5,0.000157,True,7.342016808376022,,,,0.4,0.4,2,inf,1.028404,,1.028404,True,52,16,8,5,0.000143,True,6.056206057745605,,,,0.4,0.4,2,inf,1.050813,,1.050813
3980,52,4,85,117.44,75.0,68.5,0.15,75,98,67.0,56.0,True,52,18,8,5,0.000157,True,7.342016808376022,,,,0.4,0.4,2,inf,1.028404,,1.028404,True,52,15,8,5,0.000104,True,5.729158711998528,,,,0.4,0.4,2,inf,1.072943,,1.072943
3980,52,5,85,117.44,75.0,68.5,0.15,77,97.13,67.0,57.75,True,52,18,8,5,0.000157,True,7.342016808376022,,,,0.4,0.4,2,inf,1.028404,,1.028404,True,52,16,8,5,0.000195,True,6.021371114151263,,,,0.4,0.4,2,inf,1.072528,,1.072528
3980,52,6,85,117.44,75.0,68.5,0.15,78,98.48,67.0,58.0,True,52,18,8,5,0.000157,True,7.342016808376022,,,,0.4,0.4,2,inf,1.028404,,1.028404,True,52,14,8,5,0.000136,True,5.779187733089301,,,,0.4,0.4,2,inf,1.067923,,1.067923
3980,52,7,85,117.44,75.0,68.5,0.15,71,91.37,67.0,55.750000000000114,True,52,18,8,5,0.000157,True,7.342016808376022,,,,0.4,0.4,2,inf,1.028404,,1.028404,True,52,14,8,5,0.000156,True,5.357125396001327,,,,0.4,0.4,2,inf,1.099535,,1.099535
3980,52,8,85,117.44,75.0,68.5,0.15,79,99.42,67.0,58.0,True,52,18,8,5,0.000157,True,7.342016808376022,,,,0.4,0.4,2,inf,1.028404,,1.028404,True,52,17,8,5,0.000154,True,6.079786503565379,,,,0.4,0.4,2,inf,1.064349,,1.064349
3980,52,9,85,117.44,75.0,68.5,0.15,75,99.94,67.0,58.75,True,52,18,8,5,0.000157,True,7.342016808376022,,,,0.4,0.4,2,inf,1.028404,,1.028404,True,52,16,8,5,0.000159,True,6.225523357371391,,,,0.4,0.4,2,inf,1.108675,,1.108675
3980,52,10,85,117.44,75.0,68.5,0.15,77,93.85,67.0,58.0,True,52,18,8,5,0.000157,True,7.342016808376022,,,,0.4,0.4,2,inf,1.028404,,1.028404,True,52,15,8,5,0.000201,True,5.864700192326008,,,,0.4,0.4,2,inf,1.279674,,1.279674
3980,52,11,85,117.44,75.0,68.5,0.15,68,86.03,67.0,53.0,True,52,18,8,5,0.000157,True,7.342016808376022,,,,0.4,0.4,2,inf,1.028404,,1.028404,True,52,16,8,5,0.000165,True,5.908748218376839,,,,0.4,0.4,2,inf,1.045218,,1.045218
3980,52,12,85,117.44,75.0,68.5,0.15,68,90.41,67.0,53.249999999999886,True,52,18,8,5,0.000157,True,7.342016808376022,,,,0.4,0.4,2,inf,1.028404,,1.028404,True,52,14,8,5,0.00021,True,5.57862469925566,,,,0.4,0.4,2,inf,1.085207,,1.085207
3980,52,13,85,117.44,75.0,68.5,0.15,68,89.13,67.0,54.0,True,52,18,8,5,0.000157,True,7.342016808376022,,,,0.4,0.4,2,inf,1.028404,,1.028404,True,52,14,8,5,0.000199,True,5.403369996943793,,,,0.4,0.4,2,inf,1.080604,,1.080604
3980,52,14,85,117.44,75.0,68.5,0.15,78,98.99,67.0,56.5,True,52,18,8,5,0.000157,True,7.342016808376022,,,,0.4,0.4,2,inf,1.028404,,1.028404,True,52,16,8,5,0.000131,True,6.073960168796423,,,,0.4,0.4,2,inf,1.104165,,1.104165
3980,52,15,85,117.44,75.0,68.5,0.15,79,97.56,67.0,57.5,True,52,18,8,5,0.000157,True,7.342016808376022,,,,0.4,0.4,2,inf,1.028404,,1.028404,True,52,15,8,5,0.000159,True,6.057588923033322,,,,0.4,0.4,2,inf,1.140905,,1.140905
3980,52,16,85,117.44,75.0,68.5,0.15,82,102.93,67.0,59.5,True,52,18,8,5,0.000157,True,7.342016808376022,,,,0.4,0.4,2,inf,1.028404,,1.028404,True,52,16,8,5,0.000201,True,6.298745495075089,,,,0.4,0.4,2,inf,1.081936,,1.081936
3980,52,17,85,117.44,75.0,68.5,0.15,74,100.45,67.0,60.0,True,52,18,8,5,0.000157,True,7.342016808376022,,,,0.4,0.4,2,inf,1.028404,,1.028404,True,52,15,8,5,0.000215,True,5.840214591512512,,,,0.4,0.4,2,inf,1.123354,,1.123354
3980,52,18,85,117.44,75.0,68.5,0.15,80,97.08,67.0,59.0,True,52,18,8,5,0.000157,True,7.342016808376022,,,,0.4,0.4,2,inf,1.028404,,1.028404,True,52,16,8,5,0.000161,True,5.685205650934859,,,,0.4,0.4,2,inf,1.066546,,1.066546
3980,52,19,85,117.44,75.0,68.5,0.15,65,89.33,67.0,52.5,True,52,18,8,5,0.000157,True,7.342016808376022,,,,0.4,0.4,2,inf,1.028404,,1.028404,True,52,13,8,5,0.000163,True,5.398400746785597,,,,0.4,0.4,2,inf,1.13813,,1.13813
3980,52,20,85,117.44,75.0,68.5,0.15,67,90.66,67.0,55.16666666666674,True,52,18,8,5,0.000157,True,7.342016808376022,,,,0.4,0.4,2,inf,1.028404,,1.028404,True,52,16,8,5,0.000162,True,6.252255833911344,,,,0.4,0.4,2,inf,1.152263,,1.152263
3980,52,21,85,117.44,75.0,68.5,0.15,69,93.41,67.0,54.5,True,52,18,8,5,0.000157,True,7.342016808376022,,,,0.4,0.4,2,inf,1.028404,,1.028404,True,52,14,8,5,0.000161,True,5.652796361282912,,,,0.4,0.4,2,inf,1.160744,,1.160744
3980,52,22,85,117.44,75.0,68.5,0.15,73,95.33,67.0,56.5,True,52,18,8,5,0.000157,True,7.342016808376022,,,,0.4,0.4,2,inf,1.028404,,1.028404,True,52,16,8,5,0.000195,True,6.156849036016107,,,,0.4,0.4,2,inf,1.088044,,1.088044
3980,52,23,85,117.44,75.0,68.5,0.15,76,93,67.0,54.0,True,52,18,8,5,0.000157,True,7.342016808376022,,,,0.4,0.4,2,inf,1.028404,,1.028404,True,52,17,8,5,0.000193,True,5.839060845441603,,,,0.4,0.4,2,inf,1.024408,,1.024408
3980,52,24,85,117.44,75.0,68.5,0.15,75,100.59,67.0,57.5,True,52,18,8,5,0.000157,True,7.342016808376022,,,,0.4,0.4,2,inf,1.028404,,1.028404,True,52,15,8,5,0.000221,True,5.939366404862073,,,,0.4,0.4,2,inf,1.080698,,1.080698
3980,52,25,85,117.44,75.0,68.5,0.15,78,94.34,67.0,54.0,True,52,18,8,5,0.000157,True,7.342016808376022,,,,0.4,0.4,2,inf,1.028404,,1.028404,True,52,15,8,5,0.000201,True,5.931357351117959,,,,0.4,0.4,2,inf,1.052754,,1.052754
3980,52,26,85,117.44,75.0,68.5,0.15,77,102.02,67.0,60.5,True,52,18,8,5,0.000157,True,7.342016808376022,,,,0.4,0.4,2,inf,1.028404,,1.028404,True,52,17,8,5,0.000188,True,6.445265203933734,,,,0.4,0.4,2,inf,1.12946,,1.12946
3980,52,27,85,117.44,75.0,68.5,0.15,74,89.82,67.0,53.5,True,52,18,8,5,0.000157,True,7.342016808376022,,,,0.4,0.4,2,inf,1.028404,,1.028404,True,52,16,8,5,0.000187,True,5.73897511209245,,,,0.4,0.4,2,inf,1.085369,,1.085369
3980,52,28,85,117.44,75.0,68.5,0.15,84,98.34,67.0,56.0,True,52,18,8,5,0.000157,True,7.342016808376022,,,,0.4,0.4,2,inf,1.028404,,1.028404,True,52,16,8,5,0.000167,True,6.237449124071433,,,,0.4,0.4,2,inf,1.126125,,1.126125
3980,52,29,85,117.44,75.0,68.5,0.15,81,103.15,67.0,60.5,True,52,18,8,5,0.000157,True,7.342016808376022,,,,0.4,0.4,2,inf,1.028404,,1.028404,True,52,18,8,5,0.000261,True,6.916513046713919,,,,0.4,0.4,2,inf,1.118813,,1.118813
3980,52,30,85,117.44,75.0,68.5,0.15,73,91.9,67.0,55.0,True,52,18,8,5,0.000157,True,7.342016808376022,,,,0.4,0.4,2,inf,1.028404,,1.028404,True,52,15,8,5,0.000158,True,5.96599161116895,,,,0.4,0.4,2,inf,1.047649,,1.047649
3980,52,1,85,117.44,75.0,68.5,0.25,68,85.4,58.0,50.5,True,52,18,8,5,0.000157,True,7.342016808376022,,,,0.4,0.4,2,inf,1.028404,,1.028404,True,52,14,8,5,0.000202,True,5.004528441293204,,,,0.4,0.4,2,inf,1.048865,,1.048865
3980,52,2,85,117.44,75.0,68.5,0.25,72,86.07,58.0,50.5,True,52,18,8,5,0.000157,True,7.342016808376022,,,,0.4,0.4,2,inf,1.028404,,1.028404,True,52,13,8,5,0.000188,True,5.351727282976514,,,,0.4,0.4,2,inf,1.107242,,1.107242
3980,52,3,85,117.44,75.0,68.5,0.25,65,81.43,58.0,48.0,True,52,18,8,5,0.000157,True,7.342016808376022,,,,0.4,0.4,2,inf,1.028404,,1.028404,True,52,14,8,5,0.000223,True,5.48661755334815,,,,0.4,0.4,2,inf,1.075477,,1.075477
3980,52,4,85,117.44,75.0,68.5,0.25,67,86.79,58.0,49.5,True,52,18,8,5,0.000157,True,7.342016808376022,,,,0.4,0.4,2,inf,1.028404,,1.028404,True,52,15,8,5,0.00016,True,5.123442968261151,,,,0.4,0.4,2,inf,1.098239,,1.098239
3980,52,5,85,117.44,75.0,68.5,0.25,69,85.81,58.0,49.75,True,52,18,8,5,0.000157,True,7.342016808376022,,,,0.4,0.4,2,inf,1.028404,,1.028404,True,52,14,8,5,0.000174,True,5.252067630121416,,,,0.4,0.4,2,inf,1.076194,,1.076194
3980,52,6,85,117.44,75.0,68.5,0.25,68,84.94,58.0,49.5,True,52,18,8,5,0.000157,True,7.342016808376022,,,,0.4,0.4,2,inf,1.028404,,1.028404,True,52,13,8,5,0.000155,True,4.876844901981799,,,,0.4,0.4,2,inf,1.087083,,1.087083
3980,52,7,85,117.44,75.0,68.5,0.25,64,81.54,58.0,49.83333333333337,True,52,18,8,5,0.000157,True,7.342016808376022,,,,0.4,0.4,2,inf,1.028404,,1.028404,True,52,14,8,5,0.00019,True,5.092478759937064,,,,0.4,0.4,2,inf,1.051663,,1.051663
3980,52,8,85,117.44,75.0,68.5,0.25,70,86.95,58.0,50.0,True,52,18,8,5,0.000157,True,7.342016808376022,,,,0.4,0.4,2,inf,1.028404,,1.028404,True,52,16,8,5,0.000224,True,5.360621068353625,,,,0.4,0.4,2,inf,1.10592,,1.10592
3980,52,9,85,117.44,75.0,68.5,0.25,64,86.84,58.0,50.5,True,52,18,8,5,0.000157,True,7.342016808376022,,,,0.4,0.4,2,inf,1.028404,,1.028404,True,52,14,8,5,0.000218,True,5.4555693701986625,,,,0.4,0.4,2,inf,1.062604,,1.062604
3980,52,10,85,117.44,75.0,68.5,0.25,71,83.09,58.0,51.5,True,52,18,8,5,0.000157,True,7.342016808376022,,,,0.4,0.4,2,inf,1.028404,,1.028404,True,52,15,8,5,0.000343,True,5.3239086888488965,,,,0.4,0.4,2,inf,1.087861,,1.087861
3980,52,11,85,117.44,75.0,68.5,0.25,58,75.09,58.0,44.0,True,52,18,8,5,0.000157,True,7.342016808376022,,,,0.4,0.4,2,inf,1.028404,,1.028404,True,52,14,8,5,0.00023,True,4.924896740569046,,,,0.4,0.4,2,inf,1.099677,,1.099677
3980,52,12,85,117.44,75.0,68.5,0.25,57,72.51,58.0,43.25,True,52,18,8,5,0.000157,True,7.342016808376022,,,,0.4,0.4,2,inf,1.028404,,1.028404,True,52,13,8,5,0.000184,True,5.006956845318286,,,,0.4,0.4,2,inf,1.170178,,1.170178
3980,52,13,85,117.44,75.0,68.5,0.25,60,79.97,58.0,48.25,True,52,18,8,5,0.000157,True,7.342016808376022,,,,0.4,0.4,2,inf,1.028404,,1.028404,True,52,12,8,5,0.000205,True,4.798780008224775,,,,0.4,0.4,2,inf,1.030834,,1.030834
3980,52,14,85,117.44,75.0,68.5,0.25,65,85.45,58.0,49.0,True,52,18,8,5,0.000157,True,7.342016808376022,,,,0.4,0.4,2,inf,1.028404,,1.028404,True,52,16,8,5,0.000187,True,5.438686279973716,,,,0.4,0.4,2,inf,1.11663,,1.11663
3980,52,15,85,117.44,75.0,68.5,0.25,70,84.19,58.0,50.5,True,52,18,8,5,0.000157,True,7.342016808376022,,,,0.4,0.4,2,inf,1.028404,,1.028404,True,52,12,8,5,0.000223,True,5.091175599044182,,,,0.4,0.4,2,inf,1.220319,,1.220319
3980,52,16,85,117.44,75.0,68.5,0.25,77,94.03,58.0,54.0,True,52,18,8,5,0.000157,True,7.342016808376022,,,,0.4,0.4,2,inf,1.028404,,1.028404,True,52,14,8,5,0.000358,True,5.614124103562056,,,,0.4,0.4,2,inf,1.019488,,1.019488
3980,52,17,85,117.44,75.0,68.5,0.25,70,88.59,58.0,52.5,True,52,18,8,5,0.000157,True,7.342016808376022,,,,0.4,0.4,2,inf,1.028404,,1.028404,True,52,14,8,5,0.000189,True,5.1399483508322845,,,,0.4,0.4,2,inf,1.051742,,1.051742
3980,52,18,85,117.44,75.0,68.5,0.25,65,83.74,58.0,50.375,True,52,18,8,5,0.000157,True,7.342016808376022,,,,0.4,0.4,2,inf,1.028404,,1.028404,True,52,15,8,5,0.000241,True,5.1734090654051,,,,0.4,0.4,2,inf,1.031876,,1.031876
3980,52,19,85,117.44,75.0,68.5,0.25,56,73.88,58.0,42.5,True,52,18,8,5,0.000157,True,7.342016808376022,,,,0.4,0.4,2,inf,1.028404,,1.028404,True,52,12,8,5,0.001193,True,4.327555860874049,,,,0.4,0.4,2,inf,1.092506,,1.092506
3980,52,20,85,117.44,75.0,68.5,0.25,62,76.27,58.0,46.5,True,52,18,8,5,0.000157,True,7.342016808376022,,,,0.4,0.4,2,inf,1.028404,,1.028404,True,52,14,8,5,0.000203,True,5.51660867469851,,,,0.4,0.4,2,inf,1.052262,,1.052262
3980,52,21,85,117.44,75.0,68.5,0.25,58,77.66,58.0,47.25,True,52,18,8,5,0.000157,True,7.342016808376022,,,,0.4,0.4,2,inf,1.028404,,1.028404,True,52,13,8,5,0.000204,True,4.937030724396585,,,,0.4,0.4,2,inf,1.068742,,1.068742
3980,52,22,85,117.44,75.0,68.5,0.25,67,81.94,58.0,47.75,True,52,18,8,5,0.000157,True,7.342016808376022,,,,0.4,0.4,2,inf,1.028404,,1.028404,True,52,14,8,5,0.00028,True,5.3394419570328475,,,,0.4,0.4,2,inf,1.088279,,1.088279
3980,52,23,85,117.44,75.0,68.5,0.25,68,82.83,58.0,48.33333333333337,True,52,18,8,5,0.000157,True,7.342016808376022,,,,0.4,0.4,2,inf,1.028404,,1.028404,True,52,16,8,5,0.000226,True,5.11351628966236,,,,0.4,0.4,2,inf,1.046995,,1.046995
3980,52,24,85,117.44,75.0,68.5,0.25,66,85.12,58.0,50.0,True,52,18,8,5,0.000157,True,7.342016808376022,,,,0.4,0.4,2,inf,1.028404,,1.028404,True,52,13,8,5,0.000187,True,5.197799997545002,,,,0.4,0.4,2,inf,1.040106,,1.040106
3980,52,25,85,117.44,75.0,68.5,0.25,66,79.98,58.0,46.25,True,52,18,8,5,0.000157,True,7.342016808376022,,,,0.4,0.4,2,inf,1.028404,,1.028404,True,52,13,8,5,0.000209,True,4.957245076885141,,,,0.4,0.4,2,inf,1.075942,,1.075942
3980,52,26,85,117.44,75.0,68.5,0.25,67,82.73,58.0,49.5,True,52,18,8,5,0.000157,True,7.342016808376022,,,,0.4,0.4,2,inf,1.028404,,1.028404,True,52,13,8,5,0.00019,True,4.95516027907141,,,,0.4,0.4,2,inf,1.141268,,1.141268
3980,52,27,85,117.44,75.0,68.5,0.25,64,78.79,58.0,48.0,True,52,18,8,5,0.000157,True,7.342016808376022,,,,0.4,0.4,2,inf,1.028404,,1.028404,True,52,14,8,5,0.000208,True,5.243111517396852,,,,0.4,0.4,2,inf,1.047713,,1.047713
3980,52,28,85,117.44,75.0,68.5,0.25,68,81.73,58.0,47.5,True,52,18,8,5,0.000157,True,7.342016808376022,,,,0.4,0.4,2,inf,1.028404,,1.028404,True,52,14,8,5,0.000176,True,5.117115682068195,,,,0.4,0.4,2,inf,1.10052,,1.10052
3980,52,29,85,117.44,75.0,68.5,0.25,73,88.94,58.0,52.5,True,52,18,8,5,0.000157,True,7.342016808376022,,,,0.4,0.4,2,inf,1.028404,,1.028404,True,52,15,8,5,0.000169,True,5.70082524199306,,,,0.4,0.4,2,inf,1.027587,,1.027587
3980,52,30,85,117.44,75.0,68.5,0.25,67,82.75,58.0,50.5,True,52,18,8,5,0.000157,True,7.342016808376022,,,,0.4,0.4,2,inf,1.028404,,1.028404,True,52,14,8,5,0.000146,True,5.070105236560556,,,,0.4,0.4,2,inf,1.020617,,1.020617
3980,52,1,85,117.44,75.0,68.5,0.4,48,57,37.0,33.4375,True,52,18,8,5,0.000157,True,7.342016808376022,,,,0.4,0.4,2,inf,1.028404,,1.028404,True,52,11,8,5,0.000135,True,3.795320654308447,,,,0.4,0.4,2,inf,1.038579,,1.038579
3980,52,2,85,117.44,75.0,68.5,0.4,55,66.24,37.0,39.5,True,52,18,8,5,0.000157,True,7.342016808376022,,,,0.4,0.4,2,inf,1.028404,,1.028404,True,52,13,8,5,0.000148,True,4.540273337462252,,,,0.4,0.4,2,inf,1.061854,,1.061854
3980,52,3,85,117.44,75.0,68.5,0.4,49,59.7,37.0,33.25,True,52,18,8,5,0.000157,True,7.342016808376022,,,,0.4,0.4,2,inf,1.028404,,1.028404,True,52,12,8,5,0.000128,True,4.251137483290773,,,,0.4,0.4,2,inf,1.042665,,1.042665
3980,52,4,85,117.44,75.0,68.5,0.4,49,62.31,37.0,35.857142857143,True,52,18,8,5,0.000157,True,7.342016808376022,,,,0.4,0.4,2,inf,1.028404,,1.028404,True,52,12,8,5,0.000124,True,4.000037114246524,,,,0.4,0.4,2,inf,1.052907,,1.052907
3980,52,5,85,117.44,75.0,68.5,0.4,51,62.22,37.0,36.0,True,52,18,8,5,0.000157,True,7.342016808376022,,,,0.4,0.4,2,inf,1.028404,,1.028404,True,52,12,8,5,0.000128,True,3.6958974654678087,,,,0.4,0.4,2,inf,1.111496,,1.111496
3980,52,6,85,117.44,75.0,68.5,0.4,48,60.09,37.0,35.5,True,52,18,8,5,0.000157,True,7.342016808376022,,,,0.4,0.4,2,inf,1.028404,,1.028404,True,52,11,8,5,0.000124,True,3.987909437888115,,,,0.4,0.4,2,inf,1.0324,,1.0324
3980,52,7,85,117.44,75.0,68.5,0.4,54,68.11,37.0,41.0,True,52,18,8,5,0.000157,True,7.342016808376022,,,,0.4,0.4,2,inf,1.028404,,1.028404,True,52,13,8,5,0.000129,True,4.4019604986413325,,,,0.4,0.4,2,inf,1.050094,,1.050094
3980,52,8,85,117.44,75.0,68.5,0.4,50,62.01,37.0,35.875,True,52,18,8,5,0.000157,True,7.342016808376022,,,,0.4,0.4,2,inf,1.028404,,1.028404,True,52,13,8,5,0.000175,True,4.035717459098857,,,,0.4,0.4,2,inf,1.043608,,1.043608
3980,52,9,85,117.44,75.0,68.5,0.4,53,63.9,37.0,37.5,True,52,18,8,5,0.000157,True,7.342016808376022,,,,0.4,0.4,2,inf,1.028404,,1.028404,True,52,11,8,5,0.000134,True,4.19935130554649,,,,0.4,0.4,2,inf,1.000904,,1.000904
3980,52,10,85,117.44,75.0,68.5,0.4,45,55.76,37.0,34.25,True,52,18,8,5,0.000157,True,7.342016808376022,,,,0.4,0.4,2,inf,1.028404,,1.028404,True,52,11,8,5,0.00016,True,3.8030890597214846,,,,0.4,0.4,2,inf,1.055049,,1.055049
3980,52,11,85,117.44,75.0,68.5,0.4,44,57.86,37.0,32.5,True,52,18,8,5,0.000157,True,7.342016808376022,,,,0.4,0.4,2,inf,1.028404,,1.028404,True,52,12,8,5,0.000129,True,3.856690814732637,,,,0.4,0.4,2,inf,1.096844,,1.096844
3980,52,12,85,117.44,75.0,68.5,0.4,47,61.53,37.0,35.5,True,52,18,8,5,0.000157,True,7.342016808376022,,,,0.4,0.4,2,inf,1.028404,,1.028404,True,52,12,8,5,0.000129,True,4.4258352826133285,,,,0.4,0.4,2,inf,1.05681,,1.05681
3980,52,13,85,117.44,75.0,68.5,0.4,44,59.33,37.0,33.5,True,52,18,8,5,0.000157,True,7.342016808376022,,,,0.4,0.4,2,inf,1.028404,,1.028404,True,52,10,8,5,0.000134,True,3.70028163567023,,,,0.4,0.4,2,inf,1.077555,,1.077555
3980,52,14,85,117.44,75.0,68.5,0.4,50,62.35,37.0,36.49999999999977,True,52,18,8,5,0.000157,True,7.342016808376022,,,,0.4,0.4,2,inf,1.028404,,1.028404,True,52,15,8,5,0.000136,True,4.4363064817881845,,,,0.4,0.4,2,inf,1.076132,,1.076132
3980,52,15,85,117.44,75.0,68.5,0.4,48,59.2,37.0,36.5,True,52,18,8,5,0.000157,True,7.342016808376022,,,,0.4,0.4,2,inf,1.028404,,1.028404,True,52,9,8,5,0.000133,True,3.4973660138562965,,,,0.4,0.4,2,inf,1.05991,,1.05991
3980,52,16,85,117.44,75.0,68.5,0.4,59,70.95,37.0,40.625,True,52,18,8,5,0.000157,True,7.342016808376022,,,,0.4,0.4,2,inf,1.028404,,1.028404,True,52,13,8,5,0.000221,True,4.312597344340029,,,,0.4,0.4,2,inf,1.02677,,1.02677
3980,52,17,85,117.44,75.0,68.5,0.4,56,66.48,37.0,38.5,True,52,18,8,5,0.000157,True,7.342016808376022,,,,0.4,0.4,2,inf,1.028404,,1.028404,True,52,11,8,5,0.000137,True,4.003074757359307,,,,0.4,0.4,2,inf,1.061308,,1.061308
3980,52,18,85,117.44,75.0,68.5,0.4,57,71.84,37.0,41.0,True,52,18,8,5,0.000157,True,7.342016808376022,,,,0.4,0.4,2,inf,1.028404,,1.028404,True,52,13,8,5,0.000129,True,4.084718686680793,,,,0.4,0.4,2,inf,1.119791,,1.119791
3980,52,19,85,117.44,75.0,68.5,0.4,48,55.61,37.0,31.375,True,52,18,8,5,0.000157,True,7.342016808376022,,,,0.4,0.4,2,inf,1.028404,,1.028404,True,52,10,8,5,0.000125,True,3.27107438056414,,,,0.4,0.4,2,inf,1.081067,,1.081067
3980,52,20,85,117.44,75.0,68.5,0.4,52,63.08,37.0,37.5,True,52,18,8,5,0.000157,True,7.342016808376022,,,,0.4,0.4,2,inf,1.028404,,1.028404,True,52,12,8,5,0.000126,True,4.3005620769944475,,,,0.4,0.4,2,inf,1.103426,,1.103426
3980,52,21,85,117.44,75.0,68.5,0.4,44,52.67,37.0,31.75,True,52,18,8,5,0.000157,True,7.342016808376022,,,,0.4,0.4,2,inf,1.028404,,1.028404,True,52,10,8,5,0.000129,True,3.465882015651371,,,,0.4,0.4,2,inf,1.044163,,1.044163
3980,52,22,85,117.44,75.0,68.5,0.4,52,63.03,37.0,36.33333333333337,True,52,18,8,5,0.000157,True,7.342016808376022,,,,0.4,0.4,2,inf,1.028404,,1.028404,True,52,11,8,5,0.000144,True,3.9731905208867633,,,,0.4,0.4,2,inf,1.03124,,1.03124
3980,52,23,85,117.44,75.0,68.5,0.4,54,66.89,37.0,37.5,True,52,18,8,5,0.000157,True,7.342016808376022,,,,0.4,0.4,2,inf,1.028404,,1.028404,True,52,15,8,5,0.000124,True,4.280583083227506,,,,0.4,0.4,2,inf,0.999808,,0.999808
3980,52,24,85,117.44,75.0,68.5,0.4,54,64.75,37.0,38.083333333333485,True,52,18,8,5,0.000157,True,7.342016808376022,,,,0.4,0.4,2,inf,1.028404,,1.028404,True,52,10,8,5,0.000126,True,3.696412701180234,,,,0.4,0.4,2,inf,1.149618,,1.149618
3980,52,25,85,117.44,75.0,68.5,0.4,55,65.01,37.0,38.21428571428601,True,52,18,8,5,0.000157,True,7.342016808376022,,,,0.4,0.4,2,inf,1.028404,,1.028404,True,52,12,8,5,0.000127,True,4.34648470576635,,,,0.4,0.4,2,inf,1.060565,,1.060565
3980,52,26,85,117.44,75.0,68.5,0.4,51,63.75,37.0,37.499999999999886,True,52,18,8,5,0.000157,True,7.342016808376022,,,,0.4,0.4,2,inf,1.028404,,1.028404,True,52,10,8,5,0.000122,True,3.3802606068513246,,,,0.4,0.4,2,inf,1.060566,,1.060566
3980,52,27,85,117.44,75.0,68.5,0.4,46,57.91,37.0,34.5,True,52,18,8,5,0.000157,True,7.342016808376022,,,,0.4,0.4,2,inf,1.028404,,1.028404,True,52,12,8,5,0.000145,True,3.907632929772004,,,,0.4,0.4,2,inf,1.133278,,1.133278
3980,52,28,85,117.44,75.0,68.5,0.4,47,58.13,37.0,35.0,True,52,18,8,5,0.000157,True,7.342016808376022,,,,0.4,0.4,2,inf,1.028404,,1.028404,True,52,11,8,5,0.000145,True,3.987131590501992,,,,0.4,0.4,2,inf,1.058929,,1.058929
3980,52,29,85,117.44,75.0,68.5,0.4,59,69.19,37.0,41.0,True,52,18,8,5,0.000157,True,7.342016808376022,,,,0.4,0.4,2,inf,1.028404,,1.028404,True,52,14,8,5,0.000131,True,4.480973215322163,,,,0.4,0.4,2,inf,1.066222,,1.066222
3980,52,30,85,117.44,75.0,68.5,0.4,49,58.48,37.0,36.41666666666663,True,52,18,8,5,0.000157,True,7.342016808376022,,,,0.4,0.4,2,inf,1.028404,,1.028404,True,52,10,8,5,0.000149,True,3.5258213013658315,,,,0.4,0.4,2,inf,1.058203,,1.058203
