ego_id,n,seed,complete_pivot_best_cost,complete_pivot_average_cost,complete_ilp_cost,complete_lp_cost,p_delete,edge_pivot_best_cost,edge_pivot_average_cost,edge_all_pairs_ilp_cost,edge_all_pairs_lp_cost,complete_min_max_cc_computed,complete_min_max_cc_cluster_count,complete_min_max_cc_max_disagreement,complete_min_max_cc_d_hat,complete_min_max_cc_lambda,complete_min_max_cc_runtime_seconds,complete_min_max_lp_computed,complete_min_max_lp_cost,complete_min_max_lp_rounding_cost,complete_min_max_lp_max_disagreement_vertex,complete_min_max_lp_cluster_count,complete_min_max_lp_r,complete_min_max_lp_r2,complete_min_max_lp_method,complete_min_max_lp_norm,complete_min_max_lp_runtime_seconds,complete_min_max_lp_rounding_runtime_seconds,complete_min_max_lp_total_runtime_seconds,edge_min_max_cc_computed,edge_min_max_cc_cluster_count,edge_min_max_cc_max_disagreement,edge_min_max_cc_d_hat,edge_min_max_cc_lambda,edge_min_max_cc_runtime_seconds,edge_min_max_lp_computed,edge_min_max_lp_cost,edge_min_max_lp_rounding_cost,edge_min_max_lp_max_disagreement_vertex,edge_min_max_lp_cluster_count,edge_min_max_lp_r,edge_min_max_lp_r2,edge_min_max_lp_method,edge_min_max_lp_norm,edge_min_max_lp_runtime_seconds,edge_min_max_lp_rounding_runtime_seconds,edge_min_max_lp_total_runtime_seconds
0,342,1,,,,,0.05,,,,,True,282,60,8,5,0.029108,,,,,,,,,,,,,True,284,61,8,5,0.025316,,,,,,,,,,,,
0,342,2,,,,,0.05,,,,,True,282,60,8,5,0.029108,,,,,,,,,,,,,True,283,59,8,5,0.024573,,,,,,,,,,,,
0,342,3,,,,,0.05,,,,,True,282,60,8,5,0.029108,,,,,,,,,,,,,True,284,57,8,5,0.024934,,,,,,,,,,,,
0,342,4,,,,,0.05,,,,,True,282,60,8,5,0.029108,,,,,,,,,,,,,True,285,58,8,5,0.024712,,,,,,,,,,,,
0,342,5,,,,,0.05,,,,,True,282,60,8,5,0.029108,,,,,,,,,,,,,True,285,59,8,5,0.027838,,,,,,,,,,,,
0,342,6,,,,,0.05,,,,,True,282,60,8,5,0.029108,,,,,,,,,,,,,True,285,55,8,5,0.025018,,,,,,,,,,,,
0,342,7,,,,,0.05,,,,,True,282,60,8,5,0.029108,,,,,,,,,,,,,True,284,59,8,5,0.024265,,,,,,,,,,,,
0,342,8,,,,,0.05,,,,,True,282,60,8,5,0.029108,,,,,,,,,,,,,True,285,56,8,5,0.024497,,,,,,,,,,,,
0,342,9,,,,,0.05,,,,,True,282,60,8,5,0.029108,,,,,,,,,,,,,True,285,60,8,5,0.025405,,,,,,,,,,,,
0,342,10,,,,,0.05,,,,,True,282,60,8,5,0.029108,,,,,,,,,,,,,True,287,57,8,5,0.025332,,,,,,,,,,,,
0,342,11,,,,,0.05,,,,,True,282,60,8,5,0.029108,,,,,,,,,,,,,True,283,60,8,5,0.024609,,,,,,,,,,,,
0,342,12,,,,,0.05,,,,,True,282,60,8,5,0.029108,,,,,,,,,,,,,True,284,58,8,5,0.024858,,,,,,,,,,,,
0,342,13,,,,,0.05,,,,,True,282,60,8,5,0.029108,,,,,,,,,,,,,True,284,57,8,5,0.023929,,,,,,,,,,,,
0,342,14,,,,,0.05,,,,,True,282,60,8,5,0.029108,,,,,,,,,,,,,True,283,58,8,5,0.024598,,,,,,,,,,,,
0,342,15,,,,,0.05,,,,,True,282,60,8,5,0.029108,,,,,,,,,,,,,True,285,52,8,5,0.02407,,,,,,,,,,,,
0,342,16,,,,,0.05,,,,,True,282,60,8,5,0.029108,,,,,,,,,,,,,True,284,60,8,5,0.024183,,,,,,,,,,,,
0,342,17,,,,,0.05,,,,,True,282,60,8,5,0.029108,,,,,,,,,,,,,True,286,58,8,5,0.024645,,,,,,,,,,,,
0,342,18,,,,,0.05,,,,,True,282,60,8,5,0.029108,,,,,,,,,,,,,True,284,60,8,5,0.023969,,,,,,,,,,,,
0,342,19,,,,,0.05,,,,,True,282,60,8,5,0.029108,,,,,,,,,,,,,True,284,57,8,5,0.024271,,,,,,,,,,,,
0,342,20,,,,,0.05,,,,,True,282,60,8,5,0.029108,,,,,,,,,,,,,True,285,58,8,5,0.024582,,,,,,,,,,,,
0,342,21,,,,,0.05,,,,,True,282,60,8,5,0.029108,,,,,,,,,,,,,True,284,57,8,5,0.024492,,,,,,,,,,,,
0,342,22,,,,,0.05,,,,,True,282,60,8,5,0.029108,,,,,,,,,,,,,True,283,58,8,5,0.024825,,,,,,,,,,,,
0,342,23,,,,,0.05,,,,,True,282,60,8,5,0.029108,,,,,,,,,,,,,True,285,56,8,5,0.024339,,,,,,,,,,,,
0,342,24,,,,,0.05,,,,,True,282,60,8,5,0.029108,,,,,,,,,,,,,True,285,58,8,5,0.024332,,,,,,,,,,,,
0,342,25,,,,,0.05,,,,,True,282,60,8,5,0.029108,,,,,,,,,,,,,True,285,56,8,5,0.023786,,,,,,,,,,,,
0,342,26,,,,,0.05,,,,,True,282,60,8,5,0.029108,,,,,,,,,,,,,True,286,57,8,5,0.024508,,,,,,,,,,,,
0,342,27,,,,,0.05,,,,,True,282,60,8,5,0.029108,,,,,,,,,,,,,True,286,56,8,5,0.023966,,,,,,,,,,,,
0,342,28,,,,,0.05,,,,,True,282,60,8,5,0.029108,,,,,,,,,,,,,True,284,61,8,5,0.023851,,,,,,,,,,,,
0,342,29,,,,,0.05,,,,,True,282,60,8,5,0.029108,,,,,,,,,,,,,True,283,58,8,5,0.024985,,,,,,,,,,,,
0,342,30,,,,,0.05,,,,,True,282,60,8,5,0.029108,,,,,,,,,,,,,True,286,57,8,5,0.024275,,,,,,,,,,,,
0,342,1,,,,,0.15,,,,,True,282,60,8,5,0.029108,,,,,,,,,,,,,True,294,45,8,5,0.024067,,,,,,,,,,,,
0,342,2,,,,,0.15,,,,,True,282,60,8,5,0.029108,,,,,,,,,,,,,True,296,51,8,5,0.023838,,,,,,,,,,,,
0,342,3,,,,,0.15,,,,,True,282,60,8,5,0.029108,,,,,,,,,,,,,True,288,55,8,5,0.023561,,,,,,,,,,,,
0,342,4,,,,,0.15,,,,,True,282,60,8,5,0.029108,,,,,,,,,,,,,True,290,55,8,5,0.024705,,,,,,,,,,,,
0,342,5,,,,,0.15,,,,,True,282,60,8,5,0.029108,,,,,,,,,,,,,True,293,46,8,5,0.024071,,,,,,,,,,,,
0,342,6,,,,,0.15,,,,,True,282,60,8,5,0.029108,,,,,,,,,,,,,True,296,44,8,5,0.024115,,,,,,,,,,,,
0,342,7,,,,,0.15,,,,,True,282,60,8,5,0.029108,,,,,,,,,,,,,True,293,45,8,5,0.02394,,,,,,,,,,,,
0,342,8,,,,,0.15,,,,,True,282,60,8,5,0.029108,,,,,,,,,,,,,True,291,48,8,5,0.023974,,,,,,,,,,,,
0,342,9,,,,,0.15,,,,,True,282,60,8,5,0.029108,,,,,,,,,,,,,True,294,54,8,5,0.023799,,,,,,,,,,,,
0,342,10,,,,,0.15,,,,,True,282,60,8,5,0.029108,,,,,,,,,,,,,True,292,44,8,5,0.024339,,,,,,,,,,,,
0,342,11,,,,,0.15,,,,,True,282,60,8,5,0.029108,,,,,,,,,,,,,True,295,51,8,5,0.023643,,,,,,,,,,,,
0,342,12,,,,,0.15,,,,,True,282,60,8,5,0.029108,,,,,,,,,,,,,True,295,51,8,5,0.023845,,,,,,,,,,,,
0,342,13,,,,,0.15,,,,,True,282,60,8,5,0.029108,,,,,,,,,,,,,True,294,48,8,5,0.024277,,,,,,,,,,,,
0,342,14,,,,,0.15,,,,,True,282,60,8,5,0.029108,,,,,,,,,,,,,True,290,47,8,5,0.024005,,,,,,,,,,,,
0,342,15,,,,,0.15,,,,,True,282,60,8,5,0.029108,,,,,,,,,,,,,True,291,42,8,5,0.023907,,,,,,,,,,,,
0,342,16,,,,,0.15,,,,,True,282,60,8,5,0.029108,,,,,,,,,,,,,True,291,52,8,5,0.024105,,,,,,,,,,,,
0,342,17,,,,,0.15,,,,,True,282,60,8,5,0.029108,,,,,,,,,,,,,True,290,52,8,5,0.024419,,,,,,,,,,,,
0,342,18,,,,,0.15,,,,,True,282,60,8,5,0.029108,,,,,,,,,,,,,True,291,50,8,5,0.024345,,,,,,,,,,,,
0,342,19,,,,,0.15,,,,,True,282,60,8,5,0.029108,,,,,,,,,,,,,True,289,51,8,5,0.024519,,,,,,,,,,,,
0,342,20,,,,,0.15,,,,,True,282,60,8,5,0.029108,,,,,,,,,,,,,True,291,49,8,5,0.024437,,,,,,,,,,,,
0,342,21,,,,,0.15,,,,,True,282,60,8,5,0.029108,,,,,,,,,,,,,True,290,48,8,5,0.024422,,,,,,,,,,,,
0,342,22,,,,,0.15,,,,,True,282,60,8,5,0.029108,,,,,,,,,,,,,True,288,53,8,5,0.024174,,,,,,,,,,,,
0,342,23,,,,,0.15,,,,,True,282,60,8,5,0.029108,,,,,,,,,,,,,True,294,49,8,5,0.023551,,,,,,,,,,,,
0,342,24,,,,,0.15,,,,,True,282,60,8,5,0.029108,,,,,,,,,,,,,True,293,48,8,5,0.024531,,,,,,,,,,,,
0,342,25,,,,,0.15,,,,,True,282,60,8,5,0.029108,,,,,,,,,,,,,True,294,50,8,5,0.024194,,,,,,,,,,,,
0,342,26,,,,,0.15,,,,,True,282,60,8,5,0.029108,,,,,,,,,,,,,True,295,47,8,5,0.023901,,,,,,,,,,,,
0,342,27,,,,,0.15,,,,,True,282,60,8,5,0.029108,,,,,,,,,,,,,True,297,51,8,5,0.024323,,,,,,,,,,,,
0,342,28,,,,,0.15,,,,,True,282,60,8,5,0.029108,,,,,,,,,,,,,True,294,46,8,5,0.024207,,,,,,,,,,,,
0,342,29,,,,,0.15,,,,,True,282,60,8,5,0.029108,,,,,,,,,,,,,True,292,50,8,5,0.024141,,,,,,,,,,,,
0,342,30,,,,,0.15,,,,,True,282,60,8,5,0.029108,,,,,,,,,,,,,True,292,49,8,5,0.024397,,,,,,,,,,,,
0,342,1,,,,,0.25,,,,,True,282,60,8,5,0.029108,,,,,,,,,,,,,True,310,42,8,5,0.023617,,,,,,,,,,,,
0,342,2,,,,,0.25,,,,,True,282,60,8,5,0.029108,,,,,,,,,,,,,True,307,38,8,5,0.024325,,,,,,,,,,,,
0,342,3,,,,,0.25,,,,,True,282,60,8,5,0.029108,,,,,,,,,,,,,True,304,38,8,5,0.024384,,,,,,,,,,,,
0,342,4,,,,,0.25,,,,,True,282,60,8,5,0.029108,,,,,,,,,,,,,True,296,44,8,5,0.023948,,,,,,,,,,,,
0,342,5,,,,,0.25,,,,,True,282,60,8,5,0.029108,,,,,,,,,,,,,True,303,40,8,5,0.023783,,,,,,,,,,,,
0,342,6,,,,,0.25,,,,,True,282,60,8,5,0.029108,,,,,,,,,,,,,True,307,34,8,5,0.023837,,,,,,,,,,,,
0,342,7,,,,,0.25,,,,,True,282,60,8,5,0.029108,,,,,,,,,,,,,True,305,41,8,5,0.023668,,,,,,,,,,,,
0,342,8,,,,,0.25,,,,,True,282,60,8,5,0.029108,,,,,,,,,,,,,True,299,44,8,5,0.023812,,,,,,,,,,,,
0,342,9,,,,,0.25,,,,,True,282,60,8,5,0.029108,,,,,,,,,,,,,True,310,37,8,5,0.024009,,,,,,,,,,,,
0,342,10,,,,,0.25,,,,,True,282,60,8,5,0.029108,,,,,,,,,,,,,True,303,43,8,5,0.023975,,,,,,,,,,,,
0,342,11,,,,,0.25,,,,,True,282,60,8,5,0.029108,,,,,,,,,,,,,True,306,38,8,5,0.024421,,,,,,,,,,,,
0,342,12,,,,,0.25,,,,,True,282,60,8,5,0.029108,,,,,,,,,,,,,True,311,42,8,5,0.023867,,,,,,,,,,,,
0,342,13,,,,,0.25,,,,,True,282,60,8,5,0.029108,,,,,,,,,,,,,True,302,43,8,5,0.024269,,,,,,,,,,,,
0,342,14,,,,,0.25,,,,,True,282,60,8,5,0.029108,,,,,,,,,,,,,True,304,38,8,5,0.024078,,,,,,,,,,,,
0,342,15,,,,,0.25,,,,,True,282,60,8,5,0.029108,,,,,,,,,,,,,True,303,35,8,5,0.023819,,,,,,,,,,,,
0,342,16,,,,,0.25,,,,,True,282,60,8,5,0.029108,,,,,,,,,,,,,True,300,42,8,5,0.023785,,,,,,,,,,,,
0,342,17,,,,,0.25,,,,,True,282,60,8,5,0.029108,,,,,,,,,,,,,True,305,39,8,5,0.023762,,,,,,,,,,,,
0,342,18,,,,,0.25,,,,,True,282,60,8,5,0.029108,,,,,,,,,,,,,True,307,41,8,5,0.024125,,,,,,,,,,,,
0,342,19,,,,,0.25,,,,,True,282,60,8,5,0.029108,,,,,,,,,,,,,True,301,41,8,5,0.024131,,,,,,,,,,,,
0,342,20,,,,,0.25,,,,,True,282,60,8,5,0.029108,,,,,,,,,,,,,True,298,41,8,5,0.023603,,,,,,,,,,,,
0,342,21,,,,,0.25,,,,,True,282,60,8,5,0.029108,,,,,,,,,,,,,True,305,45,8,5,0.024002,,,,,,,,,,,,
0,342,22,,,,,0.25,,,,,True,282,60,8,5,0.029108,,,,,,,,,,,,,True,302,38,8,5,0.024363,,,,,,,,,,,,
0,342,23,,,,,0.25,,,,,True,282,60,8,5,0.029108,,,,,,,,,,,,,True,310,37,8,5,0.024084,,,,,,,,,,,,
0,342,24,,,,,0.25,,,,,True,282,60,8,5,0.029108,,,,,,,,,,,,,True,307,41,8,5,0.024648,,,,,,,,,,,,
0,342,25,,,,,0.25,,,,,True,282,60,8,5,0.029108,,,,,,,,,,,,,True,308,38,8,5,0.0239,,,,,,,,,,,,
0,342,26,,,,,0.25,,,,,True,282,60,8,5,0.029108,,,,,,,,,,,,,True,303,42,8,5,0.023475,,,,,,,,,,,,
0,342,27,,,,,0.25,,,,,True,282,60,8,5,0.029108,,,,,,,,,,,,,True,307,41,8,5,0.024163,,,,,,,,,,,,
0,342,28,,,,,0.25,,,,,True,282,60,8,5,0.029108,,,,,,,,,,,,,True,307,40,8,5,0.02414,,,,,,,,,,,,
0,342,29,,,,,0.25,,,,,True,282,60,8,5,0.029108,,,,,,,,,,,,,True,298,43,8,5,0.023908,,,,,,,,,,,,
0,342,30,,,,,0.25,,,,,True,282,60,8,5,0.029108,,,,,,,,,,,,,True,304,44,8,5,0.024104,,,,,,,,,,,,
0,342,1,,,,,0.4,,,,,True,282,60,8,5,0.029108,,,,,,,,,,,,,True,330,44,8,5,0.023882,,,,,,,,,,,,
0,342,2,,,,,0.4,,,,,True,282,60,8,5,0.029108,,,,,,,,,,,,,True,328,40,8,5,0.023536,,,,,,,,,,,,
0,342,3,,,,,0.4,,,,,True,282,60,8,5,0.029108,,,,,,,,,,,,,True,327,42,8,5,0.024129,,,,,,,,,,,,
0,342,4,,,,,0.4,,,,,True,282,60,8,5,0.029108,,,,,,,,,,,,,True,321,41,8,5,0.024627,,,,,,,,,,,,
0,342,5,,,,,0.4,,,,,True,282,60,8,5,0.029108,,,,,,,,,,,,,True,323,40,8,5,0.023751,,,,,,,,,,,,
0,342,6,,,,,0.4,,,,,True,282,60,8,5,0.029108,,,,,,,,,,,,,True,331,42,8,5,0.024022,,,,,,,,,,,,
0,342,7,,,,,0.4,,,,,True,282,60,8,5,0.029108,,,,,,,,,,,,,True,325,36,8,5,0.024863,,,,,,,,,,,,
0,342,8,,,,,0.4,,,,,True,282,60,8,5,0.029108,,,,,,,,,,,,,True,326,46,8,5,0.02474,,,,,,,,,,,,
0,342,9,,,,,0.4,,,,,True,282,60,8,5,0.029108,,,,,,,,,,,,,True,336,43,8,5,0.024508,,,,,,,,,,,,
0,342,10,,,,,0.4,,,,,True,282,60,8,5,0.029108,,,,,,,,,,,,,True,327,37,8,5,0.024883,,,,,,,,,,,,
0,342,11,,,,,0.4,,,,,True,282,60,8,5,0.029108,,,,,,,,,,,,,True,329,40,8,5,0.024607,,,,,,,,,,,,
0,342,12,,,,,0.4,,,,,True,282,60,8,5,0.029108,,,,,,,,,,,,,True,330,41,8,5,0.024743,,,,,,,,,,,,
0,342,13,,,,,0.4,,,,,True,282,60,8,5,0.029108,,,,,,,,,,,,,True,325,45,8,5,0.023936,,,,,,,,,,,,
0,342,14,,,,,0.4,,,,,True,282,60,8,5,0.029108,,,,,,,,,,,,,True,326,43,8,5,0.023947,,,,,,,,,,,,
0,342,15,,,,,0.4,,,,,True,282,60,8,5,0.029108,,,,,,,,,,,,,True,325,36,8,5,0.023642,,,,,,,,,,,,
0,342,16,,,,,0.4,,,,,True,282,60,8,5,0.029108,,,,,,,,,,,,,True,327,38,8,5,0.024769,,,,,,,,,,,,
0,342,17,,,,,0.4,,,,,True,282,60,8,5,0.029108,,,,,,,,,,,,,True,326,41,8,5,0.023849,,,,,,,,,,,,
0,342,18,,,,,0.4,,,,,True,282,60,8,5,0.029108,,,,,,,,,,,,,True,324,36,8,5,0.023991,,,,,,,,,,,,
0,342,19,,,,,0.4,,,,,True,282,60,8,5,0.029108,,,,,,,,,,,,,True,321,39,8,5,0.023704,,,,,,,,,,,,
0,342,20,,,,,0.4,,,,,True,282,60,8,5,0.029108,,,,,,,,,,,,,True,317,38,8,5,0.023597,,,,,,,,,,,,
0,342,21,,,,,0.4,,,,,True,282,60,8,5,0.029108,,,,,,,,,,,,,True,326,41,8,5,0.024305,,,,,,,,,,,,
0,342,22,,,,,0.4,,,,,True,282,60,8,5,0.029108,,,,,,,,,,,,,True,330,40,8,5,0.024089,,,,,,,,,,,,
0,342,23,,,,,0.4,,,,,True,282,60,8,5,0.029108,,,,,,,,,,,,,True,333,40,8,5,0.023686,,,,,,,,,,,,
0,342,24,,,,,0.4,,,,,True,282,60,8,5,0.029108,,,,,,,,,,,,,True,328,36,8,5,0.024206,,,,,,,,,,,,
0,342,25,,,,,0.4,,,,,True,282,60,8,5,0.029108,,,,,,,,,,,,,True,333,43,8,5,0.023555,,,,,,,,,,,,
0,342,26,,,,,0.4,,,,,True,282,60,8,5,0.029108,,,,,,,,,,,,,True,326,42,8,5,0.023193,,,,,,,,,,,,
0,342,27,,,,,0.4,,,,,True,282,60,8,5,0.029108,,,,,,,,,,,,,True,325,40,8,5,0.023864,,,,,,,,,,,,
0,342,28,,,,,0.4,,,,,True,282,60,8,5,0.029108,,,,,,,,,,,,,True,329,41,8,5,0.024073,,,,,,,,,,,,
0,342,29,,,,,0.4,,,,,True,282,60,8,5,0.029108,,,,,,,,,,,,,True,326,40,8,5,0.024336,,,,,,,,,,,,
0,342,30,,,,,0.4,,,,,True,282,60,8,5,0.029108,,,,,,,,,,,,,True,326,40,8,5,0.02369,,,,,,,,,,,,
107,1035,1,,,,,0.05,,,,,True,356,663,8,5,0.679579,,,,,,,,,,,,,True,377,619,8,5,0.676084,,,,,,,,,,,,
107,1035,2,,,,,0.05,,,,,True,356,663,8,5,0.679579,,,,,,,,,,,,,True,392,614,8,5,0.674353,,,,,,,,,,,,
107,1035,3,,,,,0.05,,,,,True,356,663,8,5,0.679579,,,,,,,,,,,,,True,380,609,8,5,0.672944,,,,,,,,,,,,
107,1035,4,,,,,0.05,,,,,True,356,663,8,5,0.679579,,,,,,,,,,,,,True,382,614,8,5,0.673567,,,,,,,,,,,,
107,1035,5,,,,,0.05,,,,,True,356,663,8,5,0.679579,,,,,,,,,,,,,True,381,615,8,5,0.672328,,,,,,,,,,,,
107,1035,6,,,,,0.05,,,,,True,356,663,8,5,0.679579,,,,,,,,,,,,,True,396,618,8,5,0.680044,,,,,,,,,,,,
107,1035,7,,,,,0.05,,,,,True,356,663,8,5,0.679579,,,,,,,,,,,,,True,372,616,8,5,0.682108,,,,,,,,,,,,
107,1035,8,,,,,0.05,,,,,True,356,663,8,5,0.679579,,,,,,,,,,,,,True,388,614,8,5,0.671489,,,,,,,,,,,,
107,1035,9,,,,,0.05,,,,,True,356,663,8,5,0.679579,,,,,,,,,,,,,True,399,611,8,5,0.743117,,,,,,,,,,,,
107,1035,10,,,,,0.05,,,,,True,356,663,8,5,0.679579,,,,,,,,,,,,,True,397,611,8,5,0.678974,,,,,,,,,,,,
107,1035,11,,,,,0.05,,,,,True,356,663,8,5,0.679579,,,,,,,,,,,,,True,403,606,8,5,0.674493,,,,,,,,,,,,
107,1035,12,,,,,0.05,,,,,True,356,663,8,5,0.679579,,,,,,,,,,,,,True,376,620,8,5,0.677732,,,,,,,,,,,,
107,1035,13,,,,,0.05,,,,,True,356,663,8,5,0.679579,,,,,,,,,,,,,True,396,610,8,5,0.676873,,,,,,,,,,,,
107,1035,14,,,,,0.05,,,,,True,356,663,8,5,0.679579,,,,,,,,,,,,,True,400,615,8,5,0.674309,,,,,,,,,,,,
107,1035,15,,,,,0.05,,,,,True,356,663,8,5,0.679579,,,,,,,,,,,,,True,399,609,8,5,0.675891,,,,,,,,,,,,
107,1035,16,,,,,0.05,,,,,True,356,663,8,5,0.679579,,,,,,,,,,,,,True,394,612,8,5,0.669493,,,,,,,,,,,,
107,1035,17,,,,,0.05,,,,,True,356,663,8,5,0.679579,,,,,,,,,,,,,True,394,616,8,5,0.671095,,,,,,,,,,,,
107,1035,18,,,,,0.05,,,,,True,356,663,8,5,0.679579,,,,,,,,,,,,,True,397,605,8,5,0.674071,,,,,,,,,,,,
107,1035,19,,,,,0.05,,,,,True,356,663,8,5,0.679579,,,,,,,,,,,,,True,393,613,8,5,0.667385,,,,,,,,,,,,
107,1035,20,,,,,0.05,,,,,True,356,663,8,5,0.679579,,,,,,,,,,,,,True,391,611,8,5,0.671446,,,,,,,,,,,,
107,1035,21,,,,,0.05,,,,,True,356,663,8,5,0.679579,,,,,,,,,,,,,True,399,604,8,5,0.675997,,,,,,,,,,,,
107,1035,22,,,,,0.05,,,,,True,356,663,8,5,0.679579,,,,,,,,,,,,,True,381,605,8,5,0.673957,,,,,,,,,,,,
107,1035,23,,,,,0.05,,,,,True,356,663,8,5,0.679579,,,,,,,,,,,,,True,382,604,8,5,0.666675,,,,,,,,,,,,
107,1035,24,,,,,0.05,,,,,True,356,663,8,5,0.679579,,,,,,,,,,,,,True,372,623,8,5,0.673511,,,,,,,,,,,,
107,1035,25,,,,,0.05,,,,,True,356,663,8,5,0.679579,,,,,,,,,,,,,True,379,616,8,5,0.67417,,,,,,,,,,,,
107,1035,26,,,,,0.05,,,,,True,356,663,8,5,0.679579,,,,,,,,,,,,,True,398,613,8,5,0.673232,,,,,,,,,,,,
107,1035,27,,,,,0.05,,,,,True,356,663,8,5,0.679579,,,,,,,,,,,,,True,369,615,8,5,0.667131,,,,,,,,,,,,
107,1035,28,,,,,0.05,,,,,True,356,663,8,5,0.679579,,,,,,,,,,,,,True,386,610,8,5,0.663407,,,,,,,,,,,,
107,1035,29,,,,,0.05,,,,,True,356,663,8,5,0.679579,,,,,,,,,,,,,True,394,612,8,5,0.675412,,,,,,,,,,,,
107,1035,30,,,,,0.05,,,,,True,356,663,8,5,0.679579,,,,,,,,,,,,,True,393,623,8,5,0.676654,,,,,,,,,,,,
107,1035,1,,,,,0.15,,,,,True,356,663,8,5,0.679579,,,,,,,,,,,,,True,448,510,8,5,0.667906,,,,,,,,,,,,
107,1035,2,,,,,0.15,,,,,True,356,663,8,5,0.679579,,,,,,,,,,,,,True,446,508,8,5,0.667966,,,,,,,,,,,,
107,1035,3,,,,,0.15,,,,,True,356,663,8,5,0.679579,,,,,,,,,,,,,True,451,507,8,5,0.664263,,,,,,,,,,,,
107,1035,4,,,,,0.15,,,,,True,356,663,8,5,0.679579,,,,,,,,,,,,,True,439,515,8,5,0.66631,,,,,,,,,,,,
107,1035,5,,,,,0.15,,,,,True,356,663,8,5,0.679579,,,,,,,,,,,,,True,450,513,8,5,0.668279,,,,,,,,,,,,
107,1035,6,,,,,0.15,,,,,True,356,663,8,5,0.679579,,,,,,,,,,,,,True,444,523,8,5,0.66786,,,,,,,,,,,,
107,1035,7,,,,,0.15,,,,,True,356,663,8,5,0.679579,,,,,,,,,,,,,True,443,515,8,5,0.666067,,,,,,,,,,,,
107,1035,8,,,,,0.15,,,,,True,356,663,8,5,0.679579,,,,,,,,,,,,,True,439,517,8,5,0.66958,,,,,,,,,,,,
107,1035,9,,,,,0.15,,,,,True,356,663,8,5,0.679579,,,,,,,,,,,,,True,445,519,8,5,0.667189,,,,,,,,,,,,
107,1035,10,,,,,0.15,,,,,True,356,663,8,5,0.679579,,,,,,,,,,,,,True,434,517,8,5,0.675089,,,,,,,,,,,,
107,1035,11,,,,,0.15,,,,,True,356,663,8,5,0.679579,,,,,,,,,,,,,True,449,512,8,5,0.663989,,,,,,,,,,,,
107,1035,12,,,,,0.15,,,,,True,356,663,8,5,0.679579,,,,,,,,,,,,,True,451,509,8,5,0.668528,,,,,,,,,,,,
107,1035,13,,,,,0.15,,,,,True,356,663,8,5,0.679579,,,,,,,,,,,,,True,446,509,8,5,0.666617,,,,,,,,,,,,
107,1035,14,,,,,0.15,,,,,True,356,663,8,5,0.679579,,,,,,,,,,,,,True,446,512,8,5,0.663809,,,,,,,,,,,,
107,1035,15,,,,,0.15,,,,,True,356,663,8,5,0.679579,,,,,,,,,,,,,True,444,512,8,5,0.665867,,,,,,,,,,,,
107,1035,16,,,,,0.15,,,,,True,356,663,8,5,0.679579,,,,,,,,,,,,,True,449,507,8,5,0.668723,,,,,,,,,,,,
107,1035,17,,,,,0.15,,,,,True,356,663,8,5,0.679579,,,,,,,,,,,,,True,453,504,8,5,0.659909,,,,,,,,,,,,
107,1035,18,,,,,0.15,,,,,True,356,663,8,5,0.679579,,,,,,,,,,,,,True,443,524,8,5,0.668257,,,,,,,,,,,,
107,1035,19,,,,,0.15,,,,,True,356,663,8,5,0.679579,,,,,,,,,,,,,True,451,508,8,5,0.662745,,,,,,,,,,,,
107,1035,20,,,,,0.15,,,,,True,356,663,8,5,0.679579,,,,,,,,,,,,,True,447,520,8,5,0.675152,,,,,,,,,,,,
107,1035,21,,,,,0.15,,,,,True,356,663,8,5,0.679579,,,,,,,,,,,,,True,446,514,8,5,0.67103,,,,,,,,,,,,
107,1035,22,,,,,0.15,,,,,True,356,663,8,5,0.679579,,,,,,,,,,,,,True,451,499,8,5,0.67214,,,,,,,,,,,,
107,1035,23,,,,,0.15,,,,,True,356,663,8,5,0.679579,,,,,,,,,,,,,True,451,503,8,5,0.677191,,,,,,,,,,,,
107,1035,24,,,,,0.15,,,,,True,356,663,8,5,0.679579,,,,,,,,,,,,,True,448,509,8,5,0.675237,,,,,,,,,,,,
107,1035,25,,,,,0.15,,,,,True,356,663,8,5,0.679579,,,,,,,,,,,,,True,444,509,8,5,0.670001,,,,,,,,,,,,
107,1035,26,,,,,0.15,,,,,True,356,663,8,5,0.679579,,,,,,,,,,,,,True,446,522,8,5,0.665279,,,,,,,,,,,,
107,1035,27,,,,,0.15,,,,,True,356,663,8,5,0.679579,,,,,,,,,,,,,True,446,511,8,5,0.667308,,,,,,,,,,,,
107,1035,28,,,,,0.15,,,,,True,356,663,8,5,0.679579,,,,,,,,,,,,,True,452,502,8,5,0.664964,,,,,,,,,,,,
107,1035,29,,,,,0.15,,,,,True,356,663,8,5,0.679579,,,,,,,,,,,,,True,442,515,8,5,0.670344,,,,,,,,,,,,
107,1035,30,,,,,0.15,,,,,True,356,663,8,5,0.679579,,,,,,,,,,,,,True,442,519,8,5,0.671401,,,,,,,,,,,,
107,1035,1,,,,,0.25,,,,,True,356,663,8,5,0.679579,,,,,,,,,,,,,True,500,216,8,5,0.671316,,,,,,,,,,,,
107,1035,2,,,,,0.25,,,,,True,356,663,8,5,0.679579,,,,,,,,,,,,,True,503,224,8,5,0.663544,,,,,,,,,,,,
107,1035,3,,,,,0.25,,,,,True,356,663,8,5,0.679579,,,,,,,,,,,,,True,496,229,8,5,0.66603,,,,,,,,,,,,
107,1035,4,,,,,0.25,,,,,True,356,663,8,5,0.679579,,,,,,,,,,,,,True,511,415,8,5,0.660281,,,,,,,,,,,,
107,1035,5,,,,,0.25,,,,,True,356,663,8,5,0.679579,,,,,,,,,,,,,True,505,222,8,5,0.663442,,,,,,,,,,,,
107,1035,6,,,,,0.25,,,,,True,356,663,8,5,0.679579,,,,,,,,,,,,,True,499,226,8,5,0.664756,,,,,,,,,,,,
107,1035,7,,,,,0.25,,,,,True,356,663,8,5,0.679579,,,,,,,,,,,,,True,506,224,8,5,0.66288,,,,,,,,,,,,
107,1035,8,,,,,0.25,,,,,True,356,663,8,5,0.679579,,,,,,,,,,,,,True,499,417,8,5,0.666536,,,,,,,,,,,,
107,1035,9,,,,,0.25,,,,,True,356,663,8,5,0.679579,,,,,,,,,,,,,True,500,428,8,5,0.662031,,,,,,,,,,,,
107,1035,10,,,,,0.25,,,,,True,356,663,8,5,0.679579,,,,,,,,,,,,,True,496,418,8,5,0.656776,,,,,,,,,,,,
107,1035,11,,,,,0.25,,,,,True,356,663,8,5,0.679579,,,,,,,,,,,,,True,503,231,8,5,0.663993,,,,,,,,,,,,
107,1035,12,,,,,0.25,,,,,True,356,663,8,5,0.679579,,,,,,,,,,,,,True,507,220,8,5,0.665831,,,,,,,,,,,,
107,1035,13,,,,,0.25,,,,,True,356,663,8,5,0.679579,,,,,,,,,,,,,True,508,412,8,5,0.659368,,,,,,,,,,,,
107,1035,14,,,,,0.25,,,,,True,356,663,8,5,0.679579,,,,,,,,,,,,,True,505,222,8,5,0.73537,,,,,,,,,,,,
107,1035,15,,,,,0.25,,,,,True,356,663,8,5,0.679579,,,,,,,,,,,,,True,499,226,8,5,0.663461,,,,,,,,,,,,
107,1035,16,,,,,0.25,,,,,True,356,663,8,5,0.679579,,,,,,,,,,,,,True,497,235,8,5,0.726037,,,,,,,,,,,,
107,1035,17,,,,,0.25,,,,,True,356,663,8,5,0.679579,,,,,,,,,,,,,True,510,228,8,5,0.677333,,,,,,,,,,,,
107,1035,18,,,,,0.25,,,,,True,356,663,8,5,0.679579,,,,,,,,,,,,,True,496,435,8,5,0.66867,,,,,,,,,,,,
107,1035,19,,,,,0.25,,,,,True,356,663,8,5,0.679579,,,,,,,,,,,,,True,503,432,8,5,0.672558,,,,,,,,,,,,
107,1035,20,,,,,0.25,,,,,True,356,663,8,5,0.679579,,,,,,,,,,,,,True,509,418,8,5,0.665638,,,,,,,,,,,,
107,1035,21,,,,,0.25,,,,,True,356,663,8,5,0.679579,,,,,,,,,,,,,True,511,413,8,5,0.657662,,,,,,,,,,,,
107,1035,22,,,,,0.25,,,,,True,356,663,8,5,0.679579,,,,,,,,,,,,,True,505,428,8,5,0.664022,,,,,,,,,,,,
107,1035,23,,,,,0.25,,,,,True,356,663,8,5,0.679579,,,,,,,,,,,,,True,502,229,8,5,0.659141,,,,,,,,,,,,
107,1035,24,,,,,0.25,,,,,True,356,663,8,5,0.679579,,,,,,,,,,,,,True,501,422,8,5,0.657926,,,,,,,,,,,,
107,1035,25,,,,,0.25,,,,,True,356,663,8,5,0.679579,,,,,,,,,,,,,True,492,425,8,5,0.659479,,,,,,,,,,,,
107,1035,26,,,,,0.25,,,,,True,356,663,8,5,0.679579,,,,,,,,,,,,,True,502,220,8,5,0.660633,,,,,,,,,,,,
107,1035,27,,,,,0.25,,,,,True,356,663,8,5,0.679579,,,,,,,,,,,,,True,500,425,8,5,0.664969,,,,,,,,,,,,
107,1035,28,,,,,0.25,,,,,True,356,663,8,5,0.679579,,,,,,,,,,,,,True,512,227,8,5,0.655461,,,,,,,,,,,,
107,1035,29,,,,,0.25,,,,,True,356,663,8,5,0.679579,,,,,,,,,,,,,True,499,414,8,5,0.65674,,,,,,,,,,,,
107,1035,30,,,,,0.25,,,,,True,356,663,8,5,0.679579,,,,,,,,,,,,,True,505,422,8,5,0.660513,,,,,,,,,,,,
107,1035,1,,,,,0.4,,,,,True,356,663,8,5,0.679579,,,,,,,,,,,,,True,627,159,8,5,0.658159,,,,,,,,,,,,
107,1035,2,,,,,0.4,,,,,True,356,663,8,5,0.679579,,,,,,,,,,,,,True,620,162,8,5,0.665299,,,,,,,,,,,,
107,1035,3,,,,,0.4,,,,,True,356,663,8,5,0.679579,,,,,,,,,,,,,True,633,164,8,5,0.65205,,,,,,,,,,,,
107,1035,4,,,,,0.4,,,,,True,356,663,8,5,0.679579,,,,,,,,,,,,,True,621,162,8,5,0.659464,,,,,,,,,,,,
107,1035,5,,,,,0.4,,,,,True,356,663,8,5,0.679579,,,,,,,,,,,,,True,615,165,8,5,0.658149,,,,,,,,,,,,
107,1035,6,,,,,0.4,,,,,True,356,663,8,5,0.679579,,,,,,,,,,,,,True,616,173,8,5,0.651781,,,,,,,,,,,,
107,1035,7,,,,,0.4,,,,,True,356,663,8,5,0.679579,,,,,,,,,,,,,True,614,156,8,5,0.651193,,,,,,,,,,,,
107,1035,8,,,,,0.4,,,,,True,356,663,8,5,0.679579,,,,,,,,,,,,,True,617,168,8,5,0.655988,,,,,,,,,,,,
107,1035,9,,,,,0.4,,,,,True,356,663,8,5,0.679579,,,,,,,,,,,,,True,617,158,8,5,0.651504,,,,,,,,,,,,
107,1035,10,,,,,0.4,,,,,True,356,663,8,5,0.679579,,,,,,,,,,,,,True,618,158,8,5,0.656682,,,,,,,,,,,,
107,1035,11,,,,,0.4,,,,,True,356,663,8,5,0.679579,,,,,,,,,,,,,True,605,158,8,5,0.651453,,,,,,,,,,,,
107,1035,12,,,,,0.4,,,,,True,356,663,8,5,0.679579,,,,,,,,,,,,,True,624,173,8,5,0.653161,,,,,,,,,,,,
107,1035,13,,,,,0.4,,,,,True,356,663,8,5,0.679579,,,,,,,,,,,,,True,624,164,8,5,0.656279,,,,,,,,,,,,
107,1035,14,,,,,0.4,,,,,True,356,663,8,5,0.679579,,,,,,,,,,,,,True,622,153,8,5,0.653573,,,,,,,,,,,,
107,1035,15,,,,,0.4,,,,,True,356,663,8,5,0.679579,,,,,,,,,,,,,True,605,170,8,5,0.651032,,,,,,,,,,,,
107,1035,16,,,,,0.4,,,,,True,356,663,8,5,0.679579,,,,,,,,,,,,,True,603,162,8,5,0.654752,,,,,,,,,,,,
107,1035,17,,,,,0.4,,,,,True,356,663,8,5,0.679579,,,,,,,,,,,,,True,621,166,8,5,0.66046,,,,,,,,,,,,
107,1035,18,,,,,0.4,,,,,True,356,663,8,5,0.679579,,,,,,,,,,,,,True,603,164,8,5,0.680793,,,,,,,,,,,,
107,1035,19,,,,,0.4,,,,,True,356,663,8,5,0.679579,,,,,,,,,,,,,True,622,178,8,5,0.651595,,,,,,,,,,,,
107,1035,20,,,,,0.4,,,,,True,356,663,8,5,0.679579,,,,,,,,,,,,,True,622,170,8,5,0.652767,,,,,,,,,,,,
107,1035,21,,,,,0.4,,,,,True,356,663,8,5,0.679579,,,,,,,,,,,,,True,640,157,8,5,0.656277,,,,,,,,,,,,
107,1035,22,,,,,0.4,,,,,True,356,663,8,5,0.679579,,,,,,,,,,,,,True,616,172,8,5,0.653509,,,,,,,,,,,,
107,1035,23,,,,,0.4,,,,,True,356,663,8,5,0.679579,,,,,,,,,,,,,True,603,155,8,5,0.657032,,,,,,,,,,,,
107,1035,24,,,,,0.4,,,,,True,356,663,8,5,0.679579,,,,,,,,,,,,,True,613,163,8,5,0.67806,,,,,,,,,,,,
107,1035,25,,,,,0.4,,,,,True,356,663,8,5,0.679579,,,,,,,,,,,,,True,610,164,8,5,0.648379,,,,,,,,,,,,
107,1035,26,,,,,0.4,,,,,True,356,663,8,5,0.679579,,,,,,,,,,,,,True,618,158,8,5,0.654155,,,,,,,,,,,,
107,1035,27,,,,,0.4,,,,,True,356,663,8,5,0.679579,,,,,,,,,,,,,True,624,154,8,5,0.654345,,,,,,,,,,,,
107,1035,28,,,,,0.4,,,,,True,356,663,8,5,0.679579,,,,,,,,,,,,,True,635,164,8,5,0.655982,,,,,,,,,,,,
107,1035,29,,,,,0.4,,,,,True,356,663,8,5,0.679579,,,,,,,,,,,,,True,618,156,8,5,0.673993,,,,,,,,,,,,
107,1035,30,,,,,0.4,,,,,True,356,663,8,5,0.679579,,,,,,,,,,,,,True,615,164,8,5,0.667927,,,,,,,,,,,,
348,226,1,,,,,0.05,,,,,True,109,117,8,5,0.009035,,,,,,,,,,,,,True,115,104,8,5,0.00878,,,,,,,,,,,,
348,226,2,,,,,0.05,,,,,True,109,117,8,5,0.009035,,,,,,,,,,,,,True,118,104,8,5,0.008683,,,,,,,,,,,,
348,226,3,,,,,0.05,,,,,True,109,117,8,5,0.009035,,,,,,,,,,,,,True,115,108,8,5,0.008581,,,,,,,,,,,,
348,226,4,,,,,0.05,,,,,True,109,117,8,5,0.009035,,,,,,,,,,,,,True,116,106,8,5,0.009355,,,,,,,,,,,,
348,226,5,,,,,0.05,,,,,True,109,117,8,5,0.009035,,,,,,,,,,,,,True,118,103,8,5,0.008817,,,,,,,,,,,,
348,226,6,,,,,0.05,,,,,True,109,117,8,5,0.009035,,,,,,,,,,,,,True,116,108,8,5,0.013371,,,,,,,,,,,,
348,226,7,,,,,0.05,,,,,True,109,117,8,5,0.009035,,,,,,,,,,,,,True,115,106,8,5,0.008816,,,,,,,,,,,,
348,226,8,,,,,0.05,,,,,True,109,117,8,5,0.009035,,,,,,,,,,,,,True,118,101,8,5,0.008891,,,,,,,,,,,,
348,226,9,,,,,0.05,,,,,True,109,117,8,5,0.009035,,,,,,,,,,,,,True,117,103,8,5,0.008844,,,,,,,,,,,,
348,226,10,,,,,0.05,,,,,True,109,117,8,5,0.009035,,,,,,,,,,,,,True,117,104,8,5,0.009018,,,,,,,,,,,,
348,226,11,,,,,0.05,,,,,True,109,117,8,5,0.009035,,,,,,,,,,,,,True,118,103,8,5,0.008547,,,,,,,,,,,,
348,226,12,,,,,0.05,,,,,True,109,117,8,5,0.009035,,,,,,,,,,,,,True,117,111,8,5,0.008578,,,,,,,,,,,,
348,226,13,,,,,0.05,,,,,True,109,117,8,5,0.009035,,,,,,,,,,,,,True,118,105,8,5,0.008868,,,,,,,,,,,,
348,226,14,,,,,0.05,,,,,True,109,117,8,5,0.009035,,,,,,,,,,,,,True,119,103,8,5,0.009472,,,,,,,,,,,,
348,226,15,,,,,0.05,,,,,True,109,117,8,5,0.009035,,,,,,,,,,,,,True,115,110,8,5,0.009231,,,,,,,,,,,,
348,226,16,,,,,0.05,,,,,True,109,117,8,5,0.009035,,,,,,,,,,,,,True,115,104,8,5,0.008926,,,,,,,,,,,,
348,226,17,,,,,0.05,,,,,True,109,117,8,5,0.009035,,,,,,,,,,,,,True,116,109,8,5,0.008578,,,,,,,,,,,,
348,226,18,,,,,0.05,,,,,True,109,117,8,5,0.009035,,,,,,,,,,,,,True,116,104,8,5,0.009248,,,,,,,,,,,,
348,226,19,,,,,0.05,,,,,True,109,117,8,5,0.009035,,,,,,,,,,,,,True,116,105,8,5,0.010243,,,,,,,,,,,,
348,226,20,,,,,0.05,,,,,True,109,117,8,5,0.009035,,,,,,,,,,,,,True,117,107,8,5,0.008754,,,,,,,,,,,,
348,226,21,,,,,0.05,,,,,True,109,117,8,5,0.009035,,,,,,,,,,,,,True,116,102,8,5,0.008771,,,,,,,,,,,,
348,226,22,,,,,0.05,,,,,True,109,117,8,5,0.009035,,,,,,,,,,,,,True,115,111,8,5,0.008848,,,,,,,,,,,,
348,226,23,,,,,0.05,,,,,True,109,117,8,5,0.009035,,,,,,,,,,,,,True,116,106,8,5,0.008761,,,,,,,,,,,,
348,226,24,,,,,0.05,,,,,True,109,117,8,5,0.009035,,,,,,,,,,,,,True,118,108,8,5,0.00866,,,,,,,,,,,,
348,226,25,,,,,0.05,,,,,True,109,117,8,5,0.009035,,,,,,,,,,,,,True,118,109,8,5,0.008993,,,,,,,,,,,,
348,226,26,,,,,0.05,,,,,True,109,117,8,5,0.009035,,,,,,,,,,,,,True,117,107,8,5,0.008886,,,,,,,,,,,,
348,226,27,,,,,0.05,,,,,True,109,117,8,5,0.009035,,,,,,,,,,,,,True,114,110,8,5,0.009274,,,,,,,,,,,,
348,226,28,,,,,0.05,,,,,True,109,117,8,5,0.009035,,,,,,,,,,,,,True,115,104,8,5,0.008629,,,,,,,,,,,,
348,226,29,,,,,0.05,,,,,True,109,117,8,5,0.009035,,,,,,,,,,,,,True,116,113,8,5,0.008786,,,,,,,,,,,,
348,226,30,,,,,0.05,,,,,True,109,117,8,5,0.009035,,,,,,,,,,,,,True,116,104,8,5,0.00864,,,,,,,,,,,,
348,226,1,,,,,0.15,,,,,True,109,117,8,5,0.009035,,,,,,,,,,,,,True,129,90,8,5,0.008165,,,,,,,,,,,,
348,226,2,,,,,0.15,,,,,True,109,117,8,5,0.009035,,,,,,,,,,,,,True,131,90,8,5,0.00821,,,,,,,,,,,,
348,226,3,,,,,0.15,,,,,True,109,117,8,5,0.009035,,,,,,,,,,,,,True,131,97,8,5,0.008264,,,,,,,,,,,,
348,226,4,,,,,0.15,,,,,True,109,117,8,5,0.009035,,,,,,,,,,,,,True,129,91,8,5,0.008411,,,,,,,,,,,,
348,226,5,,,,,0.15,,,,,True,109,117,8,5,0.009035,,,,,,,,,,,,,True,130,92,8,5,0.0081,,,,,,,,,,,,
348,226,6,,,,,0.15,,,,,True,109,117,8,5,0.009035,,,,,,,,,,,,,True,131,86,8,5,0.008408,,,,,,,,,,,,
348,226,7,,,,,0.15,,,,,True,109,117,8,5,0.009035,,,,,,,,,,,,,True,130,88,8,5,0.008136,,,,,,,,,,,,
348,226,8,,,,,0.15,,,,,True,109,117,8,5,0.009035,,,,,,,,,,,,,True,129,90,8,5,0.008148,,,,,,,,,,,,
348,226,9,,,,,0.15,,,,,True,109,117,8,5,0.009035,,,,,,,,,,,,,True,128,93,8,5,0.008566,,,,,,,,,,,,
348,226,10,,,,,0.15,,,,,True,109,117,8,5,0.009035,,,,,,,,,,,,,True,132,94,8,5,0.00839,,,,,,,,,,,,
348,226,11,,,,,0.15,,,,,True,109,117,8,5,0.009035,,,,,,,,,,,,,True,124,93,8,5,0.008319,,,,,,,,,,,,
348,226,12,,,,,0.15,,,,,True,109,117,8,5,0.009035,,,,,,,,,,,,,True,136,89,8,5,0.008234,,,,,,,,,,,,
348,226,13,,,,,0.15,,,,,True,109,117,8,5,0.009035,,,,,,,,,,,,,True,129,93,8,5,0.008108,,,,,,,,,,,,
348,226,14,,,,,0.15,,,,,True,109,117,8,5,0.009035,,,,,,,,,,,,,True,130,88,8,5,0.008287,,,,,,,,,,,,
348,226,15,,,,,0.15,,,,,True,109,117,8,5,0.009035,,,,,,,,,,,,,True,130,86,8,5,0.0083,,,,,,,,,,,,
348,226,16,,,,,0.15,,,,,True,109,117,8,5,0.009035,,,,,,,,,,,,,True,129,93,8,5,0.008154,,,,,,,,,,,,
348,226,17,,,,,0.15,,,,,True,109,117,8,5,0.009035,,,,,,,,,,,,,True,131,82,8,5,0.008472,,,,,,,,,,,,
348,226,18,,,,,0.15,,,,,True,109,117,8,5,0.009035,,,,,,,,,,,,,True,132,90,8,5,0.008199,,,,,,,,,,,,
348,226,19,,,,,0.15,,,,,True,109,117,8,5,0.009035,,,,,,,,,,,,,True,130,89,8,5,0.008429,,,,,,,,,,,,
348,226,20,,,,,0.15,,,,,True,109,117,8,5,0.009035,,,,,,,,,,,,,True,132,83,8,5,0.008176,,,,,,,,,,,,
348,226,21,,,,,0.15,,,,,True,109,117,8,5,0.009035,,,,,,,,,,,,,True,131,87,8,5,0.008798,,,,,,,,,,,,
348,226,22,,,,,0.15,,,,,True,109,117,8,5,0.009035,,,,,,,,,,,,,True,133,86,8,5,0.008347,,,,,,,,,,,,
348,226,23,,,,,0.15,,,,,True,109,117,8,5,0.009035,,,,,,,,,,,,,True,125,92,8,5,0.008116,,,,,,,,,,,,
348,226,24,,,,,0.15,,,,,True,109,117,8,5,0.009035,,,,,,,,,,,,,True,132,88,8,5,0.008293,,,,,,,,,,,,
348,226,25,,,,,0.15,,,,,True,109,117,8,5,0.009035,,,,,,,,,,,,,True,133,84,8,5,0.008242,,,,,,,,,,,,
348,226,26,,,,,0.15,,,,,True,109,117,8,5,0.009035,,,,,,,,,,,,,True,128,92,8,5,0.00808,,,,,,,,,,,,
348,226,27,,,,,0.15,,,,,True,109,117,8,5,0.009035,,,,,,,,,,,,,True,132,83,8,5,0.008204,,,,,,,,,,,,
348,226,28,,,,,0.15,,,,,True,109,117,8,5,0.009035,,,,,,,,,,,,,True,133,90,8,5,0.008146,,,,,,,,,,,,
348,226,29,,,,,0.15,,,,,True,109,117,8,5,0.009035,,,,,,,,,,,,,True,135,85,8,5,0.008586,,,,,,,,,,,,
348,226,30,,,,,0.15,,,,,True,109,117,8,5,0.009035,,,,,,,,,,,,,True,127,90,8,5,0.00808,,,,,,,,,,,,
348,226,1,,,,,0.25,,,,,True,109,117,8,5,0.009035,,,,,,,,,,,,,True,147,73,8,5,0.00761,,,,,,,,,,,,
348,226,2,,,,,0.25,,,,,True,109,117,8,5,0.009035,,,,,,,,,,,,,True,149,71,8,5,0.007739,,,,,,,,,,,,
348,226,3,,,,,0.25,,,,,True,109,117,8,5,0.009035,,,,,,,,,,,,,True,150,70,8,5,0.00768,,,,,,,,,,,,
348,226,4,,,,,0.25,,,,,True,109,117,8,5,0.009035,,,,,,,,,,,,,True,150,69,8,5,0.007663,,,,,,,,,,,,
348,226,5,,,,,0.25,,,,,True,109,117,8,5,0.009035,,,,,,,,,,,,,True,145,76,8,5,0.007726,,,,,,,,,,,,
348,226,6,,,,,0.25,,,,,True,109,117,8,5,0.009035,,,,,,,,,,,,,True,148,67,8,5,0.007801,,,,,,,,,,,,
348,226,7,,,,,0.25,,,,,True,109,117,8,5,0.009035,,,,,,,,,,,,,True,144,70,8,5,0.007826,,,,,,,,,,,,
348,226,8,,,,,0.25,,,,,True,109,117,8,5,0.009035,,,,,,,,,,,,,True,147,65,8,5,0.007746,,,,,,,,,,,,
348,226,9,,,,,0.25,,,,,True,109,117,8,5,0.009035,,,,,,,,,,,,,True,149,63,8,5,0.008314,,,,,,,,,,,,
348,226,10,,,,,0.25,,,,,True,109,117,8,5,0.009035,,,,,,,,,,,,,True,145,72,8,5,0.007627,,,,,,,,,,,,
348,226,11,,,,,0.25,,,,,True,109,117,8,5,0.009035,,,,,,,,,,,,,True,142,71,8,5,0.007727,,,,,,,,,,,,
348,226,12,,,,,0.25,,,,,True,109,117,8,5,0.009035,,,,,,,,,,,,,True,148,69,8,5,0.007703,,,,,,,,,,,,
348,226,13,,,,,0.25,,,,,True,109,117,8,5,0.009035,,,,,,,,,,,,,True,149,69,8,5,0.007739,,,,,,,,,,,,
348,226,14,,,,,0.25,,,,,True,109,117,8,5,0.009035,,,,,,,,,,,,,True,148,66,8,5,0.007778,,,,,,,,,,,,
348,226,15,,,,,0.25,,,,,True,109,117,8,5,0.009035,,,,,,,,,,,,,True,145,69,8,5,0.007861,,,,,,,,,,,,
348,226,16,,,,,0.25,,,,,True,109,117,8,5,0.009035,,,,,,,,,,,,,True,149,71,8,5,0.007744,,,,,,,,,,,,
348,226,17,,,,,0.25,,,,,True,109,117,8,5,0.009035,,,,,,,,,,,,,True,148,63,8,5,0.007781,,,,,,,,,,,,
348,226,18,,,,,0.25,,,,,True,109,117,8,5,0.009035,,,,,,,,,,,,,True,144,75,8,5,0.007931,,,,,,,,,,,,
348,226,19,,,,,0.25,,,,,True,109,117,8,5,0.009035,,,,,,,,,,,,,True,143,70,8,5,0.007657,,,,,,,,,,,,
348,226,20,,,,,0.25,,,,,True,109,117,8,5,0.009035,,,,,,,,,,,,,True,143,72,8,5,0.008054,,,,,,,,,,,,
348,226,21,,,,,0.25,,,,,True,109,117,8,5,0.009035,,,,,,,,,,,,,True,141,73,8,5,0.008736,,,,,,,,,,,,
348,226,22,,,,,0.25,,,,,True,109,117,8,5,0.009035,,,,,,,,,,,,,True,148,67,8,5,0.007821,,,,,,,,,,,,
348,226,23,,,,,0.25,,,,,True,109,117,8,5,0.009035,,,,,,,,,,,,,True,147,69,8,5,0.008286,,,,,,,,,,,,
348,226,24,,,,,0.25,,,,,True,109,117,8,5,0.009035,,,,,,,,,,,,,True,146,72,8,5,0.007598,,,,,,,,,,,,
348,226,25,,,,,0.25,,,,,True,109,117,8,5,0.009035,,,,,,,,,,,,,True,141,72,8,5,0.007707,,,,,,,,,,,,
348,226,26,,,,,0.25,,,,,True,109,117,8,5,0.009035,,,,,,,,,,,,,True,147,68,8,5,0.007737,,,,,,,,,,,,
348,226,27,,,,,0.25,,,,,True,109,117,8,5,0.009035,,,,,,,,,,,,,True,151,61,8,5,0.007938,,,,,,,,,,,,
348,226,28,,,,,0.25,,,,,True,109,117,8,5,0.009035,,,,,,,,,,,,,True,153,63,8,5,0.007815,,,,,,,,,,,,
348,226,29,,,,,0.25,,,,,True,109,117,8,5,0.009035,,,,,,,,,,,,,True,146,73,8,5,0.007899,,,,,,,,,,,,
348,226,30,,,,,0.25,,,,,True,109,117,8,5,0.009035,,,,,,,,,,,,,True,142,78,8,5,0.007656,,,,,,,,,,,,
348,226,1,,,,,0.4,,,,,True,109,117,8,5,0.009035,,,,,,,,,,,,,True,184,43,8,5,0.007284,,,,,,,,,,,,
348,226,2,,,,,0.4,,,,,True,109,117,8,5,0.009035,,,,,,,,,,,,,True,176,44,8,5,0.007625,,,,,,,,,,,,
348,226,3,,,,,0.4,,,,,True,109,117,8,5,0.009035,,,,,,,,,,,,,True,175,54,8,5,0.007299,,,,,,,,,,,,
348,226,4,,,,,0.4,,,,,True,109,117,8,5,0.009035,,,,,,,,,,,,,True,185,46,8,5,0.007713,,,,,,,,,,,,
348,226,5,,,,,0.4,,,,,True,109,117,8,5,0.009035,,,,,,,,,,,,,True,179,40,8,5,0.00764,,,,,,,,,,,,
348,226,6,,,,,0.4,,,,,True,109,117,8,5,0.009035,,,,,,,,,,,,,True,185,43,8,5,0.007034,,,,,,,,,,,,
348,226,7,,,,,0.4,,,,,True,109,117,8,5,0.009035,,,,,,,,,,,,,True,179,55,8,5,0.00717,,,,,,,,,,,,
348,226,8,,,,,0.4,,,,,True,109,117,8,5,0.009035,,,,,,,,,,,,,True,179,40,8,5,0.007184,,,,,,,,,,,,
348,226,9,,,,,0.4,,,,,True,109,117,8,5,0.009035,,,,,,,,,,,,,True,182,49,8,5,0.007052,,,,,,,,,,,,
348,226,10,,,,,0.4,,,,,True,109,117,8,5,0.009035,,,,,,,,,,,,,True,176,44,8,5,0.007138,,,,,,,,,,,,
348,226,11,,,,,0.4,,,,,True,109,117,8,5,0.009035,,,,,,,,,,,,,True,179,46,8,5,0.007104,,,,,,,,,,,,
348,226,12,,,,,0.4,,,,,True,109,117,8,5,0.009035,,,,,,,,,,,,,True,176,48,8,5,0.007524,,,,,,,,,,,,
348,226,13,,,,,0.4,,,,,True,109,117,8,5,0.009035,,,,,,,,,,,,,True,180,42,8,5,0.007083,,,,,,,,,,,,
348,226,14,,,,,0.4,,,,,True,109,117,8,5,0.009035,,,,,,,,,,,,,True,183,42,8,5,0.007511,,,,,,,,,,,,
348,226,15,,,,,0.4,,,,,True,109,117,8,5,0.009035,,,,,,,,,,,,,True,180,43,8,5,0.007285,,,,,,,,,,,,
348,226,16,,,,,0.4,,,,,True,109,117,8,5,0.009035,,,,,,,,,,,,,True,178,42,8,5,0.007318,,,,,,,,,,,,
348,226,17,,,,,0.4,,,,,True,109,117,8,5,0.009035,,,,,,,,,,,,,True,176,39,8,5,0.007475,,,,,,,,,,,,
348,226,18,,,,,0.4,,,,,True,109,117,8,5,0.009035,,,,,,,,,,,,,True,180,41,8,5,0.007598,,,,,,,,,,,,
348,226,19,,,,,0.4,,,,,True,109,117,8,5,0.009035,,,,,,,,,,,,,True,177,37,8,5,0.007265,,,,,,,,,,,,
348,226,20,,,,,0.4,,,,,True,109,117,8,5,0.009035,,,,,,,,,,,,,True,176,45,8,5,0.007061,,,,,,,,,,,,
348,226,21,,,,,0.4,,,,,True,109,117,8,5,0.009035,,,,,,,,,,,,,True,173,45,8,5,0.007642,,,,,,,,,,,,
348,226,22,,,,,0.4,,,,,True,109,117,8,5,0.009035,,,,,,,,,,,,,True,178,40,8,5,0.007197,,,,,,,,,,,,
348,226,23,,,,,0.4,,,,,True,109,117,8,5,0.009035,,,,,,,,,,,,,True,184,40,8,5,0.007276,,,,,,,,,,,,
348,226,24,,,,,0.4,,,,,True,109,117,8,5,0.009035,,,,,,,,,,,,,True,181,42,8,5,0.00747,,,,,,,,,,,,
348,226,25,,,,,0.4,,,,,True,109,117,8,5,0.009035,,,,,,,,,,,,,True,180,37,8,5,0.007072,,,,,,,,,,,,
348,226,26,,,,,0.4,,,,,True,109,117,8,5,0.009035,,,,,,,,,,,,,True,183,41,8,5,0.007277,,,,,,,,,,,,
348,226,27,,,,,0.4,,,,,True,109,117,8,5,0.009035,,,,,,,,,,,,,True,177,38,8,5,0.007597,,,,,,,,,,,,
348,226,28,,,,,0.4,,,,,True,109,117,8,5,0.009035,,,,,,,,,,,,,True,185,39,8,5,0.007062,,,,,,,,,,,,
348,226,29,,,,,0.4,,,,,True,109,117,8,5,0.009035,,,,,,,,,,,,,True,179,46,8,5,0.00722,,,,,,,,,,,,
348,226,30,,,,,0.4,,,,,True,109,117,8,5,0.009035,,,,,,,,,,,,,True,179,42,8,5,0.007153,,,,,,,,,,,,
414,155,1,1012,1196.57,797.0,739.0000000000091,0.05,987,1171.06,758.0,705.5,True,107,40,8,5,0.002859,True,19.660679661786347,40.0,64,84,0.4,0.4,2,inf,77.018743,0.002863,77.514314,True,107,40,8,5,0.002625,True,18.91164903472748,32.0,15,88,0.4,0.4,2,inf,227.007541,0.002712,227.549926
414,155,2,1012,1196.57,797.0,739.0000000000091,0.05,987,1171.06,758.0,705.5,True,107,40,8,5,0.002859,True,19.660679661786347,40.0,64,84,0.4,0.4,2,inf,77.018743,0.002863,77.514314,True,107,38,8,5,0.003083,True,18.46433034174959,38.0,64,106,0.4,0.4,2,inf,176.947898,0.002973,177.483825
414,155,3,1012,1196.57,797.0,739.0000000000091,0.05,987,1171.06,758.0,705.5,True,107,40,8,5,0.002859,True,19.660679661786347,40.0,64,84,0.4,0.4,2,inf,77.018743,0.002863,77.514314,True,107,40,8,5,0.002671,True,18.343074123709417,36.0,64,82,0.4,0.4,2,inf,153.520725,0.00294,154.059096
414,155,4,1012,1196.57,797.0,739.0000000000091,0.05,987,1171.06,758.0,705.5,True,107,40,8,5,0.002859,True,19.660679661786347,40.0,64,84,0.4,0.4,2,inf,77.018743,0.002863,77.514314,True,107,38,8,5,0.002909,True,18.629777337648267,29.0,46,88,0.4,0.4,2,inf,181.460566,0.002878,182.004023
414,155,5,1012,1196.57,797.0,739.0000000000091,0.05,987,1171.06,758.0,705.5,True,107,40,8,5,0.002859,True,19.660679661786347,40.0,64,84,0.4,0.4,2,inf,77.018743,0.002863,77.514314,True,108,38,8,5,0.002791,True,18.317939598882283,38.0,99,93,0.4,0.4,2,inf,109.802164,0.002888,110.394421
414,155,6,1012,1196.57,797.0,739.0000000000091,0.05,987,1171.06,758.0,705.5,True,107,40,8,5,0.002859,True,19.660679661786347,40.0,64,84,0.4,0.4,2,inf,77.018743,0.002863,77.514314,True,107,39,8,5,0.002593,True,18.786365797538977,36.0,99,97,0.4,0.4,2,inf,114.368165,0.002858,115.030605
414,155,7,1012,1196.57,797.0,739.0000000000091,0.05,987,1171.06,758.0,705.5,True,107,40,8,5,0.002859,True,19.660679661786347,40.0,64,84,0.4,0.4,2,inf,77.018743,0.002863,77.514314,True,107,37,8,5,0.002659,True,18.95266207090057,37.0,52,101,0.4,0.4,2,inf,135.442143,0.002893,135.929721
414,155,8,1012,1196.57,797.0,739.0000000000091,0.05,987,1171.06,758.0,705.5,True,107,40,8,5,0.002859,True,19.660679661786347,40.0,64,84,0.4,0.4,2,inf,77.018743,0.002863,77.514314,True,107,39,8,5,0.002939,True,19.205791232850377,37.0,64,88,0.4,0.4,2,inf,139.761672,0.002869,140.312162
414,155,9,1012,1196.57,797.0,739.0000000000091,0.05,987,1171.06,758.0,705.5,True,107,40,8,5,0.002859,True,19.660679661786347,40.0,64,84,0.4,0.4,2,inf,77.018743,0.002863,77.514314,True,107,39,8,5,0.002654,True,18.83614396506134,36.0,52,95,0.4,0.4,2,inf,114.59083,0.00287,115.141578
414,155,10,1012,1196.57,797.0,739.0000000000091,0.05,987,1171.06,758.0,705.5,True,107,40,8,5,0.002859,True,19.660679661786347,40.0,64,84,0.4,0.4,2,inf,77.018743,0.002863,77.514314,True,107,38,8,5,0.002705,True,18.66802551055449,38.0,64,106,0.4,0.4,2,inf,124.637432,0.002937,125.149446
414,155,11,1012,1196.57,797.0,739.0000000000091,0.05,987,1171.06,758.0,705.5,True,107,40,8,5,0.002859,True,19.660679661786347,40.0,64,84,0.4,0.4,2,inf,77.018743,0.002863,77.514314,True,107,36,8,5,0.002618,True,18.802041253782075,36.0,52,100,0.4,0.4,2,inf,91.09571,0.002932,91.612878
414,155,12,1012,1196.57,797.0,739.0000000000091,0.05,987,1171.06,758.0,705.5,True,107,40,8,5,0.002859,True,19.660679661786347,40.0,64,84,0.4,0.4,2,inf,77.018743,0.002863,77.514314,True,107,38,8,5,0.002621,True,18.76881724892432,38.0,64,103,0.4,0.4,2,inf,101.153877,0.002893,101.692132
414,155,13,1012,1196.57,797.0,739.0000000000091,0.05,987,1171.06,758.0,705.5,True,107,40,8,5,0.002859,True,19.660679661786347,40.0,64,84,0.4,0.4,2,inf,77.018743,0.002863,77.514314,True,107,39,8,5,0.002684,True,18.96709540962434,38.0,64,95,0.4,0.4,2,inf,109.811227,0.002883,110.324941
414,155,14,1012,1196.57,797.0,739.0000000000091,0.05,987,1171.06,758.0,705.5,True,107,40,8,5,0.002859,True,19.660679661786347,40.0,64,84,0.4,0.4,2,inf,77.018743,0.002863,77.514314,True,107,37,8,5,0.002546,True,18.871866903572357,37.0,64,94,0.4,0.4,2,inf,132.950083,0.00293,133.52621
414,155,15,1012,1196.57,797.0,739.0000000000091,0.05,987,1171.06,758.0,705.5,True,107,40,8,5,0.002859,True,19.660679661786347,40.0,64,84,0.4,0.4,2,inf,77.018743,0.002863,77.514314,True,107,39,8,5,0.002982,True,18.62253359654594,36.0,64,82,0.4,0.4,2,inf,118.258728,0.00287,118.803847
414,155,16,1012,1196.57,797.0,739.0000000000091,0.05,987,1171.06,758.0,705.5,True,107,40,8,5,0.002859,True,19.660679661786347,40.0,64,84,0.4,0.4,2,inf,77.018743,0.002863,77.514314,True,108,38,8,5,0.002623,True,18.779308115393487,38.0,64,104,0.4,0.4,2,inf,110.961386,0.002916,111.499284
414,155,17,1012,1196.57,797.0,739.0000000000091,0.05,987,1171.06,758.0,705.5,True,107,40,8,5,0.002859,True,19.660679661786347,40.0,64,84,0.4,0.4,2,inf,77.018743,0.002863,77.514314,True,108,40,8,5,0.003491,True,18.923695847841064,39.0,64,91,0.4,0.4,2,inf,105.612792,0.002859,106.161145
414,155,18,1012,1196.57,797.0,739.0000000000091,0.05,987,1171.06,758.0,705.5,True,107,40,8,5,0.002859,True,19.660679661786347,40.0,64,84,0.4,0.4,2,inf,77.018743,0.002863,77.514314,True,107,38,8,5,0.002603,True,18.766262362199488,37.0,52,89,0.4,0.4,2,inf,109.287826,0.002903,109.824996
414,155,19,1012,1196.57,797.0,739.0000000000091,0.05,987,1171.06,758.0,705.5,True,107,40,8,5,0.002859,True,19.660679661786347,40.0,64,84,0.4,0.4,2,inf,77.018743,0.002863,77.514314,True,107,37,8,5,0.003045,True,18.727998253570263,31.0,15,94,0.4,0.4,2,inf,191.69996,0.002879,192.243532
414,155,20,1012,1196.57,797.0,739.0000000000091,0.05,987,1171.06,758.0,705.5,True,107,40,8,5,0.002859,True,19.660679661786347,40.0,64,84,0.4,0.4,2,inf,77.018743,0.002863,77.514314,True,107,38,8,5,0.003446,True,18.75959096705179,37.0,64,96,0.4,0.4,2,inf,132.745429,0.002894,133.279862
414,155,21,1012,1196.57,797.0,739.0000000000091,0.05,987,1171.06,758.0,705.5,True,107,40,8,5,0.002859,True,19.660679661786347,40.0,64,84,0.4,0.4,2,inf,77.018743,0.002863,77.514314,True,107,39,8,5,0.002575,True,18.83274810204472,39.0,64,105,0.4,0.4,2,inf,110.187866,0.002938,110.694716
414,155,22,1012,1196.57,797.0,739.0000000000091,0.05,987,1171.06,758.0,705.5,True,107,40,8,5,0.002859,True,19.660679661786347,40.0,64,84,0.4,0.4,2,inf,77.018743,0.002863,77.514314,True,107,37,8,5,0.003186,True,18.520134778579447,32.0,123,89,0.4,0.4,2,inf,166.763779,0.00289,167.299917
414,155,23,1012,1196.57,797.0,739.0000000000091,0.05,987,1171.06,758.0,705.5,True,107,40,8,5,0.002859,True,19.660679661786347,40.0,64,84,0.4,0.4,2,inf,77.018743,0.002863,77.514314,True,107,38,8,5,0.002622,True,18.587190125474716,37.0,64,96,0.4,0.4,2,inf,147.834959,0.00287,148.379467
414,155,24,1012,1196.57,797.0,739.0000000000091,0.05,987,1171.06,758.0,705.5,True,107,40,8,5,0.002859,True,19.660679661786347,40.0,64,84,0.4,0.4,2,inf,77.018743,0.002863,77.514314,True,107,39,8,5,0.002607,True,18.922118613340693,29.0,53,97,0.4,0.4,2,inf,126.022415,0.002945,126.54443
414,155,25,1012,1196.57,797.0,739.0000000000091,0.05,987,1171.06,758.0,705.5,True,107,40,8,5,0.002859,True,19.660679661786347,40.0,64,84,0.4,0.4,2,inf,77.018743,0.002863,77.514314,True,107,38,8,5,0.002794,True,18.6216069324455,38.0,99,101,0.4,0.4,2,inf,115.156354,0.002866,115.67291
414,155,26,1012,1196.57,797.0,739.0000000000091,0.05,987,1171.06,758.0,705.5,True,107,40,8,5,0.002859,True,19.660679661786347,40.0,64,84,0.4,0.4,2,inf,77.018743,0.002863,77.514314,True,107,39,8,5,0.002658,True,18.616991321962463,35.0,64,91,0.4,0.4,2,inf,115.574934,0.002908,116.116
414,155,27,1012,1196.57,797.0,739.0000000000091,0.05,987,1171.06,758.0,705.5,True,107,40,8,5,0.002859,True,19.660679661786347,40.0,64,84,0.4,0.4,2,inf,77.018743,0.002863,77.514314,True,107,39,8,5,0.00262,True,18.6872123646372,36.0,64,86,0.4,0.4,2,inf,99.306019,0.002911,99.830144
414,155,28,1012,1196.57,797.0,739.0000000000091,0.05,987,1171.06,758.0,705.5,True,107,40,8,5,0.002859,True,19.660679661786347,40.0,64,84,0.4,0.4,2,inf,77.018743,0.002863,77.514314,True,107,38,8,5,0.002979,True,18.490423025728603,30.0,46,83,0.4,0.4,2,inf,200.026852,0.002884,200.575343
414,155,29,1012,1196.57,797.0,739.0000000000091,0.05,987,1171.06,758.0,705.5,True,107,40,8,5,0.002859,True,19.660679661786347,40.0,64,84,0.4,0.4,2,inf,77.018743,0.002863,77.514314,True,107,40,8,5,0.002606,True,18.75422536288577,36.0,99,100,0.4,0.4,2,inf,102.189508,0.002922,102.739482
414,155,30,1012,1196.57,797.0,739.0000000000091,0.05,987,1171.06,758.0,705.5,True,107,40,8,5,0.002859,True,19.660679661786347,40.0,64,84,0.4,0.4,2,inf,77.018743,0.002863,77.514314,True,107,38,8,5,0.002744,True,18.745549223968997,37.0,64,93,0.4,0.4,2,inf,192.181939,0.002883,192.712665
414,155,1,1012,1196.57,797.0,739.0000000000091,0.15,897,1088.71,670.0,628.4999999999973,True,107,40,8,5,0.002859,True,19.660679661786347,40.0,64,84,0.4,0.4,2,inf,77.018743,0.002863,77.514314,True,110,34,8,5,0.002559,True,16.981108427245385,34.0,52,96,0.4,0.4,2,inf,147.735447,0.002915,148.278314
414,155,2,1012,1196.57,797.0,739.0000000000091,0.15,897,1088.71,670.0,628.4999999999973,True,107,40,8,5,0.002859,True,19.660679661786347,40.0,64,84,0.4,0.4,2,inf,77.018743,0.002863,77.514314,True,111,33,8,5,0.00242,True,16.614769163928997,32.0,99,107,0.4,0.4,2,inf,112.066963,0.002864,112.605639
414,155,3,1012,1196.57,797.0,739.0000000000091,0.15,897,1088.71,670.0,628.4999999999973,True,107,40,8,5,0.002859,True,19.660679661786347,40.0,64,84,0.4,0.4,2,inf,77.018743,0.002863,77.514314,True,111,33,8,5,0.002704,True,16.57015515600159,29.0,16,106,0.4,0.4,2,inf,125.716969,0.002888,126.264315
414,155,4,1012,1196.57,797.0,739.0000000000091,0.15,897,1088.71,670.0,628.4999999999973,True,107,40,8,5,0.002859,True,19.660679661786347,40.0,64,84,0.4,0.4,2,inf,77.018743,0.002863,77.514314,True,110,33,8,5,0.002466,True,16.346010630124848,30.0,52,82,0.4,0.4,2,inf,109.780467,0.002899,110.31901
414,155,5,1012,1196.57,797.0,739.0000000000091,0.15,897,1088.71,670.0,628.4999999999973,True,107,40,8,5,0.002859,True,19.660679661786347,40.0,64,84,0.4,0.4,2,inf,77.018743,0.002863,77.514314,True,110,34,8,5,0.002768,True,16.377892594860977,31.0,64,87,0.4,0.4,2,inf,131.316529,0.002845,131.859215
414,155,6,1012,1196.57,797.0,739.0000000000091,0.15,897,1088.71,670.0,628.4999999999973,True,107,40,8,5,0.002859,True,19.660679661786347,40.0,64,84,0.4,0.4,2,inf,77.018743,0.002863,77.514314,True,110,35,8,5,0.002493,True,16.84521430196163,34.0,64,99,0.4,0.4,2,inf,140.850941,0.002937,141.396471
414,155,7,1012,1196.57,797.0,739.0000000000091,0.15,897,1088.71,670.0,628.4999999999973,True,107,40,8,5,0.002859,True,19.660679661786347,40.0,64,84,0.4,0.4,2,inf,77.018743,0.002863,77.514314,True,109,34,8,5,0.00324,True,17.135438432524467,34.0,52,113,0.4,0.4,2,inf,170.073088,0.002877,170.614624
414,155,8,1012,1196.57,797.0,739.0000000000091,0.15,897,1088.71,670.0,628.4999999999973,True,107,40,8,5,0.002859,True,19.660679661786347,40.0,64,84,0.4,0.4,2,inf,77.018743,0.002863,77.514314,True,110,35,8,5,0.002868,True,16.79276755993245,29.0,7,87,0.4,0.4,2,inf,150.016327,0.002903,150.546228
414,155,9,1012,1196.57,797.0,739.0000000000091,0.15,897,1088.71,670.0,628.4999999999973,True,107,40,8,5,0.002859,True,19.660679661786347,40.0,64,84,0.4,0.4,2,inf,77.018743,0.002863,77.514314,True,110,35,8,5,0.002494,True,16.63901149907257,34.0,52,104,0.4,0.4,2,inf,105.457918,0.002923,105.996291
414,155,10,1012,1196.57,797.0,739.0000000000091,0.15,897,1088.71,670.0,628.4999999999973,True,107,40,8,5,0.002859,True,19.660679661786347,40.0,64,84,0.4,0.4,2,inf,77.018743,0.002863,77.514314,True,110,34,8,5,0.002722,True,16.665686163456996,34.0,64,106,0.4,0.4,2,inf,141.212677,0.002851,141.744254
414,155,11,1012,1196.57,797.0,739.0000000000091,0.15,897,1088.71,670.0,628.4999999999973,True,107,40,8,5,0.002859,True,19.660679661786347,40.0,64,84,0.4,0.4,2,inf,77.018743,0.002863,77.514314,True,110,30,8,5,0.002772,True,16.842091856374495,30.0,99,101,0.4,0.4,2,inf,169.655085,0.003006,170.191382
414,155,12,1012,1196.57,797.0,739.0000000000091,0.15,897,1088.71,670.0,628.4999999999973,True,107,40,8,5,0.002859,True,19.660679661786347,40.0,64,84,0.4,0.4,2,inf,77.018743,0.002863,77.514314,True,111,34,8,5,0.002473,True,17.331302321211968,37.0,28,107,0.4,0.4,2,inf,97.502352,0.002859,98.03367
414,155,13,1012,1196.57,797.0,739.0000000000091,0.15,897,1088.71,670.0,628.4999999999973,True,107,40,8,5,0.002859,True,19.660679661786347,40.0,64,84,0.4,0.4,2,inf,77.018743,0.002863,77.514314,True,109,35,8,5,0.002522,True,17.058296776291847,31.0,64,81,0.4,0.4,2,inf,116.170034,0.002861,116.713977
414,155,14,1012,1196.57,797.0,739.0000000000091,0.15,897,1088.71,670.0,628.4999999999973,True,107,40,8,5,0.002859,True,19.660679661786347,40.0,64,84,0.4,0.4,2,inf,77.018743,0.002863,77.514314,True,110,34,8,5,0.002788,True,16.815345581972522,36.0,28,96,0.4,0.4,2,inf,146.65911,0.002891,147.187727
414,155,15,1012,1196.57,797.0,739.0000000000091,0.15,897,1088.71,670.0,628.4999999999973,True,107,40,8,5,0.002859,True,19.660679661786347,40.0,64,84,0.4,0.4,2,inf,77.018743,0.002863,77.514314,True,111,38,8,5,0.003132,True,16.607013533569123,33.0,64,80,0.4,0.4,2,inf,101.926232,0.002859,102.450341
414,155,16,1012,1196.57,797.0,739.0000000000091,0.15,897,1088.71,670.0,628.4999999999973,True,107,40,8,5,0.002859,True,19.660679661786347,40.0,64,84,0.4,0.4,2,inf,77.018743,0.002863,77.514314,True,112,32,8,5,0.002476,True,16.517330069502222,29.0,76,96,0.4,0.4,2,inf,168.798607,0.002889,169.330719
414,155,17,1012,1196.57,797.0,739.0000000000091,0.15,897,1088.71,670.0,628.4999999999973,True,107,40,8,5,0.002859,True,19.660679661786347,40.0,64,84,0.4,0.4,2,inf,77.018743,0.002863,77.514314,True,112,35,8,5,0.002452,True,17.08091806953841,33.0,52,104,0.4,0.4,2,inf,96.489894,0.002939,97.027181
414,155,18,1012,1196.57,797.0,739.0000000000091,0.15,897,1088.71,670.0,628.4999999999973,True,107,40,8,5,0.002859,True,19.660679661786347,40.0,64,84,0.4,0.4,2,inf,77.018743,0.002863,77.514314,True,110,33,8,5,0.00255,True,16.571434379419863,25.0,33,89,0.4,0.4,2,inf,159.237917,0.002891,159.774522
414,155,19,1012,1196.57,797.0,739.0000000000091,0.15,897,1088.71,670.0,628.4999999999973,True,107,40,8,5,0.002859,True,19.660679661786347,40.0,64,84,0.4,0.4,2,inf,77.018743,0.002863,77.514314,True,111,35,8,5,0.00283,True,16.736012644356123,28.0,15,95,0.4,0.4,2,inf,194.587953,0.004876,195.133805
414,155,20,1012,1196.57,797.0,739.0000000000091,0.15,897,1088.71,670.0,628.4999999999973,True,107,40,8,5,0.002859,True,19.660679661786347,40.0,64,84,0.4,0.4,2,inf,77.018743,0.002863,77.514314,True,109,35,8,5,0.002468,True,17.134549746309233,34.0,64,91,0.4,0.4,2,inf,137.90469,0.00289,138.440564
414,155,21,1012,1196.57,797.0,739.0000000000091,0.15,897,1088.71,670.0,628.4999999999973,True,107,40,8,5,0.002859,True,19.660679661786347,40.0,64,84,0.4,0.4,2,inf,77.018743,0.002863,77.514314,True,111,34,8,5,0.002508,True,17.14226610914312,34.0,64,99,0.4,0.4,2,inf,152.11346,0.002887,152.619864
414,155,22,1012,1196.57,797.0,739.0000000000091,0.15,897,1088.71,670.0,628.4999999999973,True,107,40,8,5,0.002859,True,19.660679661786347,40.0,64,84,0.4,0.4,2,inf,77.018743,0.002863,77.514314,True,110,36,8,5,0.002484,True,16.432535872240226,34.0,64,98,0.4,0.4,2,inf,127.438857,0.002919,127.951491
414,155,23,1012,1196.57,797.0,739.0000000000091,0.15,897,1088.71,670.0,628.4999999999973,True,107,40,8,5,0.002859,True,19.660679661786347,40.0,64,84,0.4,0.4,2,inf,77.018743,0.002863,77.514314,True,110,35,8,5,0.002461,True,16.621240455103372,35.0,64,103,0.4,0.4,2,inf,106.605809,0.002782,107.110397
414,155,24,1012,1196.57,797.0,739.0000000000091,0.15,897,1088.71,670.0,628.4999999999973,True,107,40,8,5,0.002859,True,19.660679661786347,40.0,64,84,0.4,0.4,2,inf,77.018743,0.002863,77.514314,True,111,35,8,5,0.002447,True,16.65619761086738,33.0,52,99,0.4,0.4,2,inf,131.625305,0.002823,132.135907
414,155,25,1012,1196.57,797.0,739.0000000000091,0.15,897,1088.71,670.0,628.4999999999973,True,107,40,8,5,0.002859,True,19.660679661786347,40.0,64,84,0.4,0.4,2,inf,77.018743,0.002863,77.514314,True,112,33,8,5,0.00289,True,16.611815824147524,33.0,64,96,0.4,0.4,2,inf,135.157666,0.002857,135.684548
414,155,26,1012,1196.57,797.0,739.0000000000091,0.15,897,1088.71,670.0,628.4999999999973,True,107,40,8,5,0.002859,True,19.660679661786347,40.0,64,84,0.4,0.4,2,inf,77.018743,0.002863,77.514314,True,110,39,8,5,0.002571,True,17.06524886748021,34.0,52,84,0.4,0.4,2,inf,140.697592,0.00287,141.207636
414,155,27,1012,1196.57,797.0,739.0000000000091,0.15,897,1088.71,670.0,628.4999999999973,True,107,40,8,5,0.002859,True,19.660679661786347,40.0,64,84,0.4,0.4,2,inf,77.018743,0.002863,77.514314,True,109,36,8,5,0.003501,True,16.846799456090753,36.0,64,100,0.4,0.4,2,inf,111.478336,0.002973,111.9961
414,155,28,1012,1196.57,797.0,739.0000000000091,0.15,897,1088.71,670.0,628.4999999999973,True,107,40,8,5,0.002859,True,19.660679661786347,40.0,64,84,0.4,0.4,2,inf,77.018743,0.002863,77.514314,True,110,35,8,5,0.002769,True,16.579665217694117,30.0,123,98,0.4,0.4,2,inf,127.749005,0.002926,128.257083
414,155,29,1012,1196.57,797.0,739.0000000000091,0.15,897,1088.71,670.0,628.4999999999973,True,107,40,8,5,0.002859,True,19.660679661786347,40.0,64,84,0.4,0.4,2,inf,77.018743,0.002863,77.514314,True,108,37,8,5,0.002549,True,16.987862671159373,36.0,64,95,0.4,0.4,2,inf,175.66745,0.002875,176.196532
414,155,30,1012,1196.57,797.0,739.0000000000091,0.15,897,1088.71,670.0,628.4999999999973,True,107,40,8,5,0.002859,True,19.660679661786347,40.0,64,84,0.4,0.4,2,inf,77.018743,0.002863,77.514314,True,109,36,8,5,0.002581,True,16.447141691607044,30.0,64,101,0.4,0.4,2,inf,152.716015,0.00288,153.249303
414,155,1,1012,1196.57,797.0,739.0000000000091,0.25,872,992.05,591.0,550.5,True,107,40,8,5,0.002859,True,19.660679661786347,40.0,64,84,0.4,0.4,2,inf,77.018743,0.002863,77.514314,True,123,31,8,5,0.002617,True,15.036199592368067,30.0,52,98,0.4,0.4,2,inf,94.772871,0.002892,95.298607
414,155,2,1012,1196.57,797.0,739.0000000000091,0.25,872,992.05,591.0,550.5,True,107,40,8,5,0.002859,True,19.660679661786347,40.0,64,84,0.4,0.4,2,inf,77.018743,0.002863,77.514314,True,119,31,8,5,0.002637,True,14.648362967161992,28.0,64,103,0.4,0.4,2,inf,117.613726,0.002939,118.148538
414,155,3,1012,1196.57,797.0,739.0000000000091,0.25,872,992.05,591.0,550.5,True,107,40,8,5,0.002859,True,19.660679661786347,40.0,64,84,0.4,0.4,2,inf,77.018743,0.002863,77.514314,True,155,40,8,5,0.002451,True,14.6510402234931,25.0,99,93,0.4,0.4,2,inf,164.633792,0.002894,165.157319
414,155,4,1012,1196.57,797.0,739.0000000000091,0.25,872,992.05,591.0,550.5,True,107,40,8,5,0.002859,True,19.660679661786347,40.0,64,84,0.4,0.4,2,inf,77.018743,0.002863,77.514314,True,118,29,8,5,0.002395,True,14.750638939455529,26.0,64,101,0.4,0.4,2,inf,123.378575,0.002898,123.910223
414,155,5,1012,1196.57,797.0,739.0000000000091,0.25,872,992.05,591.0,550.5,True,107,40,8,5,0.002859,True,19.660679661786347,40.0,64,84,0.4,0.4,2,inf,77.018743,0.002863,77.514314,True,125,30,8,5,0.00238,True,14.537216920870108,28.0,64,97,0.4,0.4,2,inf,116.827428,0.002882,117.350657
414,155,6,1012,1196.57,797.0,739.0000000000091,0.25,872,992.05,591.0,550.5,True,107,40,8,5,0.002859,True,19.660679661786347,40.0,64,84,0.4,0.4,2,inf,77.018743,0.002863,77.514314,True,118,32,8,5,0.003237,True,15.058167441493714,32.0,99,105,0.4,0.4,2,inf,110.970266,0.00291,111.483976
414,155,7,1012,1196.57,797.0,739.0000000000091,0.25,872,992.05,591.0,550.5,True,107,40,8,5,0.002859,True,19.660679661786347,40.0,64,84,0.4,0.4,2,inf,77.018743,0.002863,77.514314,True,114,31,8,5,0.002511,True,15.285196977410054,31.0,64,106,0.4,0.4,2,inf,150.676417,0.002958,151.205455
414,155,8,1012,1196.57,797.0,739.0000000000091,0.25,872,992.05,591.0,550.5,True,107,40,8,5,0.002859,True,19.660679661786347,40.0,64,84,0.4,0.4,2,inf,77.018743,0.002863,77.514314,True,121,32,8,5,0.002825,True,14.920780735202898,28.0,37,96,0.4,0.4,2,inf,100.009304,0.002895,100.547193
414,155,9,1012,1196.57,797.0,739.0000000000091,0.25,872,992.05,591.0,550.5,True,107,40,8,5,0.002859,True,19.660679661786347,40.0,64,84,0.4,0.4,2,inf,77.018743,0.002863,77.514314,True,121,31,8,5,0.002509,True,14.606780672402198,31.0,52,107,0.4,0.4,2,inf,140.338157,0.002957,140.875951
414,155,10,1012,1196.57,797.0,739.0000000000091,0.25,872,992.05,591.0,550.5,True,107,40,8,5,0.002859,True,19.660679661786347,40.0,64,84,0.4,0.4,2,inf,77.018743,0.002863,77.514314,True,118,33,8,5,0.002387,True,15.20139840388148,29.0,99,96,0.4,0.4,2,inf,140.70923,0.002893,141.242319
414,155,11,1012,1196.57,797.0,739.0000000000091,0.25,872,992.05,591.0,550.5,True,107,40,8,5,0.002859,True,19.660679661786347,40.0,64,84,0.4,0.4,2,inf,77.018743,0.002863,77.514314,True,114,30,8,5,0.003191,True,15.492272499029951,29.0,99,97,0.4,0.4,2,inf,113.987609,0.002967,114.532513
414,155,12,1012,1196.57,797.0,739.0000000000091,0.25,872,992.05,591.0,550.5,True,107,40,8,5,0.002859,True,19.660679661786347,40.0,64,84,0.4,0.4,2,inf,77.018743,0.002863,77.514314,True,120,28,8,5,0.00358,True,15.431529346712033,27.0,46,112,0.4,0.4,2,inf,135.338705,0.002904,135.853131
414,155,13,1012,1196.57,797.0,739.0000000000091,0.25,872,992.05,591.0,550.5,True,107,40,8,5,0.002859,True,19.660679661786347,40.0,64,84,0.4,0.4,2,inf,77.018743,0.002863,77.514314,True,118,30,8,5,0.002536,True,14.860156823528074,28.0,99,106,0.4,0.4,2,inf,120.953444,0.002915,121.457748
414,155,14,1012,1196.57,797.0,739.0000000000091,0.25,872,992.05,591.0,550.5,True,107,40,8,5,0.002859,True,19.660679661786347,40.0,64,84,0.4,0.4,2,inf,77.018743,0.002863,77.514314,True,155,39,8,5,0.002622,True,14.973565805439035,31.0,14,89,0.4,0.4,2,inf,158.84796,0.002931,159.368111
414,155,15,1012,1196.57,797.0,739.0000000000091,0.25,872,992.05,591.0,550.5,True,107,40,8,5,0.002859,True,19.660679661786347,40.0,64,84,0.4,0.4,2,inf,77.018743,0.002863,77.514314,True,123,31,8,5,0.003235,True,14.679903999739905,28.0,99,103,0.4,0.4,2,inf,137.274117,0.002911,137.791879
414,155,16,1012,1196.57,797.0,739.0000000000091,0.25,872,992.05,591.0,550.5,True,107,40,8,5,0.002859,True,19.660679661786347,40.0,64,84,0.4,0.4,2,inf,77.018743,0.002863,77.514314,True,123,31,8,5,0.002457,True,14.627001945075229,24.0,7,94,0.4,0.4,2,inf,157.529259,0.002932,158.03359
414,155,17,1012,1196.57,797.0,739.0000000000091,0.25,872,992.05,591.0,550.5,True,107,40,8,5,0.002859,True,19.660679661786347,40.0,64,84,0.4,0.4,2,inf,77.018743,0.002863,77.514314,True,155,39,8,5,0.002561,True,14.700702660117695,30.0,13,102,0.4,0.4,2,inf,120.650685,0.002948,121.14913
414,155,18,1012,1196.57,797.0,739.0000000000091,0.25,872,992.05,591.0,550.5,True,107,40,8,5,0.002859,True,19.660679661786347,40.0,64,84,0.4,0.4,2,inf,77.018743,0.002863,77.514314,True,123,29,8,5,0.002634,True,13.993740346976798,28.0,64,104,0.4,0.4,2,inf,148.474183,0.002879,148.98866
414,155,19,1012,1196.57,797.0,739.0000000000091,0.25,872,992.05,591.0,550.5,True,107,40,8,5,0.002859,True,19.660679661786347,40.0,64,84,0.4,0.4,2,inf,77.018743,0.002863,77.514314,True,119,32,8,5,0.002503,True,15.062423119189798,32.0,52,107,0.4,0.4,2,inf,119.499555,0.002805,120.024295
414,155,20,1012,1196.57,797.0,739.0000000000091,0.25,872,992.05,591.0,550.5,True,107,40,8,5,0.002859,True,19.660679661786347,40.0,64,84,0.4,0.4,2,inf,77.018743,0.002863,77.514314,True,155,40,8,5,0.002438,True,14.971503873017038,30.0,64,93,0.4,0.4,2,inf,118.995519,0.002753,119.520952
414,155,21,1012,1196.57,797.0,739.0000000000091,0.25,872,992.05,591.0,550.5,True,107,40,8,5,0.002859,True,19.660679661786347,40.0,64,84,0.4,0.4,2,inf,77.018743,0.002863,77.514314,True,117,30,8,5,0.002654,True,15.327476532044098,29.0,64,106,0.4,0.4,2,inf,108.716557,0.002817,109.248822
414,155,22,1012,1196.57,797.0,739.0000000000091,0.25,872,992.05,591.0,550.5,True,107,40,8,5,0.002859,True,19.660679661786347,40.0,64,84,0.4,0.4,2,inf,77.018743,0.002863,77.514314,True,118,32,8,5,0.002622,True,14.672533803700786,31.0,64,96,0.4,0.4,2,inf,100.835116,0.002803,101.354089
414,155,23,1012,1196.57,797.0,739.0000000000091,0.25,872,992.05,591.0,550.5,True,107,40,8,5,0.002859,True,19.660679661786347,40.0,64,84,0.4,0.4,2,inf,77.018743,0.002863,77.514314,True,120,32,8,5,0.002539,True,14.61708174121824,29.0,52,86,0.4,0.4,2,inf,105.009977,0.002951,105.545544
414,155,24,1012,1196.57,797.0,739.0000000000091,0.25,872,992.05,591.0,550.5,True,107,40,8,5,0.002859,True,19.660679661786347,40.0,64,84,0.4,0.4,2,inf,77.018743,0.002863,77.514314,True,118,34,8,5,0.002415,True,15.020179697977104,31.0,52,100,0.4,0.4,2,inf,176.5134,0.002898,177.048318
414,155,25,1012,1196.57,797.0,739.0000000000091,0.25,872,992.05,591.0,550.5,True,107,40,8,5,0.002859,True,19.660679661786347,40.0,64,84,0.4,0.4,2,inf,77.018743,0.002863,77.514314,True,155,37,8,5,0.002358,True,14.563196171586164,30.0,64,113,0.4,0.4,2,inf,118.378163,0.002852,118.917707
414,155,26,1012,1196.57,797.0,739.0000000000091,0.25,872,992.05,591.0,550.5,True,107,40,8,5,0.002859,True,19.660679661786347,40.0,64,84,0.4,0.4,2,inf,77.018743,0.002863,77.514314,True,115,36,8,5,0.002411,True,15.56548389809148,33.0,27,103,0.4,0.4,2,inf,150.285419,0.002942,150.825809
414,155,27,1012,1196.57,797.0,739.0000000000091,0.25,872,992.05,591.0,550.5,True,107,40,8,5,0.002859,True,19.660679661786347,40.0,64,84,0.4,0.4,2,inf,77.018743,0.002863,77.514314,True,120,32,8,5,0.002758,True,14.93765004487751,30.0,64,88,0.4,0.4,2,inf,122.541472,0.002873,123.080927
414,155,28,1012,1196.57,797.0,739.0000000000091,0.25,872,992.05,591.0,550.5,True,107,40,8,5,0.002859,True,19.660679661786347,40.0,64,84,0.4,0.4,2,inf,77.018743,0.002863,77.514314,True,124,32,8,5,0.002445,True,14.667036458738435,32.0,64,93,0.4,0.4,2,inf,117.491854,0.00292,118.026311
414,155,29,1012,1196.57,797.0,739.0000000000091,0.25,872,992.05,591.0,550.5,True,107,40,8,5,0.002859,True,19.660679661786347,40.0,64,84,0.4,0.4,2,inf,77.018743,0.002863,77.514314,True,112,32,8,5,0.002441,True,15.184241764100614,25.0,7,88,0.4,0.4,2,inf,134.785968,0.002875,135.312765
414,155,30,1012,1196.57,797.0,739.0000000000091,0.25,872,992.05,591.0,550.5,True,107,40,8,5,0.002859,True,19.660679661786347,40.0,64,84,0.4,0.4,2,inf,77.018743,0.002863,77.514314,True,117,32,8,5,0.002415,True,14.715916412493264,28.0,99,105,0.4,0.4,2,inf,109.203679,0.002915,109.741176
414,155,1,1012,1196.57,797.0,739.0000000000091,0.4,756,819.23,465.0,438.5,True,107,40,8,5,0.002859,True,19.660679661786347,40.0,64,84,0.4,0.4,2,inf,77.018743,0.002863,77.514314,True,155,36,8,5,0.002718,True,11.9508426141056,24.0,52,109,0.4,0.4,2,inf,107.597179,0.00285,108.127259
414,155,2,1012,1196.57,797.0,739.0000000000091,0.4,756,819.23,465.0,438.5,True,107,40,8,5,0.002859,True,19.660679661786347,40.0,64,84,0.4,0.4,2,inf,77.018743,0.002863,77.514314,True,155,32,8,5,0.002439,True,11.561211921462096,21.0,99,83,0.4,0.4,2,inf,101.211183,0.002925,101.739127
414,155,3,1012,1196.57,797.0,739.0000000000091,0.4,756,819.23,465.0,438.5,True,107,40,8,5,0.002859,True,19.660679661786347,40.0,64,84,0.4,0.4,2,inf,77.018743,0.002863,77.514314,True,155,33,8,5,0.002374,True,11.699780365432291,20.0,99,84,0.4,0.4,2,inf,105.522402,0.002879,106.061475
414,155,4,1012,1196.57,797.0,739.0000000000091,0.4,756,819.23,465.0,438.5,True,107,40,8,5,0.002859,True,19.660679661786347,40.0,64,84,0.4,0.4,2,inf,77.018743,0.002863,77.514314,True,155,37,8,5,0.002582,True,11.72664831878268,23.0,64,92,0.4,0.4,2,inf,95.287609,0.002869,95.803167
414,155,5,1012,1196.57,797.0,739.0000000000091,0.4,756,819.23,465.0,438.5,True,107,40,8,5,0.002859,True,19.660679661786347,40.0,64,84,0.4,0.4,2,inf,77.018743,0.002863,77.514314,True,155,36,8,5,0.002629,True,11.642314964300914,25.0,99,93,0.4,0.4,2,inf,148.42165,0.002934,148.951723
414,155,6,1012,1196.57,797.0,739.0000000000091,0.4,756,819.23,465.0,438.5,True,107,40,8,5,0.002859,True,19.660679661786347,40.0,64,84,0.4,0.4,2,inf,77.018743,0.002863,77.514314,True,155,35,8,5,0.002533,True,11.849292329470778,20.0,64,97,0.4,0.4,2,inf,127.039938,0.00288,127.57292
414,155,7,1012,1196.57,797.0,739.0000000000091,0.4,756,819.23,465.0,438.5,True,107,40,8,5,0.002859,True,19.660679661786347,40.0,64,84,0.4,0.4,2,inf,77.018743,0.002863,77.514314,True,155,33,8,5,0.00278,True,11.66374511078563,24.0,52,83,0.4,0.4,2,inf,130.765505,0.002917,131.29876
414,155,8,1012,1196.57,797.0,739.0000000000091,0.4,756,819.23,465.0,438.5,True,107,40,8,5,0.002859,True,19.660679661786347,40.0,64,84,0.4,0.4,2,inf,77.018743,0.002863,77.514314,True,155,35,8,5,0.002447,True,12.019637258269752,23.0,37,92,0.4,0.4,2,inf,127.894313,0.002947,128.424981
414,155,9,1012,1196.57,797.0,739.0000000000091,0.4,756,819.23,465.0,438.5,True,107,40,8,5,0.002859,True,19.660679661786347,40.0,64,84,0.4,0.4,2,inf,77.018743,0.002863,77.514314,True,155,35,8,5,0.002753,True,11.44747109146564,22.0,99,92,0.4,0.4,2,inf,125.839477,0.002918,126.369353
414,155,10,1012,1196.57,797.0,739.0000000000091,0.4,756,819.23,465.0,438.5,True,107,40,8,5,0.002859,True,19.660679661786347,40.0,64,84,0.4,0.4,2,inf,77.018743,0.002863,77.514314,True,155,37,8,5,0.002379,True,12.39067837295642,20.0,56,95,0.4,0.4,2,inf,116.773711,0.00287,117.325742
414,155,11,1012,1196.57,797.0,739.0000000000091,0.4,756,819.23,465.0,438.5,True,107,40,8,5,0.002859,True,19.660679661786347,40.0,64,84,0.4,0.4,2,inf,77.018743,0.002863,77.514314,True,155,36,8,5,0.00238,True,11.93158841850257,20.0,99,91,0.4,0.4,2,inf,117.091043,0.002894,117.621895
414,155,12,1012,1196.57,797.0,739.0000000000091,0.4,756,819.23,465.0,438.5,True,107,40,8,5,0.002859,True,19.660679661786347,40.0,64,84,0.4,0.4,2,inf,77.018743,0.002863,77.514314,True,155,34,8,5,0.002608,True,12.928625537852794,21.0,7,98,0.4,0.4,2,inf,113.577607,0.002891,114.113094
414,155,13,1012,1196.57,797.0,739.0000000000091,0.4,756,819.23,465.0,438.5,True,107,40,8,5,0.002859,True,19.660679661786347,40.0,64,84,0.4,0.4,2,inf,77.018743,0.002863,77.514314,True,155,36,8,5,0.003034,True,11.776823605901884,21.0,53,98,0.4,0.4,2,inf,129.990321,0.002875,130.523551
414,155,14,1012,1196.57,797.0,739.0000000000091,0.4,756,819.23,465.0,438.5,True,107,40,8,5,0.002859,True,19.660679661786347,40.0,64,84,0.4,0.4,2,inf,77.018743,0.002863,77.514314,True,155,33,8,5,0.002348,True,12.05800504458012,23.0,9,89,0.4,0.4,2,inf,124.305634,0.002865,124.837015
414,155,15,1012,1196.57,797.0,739.0000000000091,0.4,756,819.23,465.0,438.5,True,107,40,8,5,0.002859,True,19.660679661786347,40.0,64,84,0.4,0.4,2,inf,77.018743,0.002863,77.514314,True,155,34,8,5,0.002538,True,11.401102162287854,23.0,64,91,0.4,0.4,2,inf,110.099739,0.002922,110.641582
414,155,16,1012,1196.57,797.0,739.0000000000091,0.4,756,819.23,465.0,438.5,True,107,40,8,5,0.002859,True,19.660679661786347,40.0,64,84,0.4,0.4,2,inf,77.018743,0.002863,77.514314,True,155,36,8,5,0.002714,True,11.771017100957245,19.0,34,93,0.4,0.4,2,inf,147.332429,0.002977,147.870656
414,155,17,1012,1196.57,797.0,739.0000000000091,0.4,756,819.23,465.0,438.5,True,107,40,8,5,0.002859,True,19.660679661786347,40.0,64,84,0.4,0.4,2,inf,77.018743,0.002863,77.514314,True,155,33,8,5,0.002386,True,11.900728205520004,21.0,123,91,0.4,0.4,2,inf,137.511693,0.002901,138.040199
414,155,18,1012,1196.57,797.0,739.0000000000091,0.4,756,819.23,465.0,438.5,True,107,40,8,5,0.002859,True,19.660679661786347,40.0,64,84,0.4,0.4,2,inf,77.018743,0.002863,77.514314,True,155,35,8,5,0.002567,True,11.19593991121053,18.0,72,89,0.4,0.4,2,inf,132.792331,0.002923,133.336172
414,155,19,1012,1196.57,797.0,739.0000000000091,0.4,756,819.23,465.0,438.5,True,107,40,8,5,0.002859,True,19.660679661786347,40.0,64,84,0.4,0.4,2,inf,77.018743,0.002863,77.514314,True,155,39,8,5,0.0024,True,11.9746709920564,25.0,46,96,0.4,0.4,2,inf,131.11404,0.002901,131.641329
414,155,20,1012,1196.57,797.0,739.0000000000091,0.4,756,819.23,465.0,438.5,True,107,40,8,5,0.002859,True,19.660679661786347,40.0,64,84,0.4,0.4,2,inf,77.018743,0.002863,77.514314,True,155,32,8,5,0.002729,True,11.970874037014545,26.0,64,91,0.4,0.4,2,inf,112.050502,0.002872,112.593913
414,155,21,1012,1196.57,797.0,739.0000000000091,0.4,756,819.23,465.0,438.5,True,107,40,8,5,0.002859,True,19.660679661786347,40.0,64,84,0.4,0.4,2,inf,77.018743,0.002863,77.514314,True,155,37,8,5,0.002368,True,12.175047195780172,22.0,99,88,0.4,0.4,2,inf,111.22669,0.002945,111.765572
414,155,22,1012,1196.57,797.0,739.0000000000091,0.4,756,819.23,465.0,438.5,True,107,40,8,5,0.002859,True,19.660679661786347,40.0,64,84,0.4,0.4,2,inf,77.018743,0.002863,77.514314,True,155,35,8,5,0.002722,True,12.058891311025857,25.0,52,99,0.4,0.4,2,inf,131.989216,0.002876,132.523847
414,155,23,1012,1196.57,797.0,739.0000000000091,0.4,756,819.23,465.0,438.5,True,107,40,8,5,0.002859,True,19.660679661786347,40.0,64,84,0.4,0.4,2,inf,77.018743,0.002863,77.514314,True,155,33,8,5,0.002507,True,12.224306033492851,19.0,5,91,0.4,0.4,2,inf,133.828585,0.002937,134.353791
414,155,24,1012,1196.57,797.0,739.0000000000091,0.4,756,819.23,465.0,438.5,True,107,40,8,5,0.002859,True,19.660679661786347,40.0,64,84,0.4,0.4,2,inf,77.018743,0.002863,77.514314,True,155,35,8,5,0.002558,True,12.442672997690927,21.0,52,79,0.4,0.4,2,inf,121.722677,0.002906,122.236116
414,155,25,1012,1196.57,797.0,739.0000000000091,0.4,756,819.23,465.0,438.5,True,107,40,8,5,0.002859,True,19.660679661786347,40.0,64,84,0.4,0.4,2,inf,77.018743,0.002863,77.514314,True,155,30,8,5,0.002399,True,11.501557442800676,24.0,52,95,0.4,0.4,2,inf,89.611724,0.002856,90.133979
414,155,26,1012,1196.57,797.0,739.0000000000091,0.4,756,819.23,465.0,438.5,True,107,40,8,5,0.002859,True,19.660679661786347,40.0,64,84,0.4,0.4,2,inf,77.018743,0.002863,77.514314,True,155,37,8,5,0.00239,True,12.501845306880876,25.0,64,101,0.4,0.4,2,inf,107.364792,0.002928,107.892931
414,155,27,1012,1196.57,797.0,739.0000000000091,0.4,756,819.23,465.0,438.5,True,107,40,8,5,0.002859,True,19.660679661786347,40.0,64,84,0.4,0.4,2,inf,77.018743,0.002863,77.514314,True,155,36,8,5,0.002706,True,11.828198024557016,24.0,64,96,0.4,0.4,2,inf,132.262387,0.002876,132.800893
414,155,28,1012,1196.57,797.0,739.0000000000091,0.4,756,819.23,465.0,438.5,True,107,40,8,5,0.002859,True,19.660679661786347,40.0,64,84,0.4,0.4,2,inf,77.018743,0.002863,77.514314,True,155,35,8,5,0.002371,True,11.954285505821945,24.0,64,97,0.4,0.4,2,inf,135.307384,0.002892,135.845499
414,155,29,1012,1196.57,797.0,739.0000000000091,0.4,756,819.23,465.0,438.5,True,107,40,8,5,0.002859,True,19.660679661786347,40.0,64,84,0.4,0.4,2,inf,77.018743,0.002863,77.514314,True,155,36,8,5,0.002356,True,12.224931086149786,20.0,44,92,0.4,0.4,2,inf,90.050124,0.002892,90.589633
414,155,30,1012,1196.57,797.0,739.0000000000091,0.4,756,819.23,465.0,438.5,True,107,40,8,5,0.002859,True,19.660679661786347,40.0,64,84,0.4,0.4,2,inf,77.018743,0.002863,77.514314,True,134,29,8,5,0.002379,True,12.476071898105172,24.0,64,102,0.4,0.4,2,inf,124.551888,0.002879,125.085188
686,170,1,1329,1633.3,,826.5,0.05,1270,1546.73,,786.5,True,109,58,8,5,0.003608,True,30.47983592048129,69.0,162,102,0.4,0.4,2,inf,143.783828,0.003355,144.483067,True,113,54,8,5,0.003361,True,28.802888659817864,64.0,18,121,0.4,0.4,2,inf,153.921239,0.003437,154.620083
686,170,2,1329,1633.3,,826.5,0.05,1270,1546.73,,786.5,True,109,58,8,5,0.003608,True,30.47983592048129,69.0,162,102,0.4,0.4,2,inf,143.783828,0.003355,144.483067,True,114,56,8,5,0.003345,True,29.33907598856418,62.0,77,105,0.4,0.4,2,inf,181.626772,0.003351,182.323331
686,170,3,1329,1633.3,,826.5,0.05,1270,1546.73,,786.5,True,109,58,8,5,0.003608,True,30.47983592048129,69.0,162,102,0.4,0.4,2,inf,143.783828,0.003355,144.483067,True,115,52,8,5,0.003326,True,27.911111892054652,59.0,18,108,0.4,0.4,2,inf,150.172519,0.003273,150.872999
686,170,4,1329,1633.3,,826.5,0.05,1270,1546.73,,786.5,True,109,58,8,5,0.003608,True,30.47983592048129,69.0,162,102,0.4,0.4,2,inf,143.783828,0.003355,144.483067,True,117,51,8,5,0.003758,True,28.610517320106258,58.0,73,111,0.4,0.4,2,inf,133.766646,0.003379,134.474507
686,170,5,1329,1633.3,,826.5,0.05,1270,1546.73,,786.5,True,109,58,8,5,0.003608,True,30.47983592048129,69.0,162,102,0.4,0.4,2,inf,143.783828,0.003355,144.483067,True,113,50,8,5,0.0035,True,28.9915402104459,66.0,18,103,0.4,0.4,2,inf,146.88641,0.003381,147.591159
686,170,6,1329,1633.3,,826.5,0.05,1270,1546.73,,786.5,True,109,58,8,5,0.003608,True,30.47983592048129,69.0,162,102,0.4,0.4,2,inf,143.783828,0.003355,144.483067,True,116,54,8,5,0.003411,True,28.910374744728987,67.0,18,108,0.4,0.4,2,inf,123.332904,0.00338,124.041734
686,170,7,1329,1633.3,,826.5,0.05,1270,1546.73,,786.5,True,109,58,8,5,0.003608,True,30.47983592048129,69.0,162,102,0.4,0.4,2,inf,143.783828,0.003355,144.483067,True,113,52,8,5,0.003378,True,28.702571285925565,66.0,18,118,0.4,0.4,2,inf,172.027532,0.003383,172.74204
686,170,8,1329,1633.3,,826.5,0.05,1270,1546.73,,786.5,True,109,58,8,5,0.003608,True,30.47983592048129,69.0,162,102,0.4,0.4,2,inf,143.783828,0.003355,144.483067,True,113,52,8,5,0.004202,True,29.37348431010254,66.0,26,117,0.4,0.4,2,inf,142.657718,0.003434,143.35288
686,170,9,1329,1633.3,,826.5,0.05,1270,1546.73,,786.5,True,109,58,8,5,0.003608,True,30.47983592048129,69.0,162,102,0.4,0.4,2,inf,143.783828,0.003355,144.483067,True,113,55,8,5,0.00377,True,29.440226269756018,66.0,26,115,0.4,0.4,2,inf,169.361613,0.003475,170.075189
686,170,10,1329,1633.3,,826.5,0.05,1270,1546.73,,786.5,True,109,58,8,5,0.003608,True,30.47983592048129,69.0,162,102,0.4,0.4,2,inf,143.783828,0.003355,144.483067,True,116,52,8,5,0.00334,True,28.64337449652635,65.0,26,117,0.4,0.4,2,inf,130.023193,0.003393,130.729765
686,170,11,1329,1633.3,,826.5,0.05,1270,1546.73,,786.5,True,109,58,8,5,0.003608,True,30.47983592048129,69.0,162,102,0.4,0.4,2,inf,143.783828,0.003355,144.483067,True,113,56,8,5,0.003424,True,29.198662044806724,66.0,18,101,0.4,0.4,2,inf,138.336421,0.003322,139.043884
686,170,12,1329,1633.3,,826.5,0.05,1270,1546.73,,786.5,True,109,58,8,5,0.003608,True,30.47983592048129,69.0,162,102,0.4,0.4,2,inf,143.783828,0.003355,144.483067,True,112,52,8,5,0.003516,True,28.624447066032527,58.0,18,113,0.4,0.4,2,inf,117.292753,0.003446,118.00013
686,170,13,1329,1633.3,,826.5,0.05,1270,1546.73,,786.5,True,109,58,8,5,0.003608,True,30.47983592048129,69.0,162,102,0.4,0.4,2,inf,143.783828,0.003355,144.483067,True,115,55,8,5,0.003377,True,28.72156501030072,65.0,18,104,0.4,0.4,2,inf,122.374507,0.00339,123.077112
686,170,14,1329,1633.3,,826.5,0.05,1270,1546.73,,786.5,True,109,58,8,5,0.003608,True,30.47983592048129,69.0,162,102,0.4,0.4,2,inf,143.783828,0.003355,144.483067,True,113,55,8,5,0.003617,True,28.888960349941417,65.0,18,102,0.4,0.4,2,inf,140.732197,0.003354,141.43006
686,170,15,1329,1633.3,,826.5,0.05,1270,1546.73,,786.5,True,109,58,8,5,0.003608,True,30.47983592048129,69.0,162,102,0.4,0.4,2,inf,143.783828,0.003355,144.483067,True,115,50,8,5,0.003624,True,29.1210645252114,68.0,26,117,0.4,0.4,2,inf,192.60013,0.00344,193.293697
686,170,16,1329,1633.3,,826.5,0.05,1270,1546.73,,786.5,True,109,58,8,5,0.003608,True,30.47983592048129,69.0,162,102,0.4,0.4,2,inf,143.783828,0.003355,144.483067,True,115,49,8,5,0.0034,True,28.488372035824767,58.0,18,115,0.4,0.4,2,inf,144.251722,0.003383,144.947676
686,170,17,1329,1633.3,,826.5,0.05,1270,1546.73,,786.5,True,109,58,8,5,0.003608,True,30.47983592048129,69.0,162,102,0.4,0.4,2,inf,143.783828,0.003355,144.483067,True,109,55,8,5,0.003415,True,29.274797874663445,61.0,142,108,0.4,0.4,2,inf,136.215203,0.003366,136.907984
686,170,18,1329,1633.3,,826.5,0.05,1270,1546.73,,786.5,True,109,58,8,5,0.003608,True,30.47983592048129,69.0,162,102,0.4,0.4,2,inf,143.783828,0.003355,144.483067,True,115,52,8,5,0.003794,True,28.64029566215106,60.0,77,117,0.4,0.4,2,inf,136.784787,0.003407,137.482803
686,170,19,1329,1633.3,,826.5,0.05,1270,1546.73,,786.5,True,109,58,8,5,0.003608,True,30.47983592048129,69.0,162,102,0.4,0.4,2,inf,143.783828,0.003355,144.483067,True,113,55,8,5,0.003349,True,29.027821350940577,60.0,18,106,0.4,0.4,2,inf,162.991321,0.003326,163.687006
686,170,20,1329,1633.3,,826.5,0.05,1270,1546.73,,786.5,True,109,58,8,5,0.003608,True,30.47983592048129,69.0,162,102,0.4,0.4,2,inf,143.783828,0.003355,144.483067,True,112,53,8,5,0.003772,True,29.18602441292932,59.0,26,114,0.4,0.4,2,inf,113.800599,0.003452,114.496611
686,170,21,1329,1633.3,,826.5,0.05,1270,1546.73,,786.5,True,109,58,8,5,0.003608,True,30.47983592048129,69.0,162,102,0.4,0.4,2,inf,143.783828,0.003355,144.483067,True,114,54,8,5,0.00348,True,28.72328763444682,57.0,130,111,0.4,0.4,2,inf,126.607566,0.003394,127.304158
686,170,22,1329,1633.3,,826.5,0.05,1270,1546.73,,786.5,True,109,58,8,5,0.003608,True,30.47983592048129,69.0,162,102,0.4,0.4,2,inf,143.783828,0.003355,144.483067,True,113,55,8,5,0.003658,True,28.918467709221765,64.0,26,117,0.4,0.4,2,inf,158.060986,0.003422,158.760072
686,170,23,1329,1633.3,,826.5,0.05,1270,1546.73,,786.5,True,109,58,8,5,0.003608,True,30.47983592048129,69.0,162,102,0.4,0.4,2,inf,143.783828,0.003355,144.483067,True,115,52,8,5,0.0034,True,29.13847644129821,60.0,162,107,0.4,0.4,2,inf,134.723606,0.003376,135.424014
686,170,24,1329,1633.3,,826.5,0.05,1270,1546.73,,786.5,True,109,58,8,5,0.003608,True,30.47983592048129,69.0,162,102,0.4,0.4,2,inf,143.783828,0.003355,144.483067,True,117,54,8,5,0.003347,True,28.957787956198064,67.0,26,120,0.4,0.4,2,inf,155.710087,0.003418,156.409047
686,170,25,1329,1633.3,,826.5,0.05,1270,1546.73,,786.5,True,109,58,8,5,0.003608,True,30.47983592048129,69.0,162,102,0.4,0.4,2,inf,143.783828,0.003355,144.483067,True,113,54,8,5,0.003755,True,28.89553099456787,61.0,18,114,0.4,0.4,2,inf,127.439281,0.003374,128.139419
686,170,26,1329,1633.3,,826.5,0.05,1270,1546.73,,786.5,True,109,58,8,5,0.003608,True,30.47983592048129,69.0,162,102,0.4,0.4,2,inf,143.783828,0.003355,144.483067,True,113,54,8,5,0.003558,True,28.67550489977525,59.0,83,103,0.4,0.4,2,inf,174.737612,0.003372,175.435736
686,170,27,1329,1633.3,,826.5,0.05,1270,1546.73,,786.5,True,109,58,8,5,0.003608,True,30.47983592048129,69.0,162,102,0.4,0.4,2,inf,143.783828,0.003355,144.483067,True,115,55,8,5,0.003379,True,28.653214239244623,62.0,77,117,0.4,0.4,2,inf,142.16792,0.003433,142.875964
686,170,28,1329,1633.3,,826.5,0.05,1270,1546.73,,786.5,True,109,58,8,5,0.003608,True,30.47983592048129,69.0,162,102,0.4,0.4,2,inf,143.783828,0.003355,144.483067,True,113,57,8,5,0.003497,True,29.67336535975874,67.0,18,100,0.4,0.4,2,inf,149.998376,0.003342,150.69911
686,170,29,1329,1633.3,,826.5,0.05,1270,1546.73,,786.5,True,109,58,8,5,0.003608,True,30.47983592048129,69.0,162,102,0.4,0.4,2,inf,143.783828,0.003355,144.483067,True,116,53,8,5,0.003358,True,28.66045021358138,65.0,26,105,0.4,0.4,2,inf,152.641481,0.003385,153.341226
686,170,30,1329,1633.3,,826.5,0.05,1270,1546.73,,786.5,True,109,58,8,5,0.003608,True,30.47983592048129,69.0,162,102,0.4,0.4,2,inf,143.783828,0.003355,144.483067,True,113,53,8,5,0.00377,True,29.368483470935217,66.0,31,98,0.4,0.4,2,inf,142.183863,0.003373,142.886295
686,170,1,1329,1633.3,,826.5,0.15,1175,1380.55,,711.0,True,109,58,8,5,0.003608,True,30.47983592048129,69.0,162,102,0.4,0.4,2,inf,143.783828,0.003355,144.483067,True,124,45,8,5,0.003595,True,25.74861098893522,54.0,18,126,0.4,0.4,2,inf,182.537077,0.003419,183.242032
686,170,2,1329,1633.3,,826.5,0.15,1175,1380.55,,711.0,True,109,58,8,5,0.003608,True,30.47983592048129,69.0,162,102,0.4,0.4,2,inf,143.783828,0.003355,144.483067,True,127,44,8,5,0.00366,True,25.79868378600786,52.0,18,105,0.4,0.4,2,inf,136.42815,0.00331,137.125535
686,170,3,1329,1633.3,,826.5,0.15,1175,1380.55,,711.0,True,109,58,8,5,0.003608,True,30.47983592048129,69.0,162,102,0.4,0.4,2,inf,143.783828,0.003355,144.483067,True,129,40,8,5,0.004249,True,24.958359877440575,52.0,26,117,0.4,0.4,2,inf,178.292581,0.003445,178.996052
686,170,4,1329,1633.3,,826.5,0.15,1175,1380.55,,711.0,True,109,58,8,5,0.003608,True,30.47983592048129,69.0,162,102,0.4,0.4,2,inf,143.783828,0.003355,144.483067,True,128,43,8,5,0.003251,True,25.08127161409992,54.0,26,107,0.4,0.4,2,inf,176.588688,0.003422,177.29075
686,170,5,1329,1633.3,,826.5,0.15,1175,1380.55,,711.0,True,109,58,8,5,0.003608,True,30.47983592048129,69.0,162,102,0.4,0.4,2,inf,143.783828,0.003355,144.483067,True,124,42,8,5,0.003499,True,26.468718336992563,52.0,18,102,0.4,0.4,2,inf,120.221798,0.003369,120.922523
686,170,6,1329,1633.3,,826.5,0.15,1175,1380.55,,711.0,True,109,58,8,5,0.003608,True,30.47983592048129,69.0,162,102,0.4,0.4,2,inf,143.783828,0.003355,144.483067,True,127,42,8,5,0.003784,True,25.87696167392803,53.0,141,120,0.4,0.4,2,inf,245.36474,0.003396,246.069166
686,170,7,1329,1633.3,,826.5,0.15,1175,1380.55,,711.0,True,109,58,8,5,0.003608,True,30.47983592048129,69.0,162,102,0.4,0.4,2,inf,143.783828,0.003355,144.483067,True,128,43,8,5,0.003369,True,25.444186146081595,51.0,26,106,0.4,0.4,2,inf,139.196682,0.003385,139.904667
686,170,8,1329,1633.3,,826.5,0.15,1175,1380.55,,711.0,True,109,58,8,5,0.003608,True,30.47983592048129,69.0,162,102,0.4,0.4,2,inf,143.783828,0.003355,144.483067,True,125,46,8,5,0.003459,True,25.807714904145396,52.0,26,103,0.4,0.4,2,inf,160.060474,0.003404,160.766255
686,170,9,1329,1633.3,,826.5,0.15,1175,1380.55,,711.0,True,109,58,8,5,0.003608,True,30.47983592048129,69.0,162,102,0.4,0.4,2,inf,143.783828,0.003355,144.483067,True,125,50,8,5,0.004157,True,25.74508816379886,51.0,26,102,0.4,0.4,2,inf,169.448215,0.003331,170.14738
686,170,10,1329,1633.3,,826.5,0.15,1175,1380.55,,711.0,True,109,58,8,5,0.003608,True,30.47983592048129,69.0,162,102,0.4,0.4,2,inf,143.783828,0.003355,144.483067,True,127,41,8,5,0.003695,True,25.817563100351062,57.0,141,117,0.4,0.4,2,inf,141.690263,0.003456,142.390744
686,170,11,1329,1633.3,,826.5,0.15,1175,1380.55,,711.0,True,109,58,8,5,0.003608,True,30.47983592048129,69.0,162,102,0.4,0.4,2,inf,143.783828,0.003355,144.483067,True,126,41,8,5,0.003642,True,25.692189876525116,52.0,141,122,0.4,0.4,2,inf,132.353058,0.003438,133.052934
686,170,12,1329,1633.3,,826.5,0.15,1175,1380.55,,711.0,True,109,58,8,5,0.003608,True,30.47983592048129,69.0,162,102,0.4,0.4,2,inf,143.783828,0.003355,144.483067,True,125,44,8,5,0.003409,True,25.56757195586172,58.0,110,115,0.4,0.4,2,inf,166.677098,0.0034,167.375323
686,170,13,1329,1633.3,,826.5,0.15,1175,1380.55,,711.0,True,109,58,8,5,0.003608,True,30.47983592048129,69.0,162,102,0.4,0.4,2,inf,143.783828,0.003355,144.483067,True,128,44,8,5,0.003273,True,25.836622977078505,61.0,26,116,0.4,0.4,2,inf,134.771194,0.003415,135.46833
686,170,14,1329,1633.3,,826.5,0.15,1175,1380.55,,711.0,True,109,58,8,5,0.003608,True,30.47983592048129,69.0,162,102,0.4,0.4,2,inf,143.783828,0.003355,144.483067,True,122,46,8,5,0.003283,True,26.256412683487667,56.0,18,107,0.4,0.4,2,inf,143.290183,0.003388,143.98479
686,170,15,1329,1633.3,,826.5,0.15,1175,1380.55,,711.0,True,109,58,8,5,0.003608,True,30.47983592048129,69.0,162,102,0.4,0.4,2,inf,143.783828,0.003355,144.483067,True,124,46,8,5,0.003346,True,25.936607502403188,54.0,32,106,0.4,0.4,2,inf,147.592128,0.003393,148.298541
686,170,16,1329,1633.3,,826.5,0.15,1175,1380.55,,711.0,True,109,58,8,5,0.003608,True,30.47983592048129,69.0,162,102,0.4,0.4,2,inf,143.783828,0.003355,144.483067,True,124,43,8,5,0.003308,True,25.961683084080825,53.0,18,119,0.4,0.4,2,inf,129.534615,0.003436,130.240159
686,170,17,1329,1633.3,,826.5,0.15,1175,1380.55,,711.0,True,109,58,8,5,0.003608,True,30.47983592048129,69.0,162,102,0.4,0.4,2,inf,143.783828,0.003355,144.483067,True,122,44,8,5,0.003297,True,26.389353417577823,58.0,141,109,0.4,0.4,2,inf,192.44676,0.003406,193.143518
686,170,18,1329,1633.3,,826.5,0.15,1175,1380.55,,711.0,True,109,58,8,5,0.003608,True,30.47983592048129,69.0,162,102,0.4,0.4,2,inf,143.783828,0.003355,144.483067,True,124,43,8,5,0.003261,True,25.707665868854104,55.0,26,106,0.4,0.4,2,inf,172.006087,0.00336,172.703507
686,170,19,1329,1633.3,,826.5,0.15,1175,1380.55,,711.0,True,109,58,8,5,0.003608,True,30.47983592048129,69.0,162,102,0.4,0.4,2,inf,143.783828,0.003355,144.483067,True,124,41,8,5,0.003277,True,25.780150486454367,51.0,18,111,0.4,0.4,2,inf,154.156464,0.003329,154.866047
686,170,20,1329,1633.3,,826.5,0.15,1175,1380.55,,711.0,True,109,58,8,5,0.003608,True,30.47983592048129,69.0,162,102,0.4,0.4,2,inf,143.783828,0.003355,144.483067,True,125,40,8,5,0.003307,True,25.134346055064057,52.0,31,112,0.4,0.4,2,inf,157.139319,0.003421,157.836761
686,170,21,1329,1633.3,,826.5,0.15,1175,1380.55,,711.0,True,109,58,8,5,0.003608,True,30.47983592048129,69.0,162,102,0.4,0.4,2,inf,143.783828,0.003355,144.483067,True,128,46,8,5,0.003679,True,25.2928651063126,53.0,118,117,0.4,0.4,2,inf,186.624085,0.003467,187.321878
686,170,22,1329,1633.3,,826.5,0.15,1175,1380.55,,711.0,True,109,58,8,5,0.003608,True,30.47983592048129,69.0,162,102,0.4,0.4,2,inf,143.783828,0.003355,144.483067,True,127,48,8,5,0.003766,True,26.027948376961795,58.0,26,96,0.4,0.4,2,inf,170.622228,0.003384,171.320063
686,170,23,1329,1633.3,,826.5,0.15,1175,1380.55,,711.0,True,109,58,8,5,0.003608,True,30.47983592048129,69.0,162,102,0.4,0.4,2,inf,143.783828,0.003355,144.483067,True,126,39,8,5,0.003755,True,26.792095947132832,58.0,18,114,0.4,0.4,2,inf,113.432243,0.003349,114.131412
686,170,24,1329,1633.3,,826.5,0.15,1175,1380.55,,711.0,True,109,58,8,5,0.003608,True,30.47983592048129,69.0,162,102,0.4,0.4,2,inf,143.783828,0.003355,144.483067,True,127,51,8,5,0.003242,True,25.76578544447465,54.0,9,98,0.4,0.4,2,inf,121.81588,0.003364,122.510154
686,170,25,1329,1633.3,,826.5,0.15,1175,1380.55,,711.0,True,109,58,8,5,0.003608,True,30.47983592048129,69.0,162,102,0.4,0.4,2,inf,143.783828,0.003355,144.483067,True,125,44,8,5,0.003986,True,25.42348772276367,56.0,26,101,0.4,0.4,2,inf,154.571597,0.003368,155.267398
686,170,26,1329,1633.3,,826.5,0.15,1175,1380.55,,711.0,True,109,58,8,5,0.003608,True,30.47983592048129,69.0,162,102,0.4,0.4,2,inf,143.783828,0.003355,144.483067,True,123,46,8,5,0.003703,True,25.479507124386284,49.0,26,103,0.4,0.4,2,inf,146.251279,0.003331,146.952434
686,170,27,1329,1633.3,,826.5,0.15,1175,1380.55,,711.0,True,109,58,8,5,0.003608,True,30.47983592048129,69.0,162,102,0.4,0.4,2,inf,143.783828,0.003355,144.483067,True,126,48,8,5,0.005573,True,25.880136087646136,54.0,18,116,0.4,0.4,2,inf,155.320586,0.003407,156.015773
686,170,28,1329,1633.3,,826.5,0.15,1175,1380.55,,711.0,True,109,58,8,5,0.003608,True,30.47983592048129,69.0,162,102,0.4,0.4,2,inf,143.783828,0.003355,144.483067,True,123,47,8,5,0.003529,True,26.91413283428012,57.0,18,112,0.4,0.4,2,inf,158.669462,0.003391,159.368596
686,170,29,1329,1633.3,,826.5,0.15,1175,1380.55,,711.0,True,109,58,8,5,0.003608,True,30.47983592048129,69.0,162,102,0.4,0.4,2,inf,143.783828,0.003355,144.483067,True,131,44,8,5,0.003461,True,24.952560730121057,52.0,26,102,0.4,0.4,2,inf,155.990424,0.003399,156.689506
686,170,30,1329,1633.3,,826.5,0.15,1175,1380.55,,711.0,True,109,58,8,5,0.003608,True,30.47983592048129,69.0,162,102,0.4,0.4,2,inf,143.783828,0.003355,144.483067,True,123,46,8,5,0.003373,True,26.0658467829275,59.0,26,105,0.4,0.4,2,inf,174.175578,0.003322,174.878269
686,170,1,1329,1633.3,,826.5,0.25,1052,1197.34,,633.5,True,109,58,8,5,0.003608,True,30.47983592048129,69.0,162,102,0.4,0.4,2,inf,143.783828,0.003355,144.483067,True,134,40,8,5,0.004119,True,22.71318860617709,46.0,18,93,0.4,0.4,2,inf,145.629526,0.003336,146.328353
686,170,2,1329,1633.3,,826.5,0.25,1052,1197.34,,633.5,True,109,58,8,5,0.003608,True,30.47983592048129,69.0,162,102,0.4,0.4,2,inf,143.783828,0.003355,144.483067,True,138,37,8,5,0.00319,True,21.868831806586357,47.0,18,120,0.4,0.4,2,inf,159.959043,0.003386,160.658668
686,170,3,1329,1633.3,,826.5,0.25,1052,1197.34,,633.5,True,109,58,8,5,0.003608,True,30.47983592048129,69.0,162,102,0.4,0.4,2,inf,143.783828,0.003355,144.483067,True,142,42,8,5,0.006403,True,21.818382035033313,46.0,83,108,0.4,0.4,2,inf,118.011535,0.00334,118.704198
686,170,4,1329,1633.3,,826.5,0.25,1052,1197.34,,633.5,True,109,58,8,5,0.003608,True,30.47983592048129,69.0,162,102,0.4,0.4,2,inf,143.783828,0.003355,144.483067,True,137,38,8,5,0.003379,True,21.481772891357114,43.0,118,123,0.4,0.4,2,inf,130.780401,0.003426,131.479676
686,170,5,1329,1633.3,,826.5,0.25,1052,1197.34,,633.5,True,109,58,8,5,0.003608,True,30.47983592048129,69.0,162,102,0.4,0.4,2,inf,143.783828,0.003355,144.483067,True,134,36,8,5,0.003376,True,22.850496066493672,44.0,26,104,0.4,0.4,2,inf,160.009224,0.003393,160.70973
686,170,6,1329,1633.3,,826.5,0.25,1052,1197.34,,633.5,True,109,58,8,5,0.003608,True,30.47983592048129,69.0,162,102,0.4,0.4,2,inf,143.783828,0.003355,144.483067,True,136,36,8,5,0.003236,True,22.665883315534163,49.0,18,101,0.4,0.4,2,inf,170.09348,0.003424,170.790754
686,170,7,1329,1633.3,,826.5,0.25,1052,1197.34,,633.5,True,109,58,8,5,0.003608,True,30.47983592048129,69.0,162,102,0.4,0.4,2,inf,143.783828,0.003355,144.483067,True,135,38,8,5,0.005122,True,22.398125061541737,49.0,26,116,0.4,0.4,2,inf,129.386542,0.003453,130.084924
686,170,8,1329,1633.3,,826.5,0.25,1052,1197.34,,633.5,True,109,58,8,5,0.003608,True,30.47983592048129,69.0,162,102,0.4,0.4,2,inf,143.783828,0.003355,144.483067,True,133,41,8,5,0.003345,True,22.853186155880135,48.0,137,104,0.4,0.4,2,inf,149.780876,0.00343,150.476319
686,170,9,1329,1633.3,,826.5,0.25,1052,1197.34,,633.5,True,109,58,8,5,0.003608,True,30.47983592048129,69.0,162,102,0.4,0.4,2,inf,143.783828,0.003355,144.483067,True,132,41,8,5,0.003321,True,22.429519254743816,46.0,18,113,0.4,0.4,2,inf,143.885131,0.00336,144.581416
686,170,10,1329,1633.3,,826.5,0.25,1052,1197.34,,633.5,True,109,58,8,5,0.003608,True,30.47983592048129,69.0,162,102,0.4,0.4,2,inf,143.783828,0.003355,144.483067,True,139,39,8,5,0.003236,True,22.74341805437675,46.0,9,101,0.4,0.4,2,inf,156.341079,0.003344,157.043366
686,170,11,1329,1633.3,,826.5,0.25,1052,1197.34,,633.5,True,109,58,8,5,0.003608,True,30.47983592048129,69.0,162,102,0.4,0.4,2,inf,143.783828,0.003355,144.483067,True,138,34,8,5,0.003385,True,21.753617692687808,44.0,26,127,0.4,0.4,2,inf,131.935931,0.003449,132.633695
686,170,12,1329,1633.3,,826.5,0.25,1052,1197.34,,633.5,True,109,58,8,5,0.003608,True,30.47983592048129,69.0,162,102,0.4,0.4,2,inf,143.783828,0.003355,144.483067,True,137,37,8,5,0.003266,True,22.424244408246693,45.0,110,105,0.4,0.4,2,inf,154.430212,0.00341,155.129594
686,170,13,1329,1633.3,,826.5,0.25,1052,1197.34,,633.5,True,109,58,8,5,0.003608,True,30.47983592048129,69.0,162,102,0.4,0.4,2,inf,143.783828,0.003355,144.483067,True,135,39,8,5,0.003346,True,23.211738199760937,49.0,18,114,0.4,0.4,2,inf,143.406885,0.003455,144.104676
686,170,14,1329,1633.3,,826.5,0.25,1052,1197.34,,633.5,True,109,58,8,5,0.003608,True,30.47983592048129,69.0,162,102,0.4,0.4,2,inf,143.783828,0.003355,144.483067,True,135,39,8,5,0.003365,True,23.4404892813565,53.0,141,94,0.4,0.4,2,inf,157.898984,0.003382,158.597528
686,170,15,1329,1633.3,,826.5,0.25,1052,1197.34,,633.5,True,109,58,8,5,0.003608,True,30.47983592048129,69.0,162,102,0.4,0.4,2,inf,143.783828,0.003355,144.483067,True,134,34,8,5,0.003188,True,22.9239250301902,50.0,26,118,0.4,0.4,2,inf,129.211153,0.003444,129.906781
686,170,16,1329,1633.3,,826.5,0.25,1052,1197.34,,633.5,True,109,58,8,5,0.003608,True,30.47983592048129,69.0,162,102,0.4,0.4,2,inf,143.783828,0.003355,144.483067,True,139,37,8,5,0.003327,True,21.45136691096154,45.0,118,120,0.4,0.4,2,inf,133.904761,0.003447,134.599555
686,170,17,1329,1633.3,,826.5,0.25,1052,1197.34,,633.5,True,109,58,8,5,0.003608,True,30.47983592048129,69.0,162,102,0.4,0.4,2,inf,143.783828,0.003355,144.483067,True,135,38,8,5,0.00336,True,22.81825656415809,53.0,18,114,0.4,0.4,2,inf,121.597647,0.004929,122.304592
686,170,18,1329,1633.3,,826.5,0.25,1052,1197.34,,633.5,True,109,58,8,5,0.003608,True,30.47983592048129,69.0,162,102,0.4,0.4,2,inf,143.783828,0.003355,144.483067,True,140,39,8,5,0.003204,True,22.02001192701464,43.0,118,97,0.4,0.4,2,inf,143.597528,0.00333,144.297348
686,170,19,1329,1633.3,,826.5,0.25,1052,1197.34,,633.5,True,109,58,8,5,0.003608,True,30.47983592048129,69.0,162,102,0.4,0.4,2,inf,143.783828,0.003355,144.483067,True,138,35,8,5,0.003242,True,21.9844655263838,42.0,26,123,0.4,0.4,2,inf,163.61555,0.003387,164.315936
686,170,20,1329,1633.3,,826.5,0.25,1052,1197.34,,633.5,True,109,58,8,5,0.003608,True,30.47983592048129,69.0,162,102,0.4,0.4,2,inf,143.783828,0.003355,144.483067,True,135,37,8,5,0.003312,True,21.987409456821897,45.0,77,107,0.4,0.4,2,inf,146.339151,0.00338,147.035996
686,170,21,1329,1633.3,,826.5,0.25,1052,1197.34,,633.5,True,109,58,8,5,0.003608,True,30.47983592048129,69.0,162,102,0.4,0.4,2,inf,143.783828,0.003355,144.483067,True,137,40,8,5,0.003284,True,22.674698679473355,44.0,18,117,0.4,0.4,2,inf,131.968415,0.003363,132.66503
686,170,22,1329,1633.3,,826.5,0.25,1052,1197.34,,633.5,True,109,58,8,5,0.003608,True,30.47983592048129,69.0,162,102,0.4,0.4,2,inf,143.783828,0.003355,144.483067,True,134,41,8,5,0.003293,True,23.618365721425747,50.0,26,96,0.4,0.4,2,inf,107.783898,0.003349,108.484819
686,170,23,1329,1633.3,,826.5,0.25,1052,1197.34,,633.5,True,109,58,8,5,0.003608,True,30.47983592048129,69.0,162,102,0.4,0.4,2,inf,143.783828,0.003355,144.483067,True,138,41,8,5,0.003315,True,23.51606904889271,52.0,18,113,0.4,0.4,2,inf,131.395423,0.003457,132.091802
686,170,24,1329,1633.3,,826.5,0.25,1052,1197.34,,633.5,True,109,58,8,5,0.003608,True,30.47983592048129,69.0,162,102,0.4,0.4,2,inf,143.783828,0.003355,144.483067,True,138,44,8,5,0.004825,True,22.89036124277144,50.0,32,88,0.4,0.4,2,inf,134.964471,0.00332,135.66657
686,170,25,1329,1633.3,,826.5,0.25,1052,1197.34,,633.5,True,109,58,8,5,0.003608,True,30.47983592048129,69.0,162,102,0.4,0.4,2,inf,143.783828,0.003355,144.483067,True,135,41,8,5,0.003859,True,22.75306683535991,48.0,18,95,0.4,0.4,2,inf,161.226867,0.003351,161.932797
686,170,26,1329,1633.3,,826.5,0.25,1052,1197.34,,633.5,True,109,58,8,5,0.003608,True,30.47983592048129,69.0,162,102,0.4,0.4,2,inf,143.783828,0.003355,144.483067,True,138,42,8,5,0.003259,True,22.588451211021074,47.0,26,103,0.4,0.4,2,inf,168.626681,0.003377,169.3265
686,170,27,1329,1633.3,,826.5,0.25,1052,1197.34,,633.5,True,109,58,8,5,0.003608,True,30.47983592048129,69.0,162,102,0.4,0.4,2,inf,143.783828,0.003355,144.483067,True,134,41,8,5,0.003247,True,22.88188438409651,47.0,18,114,0.4,0.4,2,inf,166.598759,0.003406,167.294442
686,170,28,1329,1633.3,,826.5,0.25,1052,1197.34,,633.5,True,109,58,8,5,0.003608,True,30.47983592048129,69.0,162,102,0.4,0.4,2,inf,143.783828,0.003355,144.483067,True,139,39,8,5,0.003177,True,23.054302537408947,48.0,58,104,0.4,0.4,2,inf,145.415925,0.003427,146.117788
686,170,29,1329,1633.3,,826.5,0.25,1052,1197.34,,633.5,True,109,58,8,5,0.003608,True,30.47983592048129,69.0,162,102,0.4,0.4,2,inf,143.783828,0.003355,144.483067,True,141,38,8,5,0.00319,True,22.260965407839812,46.0,26,101,0.4,0.4,2,inf,165.576292,0.003405,166.271954
686,170,30,1329,1633.3,,826.5,0.25,1052,1197.34,,633.5,True,109,58,8,5,0.003608,True,30.47983592048129,69.0,162,102,0.4,0.4,2,inf,143.783828,0.003355,144.483067,True,135,38,8,5,0.003335,True,22.728229289469375,48.0,26,94,0.4,0.4,2,inf,137.442463,0.003348,138.139657
686,170,1,1329,1633.3,,826.5,0.4,872,972.96,,524.5,True,109,58,8,5,0.003608,True,30.47983592048129,69.0,162,102,0.4,0.4,2,inf,143.783828,0.003355,144.483067,True,156,41,8,5,0.003794,True,18.985587958474955,38.0,18,118,0.4,0.4,2,inf,157.545759,0.003401,158.243128
686,170,2,1329,1633.3,,826.5,0.4,872,972.96,,524.5,True,109,58,8,5,0.003608,True,30.47983592048129,69.0,162,102,0.4,0.4,2,inf,143.783828,0.003355,144.483067,True,168,40,8,5,0.003122,True,16.543405805527218,36.0,26,109,0.4,0.4,2,inf,141.042626,0.003372,141.739978
686,170,3,1329,1633.3,,826.5,0.4,872,972.96,,524.5,True,109,58,8,5,0.003608,True,30.47983592048129,69.0,162,102,0.4,0.4,2,inf,143.783828,0.003355,144.483067,True,162,45,8,5,0.003294,True,17.727341833827417,34.0,18,92,0.4,0.4,2,inf,135.252176,0.003328,135.955986
686,170,4,1329,1633.3,,826.5,0.4,872,972.96,,524.5,True,109,58,8,5,0.003608,True,30.47983592048129,69.0,162,102,0.4,0.4,2,inf,143.783828,0.003355,144.483067,True,170,40,8,5,0.003071,True,16.616197816263078,34.0,137,115,0.4,0.4,2,inf,138.839671,0.003372,139.534721
686,170,5,1329,1633.3,,826.5,0.4,872,972.96,,524.5,True,109,58,8,5,0.003608,True,30.47983592048129,69.0,162,102,0.4,0.4,2,inf,143.783828,0.003355,144.483067,True,165,42,8,5,0.003733,True,17.2912038448897,34.0,32,93,0.4,0.4,2,inf,130.215109,0.003353,130.918174
686,170,6,1329,1633.3,,826.5,0.4,872,972.96,,524.5,True,109,58,8,5,0.003608,True,30.47983592048129,69.0,162,102,0.4,0.4,2,inf,143.783828,0.003355,144.483067,True,162,39,8,5,0.003142,True,17.578313692748164,39.0,118,107,0.4,0.4,2,inf,137.936633,0.003354,138.628831
686,170,7,1329,1633.3,,826.5,0.4,872,972.96,,524.5,True,109,58,8,5,0.003608,True,30.47983592048129,69.0,162,102,0.4,0.4,2,inf,143.783828,0.003355,144.483067,True,154,38,8,5,0.003194,True,18.20184495680853,36.0,32,114,0.4,0.4,2,inf,141.221736,0.003382,141.923004
686,170,8,1329,1633.3,,826.5,0.4,872,972.96,,524.5,True,109,58,8,5,0.003608,True,30.47983592048129,69.0,162,102,0.4,0.4,2,inf,143.783828,0.003355,144.483067,True,155,39,8,5,0.003508,True,18.145699310935044,42.0,118,105,0.4,0.4,2,inf,142.016045,0.003373,142.713824
686,170,9,1329,1633.3,,826.5,0.4,872,972.96,,524.5,True,109,58,8,5,0.003608,True,30.47983592048129,69.0,162,102,0.4,0.4,2,inf,143.783828,0.003355,144.483067,True,158,43,8,5,0.003117,True,18.476785084226073,36.0,18,99,0.4,0.4,2,inf,167.406041,0.003348,168.100727
686,170,10,1329,1633.3,,826.5,0.4,872,972.96,,524.5,True,109,58,8,5,0.003608,True,30.47983592048129,69.0,162,102,0.4,0.4,2,inf,143.783828,0.003355,144.483067,True,159,42,8,5,0.003102,True,18.04531617003888,38.0,118,100,0.4,0.4,2,inf,157.616314,0.003356,158.322467
686,170,11,1329,1633.3,,826.5,0.4,872,972.96,,524.5,True,109,58,8,5,0.003608,True,30.47983592048129,69.0,162,102,0.4,0.4,2,inf,143.783828,0.003355,144.483067,True,164,40,8,5,0.003161,True,17.195951468741608,35.0,32,105,0.4,0.4,2,inf,137.888236,0.003361,138.593012
686,170,12,1329,1633.3,,826.5,0.4,872,972.96,,524.5,True,109,58,8,5,0.003608,True,30.47983592048129,69.0,162,102,0.4,0.4,2,inf,143.783828,0.003355,144.483067,True,160,39,8,5,0.003408,True,17.25579608332179,41.0,32,119,0.4,0.4,2,inf,155.472895,0.003424,156.183463
686,170,13,1329,1633.3,,826.5,0.4,872,972.96,,524.5,True,109,58,8,5,0.003608,True,30.47983592048129,69.0,162,102,0.4,0.4,2,inf,143.783828,0.003355,144.483067,True,153,44,8,5,0.003142,True,19.28179946571557,40.0,26,111,0.4,0.4,2,inf,128.771769,0.003451,129.472351
686,170,14,1329,1633.3,,826.5,0.4,872,972.96,,524.5,True,109,58,8,5,0.003608,True,30.47983592048129,69.0,162,102,0.4,0.4,2,inf,143.783828,0.003355,144.483067,True,154,41,8,5,0.003703,True,18.695879111347264,40.0,118,98,0.4,0.4,2,inf,142.280645,0.003278,142.983305
686,170,15,1329,1633.3,,826.5,0.4,872,972.96,,524.5,True,109,58,8,5,0.003608,True,30.47983592048129,69.0,162,102,0.4,0.4,2,inf,143.783828,0.003355,144.483067,True,160,40,8,5,0.003309,True,17.757750984772812,40.0,26,113,0.4,0.4,2,inf,153.275651,0.004121,153.978439
686,170,16,1329,1633.3,,826.5,0.4,872,972.96,,524.5,True,109,58,8,5,0.003608,True,30.47983592048129,69.0,162,102,0.4,0.4,2,inf,143.783828,0.003355,144.483067,True,163,41,8,5,0.003574,True,17.26244188495751,41.0,141,102,0.4,0.4,2,inf,139.169063,0.003327,139.86686
686,170,17,1329,1633.3,,826.5,0.4,872,972.96,,524.5,True,109,58,8,5,0.003608,True,30.47983592048129,69.0,162,102,0.4,0.4,2,inf,143.783828,0.003355,144.483067,True,162,40,8,5,0.003094,True,17.75807391993707,39.0,118,107,0.4,0.4,2,inf,144.946086,0.003365,145.646253
686,170,18,1329,1633.3,,826.5,0.4,872,972.96,,524.5,True,109,58,8,5,0.003608,True,30.47983592048129,69.0,162,102,0.4,0.4,2,inf,143.783828,0.003355,144.483067,True,160,43,8,5,0.003469,True,17.774182716771822,33.0,7,100,0.4,0.4,2,inf,175.855158,0.003379,176.563172
686,170,19,1329,1633.3,,826.5,0.4,872,972.96,,524.5,True,109,58,8,5,0.003608,True,30.47983592048129,69.0,162,102,0.4,0.4,2,inf,143.783828,0.003355,144.483067,True,159,40,8,5,0.003502,True,18.12027038194081,39.0,32,92,0.4,0.4,2,inf,144.371237,0.003252,145.073215
686,170,20,1329,1633.3,,826.5,0.4,872,972.96,,524.5,True,109,58,8,5,0.003608,True,30.47983592048129,69.0,162,102,0.4,0.4,2,inf,143.783828,0.003355,144.483067,True,163,46,8,5,0.003477,True,16.98320071800887,38.0,26,107,0.4,0.4,2,inf,187.106156,0.003368,187.812627
686,170,21,1329,1633.3,,826.5,0.4,872,972.96,,524.5,True,109,58,8,5,0.003608,True,30.47983592048129,69.0,162,102,0.4,0.4,2,inf,143.783828,0.003355,144.483067,True,164,47,8,5,0.003233,True,17.317302634456013,34.0,136,120,0.4,0.4,2,inf,170.85796,0.003393,171.559332
686,170,22,1329,1633.3,,826.5,0.4,872,972.96,,524.5,True,109,58,8,5,0.003608,True,30.47983592048129,69.0,162,102,0.4,0.4,2,inf,143.783828,0.003355,144.483067,True,159,39,8,5,0.003228,True,17.74032134623503,39.0,118,93,0.4,0.4,2,inf,138.747785,0.003305,139.446033
686,170,23,1329,1633.3,,826.5,0.4,872,972.96,,524.5,True,109,58,8,5,0.003608,True,30.47983592048129,69.0,162,102,0.4,0.4,2,inf,143.783828,0.003355,144.483067,True,158,46,8,5,0.003128,True,19.043938685176656,40.0,18,117,0.4,0.4,2,inf,153.295004,0.003454,153.990604
686,170,24,1329,1633.3,,826.5,0.4,872,972.96,,524.5,True,109,58,8,5,0.003608,True,30.47983592048129,69.0,162,102,0.4,0.4,2,inf,143.783828,0.003355,144.483067,True,160,37,8,5,0.00366,True,17.70007952306173,40.0,18,116,0.4,0.4,2,inf,130.480869,0.003468,131.18926
686,170,25,1329,1633.3,,826.5,0.4,872,972.96,,524.5,True,109,58,8,5,0.003608,True,30.47983592048129,69.0,162,102,0.4,0.4,2,inf,143.783828,0.003355,144.483067,True,154,42,8,5,0.003134,True,17.36767072156317,35.0,18,112,0.4,0.4,2,inf,118.900544,0.00345,119.594711
686,170,26,1329,1633.3,,826.5,0.4,872,972.96,,524.5,True,109,58,8,5,0.003608,True,30.47983592048129,69.0,162,102,0.4,0.4,2,inf,143.783828,0.003355,144.483067,True,159,38,8,5,0.003107,True,17.42896739056513,37.0,32,119,0.4,0.4,2,inf,130.845885,0.003444,131.542567
686,170,27,1329,1633.3,,826.5,0.4,872,972.96,,524.5,True,109,58,8,5,0.003608,True,30.47983592048129,69.0,162,102,0.4,0.4,2,inf,143.783828,0.003355,144.483067,True,163,44,8,5,0.003114,True,17.724837381426866,39.0,118,104,0.4,0.4,2,inf,160.09274,0.003372,160.789006
686,170,28,1329,1633.3,,826.5,0.4,872,972.96,,524.5,True,109,58,8,5,0.003608,True,30.47983592048129,69.0,162,102,0.4,0.4,2,inf,143.783828,0.003355,144.483067,True,156,37,8,5,0.00393,True,17.619175027071734,37.0,26,103,0.4,0.4,2,inf,162.661266,0.003358,163.363685
686,170,29,1329,1633.3,,826.5,0.4,872,972.96,,524.5,True,109,58,8,5,0.003608,True,30.47983592048129,69.0,162,102,0.4,0.4,2,inf,143.783828,0.003355,144.483067,True,156,43,8,5,0.003423,True,17.852919678458427,35.0,10,85,0.4,0.4,2,inf,142.312299,0.003285,143.019092
686,170,30,1329,1633.3,,826.5,0.4,872,972.96,,524.5,True,109,58,8,5,0.003608,True,30.47983592048129,69.0,162,102,0.4,0.4,2,inf,143.783828,0.003355,144.483067,True,163,41,8,5,0.003241,True,17.312657253369903,42.0,137,104,0.4,0.4,2,inf,137.47705,0.003272,138.179269
698,64,1,107,147.64,97.0,94.0,0.05,107,144.64,94.0,91.0,True,64,29,8,5,0.000193,True,10.640256103375632,18.0,26,38,0.4,0.4,2,inf,3.04125,0.000817,3.09992,True,64,29,8,5,0.000176,True,10.430018350137953,17.0,10,40,0.4,0.4,2,inf,3.572359,0.001168,3.632258
698,64,2,107,147.64,97.0,94.0,0.05,107,144.64,94.0,91.0,True,64,29,8,5,0.000193,True,10.640256103375632,18.0,26,38,0.4,0.4,2,inf,3.04125,0.000817,3.09992,True,64,29,8,5,0.000441,True,10.247029807433584,16.0,4,41,0.4,0.4,2,inf,4.430228,0.00103,4.499376
698,64,3,107,147.64,97.0,94.0,0.05,107,144.64,94.0,91.0,True,64,29,8,5,0.000193,True,10.640256103375632,18.0,26,38,0.4,0.4,2,inf,3.04125,0.000817,3.09992,True,64,29,8,5,0.000202,True,10.454878605332247,20.0,26,43,0.4,0.4,2,inf,4.395615,0.000897,4.454341
698,64,4,107,147.64,97.0,94.0,0.05,107,144.64,94.0,91.0,True,64,29,8,5,0.000193,True,10.640256103375632,18.0,26,38,0.4,0.4,2,inf,3.04125,0.000817,3.09992,True,64,25,8,5,0.000215,True,9.10473201349988,15.0,4,39,0.4,0.4,2,inf,2.979733,0.000856,3.04024
698,64,5,107,147.64,97.0,94.0,0.05,107,144.64,94.0,91.0,True,64,29,8,5,0.000193,True,10.640256103375632,18.0,26,38,0.4,0.4,2,inf,3.04125,0.000817,3.09992,True,64,29,8,5,0.000185,True,10.21768523621484,16.0,10,38,0.4,0.4,2,inf,3.507734,0.000821,3.565246
698,64,6,107,147.64,97.0,94.0,0.05,107,144.64,94.0,91.0,True,64,29,8,5,0.000193,True,10.640256103375632,18.0,26,38,0.4,0.4,2,inf,3.04125,0.000817,3.09992,True,64,28,8,5,0.000215,True,10.113657493023338,18.0,26,42,0.4,0.4,2,inf,3.36587,0.000748,3.419689
698,64,7,107,147.64,97.0,94.0,0.05,107,144.64,94.0,91.0,True,64,29,8,5,0.000193,True,10.640256103375632,18.0,26,38,0.4,0.4,2,inf,3.04125,0.000817,3.09992,True,64,28,8,5,0.000209,True,10.251203874001654,20.0,26,43,0.4,0.4,2,inf,2.542294,0.000875,2.595077
698,64,8,107,147.64,97.0,94.0,0.05,107,144.64,94.0,91.0,True,64,29,8,5,0.000193,True,10.640256103375632,18.0,26,38,0.4,0.4,2,inf,3.04125,0.000817,3.09992,True,64,28,8,5,0.000191,True,10.26204070020866,19.0,26,43,0.4,0.4,2,inf,3.047526,0.000662,3.10193
698,64,9,107,147.64,97.0,94.0,0.05,107,144.64,94.0,91.0,True,64,29,8,5,0.000193,True,10.640256103375632,18.0,26,38,0.4,0.4,2,inf,3.04125,0.000817,3.09992,True,64,28,8,5,0.000221,True,10.18175783307365,18.0,26,44,0.4,0.4,2,inf,3.250466,0.001206,3.314808
698,64,10,107,147.64,97.0,94.0,0.05,107,144.64,94.0,91.0,True,64,29,8,5,0.000193,True,10.640256103375632,18.0,26,38,0.4,0.4,2,inf,3.04125,0.000817,3.09992,True,64,29,8,5,0.000199,True,10.453633448479351,17.0,19,39,0.4,0.4,2,inf,3.568422,0.000888,3.633094
698,64,11,107,147.64,97.0,94.0,0.05,107,144.64,94.0,91.0,True,64,29,8,5,0.000193,True,10.640256103375632,18.0,26,38,0.4,0.4,2,inf,3.04125,0.000817,3.09992,True,64,28,8,5,0.000222,True,10.046210281321295,16.0,8,39,0.4,0.4,2,inf,4.453673,0.000956,4.509905
698,64,12,107,147.64,97.0,94.0,0.05,107,144.64,94.0,91.0,True,64,29,8,5,0.000193,True,10.640256103375632,18.0,26,38,0.4,0.4,2,inf,3.04125,0.000817,3.09992,True,64,28,8,5,0.000262,True,9.994830040623532,17.0,26,43,0.4,0.4,2,inf,3.439693,0.000889,3.494329
698,64,13,107,147.64,97.0,94.0,0.05,107,144.64,94.0,91.0,True,64,29,8,5,0.000193,True,10.640256103375632,18.0,26,38,0.4,0.4,2,inf,3.04125,0.000817,3.09992,True,64,29,8,5,0.000217,True,10.229380701707177,24.0,24,40,0.4,0.4,2,inf,4.553976,0.000778,4.609376
698,64,14,107,147.64,97.0,94.0,0.05,107,144.64,94.0,91.0,True,64,29,8,5,0.000193,True,10.640256103375632,18.0,26,38,0.4,0.4,2,inf,3.04125,0.000817,3.09992,True,64,26,8,5,0.000233,True,9.564462058767589,16.0,26,42,0.4,0.4,2,inf,3.244977,0.000874,3.299977
698,64,15,107,147.64,97.0,94.0,0.05,107,144.64,94.0,91.0,True,64,29,8,5,0.000193,True,10.640256103375632,18.0,26,38,0.4,0.4,2,inf,3.04125,0.000817,3.09992,True,64,27,8,5,0.000215,True,9.917456786019915,16.0,17,41,0.4,0.4,2,inf,3.194463,0.000914,3.253109
698,64,16,107,147.64,97.0,94.0,0.05,107,144.64,94.0,91.0,True,64,29,8,5,0.000193,True,10.640256103375632,18.0,26,38,0.4,0.4,2,inf,3.04125,0.000817,3.09992,True,64,26,8,5,0.000282,True,9.627565741287286,15.0,4,44,0.4,0.4,2,inf,4.204695,0.000849,4.267244
698,64,17,107,147.64,97.0,94.0,0.05,107,144.64,94.0,91.0,True,64,29,8,5,0.000193,True,10.640256103375632,18.0,26,38,0.4,0.4,2,inf,3.04125,0.000817,3.09992,True,64,29,8,5,0.000178,True,10.345810670883257,16.0,10,42,0.4,0.4,2,inf,4.224953,0.000865,4.281642
698,64,18,107,147.64,97.0,94.0,0.05,107,144.64,94.0,91.0,True,64,29,8,5,0.000193,True,10.640256103375632,18.0,26,38,0.4,0.4,2,inf,3.04125,0.000817,3.09992,True,64,29,8,5,0.000205,True,10.297696679082454,24.0,24,39,0.4,0.4,2,inf,4.081955,0.000949,4.159281
698,64,19,107,147.64,97.0,94.0,0.05,107,144.64,94.0,91.0,True,64,29,8,5,0.000193,True,10.640256103375632,18.0,26,38,0.4,0.4,2,inf,3.04125,0.000817,3.09992,True,64,26,8,5,0.000249,True,9.82110149820688,16.0,4,44,0.4,0.4,2,inf,2.945897,0.000837,3.004313
698,64,20,107,147.64,97.0,94.0,0.05,107,144.64,94.0,91.0,True,64,29,8,5,0.000193,True,10.640256103375632,18.0,26,38,0.4,0.4,2,inf,3.04125,0.000817,3.09992,True,64,26,8,5,0.000194,True,9.464493798095283,16.0,39,37,0.4,0.4,2,inf,3.768858,0.000725,3.822595
698,64,21,107,147.64,97.0,94.0,0.05,107,144.64,94.0,91.0,True,64,29,8,5,0.000193,True,10.640256103375632,18.0,26,38,0.4,0.4,2,inf,3.04125,0.000817,3.09992,True,64,28,8,5,0.000224,True,9.851363084744294,17.0,26,41,0.4,0.4,2,inf,3.012673,0.001094,3.071922
698,64,22,107,147.64,97.0,94.0,0.05,107,144.64,94.0,91.0,True,64,29,8,5,0.000193,True,10.640256103375632,18.0,26,38,0.4,0.4,2,inf,3.04125,0.000817,3.09992,True,64,26,8,5,0.000204,True,9.605516898797609,15.0,39,37,0.4,0.4,2,inf,3.473887,0.000773,3.529448
698,64,23,107,147.64,97.0,94.0,0.05,107,144.64,94.0,91.0,True,64,29,8,5,0.000193,True,10.640256103375632,18.0,26,38,0.4,0.4,2,inf,3.04125,0.000817,3.09992,True,64,25,8,5,0.000241,True,9.340538415626565,15.0,26,42,0.4,0.4,2,inf,2.869089,0.000706,2.924858
698,64,24,107,147.64,97.0,94.0,0.05,107,144.64,94.0,91.0,True,64,29,8,5,0.000193,True,10.640256103375632,18.0,26,38,0.4,0.4,2,inf,3.04125,0.000817,3.09992,True,64,27,8,5,0.000196,True,9.803514916132404,16.0,4,40,0.4,0.4,2,inf,3.094377,0.000819,3.150375
698,64,25,107,147.64,97.0,94.0,0.05,107,144.64,94.0,91.0,True,64,29,8,5,0.000193,True,10.640256103375632,18.0,26,38,0.4,0.4,2,inf,3.04125,0.000817,3.09992,True,64,28,8,5,0.000209,True,10.234523212446687,20.0,26,44,0.4,0.4,2,inf,3.1502,0.000724,3.203707
698,64,26,107,147.64,97.0,94.0,0.05,107,144.64,94.0,91.0,True,64,29,8,5,0.000193,True,10.640256103375632,18.0,26,38,0.4,0.4,2,inf,3.04125,0.000817,3.09992,True,64,29,8,5,0.00018,True,10.429628881815963,25.0,24,41,0.4,0.4,2,inf,3.513865,0.000801,3.564968
698,64,27,107,147.64,97.0,94.0,0.05,107,144.64,94.0,91.0,True,64,29,8,5,0.000193,True,10.640256103375632,18.0,26,38,0.4,0.4,2,inf,3.04125,0.000817,3.09992,True,64,29,8,5,0.000214,True,10.261074209622306,18.0,10,39,0.4,0.4,2,inf,2.696058,0.00074,2.748948
698,64,28,107,147.64,97.0,94.0,0.05,107,144.64,94.0,91.0,True,64,29,8,5,0.000193,True,10.640256103375632,18.0,26,38,0.4,0.4,2,inf,3.04125,0.000817,3.09992,True,64,29,8,5,0.000233,True,10.27135196921416,18.0,26,41,0.4,0.4,2,inf,2.592583,0.000741,2.651193
698,64,29,107,147.64,97.0,94.0,0.05,107,144.64,94.0,91.0,True,64,29,8,5,0.000193,True,10.640256103375632,18.0,26,38,0.4,0.4,2,inf,3.04125,0.000817,3.09992,True,64,27,8,5,0.0002,True,9.755161721130426,17.0,39,36,0.4,0.4,2,inf,4.529381,0.00075,4.585692
698,64,30,107,147.64,97.0,94.0,0.05,107,144.64,94.0,91.0,True,64,29,8,5,0.000193,True,10.640256103375632,18.0,26,38,0.4,0.4,2,inf,3.04125,0.000817,3.09992,True,64,27,8,5,0.000246,True,9.801248146441363,16.0,19,37,0.4,0.4,2,inf,3.750695,0.000738,3.805959
698,64,1,107,147.64,97.0,94.0,0.15,113,139.22,82.0,79.0,True,64,29,8,5,0.000193,True,10.640256103375632,18.0,26,38,0.4,0.4,2,inf,3.04125,0.000817,3.09992,True,64,25,8,5,0.000237,True,9.012972974544224,16.0,26,43,0.4,0.4,2,inf,2.555366,0.00073,2.612804
698,64,2,107,147.64,97.0,94.0,0.15,113,139.22,82.0,79.0,True,64,29,8,5,0.000193,True,10.640256103375632,18.0,26,38,0.4,0.4,2,inf,3.04125,0.000817,3.09992,True,64,27,8,5,0.000206,True,9.305260251702082,16.0,26,43,0.4,0.4,2,inf,3.121974,0.000744,3.176492
698,64,3,107,147.64,97.0,94.0,0.15,113,139.22,82.0,79.0,True,64,29,8,5,0.000193,True,10.640256103375632,18.0,26,38,0.4,0.4,2,inf,3.04125,0.000817,3.09992,True,64,27,8,5,0.000226,True,9.420390368775111,20.0,24,35,0.4,0.4,2,inf,3.810162,0.001004,3.872068
698,64,4,107,147.64,97.0,94.0,0.15,113,139.22,82.0,79.0,True,64,29,8,5,0.000193,True,10.640256103375632,18.0,26,38,0.4,0.4,2,inf,3.04125,0.000817,3.09992,True,64,22,8,5,0.000177,True,8.04350666879743,14.0,3,47,0.4,0.4,2,inf,3.211754,0.000749,3.265396
698,64,5,107,147.64,97.0,94.0,0.15,113,139.22,82.0,79.0,True,64,29,8,5,0.000193,True,10.640256103375632,18.0,26,38,0.4,0.4,2,inf,3.04125,0.000817,3.09992,True,64,23,8,5,0.00018,True,8.287559831926696,13.0,4,39,0.4,0.4,2,inf,2.785754,0.000956,2.847995
698,64,6,107,147.64,97.0,94.0,0.15,113,139.22,82.0,79.0,True,64,29,8,5,0.000193,True,10.640256103375632,18.0,26,38,0.4,0.4,2,inf,3.04125,0.000817,3.09992,True,64,27,8,5,0.000178,True,9.220035193212796,18.0,26,44,0.4,0.4,2,inf,3.800624,0.000778,3.859337
698,64,7,107,147.64,97.0,94.0,0.15,113,139.22,82.0,79.0,True,64,29,8,5,0.000193,True,10.640256103375632,18.0,26,38,0.4,0.4,2,inf,3.04125,0.000817,3.09992,True,64,25,8,5,0.000225,True,9.230958928978271,16.0,26,43,0.4,0.4,2,inf,2.600887,0.000693,2.655153
698,64,8,107,147.64,97.0,94.0,0.15,113,139.22,82.0,79.0,True,64,29,8,5,0.000193,True,10.640256103375632,18.0,26,38,0.4,0.4,2,inf,3.04125,0.000817,3.09992,True,64,25,8,5,0.00018,True,8.760720681368161,13.0,10,40,0.4,0.4,2,inf,2.722007,0.000724,2.773206
698,64,9,107,147.64,97.0,94.0,0.15,113,139.22,82.0,79.0,True,64,29,8,5,0.000193,True,10.640256103375632,18.0,26,38,0.4,0.4,2,inf,3.04125,0.000817,3.09992,True,64,27,8,5,0.000178,True,9.17490915904382,16.0,26,46,0.4,0.4,2,inf,2.386905,0.000786,2.440502
698,64,10,107,147.64,97.0,94.0,0.15,113,139.22,82.0,79.0,True,64,29,8,5,0.000193,True,10.640256103375632,18.0,26,38,0.4,0.4,2,inf,3.04125,0.000817,3.09992,True,64,26,8,5,0.000221,True,9.159083952967483,15.0,26,42,0.4,0.4,2,inf,2.816349,0.000735,2.872003
698,64,11,107,147.64,97.0,94.0,0.15,113,139.22,82.0,79.0,True,64,29,8,5,0.000193,True,10.640256103375632,18.0,26,38,0.4,0.4,2,inf,3.04125,0.000817,3.09992,True,64,25,8,5,0.000218,True,8.654559041954649,13.0,4,38,0.4,0.4,2,inf,3.065434,0.000684,3.118292
698,64,12,107,147.64,97.0,94.0,0.15,113,139.22,82.0,79.0,True,64,29,8,5,0.000193,True,10.640256103375632,18.0,26,38,0.4,0.4,2,inf,3.04125,0.000817,3.09992,True,64,27,8,5,0.000184,True,9.118429131027256,15.0,26,41,0.4,0.4,2,inf,3.050365,0.000913,3.131297
698,64,13,107,147.64,97.0,94.0,0.15,113,139.22,82.0,79.0,True,64,29,8,5,0.000193,True,10.640256103375632,18.0,26,38,0.4,0.4,2,inf,3.04125,0.000817,3.09992,True,64,28,8,5,0.000213,True,9.342860993265369,16.0,26,39,0.4,0.4,2,inf,3.734353,0.000813,3.79153
698,64,14,107,147.64,97.0,94.0,0.15,113,139.22,82.0,79.0,True,64,29,8,5,0.000193,True,10.640256103375632,18.0,26,38,0.4,0.4,2,inf,3.04125,0.000817,3.09992,True,64,23,8,5,0.000568,True,8.37489925781334,18.0,26,45,0.4,0.4,2,inf,3.104028,0.000721,3.178271
698,64,15,107,147.64,97.0,94.0,0.15,113,139.22,82.0,79.0,True,64,29,8,5,0.000193,True,10.640256103375632,18.0,26,38,0.4,0.4,2,inf,3.04125,0.000817,3.09992,True,64,27,8,5,0.000251,True,9.37621210191427,23.0,24,38,0.4,0.4,2,inf,4.350788,0.000693,4.405091
698,64,16,107,147.64,97.0,94.0,0.15,113,139.22,82.0,79.0,True,64,29,8,5,0.000193,True,10.640256103375632,18.0,26,38,0.4,0.4,2,inf,3.04125,0.000817,3.09992,True,64,23,8,5,0.000254,True,8.264667585354793,12.0,26,38,0.4,0.4,2,inf,4.392046,0.000725,4.446308
698,64,17,107,147.64,97.0,94.0,0.15,113,139.22,82.0,79.0,True,64,29,8,5,0.000193,True,10.640256103375632,18.0,26,38,0.4,0.4,2,inf,3.04125,0.000817,3.09992,True,64,26,8,5,0.000185,True,9.017949098170876,15.0,17,42,0.4,0.4,2,inf,3.489564,0.00079,3.541964
698,64,18,107,147.64,97.0,94.0,0.15,113,139.22,82.0,79.0,True,64,29,8,5,0.000193,True,10.640256103375632,18.0,26,38,0.4,0.4,2,inf,3.04125,0.000817,3.09992,True,64,26,8,5,0.000263,True,8.845749344683409,16.0,19,34,0.4,0.4,2,inf,3.168773,0.000782,3.225519
698,64,19,107,147.64,97.0,94.0,0.15,113,139.22,82.0,79.0,True,64,29,8,5,0.000193,True,10.640256103375632,18.0,26,38,0.4,0.4,2,inf,3.04125,0.000817,3.09992,True,64,23,8,5,0.000252,True,8.445641816191637,13.0,26,43,0.4,0.4,2,inf,2.659279,0.000871,2.714639
698,64,20,107,147.64,97.0,94.0,0.15,113,139.22,82.0,79.0,True,64,29,8,5,0.000193,True,10.640256103375632,18.0,26,38,0.4,0.4,2,inf,3.04125,0.000817,3.09992,True,64,23,8,5,0.00022,True,8.100272567475814,14.0,17,36,0.4,0.4,2,inf,3.672729,0.000957,3.73367
698,64,21,107,147.64,97.0,94.0,0.15,113,139.22,82.0,79.0,True,64,29,8,5,0.000193,True,10.640256103375632,18.0,26,38,0.4,0.4,2,inf,3.04125,0.000817,3.09992,True,64,27,8,5,0.000211,True,9.05232545347849,18.0,26,41,0.4,0.4,2,inf,3.028896,0.000787,3.08624
698,64,22,107,147.64,97.0,94.0,0.15,113,139.22,82.0,79.0,True,64,29,8,5,0.000193,True,10.640256103375632,18.0,26,38,0.4,0.4,2,inf,3.04125,0.000817,3.09992,True,64,24,8,5,0.000206,True,8.432987640082088,12.0,26,37,0.4,0.4,2,inf,4.771235,0.00085,4.844333
698,64,23,107,147.64,97.0,94.0,0.15,113,139.22,82.0,79.0,True,64,29,8,5,0.000193,True,10.640256103375632,18.0,26,38,0.4,0.4,2,inf,3.04125,0.000817,3.09992,True,64,22,8,5,0.000218,True,8.369905788974863,14.0,26,45,0.4,0.4,2,inf,3.239967,0.000889,3.298264
698,64,24,107,147.64,97.0,94.0,0.15,113,139.22,82.0,79.0,True,64,29,8,5,0.000193,True,10.640256103375632,18.0,26,38,0.4,0.4,2,inf,3.04125,0.000817,3.09992,True,64,24,8,5,0.000198,True,8.553619341799171,17.0,26,43,0.4,0.4,2,inf,2.96644,0.000811,3.022415
698,64,25,107,147.64,97.0,94.0,0.15,113,139.22,82.0,79.0,True,64,29,8,5,0.000193,True,10.640256103375632,18.0,26,38,0.4,0.4,2,inf,3.04125,0.000817,3.09992,True,64,25,8,5,0.000206,True,8.81463441506932,16.0,26,40,0.4,0.4,2,inf,2.778341,0.000772,2.837031
698,64,26,107,147.64,97.0,94.0,0.15,113,139.22,82.0,79.0,True,64,29,8,5,0.000193,True,10.640256103375632,18.0,26,38,0.4,0.4,2,inf,3.04125,0.000817,3.09992,True,64,27,8,5,0.00021,True,9.382972400972504,15.0,17,41,0.4,0.4,2,inf,2.828448,0.000738,2.884551
698,64,27,107,147.64,97.0,94.0,0.15,113,139.22,82.0,79.0,True,64,29,8,5,0.000193,True,10.640256103375632,18.0,26,38,0.4,0.4,2,inf,3.04125,0.000817,3.09992,True,64,27,8,5,0.000265,True,9.140008720793285,15.0,10,35,0.4,0.4,2,inf,3.163469,0.000764,3.220046
698,64,28,107,147.64,97.0,94.0,0.15,113,139.22,82.0,79.0,True,64,29,8,5,0.000193,True,10.640256103375632,18.0,26,38,0.4,0.4,2,inf,3.04125,0.000817,3.09992,True,64,28,8,5,0.000257,True,9.599778179359332,18.0,26,39,0.4,0.4,2,inf,3.391792,0.00088,3.447196
698,64,29,107,147.64,97.0,94.0,0.15,113,139.22,82.0,79.0,True,64,29,8,5,0.000193,True,10.640256103375632,18.0,26,38,0.4,0.4,2,inf,3.04125,0.000817,3.09992,True,64,24,8,5,0.000205,True,8.590852418067634,12.0,26,35,0.4,0.4,2,inf,3.740917,0.000724,3.79701
698,64,30,107,147.64,97.0,94.0,0.15,113,139.22,82.0,79.0,True,64,29,8,5,0.000193,True,10.640256103375632,18.0,26,38,0.4,0.4,2,inf,3.04125,0.000817,3.09992,True,64,24,8,5,0.000209,True,8.558409875249009,14.0,19,37,0.4,0.4,2,inf,4.187703,0.000793,4.246803
698,64,1,107,147.64,97.0,94.0,0.25,102,129.92,72.0,70.0,True,64,29,8,5,0.000193,True,10.640256103375632,18.0,26,38,0.4,0.4,2,inf,3.04125,0.000817,3.09992,True,64,22,8,5,0.000256,True,7.818353599006367,12.0,26,45,0.4,0.4,2,inf,2.472326,0.000734,2.529215
698,64,2,107,147.64,97.0,94.0,0.25,102,129.92,72.0,70.0,True,64,29,8,5,0.000193,True,10.640256103375632,18.0,26,38,0.4,0.4,2,inf,3.04125,0.000817,3.09992,True,64,25,8,5,0.000255,True,8.018246506199628,12.0,3,40,0.4,0.4,2,inf,2.970513,0.00077,3.022356
698,64,3,107,147.64,97.0,94.0,0.25,102,129.92,72.0,70.0,True,64,29,8,5,0.000193,True,10.640256103375632,18.0,26,38,0.4,0.4,2,inf,3.04125,0.000817,3.09992,True,64,24,8,5,0.000192,True,7.926539711773647,13.0,3,39,0.4,0.4,2,inf,2.989993,0.00073,3.040796
698,64,4,107,147.64,97.0,94.0,0.25,102,129.92,72.0,70.0,True,64,29,8,5,0.000193,True,10.640256103375632,18.0,26,38,0.4,0.4,2,inf,3.04125,0.000817,3.09992,True,64,20,8,5,0.000193,True,7.199391754098897,15.0,17,39,0.4,0.4,2,inf,3.015462,0.000755,3.069146
698,64,5,107,147.64,97.0,94.0,0.25,102,129.92,72.0,70.0,True,64,29,8,5,0.000193,True,10.640256103375632,18.0,26,38,0.4,0.4,2,inf,3.04125,0.000817,3.09992,True,64,18,8,5,0.000186,True,6.640645912854969,17.0,24,41,0.4,0.4,2,inf,2.740946,0.000723,2.792857
698,64,6,107,147.64,97.0,94.0,0.25,102,129.92,72.0,70.0,True,64,29,8,5,0.000193,True,10.640256103375632,18.0,26,38,0.4,0.4,2,inf,3.04125,0.000817,3.09992,True,64,24,8,5,0.00021,True,7.968223744385232,12.0,19,39,0.4,0.4,2,inf,2.506423,0.000734,2.560812
698,64,7,107,147.64,97.0,94.0,0.25,102,129.92,72.0,70.0,True,64,29,8,5,0.000193,True,10.640256103375632,18.0,26,38,0.4,0.4,2,inf,3.04125,0.000817,3.09992,True,64,24,8,5,0.000181,True,8.34365763766294,13.0,26,42,0.4,0.4,2,inf,2.37468,0.000774,2.430622
698,64,8,107,147.64,97.0,94.0,0.25,102,129.92,72.0,70.0,True,64,29,8,5,0.000193,True,10.640256103375632,18.0,26,38,0.4,0.4,2,inf,3.04125,0.000817,3.09992,True,64,24,8,5,0.000211,True,8.01728314938235,13.0,39,36,0.4,0.4,2,inf,2.867934,0.000757,2.922026
698,64,9,107,147.64,97.0,94.0,0.25,102,129.92,72.0,70.0,True,64,29,8,5,0.000193,True,10.640256103375632,18.0,26,38,0.4,0.4,2,inf,3.04125,0.000817,3.09992,True,64,26,8,5,0.000209,True,8.276402983978032,16.0,26,41,0.4,0.4,2,inf,2.719112,0.000766,2.773088
698,64,10,107,147.64,97.0,94.0,0.25,102,129.92,72.0,70.0,True,64,29,8,5,0.000193,True,10.640256103375632,18.0,26,38,0.4,0.4,2,inf,3.04125,0.000817,3.09992,True,64,23,8,5,0.000221,True,7.932262206738653,13.0,4,41,0.4,0.4,2,inf,3.342233,0.000981,3.40542
698,64,11,107,147.64,97.0,94.0,0.25,102,129.92,72.0,70.0,True,64,29,8,5,0.000193,True,10.640256103375632,18.0,26,38,0.4,0.4,2,inf,3.04125,0.000817,3.09992,True,64,23,8,5,0.000213,True,7.761057704909101,13.0,0,36,0.4,0.4,2,inf,3.601464,0.001089,3.655926
698,64,12,107,147.64,97.0,94.0,0.25,102,129.92,72.0,70.0,True,64,29,8,5,0.000193,True,10.640256103375632,18.0,26,38,0.4,0.4,2,inf,3.04125,0.000817,3.09992,True,64,24,8,5,0.000421,True,7.728328392906067,14.0,26,45,0.4,0.4,2,inf,3.073753,0.000729,3.126149
698,64,13,107,147.64,97.0,94.0,0.25,102,129.92,72.0,70.0,True,64,29,8,5,0.000193,True,10.640256103375632,18.0,26,38,0.4,0.4,2,inf,3.04125,0.000817,3.09992,True,64,26,8,5,0.000208,True,8.52761116485071,19.0,25,38,0.4,0.4,2,inf,3.02631,0.002377,3.099192
698,64,14,107,147.64,97.0,94.0,0.25,102,129.92,72.0,70.0,True,64,29,8,5,0.000193,True,10.640256103375632,18.0,26,38,0.4,0.4,2,inf,3.04125,0.000817,3.09992,True,64,22,8,5,0.000196,True,7.548526126688592,14.0,0,39,0.4,0.4,2,inf,3.676657,0.000852,3.735176
698,64,15,107,147.64,97.0,94.0,0.25,102,129.92,72.0,70.0,True,64,29,8,5,0.000193,True,10.640256103375632,18.0,26,38,0.4,0.4,2,inf,3.04125,0.000817,3.09992,True,64,21,8,5,0.000207,True,7.355345401085942,12.0,3,39,0.4,0.4,2,inf,4.48636,0.000745,4.540962
698,64,16,107,147.64,97.0,94.0,0.25,102,129.92,72.0,70.0,True,64,29,8,5,0.000193,True,10.640256103375632,18.0,26,38,0.4,0.4,2,inf,3.04125,0.000817,3.09992,True,64,23,8,5,0.000244,True,7.547678630497354,14.0,9,38,0.4,0.4,2,inf,3.005673,0.000722,3.059977
698,64,17,107,147.64,97.0,94.0,0.25,102,129.92,72.0,70.0,True,64,29,8,5,0.000193,True,10.640256103375632,18.0,26,38,0.4,0.4,2,inf,3.04125,0.000817,3.09992,True,64,22,8,5,0.000252,True,7.478037138541662,11.0,9,39,0.4,0.4,2,inf,4.19014,0.000983,4.249592
698,64,18,107,147.64,97.0,94.0,0.25,102,129.92,72.0,70.0,True,64,29,8,5,0.000193,True,10.640256103375632,18.0,26,38,0.4,0.4,2,inf,3.04125,0.000817,3.09992,True,64,23,8,5,0.000207,True,7.424029830478265,13.0,3,38,0.4,0.4,2,inf,3.426331,0.000762,3.48787
698,64,19,107,147.64,97.0,94.0,0.25,102,129.92,72.0,70.0,True,64,29,8,5,0.000193,True,10.640256103375632,18.0,26,38,0.4,0.4,2,inf,3.04125,0.000817,3.09992,True,64,20,8,5,0.000203,True,7.156167102962011,12.0,17,36,0.4,0.4,2,inf,4.859537,0.000754,4.914191
698,64,20,107,147.64,97.0,94.0,0.25,102,129.92,72.0,70.0,True,64,29,8,5,0.000193,True,10.640256103375632,18.0,26,38,0.4,0.4,2,inf,3.04125,0.000817,3.09992,True,64,21,8,5,0.000219,True,6.99958783712023,10.0,26,37,0.4,0.4,2,inf,3.438245,0.000873,3.492876
698,64,21,107,147.64,97.0,94.0,0.25,102,129.92,72.0,70.0,True,64,29,8,5,0.000193,True,10.640256103375632,18.0,26,38,0.4,0.4,2,inf,3.04125,0.000817,3.09992,True,64,24,8,5,0.000224,True,7.886469299367861,12.0,39,37,0.4,0.4,2,inf,3.792001,0.000731,3.850122
698,64,22,107,147.64,97.0,94.0,0.25,102,129.92,72.0,70.0,True,64,29,8,5,0.000193,True,10.640256103375632,18.0,26,38,0.4,0.4,2,inf,3.04125,0.000817,3.09992,True,64,16,8,5,0.000225,True,6.136967157832661,9.0,2,35,0.4,0.4,2,inf,3.84592,0.000752,3.902901
698,64,23,107,147.64,97.0,94.0,0.25,102,129.92,72.0,70.0,True,64,29,8,5,0.000193,True,10.640256103375632,18.0,26,38,0.4,0.4,2,inf,3.04125,0.000817,3.09992,True,64,20,8,5,0.000235,True,7.29308187271861,12.0,3,44,0.4,0.4,2,inf,3.895775,0.00068,3.956933
698,64,24,107,147.64,97.0,94.0,0.25,102,129.92,72.0,70.0,True,64,29,8,5,0.000193,True,10.640256103375632,18.0,26,38,0.4,0.4,2,inf,3.04125,0.000817,3.09992,True,64,21,8,5,0.000217,True,7.259800696754977,15.0,14,37,0.4,0.4,2,inf,3.267617,0.000759,3.319758
698,64,25,107,147.64,97.0,94.0,0.25,102,129.92,72.0,70.0,True,64,29,8,5,0.000193,True,10.640256103375632,18.0,26,38,0.4,0.4,2,inf,3.04125,0.000817,3.09992,True,64,23,8,5,0.000241,True,7.563205970445471,14.0,26,40,0.4,0.4,2,inf,2.423976,0.000847,2.47696
698,64,26,107,147.64,97.0,94.0,0.25,102,129.92,72.0,70.0,True,64,29,8,5,0.000193,True,10.640256103375632,18.0,26,38,0.4,0.4,2,inf,3.04125,0.000817,3.09992,True,64,25,8,5,0.000191,True,7.9991830224305644,13.0,17,37,0.4,0.4,2,inf,2.884464,0.000768,2.949181
698,64,27,107,147.64,97.0,94.0,0.25,102,129.92,72.0,70.0,True,64,29,8,5,0.000193,True,10.640256103375632,18.0,26,38,0.4,0.4,2,inf,3.04125,0.000817,3.09992,True,64,25,8,5,0.000208,True,8.11754025082802,14.0,39,37,0.4,0.4,2,inf,3.116639,0.000731,3.177925
698,64,28,107,147.64,97.0,94.0,0.25,102,129.92,72.0,70.0,True,64,29,8,5,0.000193,True,10.640256103375632,18.0,26,38,0.4,0.4,2,inf,3.04125,0.000817,3.09992,True,64,22,8,5,0.000229,True,7.58872420014017,13.0,10,37,0.4,0.4,2,inf,3.34427,0.000729,3.400079
698,64,29,107,147.64,97.0,94.0,0.25,102,129.92,72.0,70.0,True,64,29,8,5,0.000193,True,10.640256103375632,18.0,26,38,0.4,0.4,2,inf,3.04125,0.000817,3.09992,True,64,20,8,5,0.000248,True,7.135782029338204,10.0,5,38,0.4,0.4,2,inf,3.867119,0.000878,3.921685
698,64,30,107,147.64,97.0,94.0,0.25,102,129.92,72.0,70.0,True,64,29,8,5,0.000193,True,10.640256103375632,18.0,26,38,0.4,0.4,2,inf,3.04125,0.000817,3.09992,True,64,21,8,5,0.000219,True,7.408053383809265,17.0,25,42,0.4,0.4,2,inf,2.985614,0.000734,3.04552
698,64,1,107,147.64,97.0,94.0,0.4,82,102.25,53.0,52.5,True,64,29,8,5,0.000193,True,10.640256103375632,18.0,26,38,0.4,0.4,2,inf,3.04125,0.000817,3.09992,True,64,19,8,5,0.000232,True,6.214016452082516,9.0,26,42,0.4,0.4,2,inf,3.449673,0.000731,3.536142
698,64,2,107,147.64,97.0,94.0,0.4,82,102.25,53.0,52.5,True,64,29,8,5,0.000193,True,10.640256103375632,18.0,26,38,0.4,0.4,2,inf,3.04125,0.000817,3.09992,True,64,21,8,5,0.000266,True,6.1215043303952195,13.0,26,43,0.4,0.4,2,inf,3.260866,0.000787,3.31774
698,64,3,107,147.64,97.0,94.0,0.4,82,102.25,53.0,52.5,True,64,29,8,5,0.000193,True,10.640256103375632,18.0,26,38,0.4,0.4,2,inf,3.04125,0.000817,3.09992,True,64,18,8,5,0.000288,True,5.664481168752389,11.0,26,41,0.4,0.4,2,inf,4.838657,0.000878,4.89754
698,64,4,107,147.64,97.0,94.0,0.4,82,102.25,53.0,52.5,True,64,29,8,5,0.000193,True,10.640256103375632,18.0,26,38,0.4,0.4,2,inf,3.04125,0.000817,3.09992,True,64,16,8,5,0.000191,True,5.700943801877789,11.0,0,43,0.4,0.4,2,inf,5.503311,0.000755,5.560193
698,64,5,107,147.64,97.0,94.0,0.4,82,102.25,53.0,52.5,True,64,29,8,5,0.000193,True,10.640256103375632,18.0,26,38,0.4,0.4,2,inf,3.04125,0.000817,3.09992,True,64,17,8,5,0.00019,True,5.795420211811827,11.0,26,48,0.4,0.4,2,inf,4.420587,0.000758,4.472044
698,64,6,107,147.64,97.0,94.0,0.4,82,102.25,53.0,52.5,True,64,29,8,5,0.000193,True,10.640256103375632,18.0,26,38,0.4,0.4,2,inf,3.04125,0.000817,3.09992,True,64,21,8,5,0.00042,True,6.2515214295983705,13.0,5,36,0.4,0.4,2,inf,2.937044,0.000894,2.997863
698,64,7,107,147.64,97.0,94.0,0.4,82,102.25,53.0,52.5,True,64,29,8,5,0.000193,True,10.640256103375632,18.0,26,38,0.4,0.4,2,inf,3.04125,0.000817,3.09992,True,64,20,8,5,0.000178,True,6.421446119337892,8.0,26,40,0.4,0.4,2,inf,2.7873,0.000653,2.841336
698,64,8,107,147.64,97.0,94.0,0.4,82,102.25,53.0,52.5,True,64,29,8,5,0.000193,True,10.640256103375632,18.0,26,38,0.4,0.4,2,inf,3.04125,0.000817,3.09992,True,64,19,8,5,0.000217,True,5.687489620766998,9.0,18,38,0.4,0.4,2,inf,2.485652,0.000733,2.54008
698,64,9,107,147.64,97.0,94.0,0.4,82,102.25,53.0,52.5,True,64,29,8,5,0.000193,True,10.640256103375632,18.0,26,38,0.4,0.4,2,inf,3.04125,0.000817,3.09992,True,64,20,8,5,0.000206,True,6.03009956566358,10.0,26,43,0.4,0.4,2,inf,3.037295,0.000833,3.091793
698,64,10,107,147.64,97.0,94.0,0.4,82,102.25,53.0,52.5,True,64,29,8,5,0.000193,True,10.640256103375632,18.0,26,38,0.4,0.4,2,inf,3.04125,0.000817,3.09992,True,64,16,8,5,0.00019,True,5.641473250024637,10.0,0,44,0.4,0.4,2,inf,2.942668,0.000768,2.998915
698,64,11,107,147.64,97.0,94.0,0.4,82,102.25,53.0,52.5,True,64,29,8,5,0.000193,True,10.640256103375632,18.0,26,38,0.4,0.4,2,inf,3.04125,0.000817,3.09992,True,64,18,8,5,0.000188,True,5.3027371853517735,8.0,18,37,0.4,0.4,2,inf,2.537857,0.000663,2.591141
698,64,12,107,147.64,97.0,94.0,0.4,82,102.25,53.0,52.5,True,64,29,8,5,0.000193,True,10.640256103375632,18.0,26,38,0.4,0.4,2,inf,3.04125,0.000817,3.09992,True,64,15,8,5,0.000187,True,5.2421536751259445,10.0,4,42,0.4,0.4,2,inf,2.272902,0.000732,2.326156
698,64,13,107,147.64,97.0,94.0,0.4,82,102.25,53.0,52.5,True,64,29,8,5,0.000193,True,10.640256103375632,18.0,26,38,0.4,0.4,2,inf,3.04125,0.000817,3.09992,True,64,25,8,5,0.000206,True,7.357815067679,13.0,26,40,0.4,0.4,2,inf,2.988697,0.00077,3.045582
698,64,14,107,147.64,97.0,94.0,0.4,82,102.25,53.0,52.5,True,64,29,8,5,0.000193,True,10.640256103375632,18.0,26,38,0.4,0.4,2,inf,3.04125,0.000817,3.09992,True,64,21,8,5,0.000235,True,6.50902528514358,13.0,20,38,0.4,0.4,2,inf,2.391523,0.000703,2.446559
698,64,15,107,147.64,97.0,94.0,0.4,82,102.25,53.0,52.5,True,64,29,8,5,0.000193,True,10.640256103375632,18.0,26,38,0.4,0.4,2,inf,3.04125,0.000817,3.09992,True,64,18,8,5,0.000207,True,5.924566376112444,12.0,3,43,0.4,0.4,2,inf,2.475019,0.000772,2.536423
698,64,16,107,147.64,97.0,94.0,0.4,82,102.25,53.0,52.5,True,64,29,8,5,0.000193,True,10.640256103375632,18.0,26,38,0.4,0.4,2,inf,3.04125,0.000817,3.09992,True,64,18,8,5,0.000245,True,5.850360181614323,11.0,9,39,0.4,0.4,2,inf,2.711798,0.000643,2.770929
698,64,17,107,147.64,97.0,94.0,0.4,82,102.25,53.0,52.5,True,64,29,8,5,0.000193,True,10.640256103375632,18.0,26,38,0.4,0.4,2,inf,3.04125,0.000817,3.09992,True,64,17,8,5,0.000226,True,5.127657278942845,10.0,0,41,0.4,0.4,2,inf,2.76301,0.000748,2.816535
698,64,18,107,147.64,97.0,94.0,0.4,82,102.25,53.0,52.5,True,64,29,8,5,0.000193,True,10.640256103375632,18.0,26,38,0.4,0.4,2,inf,3.04125,0.000817,3.09992,True,64,19,8,5,0.000203,True,5.716728742020641,10.0,16,37,0.4,0.4,2,inf,2.405276,0.000742,2.462497
698,64,19,107,147.64,97.0,94.0,0.4,82,102.25,53.0,52.5,True,64,29,8,5,0.000193,True,10.640256103375632,18.0,26,38,0.4,0.4,2,inf,3.04125,0.000817,3.09992,True,64,16,8,5,0.000205,True,5.212099221774203,8.0,17,44,0.4,0.4,2,inf,2.739298,0.000656,2.798169
698,64,20,107,147.64,97.0,94.0,0.4,82,102.25,53.0,52.5,True,64,29,8,5,0.000193,True,10.640256103375632,18.0,26,38,0.4,0.4,2,inf,3.04125,0.000817,3.09992,True,64,18,8,5,0.0002,True,5.458560496791989,10.0,26,43,0.4,0.4,2,inf,2.652309,0.000781,2.714013
698,64,21,107,147.64,97.0,94.0,0.4,82,102.25,53.0,52.5,True,64,29,8,5,0.000193,True,10.640256103375632,18.0,26,38,0.4,0.4,2,inf,3.04125,0.000817,3.09992,True,64,19,8,5,0.000203,True,5.910379384781467,14.0,24,39,0.4,0.4,2,inf,2.379772,0.000746,2.439656
698,64,22,107,147.64,97.0,94.0,0.4,82,102.25,53.0,52.5,True,64,29,8,5,0.000193,True,10.640256103375632,18.0,26,38,0.4,0.4,2,inf,3.04125,0.000817,3.09992,True,64,12,8,5,0.00021,True,4.682195889318416,7.0,2,38,0.4,0.4,2,inf,2.509942,0.000873,2.567821
698,64,23,107,147.64,97.0,94.0,0.4,82,102.25,53.0,52.5,True,64,29,8,5,0.000193,True,10.640256103375632,18.0,26,38,0.4,0.4,2,inf,3.04125,0.000817,3.09992,True,64,15,8,5,0.00021,True,5.4762112942826295,11.0,23,43,0.4,0.4,2,inf,2.640425,0.000637,2.701472
698,64,24,107,147.64,97.0,94.0,0.4,82,102.25,53.0,52.5,True,64,29,8,5,0.000193,True,10.640256103375632,18.0,26,38,0.4,0.4,2,inf,3.04125,0.000817,3.09992,True,64,18,8,5,0.000208,True,5.531008029257424,12.0,5,40,0.4,0.4,2,inf,2.758659,0.000735,2.814252
698,64,25,107,147.64,97.0,94.0,0.4,82,102.25,53.0,52.5,True,64,29,8,5,0.000193,True,10.640256103375632,18.0,26,38,0.4,0.4,2,inf,3.04125,0.000817,3.09992,True,64,18,8,5,0.000199,True,5.338569743615618,9.0,26,43,0.4,0.4,2,inf,2.490944,0.000662,2.551864
698,64,26,107,147.64,97.0,94.0,0.4,82,102.25,53.0,52.5,True,64,29,8,5,0.000193,True,10.640256103375632,18.0,26,38,0.4,0.4,2,inf,3.04125,0.000817,3.09992,True,64,20,8,5,0.000238,True,5.798517504232621,16.0,21,35,0.4,0.4,2,inf,2.977377,0.00073,3.033567
698,64,27,107,147.64,97.0,94.0,0.4,82,102.25,53.0,52.5,True,64,29,8,5,0.000193,True,10.640256103375632,18.0,26,38,0.4,0.4,2,inf,3.04125,0.000817,3.09992,True,64,21,8,5,0.000239,True,6.415634111189061,11.0,2,39,0.4,0.4,2,inf,2.298967,0.000743,2.355371
698,64,28,107,147.64,97.0,94.0,0.4,82,102.25,53.0,52.5,True,64,29,8,5,0.000193,True,10.640256103375632,18.0,26,38,0.4,0.4,2,inf,3.04125,0.000817,3.09992,True,64,13,8,5,0.000228,True,4.691776872037248,7.0,0,36,0.4,0.4,2,inf,2.663719,0.000762,2.727739
698,64,29,107,147.64,97.0,94.0,0.4,82,102.25,53.0,52.5,True,64,29,8,5,0.000193,True,10.640256103375632,18.0,26,38,0.4,0.4,2,inf,3.04125,0.000817,3.09992,True,64,15,8,5,0.000237,True,4.589356596911721,8.0,5,33,0.4,0.4,2,inf,2.458305,0.000719,2.513923
698,64,30,107,147.64,97.0,94.0,0.4,82,102.25,53.0,52.5,True,64,29,8,5,0.000193,True,10.640256103375632,18.0,26,38,0.4,0.4,2,inf,3.04125,0.000817,3.09992,True,64,17,8,5,0.000246,True,5.660958203513952,12.0,26,46,0.4,0.4,2,inf,2.793619,0.000752,2.851493
1684,792,1,,,,,0.05,,,,,True,388,239,8,5,0.30058,,,,,,,,,,,,,True,405,225,8,5,0.307434,,,,,,,,,,,,
1684,792,2,,,,,0.05,,,,,True,388,239,8,5,0.30058,,,,,,,,,,,,,True,409,220,8,5,0.301351,,,,,,,,,,,,
1684,792,3,,,,,0.05,,,,,True,388,239,8,5,0.30058,,,,,,,,,,,,,True,405,214,8,5,0.308802,,,,,,,,,,,,
1684,792,4,,,,,0.05,,,,,True,388,239,8,5,0.30058,,,,,,,,,,,,,True,402,213,8,5,0.297828,,,,,,,,,,,,
1684,792,5,,,,,0.05,,,,,True,388,239,8,5,0.30058,,,,,,,,,,,,,True,401,216,8,5,0.302021,,,,,,,,,,,,
1684,792,6,,,,,0.05,,,,,True,388,239,8,5,0.30058,,,,,,,,,,,,,True,400,221,8,5,0.299058,,,,,,,,,,,,
1684,792,7,,,,,0.05,,,,,True,388,239,8,5,0.30058,,,,,,,,,,,,,True,408,215,8,5,0.304246,,,,,,,,,,,,
1684,792,8,,,,,0.05,,,,,True,388,239,8,5,0.30058,,,,,,,,,,,,,True,404,217,8,5,0.297768,,,,,,,,,,,,
1684,792,9,,,,,0.05,,,,,True,388,239,8,5,0.30058,,,,,,,,,,,,,True,405,217,8,5,0.302026,,,,,,,,,,,,
1684,792,10,,,,,0.05,,,,,True,388,239,8,5,0.30058,,,,,,,,,,,,,True,405,216,8,5,0.298402,,,,,,,,,,,,
1684,792,11,,,,,0.05,,,,,True,388,239,8,5,0.30058,,,,,,,,,,,,,True,399,222,8,5,0.301277,,,,,,,,,,,,
1684,792,12,,,,,0.05,,,,,True,388,239,8,5,0.30058,,,,,,,,,,,,,True,403,217,8,5,0.298833,,,,,,,,,,,,
1684,792,13,,,,,0.05,,,,,True,388,239,8,5,0.30058,,,,,,,,,,,,,True,402,217,8,5,0.298347,,,,,,,,,,,,
1684,792,14,,,,,0.05,,,,,True,388,239,8,5,0.30058,,,,,,,,,,,,,True,405,216,8,5,0.29998,,,,,,,,,,,,
1684,792,15,,,,,0.05,,,,,True,388,239,8,5,0.30058,,,,,,,,,,,,,True,407,214,8,5,0.303466,,,,,,,,,,,,
1684,792,16,,,,,0.05,,,,,True,388,239,8,5,0.30058,,,,,,,,,,,,,True,398,223,8,5,0.300409,,,,,,,,,,,,
1684,792,17,,,,,0.05,,,,,True,388,239,8,5,0.30058,,,,,,,,,,,,,True,403,217,8,5,0.29951,,,,,,,,,,,,
1684,792,18,,,,,0.05,,,,,True,388,239,8,5,0.30058,,,,,,,,,,,,,True,404,218,8,5,0.299037,,,,,,,,,,,,
1684,792,19,,,,,0.05,,,,,True,388,239,8,5,0.30058,,,,,,,,,,,,,True,402,223,8,5,0.300868,,,,,,,,,,,,
1684,792,20,,,,,0.05,,,,,True,388,239,8,5,0.30058,,,,,,,,,,,,,True,403,215,8,5,0.302329,,,,,,,,,,,,
1684,792,21,,,,,0.05,,,,,True,388,239,8,5,0.30058,,,,,,,,,,,,,True,401,215,8,5,0.297218,,,,,,,,,,,,
1684,792,22,,,,,0.05,,,,,True,388,239,8,5,0.30058,,,,,,,,,,,,,True,407,214,8,5,0.301924,,,,,,,,,,,,
1684,792,23,,,,,0.05,,,,,True,388,239,8,5,0.30058,,,,,,,,,,,,,True,407,211,8,5,0.297913,,,,,,,,,,,,
1684,792,24,,,,,0.05,,,,,True,388,239,8,5,0.30058,,,,,,,,,,,,,True,407,215,8,5,0.298588,,,,,,,,,,,,
1684,792,25,,,,,0.05,,,,,True,388,239,8,5,0.30058,,,,,,,,,,,,,True,400,216,8,5,0.301796,,,,,,,,,,,,
1684,792,26,,,,,0.05,,,,,True,388,239,8,5,0.30058,,,,,,,,,,,,,True,408,213,8,5,0.294886,,,,,,,,,,,,
1684,792,27,,,,,0.05,,,,,True,388,239,8,5,0.30058,,,,,,,,,,,,,True,404,218,8,5,0.296604,,,,,,,,,,,,
1684,792,28,,,,,0.05,,,,,True,388,239,8,5,0.30058,,,,,,,,,,,,,True,398,219,8,5,0.29994,,,,,,,,,,,,
1684,792,29,,,,,0.05,,,,,True,388,239,8,5,0.30058,,,,,,,,,,,,,True,403,219,8,5,0.298972,,,,,,,,,,,,
1684,792,30,,,,,0.05,,,,,True,388,239,8,5,0.30058,,,,,,,,,,,,,True,406,218,8,5,0.302579,,,,,,,,,,,,
1684,792,1,,,,,0.15,,,,,True,388,239,8,5,0.30058,,,,,,,,,,,,,True,436,191,8,5,0.297327,,,,,,,,,,,,
1684,792,2,,,,,0.15,,,,,True,388,239,8,5,0.30058,,,,,,,,,,,,,True,443,175,8,5,0.297081,,,,,,,,,,,,
1684,792,3,,,,,0.15,,,,,True,388,239,8,5,0.30058,,,,,,,,,,,,,True,444,174,8,5,0.297665,,,,,,,,,,,,
1684,792,4,,,,,0.15,,,,,True,388,239,8,5,0.30058,,,,,,,,,,,,,True,447,174,8,5,0.302746,,,,,,,,,,,,
1684,792,5,,,,,0.15,,,,,True,388,239,8,5,0.30058,,,,,,,,,,,,,True,444,173,8,5,0.294251,,,,,,,,,,,,
1684,792,6,,,,,0.15,,,,,True,388,239,8,5,0.30058,,,,,,,,,,,,,True,441,183,8,5,0.293214,,,,,,,,,,,,
1684,792,7,,,,,0.15,,,,,True,388,239,8,5,0.30058,,,,,,,,,,,,,True,440,179,8,5,0.29574,,,,,,,,,,,,
1684,792,8,,,,,0.15,,,,,True,388,239,8,5,0.30058,,,,,,,,,,,,,True,442,174,8,5,0.296164,,,,,,,,,,,,
1684,792,9,,,,,0.15,,,,,True,388,239,8,5,0.30058,,,,,,,,,,,,,True,436,179,8,5,0.300387,,,,,,,,,,,,
1684,792,10,,,,,0.15,,,,,True,388,239,8,5,0.30058,,,,,,,,,,,,,True,445,182,8,5,0.298415,,,,,,,,,,,,
1684,792,11,,,,,0.15,,,,,True,388,239,8,5,0.30058,,,,,,,,,,,,,True,441,170,8,5,0.297438,,,,,,,,,,,,
1684,792,12,,,,,0.15,,,,,True,388,239,8,5,0.30058,,,,,,,,,,,,,True,444,176,8,5,0.297778,,,,,,,,,,,,
1684,792,13,,,,,0.15,,,,,True,388,239,8,5,0.30058,,,,,,,,,,,,,True,446,172,8,5,0.29937,,,,,,,,,,,,
1684,792,14,,,,,0.15,,,,,True,388,239,8,5,0.30058,,,,,,,,,,,,,True,448,172,8,5,0.29581,,,,,,,,,,,,
1684,792,15,,,,,0.15,,,,,True,388,239,8,5,0.30058,,,,,,,,,,,,,True,443,186,8,5,0.294038,,,,,,,,,,,,
1684,792,16,,,,,0.15,,,,,True,388,239,8,5,0.30058,,,,,,,,,,,,,True,443,181,8,5,0.301352,,,,,,,,,,,,
1684,792,17,,,,,0.15,,,,,True,388,239,8,5,0.30058,,,,,,,,,,,,,True,443,173,8,5,0.296477,,,,,,,,,,,,
1684,792,18,,,,,0.15,,,,,True,388,239,8,5,0.30058,,,,,,,,,,,,,True,448,172,8,5,0.297727,,,,,,,,,,,,
1684,792,19,,,,,0.15,,,,,True,388,239,8,5,0.30058,,,,,,,,,,,,,True,445,173,8,5,0.294418,,,,,,,,,,,,
1684,792,20,,,,,0.15,,,,,True,388,239,8,5,0.30058,,,,,,,,,,,,,True,442,180,8,5,0.296372,,,,,,,,,,,,
1684,792,21,,,,,0.15,,,,,True,388,239,8,5,0.30058,,,,,,,,,,,,,True,441,179,8,5,0.29706,,,,,,,,,,,,
1684,792,22,,,,,0.15,,,,,True,388,239,8,5,0.30058,,,,,,,,,,,,,True,445,176,8,5,0.295875,,,,,,,,,,,,
1684,792,23,,,,,0.15,,,,,True,388,239,8,5,0.30058,,,,,,,,,,,,,True,444,168,8,5,0.299225,,,,,,,,,,,,
1684,792,24,,,,,0.15,,,,,True,388,239,8,5,0.30058,,,,,,,,,,,,,True,443,174,8,5,0.303391,,,,,,,,,,,,
1684,792,25,,,,,0.15,,,,,True,388,239,8,5,0.30058,,,,,,,,,,,,,True,442,177,8,5,0.2971,,,,,,,,,,,,
1684,792,26,,,,,0.15,,,,,True,388,239,8,5,0.30058,,,,,,,,,,,,,True,439,183,8,5,0.298906,,,,,,,,,,,,
1684,792,27,,,,,0.15,,,,,True,388,239,8,5,0.30058,,,,,,,,,,,,,True,437,179,8,5,0.29605,,,,,,,,,,,,
1684,792,28,,,,,0.15,,,,,True,388,239,8,5,0.30058,,,,,,,,,,,,,True,444,181,8,5,0.303199,,,,,,,,,,,,
1684,792,29,,,,,0.15,,,,,True,388,239,8,5,0.30058,,,,,,,,,,,,,True,448,172,8,5,0.294235,,,,,,,,,,,,
1684,792,30,,,,,0.15,,,,,True,388,239,8,5,0.30058,,,,,,,,,,,,,True,442,180,8,5,0.298542,,,,,,,,,,,,
1684,792,1,,,,,0.25,,,,,True,388,239,8,5,0.30058,,,,,,,,,,,,,True,482,142,8,5,0.292686,,,,,,,,,,,,
1684,792,2,,,,,0.25,,,,,True,388,239,8,5,0.30058,,,,,,,,,,,,,True,498,139,8,5,0.296084,,,,,,,,,,,,
1684,792,3,,,,,0.25,,,,,True,388,239,8,5,0.30058,,,,,,,,,,,,,True,488,145,8,5,0.293602,,,,,,,,,,,,
1684,792,4,,,,,0.25,,,,,True,388,239,8,5,0.30058,,,,,,,,,,,,,True,492,139,8,5,0.292744,,,,,,,,,,,,
1684,792,5,,,,,0.25,,,,,True,388,239,8,5,0.30058,,,,,,,,,,,,,True,489,150,8,5,0.292729,,,,,,,,,,,,
1684,792,6,,,,,0.25,,,,,True,388,239,8,5,0.30058,,,,,,,,,,,,,True,482,143,8,5,0.291594,,,,,,,,,,,,
1684,792,7,,,,,0.25,,,,,True,388,239,8,5,0.30058,,,,,,,,,,,,,True,492,140,8,5,0.295797,,,,,,,,,,,,
1684,792,8,,,,,0.25,,,,,True,388,239,8,5,0.30058,,,,,,,,,,,,,True,485,145,8,5,0.29871,,,,,,,,,,,,
1684,792,9,,,,,0.25,,,,,True,388,239,8,5,0.30058,,,,,,,,,,,,,True,488,142,8,5,0.295192,,,,,,,,,,,,
1684,792,10,,,,,0.25,,,,,True,388,239,8,5,0.30058,,,,,,,,,,,,,True,489,136,8,5,0.292366,,,,,,,,,,,,
1684,792,11,,,,,0.25,,,,,True,388,239,8,5,0.30058,,,,,,,,,,,,,True,491,144,8,5,0.293748,,,,,,,,,,,,
1684,792,12,,,,,0.25,,,,,True,388,239,8,5,0.30058,,,,,,,,,,,,,True,494,136,8,5,0.297269,,,,,,,,,,,,
1684,792,13,,,,,0.25,,,,,True,388,239,8,5,0.30058,,,,,,,,,,,,,True,500,148,8,5,0.293176,,,,,,,,,,,,
1684,792,14,,,,,0.25,,,,,True,388,239,8,5,0.30058,,,,,,,,,,,,,True,485,139,8,5,0.297094,,,,,,,,,,,,
1684,792,15,,,,,0.25,,,,,True,388,239,8,5,0.30058,,,,,,,,,,,,,True,494,138,8,5,0.29688,,,,,,,,,,,,
1684,792,16,,,,,0.25,,,,,True,388,239,8,5,0.30058,,,,,,,,,,,,,True,481,143,8,5,0.293854,,,,,,,,,,,,
1684,792,17,,,,,0.25,,,,,True,388,239,8,5,0.30058,,,,,,,,,,,,,True,493,134,8,5,0.296216,,,,,,,,,,,,
1684,792,18,,,,,0.25,,,,,True,388,239,8,5,0.30058,,,,,,,,,,,,,True,491,147,8,5,0.29597,,,,,,,,,,,,
1684,792,19,,,,,0.25,,,,,True,388,239,8,5,0.30058,,,,,,,,,,,,,True,483,149,8,5,0.293202,,,,,,,,,,,,
1684,792,20,,,,,0.25,,,,,True,388,239,8,5,0.30058,,,,,,,,,,,,,True,482,147,8,5,0.297353,,,,,,,,,,,,
1684,792,21,,,,,0.25,,,,,True,388,239,8,5,0.30058,,,,,,,,,,,,,True,490,141,8,5,0.296036,,,,,,,,,,,,
1684,792,22,,,,,0.25,,,,,True,388,239,8,5,0.30058,,,,,,,,,,,,,True,504,127,8,5,0.294993,,,,,,,,,,,,
1684,792,23,,,,,0.25,,,,,True,388,239,8,5,0.30058,,,,,,,,,,,,,True,494,141,8,5,0.292865,,,,,,,,,,,,
1684,792,24,,,,,0.25,,,,,True,388,239,8,5,0.30058,,,,,,,,,,,,,True,484,145,8,5,0.293741,,,,,,,,,,,,
1684,792,25,,,,,0.25,,,,,True,388,239,8,5,0.30058,,,,,,,,,,,,,True,502,152,8,5,0.296058,,,,,,,,,,,,
1684,792,26,,,,,0.25,,,,,True,388,239,8,5,0.30058,,,,,,,,,,,,,True,491,142,8,5,0.293421,,,,,,,,,,,,
1684,792,27,,,,,0.25,,,,,True,388,239,8,5,0.30058,,,,,,,,,,,,,True,476,159,8,5,0.293814,,,,,,,,,,,,
1684,792,28,,,,,0.25,,,,,True,388,239,8,5,0.30058,,,,,,,,,,,,,True,501,138,8,5,0.292861,,,,,,,,,,,,
1684,792,29,,,,,0.25,,,,,True,388,239,8,5,0.30058,,,,,,,,,,,,,True,488,140,8,5,0.295704,,,,,,,,,,,,
1684,792,30,,,,,0.25,,,,,True,388,239,8,5,0.30058,,,,,,,,,,,,,True,493,143,8,5,0.293621,,,,,,,,,,,,
1684,792,1,,,,,0.4,,,,,True,388,239,8,5,0.30058,,,,,,,,,,,,,True,574,89,8,5,0.29198,,,,,,,,,,,,
1684,792,2,,,,,0.4,,,,,True,388,239,8,5,0.30058,,,,,,,,,,,,,True,573,68,8,5,0.292677,,,,,,,,,,,,
1684,792,3,,,,,0.4,,,,,True,388,239,8,5,0.30058,,,,,,,,,,,,,True,581,88,8,5,0.288831,,,,,,,,,,,,
1684,792,4,,,,,0.4,,,,,True,388,239,8,5,0.30058,,,,,,,,,,,,,True,590,87,8,5,0.291194,,,,,,,,,,,,
1684,792,5,,,,,0.4,,,,,True,388,239,8,5,0.30058,,,,,,,,,,,,,True,574,97,8,5,0.29699,,,,,,,,,,,,
1684,792,6,,,,,0.4,,,,,True,388,239,8,5,0.30058,,,,,,,,,,,,,True,569,99,8,5,0.289979,,,,,,,,,,,,
1684,792,7,,,,,0.4,,,,,True,388,239,8,5,0.30058,,,,,,,,,,,,,True,568,103,8,5,0.292272,,,,,,,,,,,,
1684,792,8,,,,,0.4,,,,,True,388,239,8,5,0.30058,,,,,,,,,,,,,True,566,115,8,5,0.296396,,,,,,,,,,,,
1684,792,9,,,,,0.4,,,,,True,388,239,8,5,0.30058,,,,,,,,,,,,,True,578,100,8,5,0.289482,,,,,,,,,,,,
1684,792,10,,,,,0.4,,,,,True,388,239,8,5,0.30058,,,,,,,,,,,,,True,571,74,8,5,0.286669,,,,,,,,,,,,
1684,792,11,,,,,0.4,,,,,True,388,239,8,5,0.30058,,,,,,,,,,,,,True,570,113,8,5,0.293108,,,,,,,,,,,,
1684,792,12,,,,,0.4,,,,,True,388,239,8,5,0.30058,,,,,,,,,,,,,True,577,66,8,5,0.289041,,,,,,,,,,,,
1684,792,13,,,,,0.4,,,,,True,388,239,8,5,0.30058,,,,,,,,,,,,,True,572,94,8,5,0.291771,,,,,,,,,,,,
1684,792,14,,,,,0.4,,,,,True,388,239,8,5,0.30058,,,,,,,,,,,,,True,572,98,8,5,0.292185,,,,,,,,,,,,
1684,792,15,,,,,0.4,,,,,True,388,239,8,5,0.30058,,,,,,,,,,,,,True,567,86,8,5,0.290124,,,,,,,,,,,,
1684,792,16,,,,,0.4,,,,,True,388,239,8,5,0.30058,,,,,,,,,,,,,True,568,102,8,5,0.289264,,,,,,,,,,,,
1684,792,17,,,,,0.4,,,,,True,388,239,8,5,0.30058,,,,,,,,,,,,,True,575,80,8,5,0.290216,,,,,,,,,,,,
1684,792,18,,,,,0.4,,,,,True,388,239,8,5,0.30058,,,,,,,,,,,,,True,576,96,8,5,0.290849,,,,,,,,,,,,
1684,792,19,,,,,0.4,,,,,True,388,239,8,5,0.30058,,,,,,,,,,,,,True,580,73,8,5,0.288288,,,,,,,,,,,,
1684,792,20,,,,,0.4,,,,,True,388,239,8,5,0.30058,,,,,,,,,,,,,True,580,78,8,5,0.28867,,,,,,,,,,,,
1684,792,21,,,,,0.4,,,,,True,388,239,8,5,0.30058,,,,,,,,,,,,,True,575,96,8,5,0.291352,,,,,,,,,,,,
1684,792,22,,,,,0.4,,,,,True,388,239,8,5,0.30058,,,,,,,,,,,,,True,571,90,8,5,0.29422,,,,,,,,,,,,
1684,792,23,,,,,0.4,,,,,True,388,239,8,5,0.30058,,,,,,,,,,,,,True,571,103,8,5,0.289245,,,,,,,,,,,,
1684,792,24,,,,,0.4,,,,,True,388,239,8,5,0.30058,,,,,,,,,,,,,True,560,108,8,5,0.291903,,,,,,,,,,,,
1684,792,25,,,,,0.4,,,,,True,388,239,8,5,0.30058,,,,,,,,,,,,,True,581,67,8,5,0.29125,,,,,,,,,,,,
1684,792,26,,,,,0.4,,,,,True,388,239,8,5,0.30058,,,,,,,,,,,,,True,575,87,8,5,0.293554,,,,,,,,,,,,
1684,792,27,,,,,0.4,,,,,True,388,239,8,5,0.30058,,,,,,,,,,,,,True,563,115,8,5,0.288542,,,,,,,,,,,,
1684,792,28,,,,,0.4,,,,,True,388,239,8,5,0.30058,,,,,,,,,,,,,True,572,75,8,5,0.292501,,,,,,,,,,,,
1684,792,29,,,,,0.4,,,,,True,388,239,8,5,0.30058,,,,,,,,,,,,,True,573,105,8,5,0.287488,,,,,,,,,,,,
1684,792,30,,,,,0.4,,,,,True,388,239,8,5,0.30058,,,,,,,,,,,,,True,568,76,8,5,0.290025,,,,,,,,,,,,
1912,751,1,,,,,0.05,,,,,True,189,579,8,5,0.2805,,,,,,,,,,,,,True,203,539,8,5,0.278738,,,,,,,,,,,,
1912,751,2,,,,,0.05,,,,,True,189,579,8,5,0.2805,,,,,,,,,,,,,True,195,553,8,5,0.278249,,,,,,,,,,,,
1912,751,3,,,,,0.05,,,,,True,189,579,8,5,0.2805,,,,,,,,,,,,,True,198,543,8,5,0.280123,,,,,,,,,,,,
1912,751,4,,,,,0.05,,,,,True,189,579,8,5,0.2805,,,,,,,,,,,,,True,196,552,8,5,0.277207,,,,,,,,,,,,
1912,751,5,,,,,0.05,,,,,True,189,579,8,5,0.2805,,,,,,,,,,,,,True,198,546,8,5,0.272457,,,,,,,,,,,,
1912,751,6,,,,,0.05,,,,,True,189,579,8,5,0.2805,,,,,,,,,,,,,True,200,537,8,5,0.275625,,,,,,,,,,,,
1912,751,7,,,,,0.05,,,,,True,189,579,8,5,0.2805,,,,,,,,,,,,,True,196,545,8,5,0.278685,,,,,,,,,,,,
1912,751,8,,,,,0.05,,,,,True,189,579,8,5,0.2805,,,,,,,,,,,,,True,199,542,8,5,0.275248,,,,,,,,,,,,
1912,751,9,,,,,0.05,,,,,True,189,579,8,5,0.2805,,,,,,,,,,,,,True,199,541,8,5,0.276312,,,,,,,,,,,,
1912,751,10,,,,,0.05,,,,,True,189,579,8,5,0.2805,,,,,,,,,,,,,True,198,541,8,5,0.272081,,,,,,,,,,,,
1912,751,11,,,,,0.05,,,,,True,189,579,8,5,0.2805,,,,,,,,,,,,,True,197,544,8,5,0.27727,,,,,,,,,,,,
1912,751,12,,,,,0.05,,,,,True,189,579,8,5,0.2805,,,,,,,,,,,,,True,197,545,8,5,0.277206,,,,,,,,,,,,
1912,751,13,,,,,0.05,,,,,True,189,579,8,5,0.2805,,,,,,,,,,,,,True,194,546,8,5,0.278242,,,,,,,,,,,,
1912,751,14,,,,,0.05,,,,,True,189,579,8,5,0.2805,,,,,,,,,,,,,True,198,539,8,5,0.27514,,,,,,,,,,,,
1912,751,15,,,,,0.05,,,,,True,189,579,8,5,0.2805,,,,,,,,,,,,,True,199,539,8,5,0.276353,,,,,,,,,,,,
1912,751,16,,,,,0.05,,,,,True,189,579,8,5,0.2805,,,,,,,,,,,,,True,200,537,8,5,0.273993,,,,,,,,,,,,
1912,751,17,,,,,0.05,,,,,True,189,579,8,5,0.2805,,,,,,,,,,,,,True,201,544,8,5,0.275686,,,,,,,,,,,,
1912,751,18,,,,,0.05,,,,,True,189,579,8,5,0.2805,,,,,,,,,,,,,True,195,551,8,5,0.277696,,,,,,,,,,,,
1912,751,19,,,,,0.05,,,,,True,189,579,8,5,0.2805,,,,,,,,,,,,,True,196,544,8,5,0.276146,,,,,,,,,,,,
1912,751,20,,,,,0.05,,,,,True,189,579,8,5,0.2805,,,,,,,,,,,,,True,196,545,8,5,0.274318,,,,,,,,,,,,
1912,751,21,,,,,0.05,,,,,True,189,579,8,5,0.2805,,,,,,,,,,,,,True,198,548,8,5,0.275696,,,,,,,,,,,,
1912,751,22,,,,,0.05,,,,,True,189,579,8,5,0.2805,,,,,,,,,,,,,True,200,545,8,5,0.27731,,,,,,,,,,,,
1912,751,23,,,,,0.05,,,,,True,189,579,8,5,0.2805,,,,,,,,,,,,,True,197,542,8,5,0.276008,,,,,,,,,,,,
1912,751,24,,,,,0.05,,,,,True,189,579,8,5,0.2805,,,,,,,,,,,,,True,199,545,8,5,0.276086,,,,,,,,,,,,
1912,751,25,,,,,0.05,,,,,True,189,579,8,5,0.2805,,,,,,,,,,,,,True,203,535,8,5,0.281308,,,,,,,,,,,,
1912,751,26,,,,,0.05,,,,,True,189,579,8,5,0.2805,,,,,,,,,,,,,True,197,537,8,5,0.276856,,,,,,,,,,,,
1912,751,27,,,,,0.05,,,,,True,189,579,8,5,0.2805,,,,,,,,,,,,,True,198,538,8,5,0.273851,,,,,,,,,,,,
1912,751,28,,,,,0.05,,,,,True,189,579,8,5,0.2805,,,,,,,,,,,,,True,198,544,8,5,0.271672,,,,,,,,,,,,
1912,751,29,,,,,0.05,,,,,True,189,579,8,5,0.2805,,,,,,,,,,,,,True,197,545,8,5,0.279566,,,,,,,,,,,,
1912,751,30,,,,,0.05,,,,,True,189,579,8,5,0.2805,,,,,,,,,,,,,True,200,550,8,5,0.277831,,,,,,,,,,,,
1912,751,1,,,,,0.15,,,,,True,189,579,8,5,0.2805,,,,,,,,,,,,,True,225,478,8,5,0.278634,,,,,,,,,,,,
1912,751,2,,,,,0.15,,,,,True,189,579,8,5,0.2805,,,,,,,,,,,,,True,218,479,8,5,0.274966,,,,,,,,,,,,
1912,751,3,,,,,0.15,,,,,True,189,579,8,5,0.2805,,,,,,,,,,,,,True,229,469,8,5,0.282287,,,,,,,,,,,,
1912,751,4,,,,,0.15,,,,,True,189,579,8,5,0.2805,,,,,,,,,,,,,True,224,488,8,5,0.274216,,,,,,,,,,,,
1912,751,5,,,,,0.15,,,,,True,189,579,8,5,0.2805,,,,,,,,,,,,,True,230,470,8,5,0.273372,,,,,,,,,,,,
1912,751,6,,,,,0.15,,,,,True,189,579,8,5,0.2805,,,,,,,,,,,,,True,220,474,8,5,0.274829,,,,,,,,,,,,
1912,751,7,,,,,0.15,,,,,True,189,579,8,5,0.2805,,,,,,,,,,,,,True,223,476,8,5,0.2733,,,,,,,,,,,,
1912,751,8,,,,,0.15,,,,,True,189,579,8,5,0.2805,,,,,,,,,,,,,True,228,480,8,5,0.275784,,,,,,,,,,,,
1912,751,9,,,,,0.15,,,,,True,189,579,8,5,0.2805,,,,,,,,,,,,,True,223,469,8,5,0.279732,,,,,,,,,,,,
1912,751,10,,,,,0.15,,,,,True,189,579,8,5,0.2805,,,,,,,,,,,,,True,238,463,8,5,0.274757,,,,,,,,,,,,
1912,751,11,,,,,0.15,,,,,True,189,579,8,5,0.2805,,,,,,,,,,,,,True,225,484,8,5,0.278107,,,,,,,,,,,,
1912,751,12,,,,,0.15,,,,,True,189,579,8,5,0.2805,,,,,,,,,,,,,True,224,473,8,5,0.272711,,,,,,,,,,,,
1912,751,13,,,,,0.15,,,,,True,189,579,8,5,0.2805,,,,,,,,,,,,,True,222,479,8,5,0.274963,,,,,,,,,,,,
1912,751,14,,,,,0.15,,,,,True,189,579,8,5,0.2805,,,,,,,,,,,,,True,217,479,8,5,0.273615,,,,,,,,,,,,
1912,751,15,,,,,0.15,,,,,True,189,579,8,5,0.2805,,,,,,,,,,,,,True,227,474,8,5,0.274216,,,,,,,,,,,,
1912,751,16,,,,,0.15,,,,,True,189,579,8,5,0.2805,,,,,,,,,,,,,True,223,470,8,5,0.273136,,,,,,,,,,,,
1912,751,17,,,,,0.15,,,,,True,189,579,8,5,0.2805,,,,,,,,,,,,,True,224,476,8,5,0.27415,,,,,,,,,,,,
1912,751,18,,,,,0.15,,,,,True,189,579,8,5,0.2805,,,,,,,,,,,,,True,225,474,8,5,0.274975,,,,,,,,,,,,
1912,751,19,,,,,0.15,,,,,True,189,579,8,5,0.2805,,,,,,,,,,,,,True,227,468,8,5,0.274392,,,,,,,,,,,,
1912,751,20,,,,,0.15,,,,,True,189,579,8,5,0.2805,,,,,,,,,,,,,True,230,469,8,5,0.27116,,,,,,,,,,,,
1912,751,21,,,,,0.15,,,,,True,189,579,8,5,0.2805,,,,,,,,,,,,,True,218,482,8,5,0.270316,,,,,,,,,,,,
1912,751,22,,,,,0.15,,,,,True,189,579,8,5,0.2805,,,,,,,,,,,,,True,220,473,8,5,0.274033,,,,,,,,,,,,
1912,751,23,,,,,0.15,,,,,True,189,579,8,5,0.2805,,,,,,,,,,,,,True,225,468,8,5,0.275934,,,,,,,,,,,,
1912,751,24,,,,,0.15,,,,,True,189,579,8,5,0.2805,,,,,,,,,,,,,True,226,479,8,5,0.275098,,,,,,,,,,,,
1912,751,25,,,,,0.15,,,,,True,189,579,8,5,0.2805,,,,,,,,,,,,,True,230,473,8,5,0.272241,,,,,,,,,,,,
1912,751,26,,,,,0.15,,,,,True,189,579,8,5,0.2805,,,,,,,,,,,,,True,226,475,8,5,0.276505,,,,,,,,,,,,
1912,751,27,,,,,0.15,,,,,True,189,579,8,5,0.2805,,,,,,,,,,,,,True,228,482,8,5,0.275683,,,,,,,,,,,,
1912,751,28,,,,,0.15,,,,,True,189,579,8,5,0.2805,,,,,,,,,,,,,True,220,479,8,5,0.275497,,,,,,,,,,,,
1912,751,29,,,,,0.15,,,,,True,189,579,8,5,0.2805,,,,,,,,,,,,,True,231,476,8,5,0.275669,,,,,,,,,,,,
1912,751,30,,,,,0.15,,,,,True,189,579,8,5,0.2805,,,,,,,,,,,,,True,222,465,8,5,0.273001,,,,,,,,,,,,
1912,751,1,,,,,0.25,,,,,True,189,579,8,5,0.2805,,,,,,,,,,,,,True,257,374,8,5,0.271839,,,,,,,,,,,,
1912,751,2,,,,,0.25,,,,,True,189,579,8,5,0.2805,,,,,,,,,,,,,True,247,415,8,5,0.270999,,,,,,,,,,,,
1912,751,3,,,,,0.25,,,,,True,189,579,8,5,0.2805,,,,,,,,,,,,,True,252,411,8,5,0.270499,,,,,,,,,,,,
1912,751,4,,,,,0.25,,,,,True,189,579,8,5,0.2805,,,,,,,,,,,,,True,254,380,8,5,0.274652,,,,,,,,,,,,
1912,751,5,,,,,0.25,,,,,True,189,579,8,5,0.2805,,,,,,,,,,,,,True,259,406,8,5,0.272896,,,,,,,,,,,,
1912,751,6,,,,,0.25,,,,,True,189,579,8,5,0.2805,,,,,,,,,,,,,True,255,405,8,5,0.271887,,,,,,,,,,,,
1912,751,7,,,,,0.25,,,,,True,189,579,8,5,0.2805,,,,,,,,,,,,,True,254,409,8,5,0.27466,,,,,,,,,,,,
1912,751,8,,,,,0.25,,,,,True,189,579,8,5,0.2805,,,,,,,,,,,,,True,259,418,8,5,0.296904,,,,,,,,,,,,
1912,751,9,,,,,0.25,,,,,True,189,579,8,5,0.2805,,,,,,,,,,,,,True,245,411,8,5,0.271296,,,,,,,,,,,,
1912,751,10,,,,,0.25,,,,,True,189,579,8,5,0.2805,,,,,,,,,,,,,True,262,413,8,5,0.273626,,,,,,,,,,,,
1912,751,11,,,,,0.25,,,,,True,189,579,8,5,0.2805,,,,,,,,,,,,,True,253,381,8,5,0.270789,,,,,,,,,,,,
1912,751,12,,,,,0.25,,,,,True,189,579,8,5,0.2805,,,,,,,,,,,,,True,258,410,8,5,0.269097,,,,,,,,,,,,
1912,751,13,,,,,0.25,,,,,True,189,579,8,5,0.2805,,,,,,,,,,,,,True,257,378,8,5,0.269991,,,,,,,,,,,,
1912,751,14,,,,,0.25,,,,,True,189,579,8,5,0.2805,,,,,,,,,,,,,True,249,397,8,5,0.27035,,,,,,,,,,,,
1912,751,15,,,,,0.25,,,,,True,189,579,8,5,0.2805,,,,,,,,,,,,,True,258,387,8,5,0.275523,,,,,,,,,,,,
1912,751,16,,,,,0.25,,,,,True,189,579,8,5,0.2805,,,,,,,,,,,,,True,264,382,8,5,0.271046,,,,,,,,,,,,
1912,751,17,,,,,0.25,,,,,True,189,579,8,5,0.2805,,,,,,,,,,,,,True,258,382,8,5,0.272545,,,,,,,,,,,,
1912,751,18,,,,,0.25,,,,,True,189,579,8,5,0.2805,,,,,,,,,,,,,True,256,377,8,5,0.270036,,,,,,,,,,,,
1912,751,19,,,,,0.25,,,,,True,189,579,8,5,0.2805,,,,,,,,,,,,,True,257,402,8,5,0.274782,,,,,,,,,,,,
1912,751,20,,,,,0.25,,,,,True,189,579,8,5,0.2805,,,,,,,,,,,,,True,261,418,8,5,0.272796,,,,,,,,,,,,
1912,751,21,,,,,0.25,,,,,True,189,579,8,5,0.2805,,,,,,,,,,,,,True,253,414,8,5,0.272469,,,,,,,,,,,,
1912,751,22,,,,,0.25,,,,,True,189,579,8,5,0.2805,,,,,,,,,,,,,True,257,401,8,5,0.269537,,,,,,,,,,,,
1912,751,23,,,,,0.25,,,,,True,189,579,8,5,0.2805,,,,,,,,,,,,,True,263,374,8,5,0.271486,,,,,,,,,,,,
1912,751,24,,,,,0.25,,,,,True,189,579,8,5,0.2805,,,,,,,,,,,,,True,254,412,8,5,0.27074,,,,,,,,,,,,
1912,751,25,,,,,0.25,,,,,True,189,579,8,5,0.2805,,,,,,,,,,,,,True,259,379,8,5,0.269251,,,,,,,,,,,,
1912,751,26,,,,,0.25,,,,,True,189,579,8,5,0.2805,,,,,,,,,,,,,True,262,392,8,5,0.276735,,,,,,,,,,,,
1912,751,27,,,,,0.25,,,,,True,189,579,8,5,0.2805,,,,,,,,,,,,,True,258,373,8,5,0.271744,,,,,,,,,,,,
1912,751,28,,,,,0.25,,,,,True,189,579,8,5,0.2805,,,,,,,,,,,,,True,262,414,8,5,0.27136,,,,,,,,,,,,
1912,751,29,,,,,0.25,,,,,True,189,579,8,5,0.2805,,,,,,,,,,,,,True,254,408,8,5,0.269325,,,,,,,,,,,,
1912,751,30,,,,,0.25,,,,,True,189,579,8,5,0.2805,,,,,,,,,,,,,True,250,392,8,5,0.271444,,,,,,,,,,,,
1912,751,1,,,,,0.4,,,,,True,189,579,8,5,0.2805,,,,,,,,,,,,,True,324,261,8,5,0.266052,,,,,,,,,,,,
1912,751,2,,,,,0.4,,,,,True,189,579,8,5,0.2805,,,,,,,,,,,,,True,322,239,8,5,0.263609,,,,,,,,,,,,
1912,751,3,,,,,0.4,,,,,True,189,579,8,5,0.2805,,,,,,,,,,,,,True,329,279,8,5,0.268534,,,,,,,,,,,,
1912,751,4,,,,,0.4,,,,,True,189,579,8,5,0.2805,,,,,,,,,,,,,True,331,272,8,5,0.267488,,,,,,,,,,,,
1912,751,5,,,,,0.4,,,,,True,189,579,8,5,0.2805,,,,,,,,,,,,,True,340,236,8,5,0.269079,,,,,,,,,,,,
1912,751,6,,,,,0.4,,,,,True,189,579,8,5,0.2805,,,,,,,,,,,,,True,337,263,8,5,0.267526,,,,,,,,,,,,
1912,751,7,,,,,0.4,,,,,True,189,579,8,5,0.2805,,,,,,,,,,,,,True,331,263,8,5,0.268446,,,,,,,,,,,,
1912,751,8,,,,,0.4,,,,,True,189,579,8,5,0.2805,,,,,,,,,,,,,True,306,246,8,5,0.267648,,,,,,,,,,,,
1912,751,9,,,,,0.4,,,,,True,189,579,8,5,0.2805,,,,,,,,,,,,,True,319,246,8,5,0.267473,,,,,,,,,,,,
1912,751,10,,,,,0.4,,,,,True,189,579,8,5,0.2805,,,,,,,,,,,,,True,314,261,8,5,0.265085,,,,,,,,,,,,
1912,751,11,,,,,0.4,,,,,True,189,579,8,5,0.2805,,,,,,,,,,,,,True,331,248,8,5,0.26618,,,,,,,,,,,,
1912,751,12,,,,,0.4,,,,,True,189,579,8,5,0.2805,,,,,,,,,,,,,True,319,260,8,5,0.270127,,,,,,,,,,,,
1912,751,13,,,,,0.4,,,,,True,189,579,8,5,0.2805,,,,,,,,,,,,,True,320,251,8,5,0.268699,,,,,,,,,,,,
1912,751,14,,,,,0.4,,,,,True,189,579,8,5,0.2805,,,,,,,,,,,,,True,316,260,8,5,0.270027,,,,,,,,,,,,
1912,751,15,,,,,0.4,,,,,True,189,579,8,5,0.2805,,,,,,,,,,,,,True,335,242,8,5,0.267216,,,,,,,,,,,,
1912,751,16,,,,,0.4,,,,,True,189,579,8,5,0.2805,,,,,,,,,,,,,True,342,258,8,5,0.26829,,,,,,,,,,,,
1912,751,17,,,,,0.4,,,,,True,189,579,8,5,0.2805,,,,,,,,,,,,,True,309,254,8,5,0.26969,,,,,,,,,,,,
1912,751,18,,,,,0.4,,,,,True,189,579,8,5,0.2805,,,,,,,,,,,,,True,328,275,8,5,0.264802,,,,,,,,,,,,
1912,751,19,,,,,0.4,,,,,True,189,579,8,5,0.2805,,,,,,,,,,,,,True,326,254,8,5,0.269535,,,,,,,,,,,,
1912,751,20,,,,,0.4,,,,,True,189,579,8,5,0.2805,,,,,,,,,,,,,True,317,304,8,5,0.273108,,,,,,,,,,,,
1912,751,21,,,,,0.4,,,,,True,189,579,8,5,0.2805,,,,,,,,,,,,,True,313,280,8,5,0.269109,,,,,,,,,,,,
1912,751,22,,,,,0.4,,,,,True,189,579,8,5,0.2805,,,,,,,,,,,,,True,346,281,8,5,0.266952,,,,,,,,,,,,
1912,751,23,,,,,0.4,,,,,True,189,579,8,5,0.2805,,,,,,,,,,,,,True,322,240,8,5,0.268523,,,,,,,,,,,,
1912,751,24,,,,,0.4,,,,,True,189,579,8,5,0.2805,,,,,,,,,,,,,True,328,256,8,5,0.266928,,,,,,,,,,,,
1912,751,25,,,,,0.4,,,,,True,189,579,8,5,0.2805,,,,,,,,,,,,,True,326,242,8,5,0.270495,,,,,,,,,,,,
1912,751,26,,,,,0.4,,,,,True,189,579,8,5,0.2805,,,,,,,,,,,,,True,311,275,8,5,0.269805,,,,,,,,,,,,
1912,751,27,,,,,0.4,,,,,True,189,579,8,5,0.2805,,,,,,,,,,,,,True,322,256,8,5,0.268468,,,,,,,,,,,,
1912,751,28,,,,,0.4,,,,,True,189,579,8,5,0.2805,,,,,,,,,,,,,True,317,262,8,5,0.265597,,,,,,,,,,,,
1912,751,29,,,,,0.4,,,,,True,189,579,8,5,0.2805,,,,,,,,,,,,,True,328,248,8,5,0.270696,,,,,,,,,,,,
1912,751,30,,,,,0.4,,,,,True,189,579,8,5,0.2805,,,,,,,,,,,,,True,317,281,8,5,0.268871,,,,,,,,,,,,
3437,534,1,,,,,0.05,,,,,True,394,83,8,5,0.088688,,,,,,,,,,,,,True,409,74,8,5,0.089913,,,,,,,,,,,,
3437,534,2,,,,,0.05,,,,,True,394,83,8,5,0.088688,,,,,,,,,,,,,True,411,77,8,5,0.089988,,,,,,,,,,,,
3437,534,3,,,,,0.05,,,,,True,394,83,8,5,0.088688,,,,,,,,,,,,,True,407,74,8,5,0.092305,,,,,,,,,,,,
3437,534,4,,,,,0.05,,,,,True,394,83,8,5,0.088688,,,,,,,,,,,,,True,410,70,8,5,0.089889,,,,,,,,,,,,
3437,534,5,,,,,0.05,,,,,True,394,83,8,5,0.088688,,,,,,,,,,,,,True,410,70,8,5,0.088888,,,,,,,,,,,,
3437,534,6,,,,,0.05,,,,,True,394,83,8,5,0.088688,,,,,,,,,,,,,True,405,79,8,5,0.090672,,,,,,,,,,,,
3437,534,7,,,,,0.05,,,,,True,394,83,8,5,0.088688,,,,,,,,,,,,,True,408,80,8,5,0.091505,,,,,,,,,,,,
3437,534,8,,,,,0.05,,,,,True,394,83,8,5,0.088688,,,,,,,,,,,,,True,406,75,8,5,0.090708,,,,,,,,,,,,
3437,534,9,,,,,0.05,,,,,True,394,83,8,5,0.088688,,,,,,,,,,,,,True,402,81,8,5,0.087307,,,,,,,,,,,,
3437,534,10,,,,,0.05,,,,,True,394,83,8,5,0.088688,,,,,,,,,,,,,True,408,75,8,5,0.089514,,,,,,,,,,,,
3437,534,11,,,,,0.05,,,,,True,394,83,8,5,0.088688,,,,,,,,,,,,,True,407,80,8,5,0.090933,,,,,,,,,,,,
3437,534,12,,,,,0.05,,,,,True,394,83,8,5,0.088688,,,,,,,,,,,,,True,405,74,8,5,0.089122,,,,,,,,,,,,
3437,534,13,,,,,0.05,,,,,True,394,83,8,5,0.088688,,,,,,,,,,,,,True,407,76,8,5,0.090309,,,,,,,,,,,,
3437,534,14,,,,,0.05,,,,,True,394,83,8,5,0.088688,,,,,,,,,,,,,True,410,70,8,5,0.090332,,,,,,,,,,,,
3437,534,15,,,,,0.05,,,,,True,394,83,8,5,0.088688,,,,,,,,,,,,,True,405,79,8,5,0.09001,,,,,,,,,,,,
3437,534,16,,,,,0.05,,,,,True,394,83,8,5,0.088688,,,,,,,,,,,,,True,403,75,8,5,0.090307,,,,,,,,,,,,
3437,534,17,,,,,0.05,,,,,True,394,83,8,5,0.088688,,,,,,,,,,,,,True,404,79,8,5,0.088711,,,,,,,,,,,,
3437,534,18,,,,,0.05,,,,,True,394,83,8,5,0.088688,,,,,,,,,,,,,True,406,75,8,5,0.090145,,,,,,,,,,,,
3437,534,19,,,,,0.05,,,,,True,394,83,8,5,0.088688,,,,,,,,,,,,,True,412,74,8,5,0.089217,,,,,,,,,,,,
3437,534,20,,,,,0.05,,,,,True,394,83,8,5,0.088688,,,,,,,,,,,,,True,407,77,8,5,0.08961,,,,,,,,,,,,
3437,534,21,,,,,0.05,,,,,True,394,83,8,5,0.088688,,,,,,,,,,,,,True,402,78,8,5,0.089785,,,,,,,,,,,,
3437,534,22,,,,,0.05,,,,,True,394,83,8,5,0.088688,,,,,,,,,,,,,True,405,78,8,5,0.088823,,,,,,,,,,,,
3437,534,23,,,,,0.05,,,,,True,394,83,8,5,0.088688,,,,,,,,,,,,,True,409,72,8,5,0.089062,,,,,,,,,,,,
3437,534,24,,,,,0.05,,,,,True,394,83,8,5,0.088688,,,,,,,,,,,,,True,407,79,8,5,0.090879,,,,,,,,,,,,
3437,534,25,,,,,0.05,,,,,True,394,83,8,5,0.088688,,,,,,,,,,,,,True,404,76,8,5,0.090072,,,,,,,,,,,,
3437,534,26,,,,,0.05,,,,,True,394,83,8,5,0.088688,,,,,,,,,,,,,True,410,77,8,5,0.090282,,,,,,,,,,,,
3437,534,27,,,,,0.05,,,,,True,394,83,8,5,0.088688,,,,,,,,,,,,,True,405,75,8,5,0.090342,,,,,,,,,,,,
3437,534,28,,,,,0.05,,,,,True,394,83,8,5,0.088688,,,,,,,,,,,,,True,408,76,8,5,0.090281,,,,,,,,,,,,
3437,534,29,,,,,0.05,,,,,True,394,83,8,5,0.088688,,,,,,,,,,,,,True,408,76,8,5,0.086676,,,,,,,,,,,,
3437,534,30,,,,,0.05,,,,,True,394,83,8,5,0.088688,,,,,,,,,,,,,True,406,78,8,5,0.086459,,,,,,,,,,,,
3437,534,1,,,,,0.15,,,,,True,394,83,8,5,0.088688,,,,,,,,,,,,,True,444,63,8,5,0.086166,,,,,,,,,,,,
3437,534,2,,,,,0.15,,,,,True,394,83,8,5,0.088688,,,,,,,,,,,,,True,452,63,8,5,0.088372,,,,,,,,,,,,
3437,534,3,,,,,0.15,,,,,True,394,83,8,5,0.088688,,,,,,,,,,,,,True,446,65,8,5,0.09035,,,,,,,,,,,,
3437,534,4,,,,,0.15,,,,,True,394,83,8,5,0.088688,,,,,,,,,,,,,True,440,58,8,5,0.08882,,,,,,,,,,,,
3437,534,5,,,,,0.15,,,,,True,394,83,8,5,0.088688,,,,,,,,,,,,,True,449,60,8,5,0.090215,,,,,,,,,,,,
3437,534,6,,,,,0.15,,,,,True,394,83,8,5,0.088688,,,,,,,,,,,,,True,448,63,8,5,0.087637,,,,,,,,,,,,
3437,534,7,,,,,0.15,,,,,True,394,83,8,5,0.088688,,,,,,,,,,,,,True,443,62,8,5,0.089383,,,,,,,,,,,,
3437,534,8,,,,,0.15,,,,,True,394,83,8,5,0.088688,,,,,,,,,,,,,True,438,59,8,5,0.089168,,,,,,,,,,,,
3437,534,9,,,,,0.15,,,,,True,394,83,8,5,0.088688,,,,,,,,,,,,,True,445,69,8,5,0.089395,,,,,,,,,,,,
3437,534,10,,,,,0.15,,,,,True,394,83,8,5,0.088688,,,,,,,,,,,,,True,441,63,8,5,0.089347,,,,,,,,,,,,
3437,534,11,,,,,0.15,,,,,True,394,83,8,5,0.088688,,,,,,,,,,,,,True,441,66,8,5,0.089374,,,,,,,,,,,,
3437,534,12,,,,,0.15,,,,,True,394,83,8,5,0.088688,,,,,,,,,,,,,True,441,59,8,5,0.088332,,,,,,,,,,,,
3437,534,13,,,,,0.15,,,,,True,394,83,8,5,0.088688,,,,,,,,,,,,,True,435,61,8,5,0.090536,,,,,,,,,,,,
3437,534,14,,,,,0.15,,,,,True,394,83,8,5,0.088688,,,,,,,,,,,,,True,443,61,8,5,0.08939,,,,,,,,,,,,
3437,534,15,,,,,0.15,,,,,True,394,83,8,5,0.088688,,,,,,,,,,,,,True,443,60,8,5,0.088483,,,,,,,,,,,,
3437,534,16,,,,,0.15,,,,,True,394,83,8,5,0.088688,,,,,,,,,,,,,True,433,61,8,5,0.089426,,,,,,,,,,,,
3437,534,17,,,,,0.15,,,,,True,394,83,8,5,0.088688,,,,,,,,,,,,,True,444,62,8,5,0.088482,,,,,,,,,,,,
3437,534,18,,,,,0.15,,,,,True,394,83,8,5,0.088688,,,,,,,,,,,,,True,440,67,8,5,0.088277,,,,,,,,,,,,
3437,534,19,,,,,0.15,,,,,True,394,83,8,5,0.088688,,,,,,,,,,,,,True,442,60,8,5,0.089645,,,,,,,,,,,,
3437,534,20,,,,,0.15,,,,,True,394,83,8,5,0.088688,,,,,,,,,,,,,True,443,58,8,5,0.088989,,,,,,,,,,,,
3437,534,21,,,,,0.15,,,,,True,394,83,8,5,0.088688,,,,,,,,,,,,,True,441,61,8,5,0.089731,,,,,,,,,,,,
3437,534,22,,,,,0.15,,,,,True,394,83,8,5,0.088688,,,,,,,,,,,,,True,442,65,8,5,0.08884,,,,,,,,,,,,
3437,534,23,,,,,0.15,,,,,True,394,83,8,5,0.088688,,,,,,,,,,,,,True,448,59,8,5,0.089061,,,,,,,,,,,,
3437,534,24,,,,,0.15,,,,,True,394,83,8,5,0.088688,,,,,,,,,,,,,True,446,61,8,5,0.088965,,,,,,,,,,,,
3437,534,25,,,,,0.15,,,,,True,394,83,8,5,0.088688,,,,,,,,,,,,,True,444,67,8,5,0.087855,,,,,,,,,,,,
3437,534,26,,,,,0.15,,,,,True,394,83,8,5,0.088688,,,,,,,,,,,,,True,437,62,8,5,0.090315,,,,,,,,,,,,
3437,534,27,,,,,0.15,,,,,True,394,83,8,5,0.088688,,,,,,,,,,,,,True,449,66,8,5,0.088116,,,,,,,,,,,,
3437,534,28,,,,,0.15,,,,,True,394,83,8,5,0.088688,,,,,,,,,,,,,True,442,62,8,5,0.092845,,,,,,,,,,,,
3437,534,29,,,,,0.15,,,,,True,394,83,8,5,0.088688,,,,,,,,,,,,,True,448,62,8,5,0.087605,,,,,,,,,,,,
3437,534,30,,,,,0.15,,,,,True,394,83,8,5,0.088688,,,,,,,,,,,,,True,441,64,8,5,0.088106,,,,,,,,,,,,
3437,534,1,,,,,0.25,,,,,True,394,83,8,5,0.088688,,,,,,,,,,,,,True,479,58,8,5,0.089328,,,,,,,,,,,,
3437,534,2,,,,,0.25,,,,,True,394,83,8,5,0.088688,,,,,,,,,,,,,True,477,59,8,5,0.088458,,,,,,,,,,,,
3437,534,3,,,,,0.25,,,,,True,394,83,8,5,0.088688,,,,,,,,,,,,,True,475,56,8,5,0.088929,,,,,,,,,,,,
3437,534,4,,,,,0.25,,,,,True,394,83,8,5,0.088688,,,,,,,,,,,,,True,470,49,8,5,0.088027,,,,,,,,,,,,
3437,534,5,,,,,0.25,,,,,True,394,83,8,5,0.088688,,,,,,,,,,,,,True,478,57,8,5,0.088942,,,,,,,,,,,,
3437,534,6,,,,,0.25,,,,,True,394,83,8,5,0.088688,,,,,,,,,,,,,True,480,61,8,5,0.088711,,,,,,,,,,,,
3437,534,7,,,,,0.25,,,,,True,394,83,8,5,0.088688,,,,,,,,,,,,,True,480,58,8,5,0.088456,,,,,,,,,,,,
3437,534,8,,,,,0.25,,,,,True,394,83,8,5,0.088688,,,,,,,,,,,,,True,478,57,8,5,0.089069,,,,,,,,,,,,
3437,534,9,,,,,0.25,,,,,True,394,83,8,5,0.088688,,,,,,,,,,,,,True,474,58,8,5,0.089697,,,,,,,,,,,,
3437,534,10,,,,,0.25,,,,,True,394,83,8,5,0.088688,,,,,,,,,,,,,True,477,60,8,5,0.08898,,,,,,,,,,,,
3437,534,11,,,,,0.25,,,,,True,394,83,8,5,0.088688,,,,,,,,,,,,,True,472,53,8,5,0.088276,,,,,,,,,,,,
3437,534,12,,,,,0.25,,,,,True,394,83,8,5,0.088688,,,,,,,,,,,,,True,472,53,8,5,0.089208,,,,,,,,,,,,
3437,534,13,,,,,0.25,,,,,True,394,83,8,5,0.088688,,,,,,,,,,,,,True,485,60,8,5,0.089218,,,,,,,,,,,,
3437,534,14,,,,,0.25,,,,,True,394,83,8,5,0.088688,,,,,,,,,,,,,True,471,57,8,5,0.087458,,,,,,,,,,,,
3437,534,15,,,,,0.25,,,,,True,394,83,8,5,0.088688,,,,,,,,,,,,,True,478,57,8,5,0.08898,,,,,,,,,,,,
3437,534,16,,,,,0.25,,,,,True,394,83,8,5,0.088688,,,,,,,,,,,,,True,478,62,8,5,0.088709,,,,,,,,,,,,
3437,534,17,,,,,0.25,,,,,True,394,83,8,5,0.088688,,,,,,,,,,,,,True,478,61,8,5,0.089377,,,,,,,,,,,,
3437,534,18,,,,,0.25,,,,,True,394,83,8,5,0.088688,,,,,,,,,,,,,True,470,55,8,5,0.089045,,,,,,,,,,,,
3437,534,19,,,,,0.25,,,,,True,394,83,8,5,0.088688,,,,,,,,,,,,,True,468,51,8,5,0.090066,,,,,,,,,,,,
3437,534,20,,,,,0.25,,,,,True,394,83,8,5,0.088688,,,,,,,,,,,,,True,476,55,8,5,0.0903,,,,,,,,,,,,
3437,534,21,,,,,0.25,,,,,True,394,83,8,5,0.088688,,,,,,,,,,,,,True,475,56,8,5,0.088638,,,,,,,,,,,,
3437,534,22,,,,,0.25,,,,,True,394,83,8,5,0.088688,,,,,,,,,,,,,True,474,61,8,5,0.089351,,,,,,,,,,,,
3437,534,23,,,,,0.25,,,,,True,394,83,8,5,0.088688,,,,,,,,,,,,,True,477,57,8,5,0.087629,,,,,,,,,,,,
3437,534,24,,,,,0.25,,,,,True,394,83,8,5,0.088688,,,,,,,,,,,,,True,484,56,8,5,0.090006,,,,,,,,,,,,
3437,534,25,,,,,0.25,,,,,True,394,83,8,5,0.088688,,,,,,,,,,,,,True,471,64,8,5,0.089173,,,,,,,,,,,,
3437,534,26,,,,,0.25,,,,,True,394,83,8,5,0.088688,,,,,,,,,,,,,True,468,57,8,5,0.089541,,,,,,,,,,,,
3437,534,27,,,,,0.25,,,,,True,394,83,8,5,0.088688,,,,,,,,,,,,,True,473,58,8,5,0.089013,,,,,,,,,,,,
3437,534,28,,,,,0.25,,,,,True,394,83,8,5,0.088688,,,,,,,,,,,,,True,486,60,8,5,0.088892,,,,,,,,,,,,
3437,534,29,,,,,0.25,,,,,True,394,83,8,5,0.088688,,,,,,,,,,,,,True,476,62,8,5,0.089215,,,,,,,,,,,,
3437,534,30,,,,,0.25,,,,,True,394,83,8,5,0.088688,,,,,,,,,,,,,True,480,59,8,5,0.088249,,,,,,,,,,,,
3437,534,1,,,,,0.4,,,,,True,394,83,8,5,0.088688,,,,,,,,,,,,,True,517,66,8,5,0.088561,,,,,,,,,,,,
3437,534,2,,,,,0.4,,,,,True,394,83,8,5,0.088688,,,,,,,,,,,,,True,520,58,8,5,0.08928,,,,,,,,,,,,
3437,534,3,,,,,0.4,,,,,True,394,83,8,5,0.088688,,,,,,,,,,,,,True,515,59,8,5,0.089479,,,,,,,,,,,,
3437,534,4,,,,,0.4,,,,,True,394,83,8,5,0.088688,,,,,,,,,,,,,True,512,49,8,5,0.088992,,,,,,,,,,,,
3437,534,5,,,,,0.4,,,,,True,394,83,8,5,0.088688,,,,,,,,,,,,,True,516,62,8,5,0.088066,,,,,,,,,,,,
3437,534,6,,,,,0.4,,,,,True,394,83,8,5,0.088688,,,,,,,,,,,,,True,523,57,8,5,0.08948,,,,,,,,,,,,
3437,534,7,,,,,0.4,,,,,True,394,83,8,5,0.088688,,,,,,,,,,,,,True,518,52,8,5,0.087871,,,,,,,,,,,,
3437,534,8,,,,,0.4,,,,,True,394,83,8,5,0.088688,,,,,,,,,,,,,True,515,61,8,5,0.087516,,,,,,,,,,,,
3437,534,9,,,,,0.4,,,,,True,394,83,8,5,0.088688,,,,,,,,,,,,,True,516,61,8,5,0.090641,,,,,,,,,,,,
3437,534,10,,,,,0.4,,,,,True,394,83,8,5,0.088688,,,,,,,,,,,,,True,521,60,8,5,0.089519,,,,,,,,,,,,
3437,534,11,,,,,0.4,,,,,True,394,83,8,5,0.088688,,,,,,,,,,,,,True,508,45,8,5,0.089631,,,,,,,,,,,,
3437,534,12,,,,,0.4,,,,,True,394,83,8,5,0.088688,,,,,,,,,,,,,True,519,59,8,5,0.087511,,,,,,,,,,,,
3437,534,13,,,,,0.4,,,,,True,394,83,8,5,0.088688,,,,,,,,,,,,,True,514,61,8,5,0.089637,,,,,,,,,,,,
3437,534,14,,,,,0.4,,,,,True,394,83,8,5,0.088688,,,,,,,,,,,,,True,512,57,8,5,0.088972,,,,,,,,,,,,
3437,534,15,,,,,0.4,,,,,True,394,83,8,5,0.088688,,,,,,,,,,,,,True,524,53,8,5,0.087803,,,,,,,,,,,,
3437,534,16,,,,,0.4,,,,,True,394,83,8,5,0.088688,,,,,,,,,,,,,True,521,58,8,5,0.088859,,,,,,,,,,,,
3437,534,17,,,,,0.4,,,,,True,394,83,8,5,0.088688,,,,,,,,,,,,,True,522,56,8,5,0.08832,,,,,,,,,,,,
3437,534,18,,,,,0.4,,,,,True,394,83,8,5,0.088688,,,,,,,,,,,,,True,515,56,8,5,0.088385,,,,,,,,,,,,
3437,534,19,,,,,0.4,,,,,True,394,83,8,5,0.088688,,,,,,,,,,,,,True,516,53,8,5,0.088381,,,,,,,,,,,,
3437,534,20,,,,,0.4,,,,,True,394,83,8,5,0.088688,,,,,,,,,,,,,True,515,57,8,5,0.089067,,,,,,,,,,,,
3437,534,21,,,,,0.4,,,,,True,394,83,8,5,0.088688,,,,,,,,,,,,,True,514,52,8,5,0.086534,,,,,,,,,,,,
3437,534,22,,,,,0.4,,,,,True,394,83,8,5,0.088688,,,,,,,,,,,,,True,518,72,8,5,0.089385,,,,,,,,,,,,
3437,534,23,,,,,0.4,,,,,True,394,83,8,5,0.088688,,,,,,,,,,,,,True,514,65,8,5,0.089134,,,,,,,,,,,,
3437,534,24,,,,,0.4,,,,,True,394,83,8,5,0.088688,,,,,,,,,,,,,True,513,57,8,5,0.090292,,,,,,,,,,,,
3437,534,25,,,,,0.4,,,,,True,394,83,8,5,0.088688,,,,,,,,,,,,,True,516,58,8,5,0.088454,,,,,,,,,,,,
3437,534,26,,,,,0.4,,,,,True,394,83,8,5,0.088688,,,,,,,,,,,,,True,510,61,8,5,0.089661,,,,,,,,,,,,
3437,534,27,,,,,0.4,,,,,True,394,83,8,5,0.088688,,,,,,,,,,,,,True,513,59,8,5,0.087358,,,,,,,,,,,,
3437,534,28,,,,,0.4,,,,,True,394,83,8,5,0.088688,,,,,,,,,,,,,True,523,61,8,5,0.088704,,,,,,,,,,,,
3437,534,29,,,,,0.4,,,,,True,394,83,8,5,0.088688,,,,,,,,,,,,,True,516,59,8,5,0.088576,,,,,,,,,,,,
3437,534,30,,,,,0.4,,,,,True,394,83,8,5,0.088688,,,,,,,,,,,,,True,518,58,8,5,0.089608,,,,,,,,,,,,
3980,58,1,88,117.22,75.0,68.5,0.05,85,112.29,74.0,66.0,True,58,18,8,5,0.000173,True,7.342016808328906,13.0,2,28,0.4,0.4,2,inf,1.398605,0.000463,1.42522,True,58,18,8,5,0.000143,True,7.110462087169016,13.0,2,40,0.4,0.4,2,inf,1.680262,0.000441,1.705888
3980,58,2,88,117.22,75.0,68.5,0.05,85,112.29,74.0,66.0,True,58,18,8,5,0.000173,True,7.342016808328906,13.0,2,28,0.4,0.4,2,inf,1.398605,0.000463,1.42522,True,58,17,8,5,0.000163,True,6.961907477161838,12.0,49,50,0.4,0.4,2,inf,1.460164,0.000464,1.485299
3980,58,3,88,117.22,75.0,68.5,0.05,85,112.29,74.0,66.0,True,58,18,8,5,0.000173,True,7.342016808328906,13.0,2,28,0.4,0.4,2,inf,1.398605,0.000463,1.42522,True,58,17,8,5,0.000167,True,6.83740515093669,13.0,42,42,0.4,0.4,2,inf,1.695501,0.00044,1.720468
3980,58,4,88,117.22,75.0,68.5,0.05,85,112.29,74.0,66.0,True,58,18,8,5,0.000173,True,7.342016808328906,13.0,2,28,0.4,0.4,2,inf,1.398605,0.000463,1.42522,True,58,18,8,5,0.000141,True,7.201622760202462,12.0,2,41,0.4,0.4,2,inf,1.583652,0.000444,1.609601
3980,58,5,88,117.22,75.0,68.5,0.05,85,112.29,74.0,66.0,True,58,18,8,5,0.000173,True,7.342016808328906,13.0,2,28,0.4,0.4,2,inf,1.398605,0.000463,1.42522,True,58,17,8,5,0.000152,True,6.444065624935779,10.0,8,42,0.4,0.4,2,inf,1.713281,0.000448,1.737974
3980,58,6,88,117.22,75.0,68.5,0.05,85,112.29,74.0,66.0,True,58,18,8,5,0.000173,True,7.342016808328906,13.0,2,28,0.4,0.4,2,inf,1.398605,0.000463,1.42522,True,58,17,8,5,0.000167,True,6.895255013102777,13.0,39,42,0.4,0.4,2,inf,1.631096,0.000446,1.655976
3980,58,7,88,117.22,75.0,68.5,0.05,85,112.29,74.0,66.0,True,58,18,8,5,0.000173,True,7.342016808328906,13.0,2,28,0.4,0.4,2,inf,1.398605,0.000463,1.42522,True,58,18,8,5,0.00016,True,7.271321556896013,13.0,40,43,0.4,0.4,2,inf,1.999016,0.000614,2.039857
3980,58,8,88,117.22,75.0,68.5,0.05,85,112.29,74.0,66.0,True,58,18,8,5,0.000173,True,7.342016808328906,13.0,2,28,0.4,0.4,2,inf,1.398605,0.000463,1.42522,True,58,17,8,5,0.000255,True,6.502845516861747,14.0,17,42,0.4,0.4,2,inf,2.077706,0.000782,2.132547
3980,58,9,88,117.22,75.0,68.5,0.05,85,112.29,74.0,66.0,True,58,18,8,5,0.000173,True,7.342016808328906,13.0,2,28,0.4,0.4,2,inf,1.398605,0.000463,1.42522,True,58,18,8,5,0.000161,True,7.277825267933537,13.0,2,41,0.4,0.4,2,inf,2.442575,0.000767,2.499212
3980,58,10,88,117.22,75.0,68.5,0.05,85,112.29,74.0,66.0,True,58,18,8,5,0.000173,True,7.342016808328906,13.0,2,28,0.4,0.4,2,inf,1.398605,0.000463,1.42522,True,58,17,8,5,0.000216,True,6.845204973604128,12.0,2,42,0.4,0.4,2,inf,2.28634,0.000842,2.337328
3980,58,11,88,117.22,75.0,68.5,0.05,85,112.29,74.0,66.0,True,58,18,8,5,0.000173,True,7.342016808328906,13.0,2,28,0.4,0.4,2,inf,1.398605,0.000463,1.42522,True,58,17,8,5,0.000193,True,6.710236502478624,11.0,42,46,0.4,0.4,2,inf,2.458653,0.000676,2.506077
3980,58,12,88,117.22,75.0,68.5,0.05,85,112.29,74.0,66.0,True,58,18,8,5,0.000173,True,7.342016808328906,13.0,2,28,0.4,0.4,2,inf,1.398605,0.000463,1.42522,True,58,16,8,5,0.000187,True,6.791875500782993,14.0,42,49,0.4,0.4,2,inf,2.229796,0.000819,2.283528
3980,58,13,88,117.22,75.0,68.5,0.05,85,112.29,74.0,66.0,True,58,18,8,5,0.000173,True,7.342016808328906,13.0,2,28,0.4,0.4,2,inf,1.398605,0.000463,1.42522,True,58,17,8,5,0.000232,True,6.841910984189792,13.0,40,39,0.4,0.4,2,inf,2.055296,0.000789,2.104196
3980,58,14,88,117.22,75.0,68.5,0.05,85,112.29,74.0,66.0,True,58,18,8,5,0.000173,True,7.342016808328906,13.0,2,28,0.4,0.4,2,inf,1.398605,0.000463,1.42522,True,58,18,8,5,0.000181,True,6.93108173650715,12.0,18,39,0.4,0.4,2,inf,2.616998,0.000747,2.650863
3980,58,15,88,117.22,75.0,68.5,0.05,85,112.29,74.0,66.0,True,58,18,8,5,0.000173,True,7.342016808328906,13.0,2,28,0.4,0.4,2,inf,1.398605,0.000463,1.42522,True,58,17,8,5,0.00016,True,6.96510490172747,13.0,40,41,0.4,0.4,2,inf,2.077755,0.00072,2.119157
3980,58,16,88,117.22,75.0,68.5,0.05,85,112.29,74.0,66.0,True,58,18,8,5,0.000173,True,7.342016808328906,13.0,2,28,0.4,0.4,2,inf,1.398605,0.000463,1.42522,True,58,17,8,5,0.000171,True,6.935217985906098,13.0,42,42,0.4,0.4,2,inf,2.089144,0.000767,2.132628
3980,58,17,88,117.22,75.0,68.5,0.05,85,112.29,74.0,66.0,True,58,18,8,5,0.000173,True,7.342016808328906,13.0,2,28,0.4,0.4,2,inf,1.398605,0.000463,1.42522,True,58,17,8,5,0.00021,True,6.910456842677162,12.0,2,43,0.4,0.4,2,inf,2.221241,0.000741,2.26623
3980,58,18,88,117.22,75.0,68.5,0.05,85,112.29,74.0,66.0,True,58,18,8,5,0.000173,True,7.342016808328906,13.0,2,28,0.4,0.4,2,inf,1.398605,0.000463,1.42522,True,58,18,8,5,0.000231,True,6.701344547917472,15.0,13,36,0.4,0.4,2,inf,2.380779,0.000784,2.424766
3980,58,19,88,117.22,75.0,68.5,0.05,85,112.29,74.0,66.0,True,58,18,8,5,0.000173,True,7.342016808328906,13.0,2,28,0.4,0.4,2,inf,1.398605,0.000463,1.42522,True,58,17,8,5,0.000158,True,6.799952769725455,13.0,2,42,0.4,0.4,2,inf,1.903243,0.000737,1.943049
3980,58,20,88,117.22,75.0,68.5,0.05,85,112.29,74.0,66.0,True,58,18,8,5,0.000173,True,7.342016808328906,13.0,2,28,0.4,0.4,2,inf,1.398605,0.000463,1.42522,True,58,18,8,5,0.000199,True,7.017274137600328,12.0,18,41,0.4,0.4,2,inf,1.817496,0.000675,1.858587
3980,58,21,88,117.22,75.0,68.5,0.05,85,112.29,74.0,66.0,True,58,18,8,5,0.000173,True,7.342016808328906,13.0,2,28,0.4,0.4,2,inf,1.398605,0.000463,1.42522,True,58,18,8,5,0.000171,True,6.659630119483328,12.0,13,43,0.4,0.4,2,inf,1.866135,0.000781,1.908635
3980,58,22,88,117.22,75.0,68.5,0.05,85,112.29,74.0,66.0,True,58,18,8,5,0.000173,True,7.342016808328906,13.0,2,28,0.4,0.4,2,inf,1.398605,0.000463,1.42522,True,58,17,8,5,0.000198,True,6.917794078457494,14.0,22,39,0.4,0.4,2,inf,2.319763,0.000662,2.361006
3980,58,23,88,117.22,75.0,68.5,0.05,85,112.29,74.0,66.0,True,58,18,8,5,0.000173,True,7.342016808328906,13.0,2,28,0.4,0.4,2,inf,1.398605,0.000463,1.42522,True,58,18,8,5,0.00016,True,6.951097867905225,14.0,40,41,0.4,0.4,2,inf,1.955089,0.000737,1.997007
3980,58,24,88,117.22,75.0,68.5,0.05,85,112.29,74.0,66.0,True,58,18,8,5,0.000173,True,7.342016808328906,13.0,2,28,0.4,0.4,2,inf,1.398605,0.000463,1.42522,True,58,18,8,5,0.000172,True,7.206359323122703,14.0,40,38,0.4,0.4,2,inf,1.973127,0.000792,2.014385
3980,58,25,88,117.22,75.0,68.5,0.05,85,112.29,74.0,66.0,True,58,18,8,5,0.000173,True,7.342016808328906,13.0,2,28,0.4,0.4,2,inf,1.398605,0.000463,1.42522,True,58,17,8,5,0.000207,True,6.916906313220906,13.0,18,41,0.4,0.4,2,inf,2.429874,0.000837,2.477273
3980,58,26,88,117.22,75.0,68.5,0.05,85,112.29,74.0,66.0,True,58,18,8,5,0.000173,True,7.342016808328906,13.0,2,28,0.4,0.4,2,inf,1.398605,0.000463,1.42522,True,58,16,8,5,0.000161,True,6.388897503190471,12.0,18,42,0.4,0.4,2,inf,2.385491,0.000535,2.423733
3980,58,27,88,117.22,75.0,68.5,0.05,85,112.29,74.0,66.0,True,58,18,8,5,0.000173,True,7.342016808328906,13.0,2,28,0.4,0.4,2,inf,1.398605,0.000463,1.42522,True,58,17,8,5,0.000255,True,6.765613682658255,13.0,22,40,0.4,0.4,2,inf,1.794909,0.000733,1.835945
3980,58,28,88,117.22,75.0,68.5,0.05,85,112.29,74.0,66.0,True,58,18,8,5,0.000173,True,7.342016808328906,13.0,2,28,0.4,0.4,2,inf,1.398605,0.000463,1.42522,True,58,16,8,5,0.000172,True,6.635833508320634,13.0,2,49,0.4,0.4,2,inf,1.626257,0.000642,1.668664
3980,58,29,88,117.22,75.0,68.5,0.05,85,112.29,74.0,66.0,True,58,18,8,5,0.000173,True,7.342016808328906,13.0,2,28,0.4,0.4,2,inf,1.398605,0.000463,1.42522,True,58,18,8,5,0.000198,True,6.999268692912957,13.0,49,45,0.4,0.4,2,inf,1.629543,0.000851,1.673794
3980,58,30,88,117.22,75.0,68.5,0.05,85,112.29,74.0,66.0,True,58,18,8,5,0.000173,True,7.342016808328906,13.0,2,28,0.4,0.4,2,inf,1.398605,0.000463,1.42522,True,58,18,8,5,0.000211,True,6.931954876313574,12.0,17,38,0.4,0.4,2,inf,1.82432,0.000587,1.864702
3980,58,1,88,117.22,75.0,68.5,0.15,81,101.93,67.0,60.5,True,58,18,8,5,0.000173,True,7.342016808328906,13.0,2,28,0.4,0.4,2,inf,1.398605,0.000463,1.42522,True,58,16,8,5,0.000195,True,6.4196272019717355,13.0,2,40,0.4,0.4,2,inf,1.927113,0.000794,1.969563
3980,58,2,88,117.22,75.0,68.5,0.15,81,101.93,67.0,60.5,True,58,18,8,5,0.000173,True,7.342016808328906,13.0,2,28,0.4,0.4,2,inf,1.398605,0.000463,1.42522,True,58,15,8,5,0.000187,True,6.1198715280811555,9.0,49,46,0.4,0.4,2,inf,1.829158,0.000611,1.870972
3980,58,3,88,117.22,75.0,68.5,0.15,81,101.93,67.0,60.5,True,58,18,8,5,0.000173,True,7.342016808328906,13.0,2,28,0.4,0.4,2,inf,1.398605,0.000463,1.42522,True,58,16,8,5,0.000223,True,6.113790603762783,12.0,18,42,0.4,0.4,2,inf,1.648024,0.000901,1.693151
3980,58,4,88,117.22,75.0,68.5,0.15,81,101.93,67.0,60.5,True,58,18,8,5,0.000173,True,7.342016808328906,13.0,2,28,0.4,0.4,2,inf,1.398605,0.000463,1.42522,True,58,17,8,5,0.00017,True,6.332199298771671,11.0,15,41,0.4,0.4,2,inf,2.429343,0.000819,2.478379
3980,58,5,88,117.22,75.0,68.5,0.15,81,101.93,67.0,60.5,True,58,18,8,5,0.000173,True,7.342016808328906,13.0,2,28,0.4,0.4,2,inf,1.398605,0.000463,1.42522,True,58,16,8,5,0.000174,True,5.974203694802337,9.0,2,41,0.4,0.4,2,inf,2.295613,0.000759,2.337411
3980,58,6,88,117.22,75.0,68.5,0.15,81,101.93,67.0,60.5,True,58,18,8,5,0.000173,True,7.342016808328906,13.0,2,28,0.4,0.4,2,inf,1.398605,0.000463,1.42522,True,58,16,8,5,0.000179,True,6.4842150243891465,12.0,18,48,0.4,0.4,2,inf,2.343311,0.000754,2.386254
3980,58,7,88,117.22,75.0,68.5,0.15,81,101.93,67.0,60.5,True,58,18,8,5,0.000173,True,7.342016808328906,13.0,2,28,0.4,0.4,2,inf,1.398605,0.000463,1.42522,True,58,15,8,5,0.000206,True,6.108711597735355,11.0,40,44,0.4,0.4,2,inf,2.787301,0.000707,2.831436
3980,58,8,88,117.22,75.0,68.5,0.15,81,101.93,67.0,60.5,True,58,18,8,5,0.000173,True,7.342016808328906,13.0,2,28,0.4,0.4,2,inf,1.398605,0.000463,1.42522,True,58,16,8,5,0.00018,True,5.741237623986593,12.0,17,41,0.4,0.4,2,inf,2.158874,0.000552,2.193039
3980,58,9,88,117.22,75.0,68.5,0.15,81,101.93,67.0,60.5,True,58,18,8,5,0.000173,True,7.342016808328906,13.0,2,28,0.4,0.4,2,inf,1.398605,0.000463,1.42522,True,58,17,8,5,0.000165,True,6.603568421829973,10.0,15,40,0.4,0.4,2,inf,1.901676,0.000787,1.942999
3980,58,10,88,117.22,75.0,68.5,0.15,81,101.93,67.0,60.5,True,58,18,8,5,0.000173,True,7.342016808328906,13.0,2,28,0.4,0.4,2,inf,1.398605,0.000463,1.42522,True,58,16,8,5,0.000188,True,6.064122728395715,12.0,40,39,0.4,0.4,2,inf,1.927715,0.000648,1.969687
3980,58,11,88,117.22,75.0,68.5,0.15,81,101.93,67.0,60.5,True,58,18,8,5,0.000173,True,7.342016808328906,13.0,2,28,0.4,0.4,2,inf,1.398605,0.000463,1.42522,True,58,16,8,5,0.000194,True,6.275679133215828,11.0,49,49,0.4,0.4,2,inf,1.75031,0.000785,1.792728
3980,58,12,88,117.22,75.0,68.5,0.15,81,101.93,67.0,60.5,True,58,18,8,5,0.000173,True,7.342016808328906,13.0,2,28,0.4,0.4,2,inf,1.398605,0.000463,1.42522,True,58,14,8,5,0.000195,True,5.991277770645822,11.0,2,40,0.4,0.4,2,inf,1.915425,0.000778,1.962211
3980,58,13,88,117.22,75.0,68.5,0.15,81,101.93,67.0,60.5,True,58,18,8,5,0.000173,True,7.342016808328906,13.0,2,28,0.4,0.4,2,inf,1.398605,0.000463,1.42522,True,58,17,8,5,0.000155,True,6.28158898873413,12.0,2,42,0.4,0.4,2,inf,1.689933,0.000757,1.733008
3980,58,14,88,117.22,75.0,68.5,0.15,81,101.93,67.0,60.5,True,58,18,8,5,0.000173,True,7.342016808328906,13.0,2,28,0.4,0.4,2,inf,1.398605,0.000463,1.42522,True,58,17,8,5,0.000167,True,6.0174206325343285,10.0,18,43,0.4,0.4,2,inf,1.924509,0.00076,1.96902
3980,58,15,88,117.22,75.0,68.5,0.15,81,101.93,67.0,60.5,True,58,18,8,5,0.000173,True,7.342016808328906,13.0,2,28,0.4,0.4,2,inf,1.398605,0.000463,1.42522,True,58,16,8,5,0.000204,True,6.281067297547909,12.0,2,43,0.4,0.4,2,inf,1.870002,0.00074,1.910292
3980,58,16,88,117.22,75.0,68.5,0.15,81,101.93,67.0,60.5,True,58,18,8,5,0.000173,True,7.342016808328906,13.0,2,28,0.4,0.4,2,inf,1.398605,0.000463,1.42522,True,58,16,8,5,0.000288,True,6.546528703945901,10.0,18,39,0.4,0.4,2,inf,1.739137,0.000765,1.783356
3980,58,17,88,117.22,75.0,68.5,0.15,81,101.93,67.0,60.5,True,58,18,8,5,0.000173,True,7.342016808328906,13.0,2,28,0.4,0.4,2,inf,1.398605,0.000463,1.42522,True,58,14,8,5,0.000176,True,5.545312798599044,11.0,2,46,0.4,0.4,2,inf,1.702341,0.000647,1.745199
3980,58,18,88,117.22,75.0,68.5,0.15,81,101.93,67.0,60.5,True,58,18,8,5,0.000173,True,7.342016808328906,13.0,2,28,0.4,0.4,2,inf,1.398605,0.000463,1.42522,True,58,17,8,5,0.000168,True,6.093539721549711,12.0,13,36,0.4,0.4,2,inf,1.929394,0.000757,1.971678
3980,58,19,88,117.22,75.0,68.5,0.15,81,101.93,67.0,60.5,True,58,18,8,5,0.000173,True,7.342016808328906,13.0,2,28,0.4,0.4,2,inf,1.398605,0.000463,1.42522,True,58,16,8,5,0.000168,True,6.03026367047951,11.0,2,42,0.4,0.4,2,inf,1.542658,0.000735,1.584978
3980,58,20,88,117.22,75.0,68.5,0.15,81,101.93,67.0,60.5,True,58,18,8,5,0.000173,True,7.342016808328906,13.0,2,28,0.4,0.4,2,inf,1.398605,0.000463,1.42522,True,58,18,8,5,0.000147,True,6.275629303307851,11.0,17,45,0.4,0.4,2,inf,1.807251,0.000567,1.846664
3980,58,21,88,117.22,75.0,68.5,0.15,81,101.93,67.0,60.5,True,58,18,8,5,0.000173,True,7.342016808328906,13.0,2,28,0.4,0.4,2,inf,1.398605,0.000463,1.42522,True,58,17,8,5,0.000148,True,6.127878674067257,13.0,42,44,0.4,0.4,2,inf,1.528852,0.00075,1.571979
3980,58,22,88,117.22,75.0,68.5,0.15,81,101.93,67.0,60.5,True,58,18,8,5,0.000173,True,7.342016808328906,13.0,2,28,0.4,0.4,2,inf,1.398605,0.000463,1.42522,True,58,17,8,5,0.000148,True,6.419405084716754,12.0,33,35,0.4,0.4,2,inf,1.795796,0.000726,1.839001
3980,58,23,88,117.22,75.0,68.5,0.15,81,101.93,67.0,60.5,True,58,18,8,5,0.000173,True,7.342016808328906,13.0,2,28,0.4,0.4,2,inf,1.398605,0.000463,1.42522,True,58,17,8,5,0.000197,True,6.484847274738273,11.0,40,41,0.4,0.4,2,inf,2.049653,0.000859,2.09189
3980,58,24,88,117.22,75.0,68.5,0.15,81,101.93,67.0,60.5,True,58,18,8,5,0.000173,True,7.342016808328906,13.0,2,28,0.4,0.4,2,inf,1.398605,0.000463,1.42522,True,58,15,8,5,0.000147,True,6.334581409038038,12.0,57,38,0.4,0.4,2,inf,1.875804,0.000763,1.918196
3980,58,25,88,117.22,75.0,68.5,0.15,81,101.93,67.0,60.5,True,58,18,8,5,0.000173,True,7.342016808328906,13.0,2,28,0.4,0.4,2,inf,1.398605,0.000463,1.42522,True,58,16,8,5,0.000165,True,6.169049340032233,13.0,18,46,0.4,0.4,2,inf,1.622346,0.000816,1.663292
3980,58,26,88,117.22,75.0,68.5,0.15,81,101.93,67.0,60.5,True,58,18,8,5,0.000173,True,7.342016808328906,13.0,2,28,0.4,0.4,2,inf,1.398605,0.000463,1.42522,True,58,15,8,5,0.000138,True,5.962628772655302,10.0,15,40,0.4,0.4,2,inf,1.729378,0.000615,1.772761
3980,58,27,88,117.22,75.0,68.5,0.15,81,101.93,67.0,60.5,True,58,18,8,5,0.000173,True,7.342016808328906,13.0,2,28,0.4,0.4,2,inf,1.398605,0.000463,1.42522,True,58,15,8,5,0.000147,True,5.4922447850595395,11.0,24,36,0.4,0.4,2,inf,1.591908,0.000643,1.632379
3980,58,28,88,117.22,75.0,68.5,0.15,81,101.93,67.0,60.5,True,58,18,8,5,0.000173,True,7.342016808328906,13.0,2,28,0.4,0.4,2,inf,1.398605,0.000463,1.42522,True,58,15,8,5,0.000163,True,6.086600478628188,12.0,18,48,0.4,0.4,2,inf,1.585719,0.000627,1.626428
3980,58,29,88,117.22,75.0,68.5,0.15,81,101.93,67.0,60.5,True,58,18,8,5,0.000173,True,7.342016808328906,13.0,2,28,0.4,0.4,2,inf,1.398605,0.000463,1.42522,True,58,15,8,5,0.000146,True,6.041325380539201,12.0,2,37,0.4,0.4,2,inf,1.771467,0.000714,1.813102
3980,58,30,88,117.22,75.0,68.5,0.15,81,101.93,67.0,60.5,True,58,18,8,5,0.000173,True,7.342016808328906,13.0,2,28,0.4,0.4,2,inf,1.398605,0.000463,1.42522,True,58,15,8,5,0.000175,True,6.123067658116664,11.0,1,36,0.4,0.4,2,inf,1.821335,0.000637,1.862431
3980,58,1,88,117.22,75.0,68.5,0.25,74,89.89,58.0,54.0,True,58,18,8,5,0.000173,True,7.342016808328906,13.0,2,28,0.4,0.4,2,inf,1.398605,0.000463,1.42522,True,58,15,8,5,0.000223,True,5.917246145922657,13.0,14,38,0.4,0.4,2,inf,1.540598,0.00058,1.580798
3980,58,2,88,117.22,75.0,68.5,0.25,74,89.89,58.0,54.0,True,58,18,8,5,0.000173,True,7.342016808328906,13.0,2,28,0.4,0.4,2,inf,1.398605,0.000463,1.42522,True,58,14,8,5,0.000168,True,5.101924043049695,8.0,18,45,0.4,0.4,2,inf,1.725993,0.000502,1.758275
3980,58,3,88,117.22,75.0,68.5,0.25,74,89.89,58.0,54.0,True,58,18,8,5,0.000173,True,7.342016808328906,13.0,2,28,0.4,0.4,2,inf,1.398605,0.000463,1.42522,True,58,14,8,5,0.000167,True,5.494614190391445,8.0,17,34,0.4,0.4,2,inf,1.495477,0.000506,1.524367
3980,58,4,88,117.22,75.0,68.5,0.25,74,89.89,58.0,54.0,True,58,18,8,5,0.000173,True,7.342016808328906,13.0,2,28,0.4,0.4,2,inf,1.398605,0.000463,1.42522,True,58,16,8,5,0.00014,True,5.808315416200985,10.0,34,42,0.4,0.4,2,inf,1.618997,0.000676,1.662304
3980,58,5,88,117.22,75.0,68.5,0.25,74,89.89,58.0,54.0,True,58,18,8,5,0.000173,True,7.342016808328906,13.0,2,28,0.4,0.4,2,inf,1.398605,0.000463,1.42522,True,58,15,8,5,0.000161,True,5.163539408648718,9.0,2,41,0.4,0.4,2,inf,1.590645,0.000625,1.630629
3980,58,6,88,117.22,75.0,68.5,0.25,74,89.89,58.0,54.0,True,58,18,8,5,0.000173,True,7.342016808328906,13.0,2,28,0.4,0.4,2,inf,1.398605,0.000463,1.42522,True,58,15,8,5,0.000172,True,5.245135337015432,9.0,17,40,0.4,0.4,2,inf,1.752635,0.000642,1.794901
3980,58,7,88,117.22,75.0,68.5,0.25,74,89.89,58.0,54.0,True,58,18,8,5,0.000173,True,7.342016808328906,13.0,2,28,0.4,0.4,2,inf,1.398605,0.000463,1.42522,True,58,13,8,5,0.000186,True,4.993487750549676,9.0,40,44,0.4,0.4,2,inf,1.672612,0.000741,1.715596
3980,58,8,88,117.22,75.0,68.5,0.25,74,89.89,58.0,54.0,True,58,18,8,5,0.000173,True,7.342016808328906,13.0,2,28,0.4,0.4,2,inf,1.398605,0.000463,1.42522,True,58,12,8,5,0.000154,True,4.648385282269128,9.0,24,37,0.4,0.4,2,inf,1.679157,0.000634,1.719855
3980,58,9,88,117.22,75.0,68.5,0.25,74,89.89,58.0,54.0,True,58,18,8,5,0.000173,True,7.342016808328906,13.0,2,28,0.4,0.4,2,inf,1.398605,0.000463,1.42522,True,58,15,8,5,0.000169,True,5.5040413824316445,10.0,2,44,0.4,0.4,2,inf,1.697371,0.000744,1.739139
3980,58,10,88,117.22,75.0,68.5,0.25,74,89.89,58.0,54.0,True,58,18,8,5,0.000173,True,7.342016808328906,13.0,2,28,0.4,0.4,2,inf,1.398605,0.000463,1.42522,True,58,15,8,5,0.000151,True,5.319244558148097,11.0,15,38,0.4,0.4,2,inf,1.628328,0.000588,1.667942
3980,58,11,88,117.22,75.0,68.5,0.25,74,89.89,58.0,54.0,True,58,18,8,5,0.000173,True,7.342016808328906,13.0,2,28,0.4,0.4,2,inf,1.398605,0.000463,1.42522,True,58,14,8,5,0.000176,True,5.3781268469510515,8.0,34,45,0.4,0.4,2,inf,1.602668,0.000766,1.642843
3980,58,12,88,117.22,75.0,68.5,0.25,74,89.89,58.0,54.0,True,58,18,8,5,0.000173,True,7.342016808328906,13.0,2,28,0.4,0.4,2,inf,1.398605,0.000463,1.42522,True,58,13,8,5,0.000161,True,5.27075327314875,10.0,24,37,0.4,0.4,2,inf,1.546283,0.000497,1.578288
3980,58,13,88,117.22,75.0,68.5,0.25,74,89.89,58.0,54.0,True,58,18,8,5,0.000173,True,7.342016808328906,13.0,2,28,0.4,0.4,2,inf,1.398605,0.000463,1.42522,True,58,15,8,5,0.000162,True,5.385992277687164,9.0,18,40,0.4,0.4,2,inf,1.568365,0.000608,1.605014
3980,58,14,88,117.22,75.0,68.5,0.25,74,89.89,58.0,54.0,True,58,18,8,5,0.000173,True,7.342016808328906,13.0,2,28,0.4,0.4,2,inf,1.398605,0.000463,1.42522,True,58,15,8,5,0.000145,True,5.120518368717684,9.0,29,41,0.4,0.4,2,inf,1.658434,0.000521,1.695891
3980,58,15,88,117.22,75.0,68.5,0.25,74,89.89,58.0,54.0,True,58,18,8,5,0.000173,True,7.342016808328906,13.0,2,28,0.4,0.4,2,inf,1.398605,0.000463,1.42522,True,58,15,8,5,0.000167,True,5.759144751049329,10.0,49,48,0.4,0.4,2,inf,1.594013,0.000853,1.637911
3980,58,16,88,117.22,75.0,68.5,0.25,74,89.89,58.0,54.0,True,58,18,8,5,0.000173,True,7.342016808328906,13.0,2,28,0.4,0.4,2,inf,1.398605,0.000463,1.42522,True,58,16,8,5,0.000163,True,6.082753720196156,12.0,49,44,0.4,0.4,2,inf,1.5962,0.0006,1.635595
3980,58,17,88,117.22,75.0,68.5,0.25,74,89.89,58.0,54.0,True,58,18,8,5,0.000173,True,7.342016808328906,13.0,2,28,0.4,0.4,2,inf,1.398605,0.000463,1.42522,True,58,14,8,5,0.000167,True,5.103755318799224,10.0,2,41,0.4,0.4,2,inf,1.57093,0.000508,1.599393
3980,58,18,88,117.22,75.0,68.5,0.25,74,89.89,58.0,54.0,True,58,18,8,5,0.000173,True,7.342016808328906,13.0,2,28,0.4,0.4,2,inf,1.398605,0.000463,1.42522,True,58,14,8,5,0.000135,True,5.017239483457082,8.0,13,38,0.4,0.4,2,inf,1.616311,0.000603,1.655962
3980,58,19,88,117.22,75.0,68.5,0.25,74,89.89,58.0,54.0,True,58,18,8,5,0.000173,True,7.342016808328906,13.0,2,28,0.4,0.4,2,inf,1.398605,0.000463,1.42522,True,58,13,8,5,0.000171,True,4.847498058179313,9.0,50,38,0.4,0.4,2,inf,1.687237,0.000622,1.727308
3980,58,20,88,117.22,75.0,68.5,0.25,74,89.89,58.0,54.0,True,58,18,8,5,0.000173,True,7.342016808328906,13.0,2,28,0.4,0.4,2,inf,1.398605,0.000463,1.42522,True,58,16,8,5,0.000162,True,5.121462825993435,9.0,34,46,0.4,0.4,2,inf,1.669489,0.000647,1.710459
3980,58,21,88,117.22,75.0,68.5,0.25,74,89.89,58.0,54.0,True,58,18,8,5,0.000173,True,7.342016808328906,13.0,2,28,0.4,0.4,2,inf,1.398605,0.000463,1.42522,True,58,15,8,5,0.000162,True,5.438467527232122,10.0,24,43,0.4,0.4,2,inf,1.555686,0.000501,1.589078
3980,58,22,88,117.22,75.0,68.5,0.25,74,89.89,58.0,54.0,True,58,18,8,5,0.000173,True,7.342016808328906,13.0,2,28,0.4,0.4,2,inf,1.398605,0.000463,1.42522,True,58,16,8,5,0.000166,True,5.731965004991424,12.0,33,36,0.4,0.4,2,inf,1.576787,0.000491,1.606099
3980,58,23,88,117.22,75.0,68.5,0.25,74,89.89,58.0,54.0,True,58,18,8,5,0.000173,True,7.342016808328906,13.0,2,28,0.4,0.4,2,inf,1.398605,0.000463,1.42522,True,58,15,8,5,0.000173,True,5.65935615062138,12.0,49,42,0.4,0.4,2,inf,1.565876,0.000596,1.607976
3980,58,24,88,117.22,75.0,68.5,0.25,74,89.89,58.0,54.0,True,58,18,8,5,0.000173,True,7.342016808328906,13.0,2,28,0.4,0.4,2,inf,1.398605,0.000463,1.42522,True,58,13,8,5,0.000166,True,5.294379011337719,9.0,34,47,0.4,0.4,2,inf,1.525476,0.000614,1.559718
3980,58,25,88,117.22,75.0,68.5,0.25,74,89.89,58.0,54.0,True,58,18,8,5,0.000173,True,7.342016808328906,13.0,2,28,0.4,0.4,2,inf,1.398605,0.000463,1.42522,True,58,16,8,5,0.000166,True,5.868937109253165,12.0,18,42,0.4,0.4,2,inf,1.507389,0.000507,1.53591
3980,58,26,88,117.22,75.0,68.5,0.25,74,89.89,58.0,54.0,True,58,18,8,5,0.000173,True,7.342016808328906,13.0,2,28,0.4,0.4,2,inf,1.398605,0.000463,1.42522,True,58,13,8,5,0.000165,True,5.447596937683238,10.0,18,42,0.4,0.4,2,inf,1.549626,0.000512,1.578287
3980,58,27,88,117.22,75.0,68.5,0.25,74,89.89,58.0,54.0,True,58,18,8,5,0.000173,True,7.342016808328906,13.0,2,28,0.4,0.4,2,inf,1.398605,0.000463,1.42522,True,58,12,8,5,0.0002,True,4.3641121473559235,8.0,20,40,0.4,0.4,2,inf,1.624512,0.000511,1.653173
3980,58,28,88,117.22,75.0,68.5,0.25,74,89.89,58.0,54.0,True,58,18,8,5,0.000173,True,7.342016808328906,13.0,2,28,0.4,0.4,2,inf,1.398605,0.000463,1.42522,True,58,13,8,5,0.000148,True,5.113360944590342,11.0,15,39,0.4,0.4,2,inf,1.635723,0.000607,1.672495
3980,58,29,88,117.22,75.0,68.5,0.25,74,89.89,58.0,54.0,True,58,18,8,5,0.000173,True,7.342016808328906,13.0,2,28,0.4,0.4,2,inf,1.398605,0.000463,1.42522,True,58,13,8,5,0.000154,True,5.221872125998678,10.0,49,41,0.4,0.4,2,inf,2.181061,0.000674,2.223108
3980,58,30,88,117.22,75.0,68.5,0.25,74,89.89,58.0,54.0,True,58,18,8,5,0.000173,True,7.342016808328906,13.0,2,28,0.4,0.4,2,inf,1.398605,0.000463,1.42522,True,58,14,8,5,0.000207,True,5.656338328560361,10.0,1,34,0.4,0.4,2,inf,2.367619,0.00105,2.43189
3980,58,1,88,117.22,75.0,68.5,0.4,54,61.59,37.0,36.5,True,58,18,8,5,0.000173,True,7.342016808328906,13.0,2,28,0.4,0.4,2,inf,1.398605,0.000463,1.42522,True,58,12,8,5,0.000157,True,3.575662887881273,6.0,8,35,0.4,0.4,2,inf,2.101399,0.00074,2.141664
3980,58,2,88,117.22,75.0,68.5,0.4,54,61.59,37.0,36.5,True,58,18,8,5,0.000173,True,7.342016808328906,13.0,2,28,0.4,0.4,2,inf,1.398605,0.000463,1.42522,True,58,11,8,5,0.000169,True,3.7745424292881142,6.0,50,44,0.4,0.4,2,inf,2.06184,0.000791,2.140502
3980,58,3,88,117.22,75.0,68.5,0.4,54,61.59,37.0,36.5,True,58,18,8,5,0.000173,True,7.342016808328906,13.0,2,28,0.4,0.4,2,inf,1.398605,0.000463,1.42522,True,58,11,8,5,0.00021,True,3.788478466192823,6.0,20,36,0.4,0.4,2,inf,3.055943,0.002148,3.125545
3980,58,4,88,117.22,75.0,68.5,0.4,54,61.59,37.0,36.5,True,58,18,8,5,0.000173,True,7.342016808328906,13.0,2,28,0.4,0.4,2,inf,1.398605,0.000463,1.42522,True,58,12,8,5,0.000205,True,4.338466494858486,9.0,37,39,0.4,0.4,2,inf,2.138252,0.001142,2.182531
3980,58,5,88,117.22,75.0,68.5,0.4,54,61.59,37.0,36.5,True,58,18,8,5,0.000173,True,7.342016808328906,13.0,2,28,0.4,0.4,2,inf,1.398605,0.000463,1.42522,True,58,13,8,5,0.00017,True,3.922600037880376,7.0,8,37,0.4,0.4,2,inf,2.219898,0.000734,2.261688
3980,58,6,88,117.22,75.0,68.5,0.4,54,61.59,37.0,36.5,True,58,18,8,5,0.000173,True,7.342016808328906,13.0,2,28,0.4,0.4,2,inf,1.398605,0.000463,1.42522,True,58,13,8,5,0.000178,True,3.955969054351727,6.0,18,44,0.4,0.4,2,inf,2.036099,0.00061,2.075619
3980,58,7,88,117.22,75.0,68.5,0.4,54,61.59,37.0,36.5,True,58,18,8,5,0.000173,True,7.342016808328906,13.0,2,28,0.4,0.4,2,inf,1.398605,0.000463,1.42522,True,58,9,8,5,0.000186,True,3.6119189988544833,7.0,49,44,0.4,0.4,2,inf,1.609525,0.000772,1.659342
3980,58,8,88,117.22,75.0,68.5,0.4,54,61.59,37.0,36.5,True,58,18,8,5,0.000173,True,7.342016808328906,13.0,2,28,0.4,0.4,2,inf,1.398605,0.000463,1.42522,True,58,11,8,5,0.000178,True,3.594171704726961,7.0,24,42,0.4,0.4,2,inf,2.271939,0.000518,2.308734
3980,58,9,88,117.22,75.0,68.5,0.4,54,61.59,37.0,36.5,True,58,18,8,5,0.000173,True,7.342016808328906,13.0,2,28,0.4,0.4,2,inf,1.398605,0.000463,1.42522,True,58,11,8,5,0.000167,True,4.065560257510444,8.0,2,42,0.4,0.4,2,inf,2.736779,0.000793,2.79191
3980,58,10,88,117.22,75.0,68.5,0.4,54,61.59,37.0,36.5,True,58,18,8,5,0.000173,True,7.342016808328906,13.0,2,28,0.4,0.4,2,inf,1.398605,0.000463,1.42522,True,58,14,8,5,0.000167,True,4.363303246484156,8.0,15,39,0.4,0.4,2,inf,2.023717,0.000773,2.07759
3980,58,11,88,117.22,75.0,68.5,0.4,54,61.59,37.0,36.5,True,58,18,8,5,0.000173,True,7.342016808328906,13.0,2,28,0.4,0.4,2,inf,1.398605,0.000463,1.42522,True,58,11,8,5,0.000365,True,3.8480681085652497,7.0,42,41,0.4,0.4,2,inf,2.896147,0.000737,2.938518
3980,58,12,88,117.22,75.0,68.5,0.4,54,61.59,37.0,36.5,True,58,18,8,5,0.000173,True,7.342016808328906,13.0,2,28,0.4,0.4,2,inf,1.398605,0.000463,1.42522,True,58,10,8,5,0.000198,True,4.321736133543133,8.0,56,37,0.4,0.4,2,inf,2.205883,0.001209,2.252675
3980,58,13,88,117.22,75.0,68.5,0.4,54,61.59,37.0,36.5,True,58,18,8,5,0.000173,True,7.342016808328906,13.0,2,28,0.4,0.4,2,inf,1.398605,0.000463,1.42522,True,58,11,8,5,0.000204,True,4.087548500413151,8.0,49,44,0.4,0.4,2,inf,2.290488,0.00133,2.380112
3980,58,14,88,117.22,75.0,68.5,0.4,54,61.59,37.0,36.5,True,58,18,8,5,0.000173,True,7.342016808328906,13.0,2,28,0.4,0.4,2,inf,1.398605,0.000463,1.42522,True,58,12,8,5,0.000158,True,3.9234351052291543,7.0,37,41,0.4,0.4,2,inf,1.920342,0.001,1.966662
3980,58,15,88,117.22,75.0,68.5,0.4,54,61.59,37.0,36.5,True,58,18,8,5,0.000173,True,7.342016808328906,13.0,2,28,0.4,0.4,2,inf,1.398605,0.000463,1.42522,True,58,14,8,5,0.000153,True,4.664862069495385,10.0,49,38,0.4,0.4,2,inf,2.076663,0.000634,2.119644
3980,58,16,88,117.22,75.0,68.5,0.4,54,61.59,37.0,36.5,True,58,18,8,5,0.000173,True,7.342016808328906,13.0,2,28,0.4,0.4,2,inf,1.398605,0.000463,1.42522,True,58,12,8,5,0.000174,True,4.328423757936556,6.0,18,38,0.4,0.4,2,inf,2.17159,0.000872,2.217037
3980,58,17,88,117.22,75.0,68.5,0.4,54,61.59,37.0,36.5,True,58,18,8,5,0.000173,True,7.342016808328906,13.0,2,28,0.4,0.4,2,inf,1.398605,0.000463,1.42522,True,58,9,8,5,0.000217,True,3.304384230755928,5.0,40,42,0.4,0.4,2,inf,2.004157,0.001062,2.083654
3980,58,18,88,117.22,75.0,68.5,0.4,54,61.59,37.0,36.5,True,58,18,8,5,0.000173,True,7.342016808328906,13.0,2,28,0.4,0.4,2,inf,1.398605,0.000463,1.42522,True,58,13,8,5,0.000372,True,3.879301223953115,7.0,42,39,0.4,0.4,2,inf,2.569066,0.000809,2.612134
3980,58,19,88,117.22,75.0,68.5,0.4,54,61.59,37.0,36.5,True,58,18,8,5,0.000173,True,7.342016808328906,13.0,2,28,0.4,0.4,2,inf,1.398605,0.000463,1.42522,True,58,10,8,5,0.000163,True,3.661766456107752,6.0,2,43,0.4,0.4,2,inf,1.772715,0.000768,1.813233
3980,58,20,88,117.22,75.0,68.5,0.4,54,61.59,37.0,36.5,True,58,18,8,5,0.000173,True,7.342016808328906,13.0,2,28,0.4,0.4,2,inf,1.398605,0.000463,1.42522,True,58,13,8,5,0.000188,True,3.730434774735836,6.0,14,42,0.4,0.4,2,inf,1.776382,0.00058,1.81275
3980,58,21,88,117.22,75.0,68.5,0.4,54,61.59,37.0,36.5,True,58,18,8,5,0.000173,True,7.342016808328906,13.0,2,28,0.4,0.4,2,inf,1.398605,0.000463,1.42522,True,58,13,8,5,0.000169,True,4.350261159758504,6.0,15,43,0.4,0.4,2,inf,1.690464,0.000765,1.734958
3980,58,22,88,117.22,75.0,68.5,0.4,54,61.59,37.0,36.5,True,58,18,8,5,0.000173,True,7.342016808328906,13.0,2,28,0.4,0.4,2,inf,1.398605,0.000463,1.42522,True,58,15,8,5,0.000169,True,4.731828698954507,8.0,33,36,0.4,0.4,2,inf,2.583294,0.000773,2.627033
3980,58,23,88,117.22,75.0,68.5,0.4,54,61.59,37.0,36.5,True,58,18,8,5,0.000173,True,7.342016808328906,13.0,2,28,0.4,0.4,2,inf,1.398605,0.000463,1.42522,True,58,14,8,5,0.000173,True,4.518338138814282,6.0,2,37,0.4,0.4,2,inf,1.851065,0.000744,1.892571
3980,58,24,88,117.22,75.0,68.5,0.4,54,61.59,37.0,36.5,True,58,18,8,5,0.000173,True,7.342016808328906,13.0,2,28,0.4,0.4,2,inf,1.398605,0.000463,1.42522,True,58,11,8,5,0.000184,True,4.213457415719082,6.0,34,44,0.4,0.4,2,inf,1.656187,0.000738,1.698987
3980,58,25,88,117.22,75.0,68.5,0.4,54,61.59,37.0,36.5,True,58,18,8,5,0.000173,True,7.342016808328906,13.0,2,28,0.4,0.4,2,inf,1.398605,0.000463,1.42522,True,58,14,8,5,0.000268,True,4.422559807897634,9.0,22,41,0.4,0.4,2,inf,1.686541,0.000685,1.731203
3980,58,26,88,117.22,75.0,68.5,0.4,54,61.59,37.0,36.5,True,58,18,8,5,0.000173,True,7.342016808328906,13.0,2,28,0.4,0.4,2,inf,1.398605,0.000463,1.42522,True,58,10,8,5,0.000192,True,3.805025279066167,7.0,34,35,0.4,0.4,2,inf,2.24696,0.000745,2.288786
3980,58,27,88,117.22,75.0,68.5,0.4,54,61.59,37.0,36.5,True,58,18,8,5,0.000173,True,7.342016808328906,13.0,2,28,0.4,0.4,2,inf,1.398605,0.000463,1.42522,True,58,11,8,5,0.000227,True,3.812241441761686,6.0,42,39,0.4,0.4,2,inf,2.122772,0.000724,2.165466
3980,58,28,88,117.22,75.0,68.5,0.4,54,61.59,37.0,36.5,True,58,18,8,5,0.000173,True,7.342016808328906,13.0,2,28,0.4,0.4,2,inf,1.398605,0.000463,1.42522,True,58,10,8,5,0.000201,True,3.824633544356152,9.0,42,39,0.4,0.4,2,inf,2.237351,0.000749,2.282246
3980,58,29,88,117.22,75.0,68.5,0.4,54,61.59,37.0,36.5,True,58,18,8,5,0.000173,True,7.342016808328906,13.0,2,28,0.4,0.4,2,inf,1.398605,0.000463,1.42522,True,58,11,8,5,0.000157,True,3.962298909863884,9.0,42,45,0.4,0.4,2,inf,2.483809,0.000784,2.526636
3980,58,30,88,117.22,75.0,68.5,0.4,54,61.59,37.0,36.5,True,58,18,8,5,0.000173,True,7.342016808328906,13.0,2,28,0.4,0.4,2,inf,1.398605,0.000463,1.42522,True,58,14,8,5,0.000185,True,4.903634579576076,10.0,49,44,0.4,0.4,2,inf,1.960203,0.000751,2.002903
