file_name,graph_family,n,p_positive,cluster_sizes,ego_id,seed,ilp_without4,ilp_with4,cost_changed,same_clustering_4_cycle,same_cost_different_clustering,bad4_cycles
fb_ego698_full.json,facebook,64,,,698,1,82.0,82.0,False,true,False,110
fb_ego3980_full.json,facebook,58,,,3980,1,67.0,67.0,False,false,True,62
fb_ego414_full.json,facebook,155,,,414,1,669.0,670.0,True,false,False,6433
random_n15_p07.json,random,15,0.7,,,1,29.0,29.0,False,true,False,10
random_n15_p07.json,random,15,0.7,,,2,25.0,25.0,False,true,False,27
random_n15_p07.json,random,15,0.7,,,3,27.0,27.0,False,false,True,28
random_n15_p07.json,random,15,0.7,,,4,29.0,29.0,False,false,True,15
random_n15_p07.json,random,15,0.7,,,5,28.0,28.0,False,false,True,19
random_n15_p07.json,random,15,0.7,,,6,30.0,30.0,False,false,True,14
random_n15_p07.json,random,15,0.7,,,7,27.0,27.0,False,true,False,20
random_n15_p07.json,random,15,0.7,,,8,22.0,22.0,False,true,False,17
random_n15_p07.json,random,15,0.7,,,9,26.0,26.0,False,true,False,14
random_n15_p07.json,random,15,0.7,,,10,26.0,26.0,False,false,True,30
random_n15_p07.json,random,15,0.7,,,11,25.0,25.0,False,true,False,31
random_n15_p07.json,random,15,0.7,,,12,25.0,25.0,False,true,False,19
random_n15_p07.json,random,15,0.7,,,13,28.0,28.0,False,true,False,8
random_n15_p07.json,random,15,0.7,,,14,28.0,28.0,False,false,True,21
random_n15_p07.json,random,15,0.7,,,15,30.0,30.0,False,false,True,13
random_n15_p07.json,random,15,0.7,,,16,27.0,27.0,False,true,False,22
random_n15_p07.json,random,15,0.7,,,17,21.0,21.0,False,true,False,16
random_n15_p07.json,random,15,0.7,,,18,27.0,27.0,False,false,True,13
random_n15_p07.json,random,15,0.7,,,19,24.0,24.0,False,false,True,19
random_n15_p07.json,random,15,0.7,,,20,24.0,24.0,False,true,False,27
random_n15_p07.json,random,15,0.7,,,21,27.0,27.0,False,true,False,12
random_n15_p07.json,random,15,0.7,,,22,28.0,28.0,False,true,False,16
random_n15_p07.json,random,15,0.7,,,23,23.0,23.0,False,true,False,15
random_n15_p07.json,random,15,0.7,,,24,28.0,28.0,False,false,True,16
random_n15_p07.json,random,15,0.7,,,25,26.0,26.0,False,true,False,24
random_n15_p07.json,random,15,0.7,,,26,29.0,29.0,False,true,False,3
random_n15_p07.json,random,15,0.7,,,27,29.0,29.0,False,true,False,24
random_n15_p07.json,random,15,0.7,,,28,26.0,26.0,False,true,False,17
random_n15_p07.json,random,15,0.7,,,29,25.0,25.0,False,false,True,27
random_n15_p07.json,random,15,0.7,,,30,28.0,28.0,False,true,False,8
random_n15_p07.json,random,15,0.7,,,31,24.0,24.0,False,true,False,31
random_n15_p07.json,random,15,0.7,,,32,29.0,29.0,False,false,True,16
random_n15_p07.json,random,15,0.7,,,33,27.0,27.0,False,true,False,20
random_n15_p07.json,random,15,0.7,,,34,28.0,28.0,False,false,True,9
random_n15_p07.json,random,15,0.7,,,35,26.0,26.0,False,true,False,13
random_n15_p07.json,random,15,0.7,,,36,25.0,25.0,False,true,False,18
random_n15_p07.json,random,15,0.7,,,37,24.0,24.0,False,true,False,25
random_n15_p07.json,random,15,0.7,,,38,24.0,24.0,False,true,False,45
random_n15_p07.json,random,15,0.7,,,39,27.0,27.0,False,true,False,14
random_n15_p07.json,random,15,0.7,,,40,19.0,19.0,False,true,False,26
random_n15_p07.json,random,15,0.7,,,41,24.0,24.0,False,true,False,18
random_n15_p07.json,random,15,0.7,,,42,27.0,27.0,False,true,False,24
random_n15_p07.json,random,15,0.7,,,43,29.0,29.0,False,true,False,16
random_n15_p07.json,random,15,0.7,,,44,28.0,28.0,False,true,False,16
random_n15_p07.json,random,15,0.7,,,45,28.0,28.0,False,true,False,14
random_n15_p07.json,random,15,0.7,,,46,23.0,23.0,False,true,False,24
random_n15_p07.json,random,15,0.7,,,47,27.0,27.0,False,true,False,14
random_n15_p07.json,random,15,0.7,,,48,22.0,22.0,False,true,False,43
random_n15_p07.json,random,15,0.7,,,49,24.0,24.0,False,true,False,24
random_n15_p07.json,random,15,0.7,,,50,27.0,27.0,False,true,False,28
random_n15_p06.json,random,15,0.6,,,1,24.0,24.0,False,true,False,4
random_n15_p06.json,random,15,0.6,,,2,27.0,27.0,False,true,False,9
random_n15_p06.json,random,15,0.6,,,3,23.0,23.0,False,false,True,25
random_n15_p06.json,random,15,0.6,,,4,27.0,27.0,False,true,False,7
random_n15_p06.json,random,15,0.6,,,5,27.0,27.0,False,false,True,12
random_n15_p06.json,random,15,0.6,,,6,28.0,28.0,False,true,False,14
random_n15_p06.json,random,15,0.6,,,7,29.0,29.0,False,false,True,17
random_n15_p06.json,random,15,0.6,,,8,31.0,31.0,False,false,True,17
random_n15_p06.json,random,15,0.6,,,9,18.0,18.0,False,false,True,7
random_n15_p06.json,random,15,0.6,,,10,28.0,28.0,False,false,True,26
random_n15_p06.json,random,15,0.6,,,11,25.0,25.0,False,false,True,24
random_n15_p06.json,random,15,0.6,,,12,24.0,24.0,False,false,True,7
random_n15_p06.json,random,15,0.6,,,13,26.0,26.0,False,true,False,6
random_n15_p06.json,random,15,0.6,,,14,25.0,25.0,False,true,False,11
random_n15_p06.json,random,15,0.6,,,15,29.0,29.0,False,true,False,9
random_n15_p06.json,random,15,0.6,,,16,22.0,22.0,False,true,False,11
random_n15_p06.json,random,15,0.6,,,17,27.0,27.0,False,false,True,13
random_n15_p06.json,random,15,0.6,,,18,22.0,22.0,False,false,True,8
random_n15_p06.json,random,15,0.6,,,19,22.0,22.0,False,true,False,15
random_n15_p06.json,random,15,0.6,,,20,28.0,28.0,False,true,False,22
random_n15_p06.json,random,15,0.6,,,21,22.0,22.0,False,true,False,2
random_n15_p06.json,random,15,0.6,,,22,27.0,27.0,False,false,True,8
random_n15_p06.json,random,15,0.6,,,23,25.0,25.0,False,false,True,7
random_n15_p06.json,random,15,0.6,,,24,26.0,26.0,False,false,True,8
random_n15_p06.json,random,15,0.6,,,25,26.0,26.0,False,true,False,18
random_n15_p06.json,random,15,0.6,,,26,28.0,28.0,False,true,False,2
random_n15_p06.json,random,15,0.6,,,27,21.0,21.0,False,true,False,13
random_n15_p06.json,random,15,0.6,,,28,22.0,22.0,False,true,False,15
random_n15_p06.json,random,15,0.6,,,29,24.0,24.0,False,true,False,22
random_n15_p06.json,random,15,0.6,,,30,29.0,29.0,False,true,False,6
random_n15_p06.json,random,15,0.6,,,31,24.0,25.0,True,false,False,23
random_n15_p06.json,random,15,0.6,,,32,27.0,27.0,False,true,False,12
random_n15_p06.json,random,15,0.6,,,33,25.0,25.0,False,true,False,14
random_n15_p06.json,random,15,0.6,,,34,27.0,27.0,False,true,False,8
random_n15_p06.json,random,15,0.6,,,35,28.0,28.0,False,false,True,19
random_n15_p06.json,random,15,0.6,,,36,26.0,26.0,False,true,False,15
random_n15_p06.json,random,15,0.6,,,37,21.0,21.0,False,true,False,17
random_n15_p06.json,random,15,0.6,,,38,25.0,25.0,False,true,False,31
random_n15_p06.json,random,15,0.6,,,39,21.0,21.0,False,true,False,11
random_n15_p06.json,random,15,0.6,,,40,23.0,23.0,False,false,True,21
random_n15_p06.json,random,15,0.6,,,41,23.0,23.0,False,false,True,7
random_n15_p06.json,random,15,0.6,,,42,27.0,27.0,False,false,True,12
random_n15_p06.json,random,15,0.6,,,43,30.0,30.0,False,false,True,19
random_n15_p06.json,random,15,0.6,,,44,26.0,26.0,False,false,True,12
random_n15_p06.json,random,15,0.6,,,45,26.0,26.0,False,true,False,13
random_n15_p06.json,random,15,0.6,,,46,27.0,27.0,False,true,False,15
random_n15_p06.json,random,15,0.6,,,47,25.0,25.0,False,false,True,12
random_n15_p06.json,random,15,0.6,,,48,26.0,26.0,False,true,False,28
random_n15_p06.json,random,15,0.6,,,49,22.0,22.0,False,false,True,14
random_n15_p06.json,random,15,0.6,,,50,28.0,28.0,False,false,True,18
random_n15_p05.json,random,15,0.5,,,1,20.0,20.0,False,true,False,2
random_n15_p05.json,random,15,0.5,,,2,21.0,21.0,False,true,False,3
random_n15_p05.json,random,15,0.5,,,3,20.0,20.0,False,false,True,8
random_n15_p05.json,random,15,0.5,,,4,23.0,23.0,False,false,True,4
random_n15_p05.json,random,15,0.5,,,5,22.0,22.0,False,true,False,12
random_n15_p05.json,random,15,0.5,,,6,20.0,20.0,False,true,False,8
random_n15_p05.json,random,15,0.5,,,7,18.0,18.0,False,false,True,9
random_n15_p05.json,random,15,0.5,,,8,31.0,31.0,False,true,False,16
random_n15_p05.json,random,15,0.5,,,9,15.0,15.0,False,false,True,3
random_n15_p05.json,random,15,0.5,,,10,24.0,24.0,False,false,True,26
random_n15_p05.json,random,15,0.5,,,11,18.0,19.0,True,false,False,17
random_n15_p05.json,random,15,0.5,,,12,19.0,19.0,False,false,True,3
random_n15_p05.json,random,15,0.5,,,13,19.0,19.0,False,true,False,4
random_n15_p05.json,random,15,0.5,,,14,20.0,20.0,False,false,True,8
random_n15_p05.json,random,15,0.5,,,15,26.0,26.0,False,true,False,6
random_n15_p05.json,random,15,0.5,,,16,15.0,15.0,False,false,True,6
random_n15_p05.json,random,15,0.5,,,17,24.0,24.0,False,false,True,5
random_n15_p05.json,random,15,0.5,,,18,15.0,15.0,False,false,True,6
random_n15_p05.json,random,15,0.5,,,19,16.0,16.0,False,false,True,8
random_n15_p05.json,random,15,0.5,,,20,25.0,25.0,False,true,False,20
random_n15_p05.json,random,15,0.5,,,21,20.0,20.0,False,true,False,2
random_n15_p05.json,random,15,0.5,,,22,21.0,21.0,False,true,False,6
random_n15_p05.json,random,15,0.5,,,23,19.0,19.0,False,true,False,4
random_n15_p05.json,random,15,0.5,,,24,20.0,20.0,False,false,True,3
random_n15_p05.json,random,15,0.5,,,25,23.0,23.0,False,true,False,13
random_n15_p05.json,random,15,0.5,,,26,24.0,24.0,False,true,False,1
random_n15_p05.json,random,15,0.5,,,27,19.0,19.0,False,false,True,10
random_n15_p05.json,random,15,0.5,,,28,15.0,15.0,False,false,True,2
random_n15_p05.json,random,15,0.5,,,29,23.0,23.0,False,true,False,9
random_n15_p05.json,random,15,0.5,,,30,29.0,29.0,False,false,True,3
random_n15_p05.json,random,15,0.5,,,31,20.0,20.0,False,false,True,12
random_n15_p05.json,random,15,0.5,,,32,20.0,20.0,False,true,False,7
random_n15_p05.json,random,15,0.5,,,33,19.0,19.0,False,false,True,8
random_n15_p05.json,random,15,0.5,,,34,21.0,21.0,False,false,True,2
random_n15_p05.json,random,15,0.5,,,35,26.0,26.0,False,true,False,9
random_n15_p05.json,random,15,0.5,,,36,24.0,24.0,False,true,False,12
random_n15_p05.json,random,15,0.5,,,37,17.0,17.0,False,true,False,8
random_n15_p05.json,random,15,0.5,,,38,23.0,23.0,False,false,True,25
random_n15_p05.json,random,15,0.5,,,39,19.0,19.0,False,false,True,7
random_n15_p05.json,random,15,0.5,,,40,23.0,23.0,False,true,False,10
random_n15_p05.json,random,15,0.5,,,41,16.0,16.0,False,true,False,1
random_n15_p05.json,random,15,0.5,,,42,22.0,22.0,False,true,False,11
random_n15_p05.json,random,15,0.5,,,43,21.0,21.0,False,false,True,7
random_n15_p05.json,random,15,0.5,,,44,21.0,21.0,False,true,False,4
random_n15_p05.json,random,15,0.5,,,45,19.0,19.0,False,false,True,14
random_n15_p05.json,random,15,0.5,,,46,22.0,22.0,False,false,True,12
random_n15_p05.json,random,15,0.5,,,47,20.0,21.0,True,false,False,6
random_n15_p05.json,random,15,0.5,,,48,20.0,20.0,False,true,False,17
random_n15_p05.json,random,15,0.5,,,49,17.0,17.0,False,false,True,6
random_n15_p05.json,random,15,0.5,,,50,22.0,22.0,False,false,True,13
random_n15_p08.json,random,15,0.8,,,1,25.0,25.0,False,true,False,19
random_n15_p08.json,random,15,0.8,,,2,19.0,19.0,False,true,False,27
random_n15_p08.json,random,15,0.8,,,3,17.0,17.0,False,true,False,20
random_n15_p08.json,random,15,0.8,,,4,23.0,23.0,False,true,False,12
random_n15_p08.json,random,15,0.8,,,5,26.0,26.0,False,true,False,19
random_n15_p08.json,random,15,0.8,,,6,28.0,28.0,False,true,False,25
random_n15_p08.json,random,15,0.8,,,7,22.0,22.0,False,true,False,22
random_n15_p08.json,random,15,0.8,,,8,14.0,14.0,False,true,False,15
random_n15_p08.json,random,15,0.8,,,9,18.0,18.0,False,true,False,11
random_n15_p08.json,random,15,0.8,,,10,20.0,20.0,False,true,False,37
random_n15_p08.json,random,15,0.8,,,11,20.0,20.0,False,true,False,36
random_n15_p08.json,random,15,0.8,,,12,24.0,24.0,False,true,False,23
random_n15_p08.json,random,15,0.8,,,13,22.0,22.0,False,true,False,12
random_n15_p08.json,random,15,0.8,,,14,21.0,21.0,False,true,False,26
random_n15_p08.json,random,15,0.8,,,15,24.0,24.0,False,true,False,14
random_n15_p08.json,random,15,0.8,,,16,21.0,21.0,False,true,False,25
random_n15_p08.json,random,15,0.8,,,17,15.0,15.0,False,true,False,15
random_n15_p08.json,random,15,0.8,,,18,17.0,17.0,False,true,False,23
random_n15_p08.json,random,15,0.8,,,19,22.0,22.0,False,true,False,22
random_n15_p08.json,random,15,0.8,,,20,16.0,16.0,False,true,False,28
random_n15_p08.json,random,15,0.8,,,21,20.0,20.0,False,true,False,11
random_n15_p08.json,random,15,0.8,,,22,19.0,19.0,False,true,False,17
random_n15_p08.json,random,15,0.8,,,23,18.0,18.0,False,true,False,25
random_n15_p08.json,random,15,0.8,,,24,20.0,20.0,False,true,False,24
random_n15_p08.json,random,15,0.8,,,25,13.0,13.0,False,true,False,17
random_n15_p08.json,random,15,0.8,,,26,21.0,21.0,False,true,False,5
random_n15_p08.json,random,15,0.8,,,27,23.0,23.0,False,true,False,26
random_n15_p08.json,random,15,0.8,,,28,27.0,27.0,False,false,True,22
random_n15_p08.json,random,15,0.8,,,29,22.0,22.0,False,true,False,26
random_n15_p08.json,random,15,0.8,,,30,23.0,23.0,False,true,False,6
random_n15_p08.json,random,15,0.8,,,31,20.0,20.0,False,true,False,31
random_n15_p08.json,random,15,0.8,,,32,28.0,28.0,False,true,False,20
random_n15_p08.json,random,15,0.8,,,33,19.0,19.0,False,true,False,29
random_n15_p08.json,random,15,0.8,,,34,24.0,24.0,False,true,False,9
random_n15_p08.json,random,15,0.8,,,35,24.0,24.0,False,true,False,12
random_n15_p08.json,random,15,0.8,,,36,18.0,18.0,False,true,False,15
random_n15_p08.json,random,15,0.8,,,37,15.0,15.0,False,true,False,29
random_n15_p08.json,random,15,0.8,,,38,16.0,16.0,False,true,False,43
random_n15_p08.json,random,15,0.8,,,39,19.0,19.0,False,true,False,24
random_n15_p08.json,random,15,0.8,,,40,15.0,15.0,False,true,False,16
random_n15_p08.json,random,15,0.8,,,41,26.0,26.0,False,true,False,25
random_n15_p08.json,random,15,0.8,,,42,16.0,16.0,False,true,False,23
random_n15_p08.json,random,15,0.8,,,43,23.0,23.0,False,true,False,18
random_n15_p08.json,random,15,0.8,,,44,22.0,22.0,False,true,False,13
random_n15_p08.json,random,15,0.8,,,45,18.0,18.0,False,true,False,19
random_n15_p08.json,random,15,0.8,,,46,14.0,14.0,False,true,False,21
random_n15_p08.json,random,15,0.8,,,47,22.0,22.0,False,true,False,14
random_n15_p08.json,random,15,0.8,,,48,18.0,18.0,False,true,False,48
random_n15_p08.json,random,15,0.8,,,49,20.0,20.0,False,true,False,27
random_n15_p08.json,random,15,0.8,,,50,21.0,21.0,False,true,False,29
random_n15_p04.json,random,15,0.4,,,1,15.0,15.0,False,true,False,1
random_n15_p04.json,random,15,0.4,,,2,12.0,12.0,False,true,False,1
random_n15_p04.json,random,15,0.4,,,3,13.0,13.0,False,false,True,4
random_n15_p04.json,random,15,0.4,,,4,14.0,14.0,False,true,False,0
random_n15_p04.json,random,15,0.4,,,5,16.0,16.0,False,true,False,2
random_n15_p04.json,random,15,0.4,,,6,14.0,14.0,False,false,True,6
random_n15_p04.json,random,15,0.4,,,7,17.0,17.0,False,true,False,3
random_n15_p04.json,random,15,0.4,,,8,20.0,20.0,False,true,False,10
random_n15_p04.json,random,15,0.4,,,9,12.0,12.0,False,true,False,0
random_n15_p04.json,random,15,0.4,,,10,17.0,17.0,False,false,True,9
random_n15_p04.json,random,15,0.4,,,11,14.0,14.0,False,false,True,9
random_n15_p04.json,random,15,0.4,,,12,12.0,12.0,False,false,True,2
random_n15_p04.json,random,15,0.4,,,13,11.0,11.0,False,false,True,4
random_n15_p04.json,random,15,0.4,,,14,16.0,16.0,False,false,True,6
random_n15_p04.json,random,15,0.4,,,15,17.0,17.0,False,true,False,1
random_n15_p04.json,random,15,0.4,,,16,11.0,11.0,False,true,False,3
random_n15_p04.json,random,15,0.4,,,17,17.0,17.0,False,true,False,2
random_n15_p04.json,random,15,0.4,,,18,13.0,13.0,False,false,True,1
random_n15_p04.json,random,15,0.4,,,19,5.0,5.0,False,true,False,0
random_n15_p04.json,random,15,0.4,,,20,17.0,17.0,False,false,True,10
random_n15_p04.json,random,15,0.4,,,21,14.0,14.0,False,true,False,1
random_n15_p04.json,random,15,0.4,,,22,11.0,11.0,False,false,True,2
random_n15_p04.json,random,15,0.4,,,23,11.0,11.0,False,false,True,3
random_n15_p04.json,random,15,0.4,,,24,16.0,17.0,True,false,False,2
random_n15_p04.json,random,15,0.4,,,25,15.0,15.0,False,false,True,3
random_n15_p04.json,random,15,0.4,,,26,21.0,21.0,False,true,False,1
random_n15_p04.json,random,15,0.4,,,27,12.0,13.0,True,false,False,7
random_n15_p04.json,random,15,0.4,,,28,11.0,11.0,False,false,True,1
random_n15_p04.json,random,15,0.4,,,29,16.0,16.0,False,true,False,3
random_n15_p04.json,random,15,0.4,,,30,20.0,20.0,False,false,True,1
random_n15_p04.json,random,15,0.4,,,31,8.0,8.0,False,true,False,3
random_n15_p04.json,random,15,0.4,,,32,17.0,17.0,False,false,True,5
random_n15_p04.json,random,15,0.4,,,33,13.0,13.0,False,true,False,2
random_n15_p04.json,random,15,0.4,,,34,18.0,18.0,False,true,False,2
random_n15_p04.json,random,15,0.4,,,35,17.0,17.0,False,true,False,2
random_n15_p04.json,random,15,0.4,,,36,19.0,19.0,False,false,True,8
random_n15_p04.json,random,15,0.4,,,37,16.0,16.0,False,false,True,4
random_n15_p04.json,random,15,0.4,,,38,18.0,18.0,False,false,True,11
random_n15_p04.json,random,15,0.4,,,39,15.0,15.0,False,false,True,2
random_n15_p04.json,random,15,0.4,,,40,16.0,16.0,False,true,False,8
random_n15_p04.json,random,15,0.4,,,41,12.0,12.0,False,false,True,1
random_n15_p04.json,random,15,0.4,,,42,15.0,15.0,False,true,False,3
random_n15_p04.json,random,15,0.4,,,43,13.0,13.0,False,true,False,0
random_n15_p04.json,random,15,0.4,,,44,17.0,18.0,True,false,False,5
random_n15_p04.json,random,15,0.4,,,45,13.0,13.0,False,true,False,4
random_n15_p04.json,random,15,0.4,,,46,13.0,13.0,False,false,True,7
random_n15_p04.json,random,15,0.4,,,47,9.0,9.0,False,true,False,0
random_n15_p04.json,random,15,0.4,,,48,12.0,12.0,False,false,True,2
random_n15_p04.json,random,15,0.4,,,49,12.0,12.0,False,false,True,2
random_n15_p04.json,random,15,0.4,,,50,14.0,14.0,False,false,True,6
random_n15_p03.json,random,15,0.3,,,1,10.0,11.0,True,false,False,2
random_n15_p03.json,random,15,0.3,,,2,8.0,8.0,False,true,False,1
random_n15_p03.json,random,15,0.3,,,3,12.0,12.0,False,false,True,2
random_n15_p03.json,random,15,0.3,,,4,6.0,6.0,False,true,False,0
random_n15_p03.json,random,15,0.3,,,5,6.0,6.0,False,true,False,0
random_n15_p03.json,random,15,0.3,,,6,6.0,6.0,False,true,False,1
random_n15_p03.json,random,15,0.3,,,7,9.0,9.0,False,true,False,0
random_n15_p03.json,random,15,0.3,,,8,11.0,11.0,False,true,False,2
random_n15_p03.json,random,15,0.3,,,9,7.0,7.0,False,true,False,0
random_n15_p03.json,random,15,0.3,,,10,9.0,9.0,False,true,False,2
random_n15_p03.json,random,15,0.3,,,11,7.0,7.0,False,true,False,0
random_n15_p03.json,random,15,0.3,,,12,9.0,9.0,False,true,False,2
random_n15_p03.json,random,15,0.3,,,13,3.0,3.0,False,true,False,0
random_n15_p03.json,random,15,0.3,,,14,11.0,11.0,False,false,True,2
random_n15_p03.json,random,15,0.3,,,15,10.0,10.0,False,true,False,0
random_n15_p03.json,random,15,0.3,,,16,4.0,4.0,False,true,False,0
random_n15_p03.json,random,15,0.3,,,17,11.0,11.0,False,true,False,0
random_n15_p03.json,random,15,0.3,,,18,7.0,7.0,False,true,False,0
random_n15_p03.json,random,15,0.3,,,19,1.0,1.0,False,true,False,0
random_n15_p03.json,random,15,0.3,,,20,8.0,8.0,False,true,False,1
random_n15_p03.json,random,15,0.3,,,21,11.0,11.0,False,true,False,0
random_n15_p03.json,random,15,0.3,,,22,5.0,5.0,False,true,False,0
random_n15_p03.json,random,15,0.3,,,23,5.0,5.0,False,true,False,0
random_n15_p03.json,random,15,0.3,,,24,9.0,9.0,False,true,False,0
random_n15_p03.json,random,15,0.3,,,25,10.0,10.0,False,false,True,1
random_n15_p03.json,random,15,0.3,,,26,14.0,14.0,False,true,False,1
random_n15_p03.json,random,15,0.3,,,27,6.0,6.0,False,true,False,0
random_n15_p03.json,random,15,0.3,,,28,5.0,5.0,False,true,False,0
random_n15_p03.json,random,15,0.3,,,29,10.0,10.0,False,false,True,1
random_n15_p03.json,random,15,0.3,,,30,11.0,11.0,False,true,False,0
random_n15_p03.json,random,15,0.3,,,31,4.0,4.0,False,false,True,1
random_n15_p03.json,random,15,0.3,,,32,8.0,8.0,False,true,False,0
random_n15_p03.json,random,15,0.3,,,33,10.0,10.0,False,false,True,1
random_n15_p03.json,random,15,0.3,,,34,8.0,9.0,True,false,False,3
random_n15_p03.json,random,15,0.3,,,35,9.0,9.0,False,true,False,0
random_n15_p03.json,random,15,0.3,,,36,12.0,12.0,False,false,True,2
random_n15_p03.json,random,15,0.3,,,37,10.0,10.0,False,true,False,0
random_n15_p03.json,random,15,0.3,,,38,10.0,10.0,False,false,True,1
random_n15_p03.json,random,15,0.3,,,39,9.0,9.0,False,true,False,0
random_n15_p03.json,random,15,0.3,,,40,9.0,9.0,False,true,False,0
random_n15_p03.json,random,15,0.3,,,41,5.0,5.0,False,true,False,0
random_n15_p03.json,random,15,0.3,,,42,7.0,7.0,False,true,False,0
random_n15_p03.json,random,15,0.3,,,43,6.0,6.0,False,true,False,0
random_n15_p03.json,random,15,0.3,,,44,13.0,13.0,False,false,True,3
random_n15_p03.json,random,15,0.3,,,45,6.0,6.0,False,true,False,0
random_n15_p03.json,random,15,0.3,,,46,5.0,6.0,True,false,False,3
random_n15_p03.json,random,15,0.3,,,47,5.0,5.0,False,true,False,0
random_n15_p03.json,random,15,0.3,,,48,5.0,5.0,False,true,False,1
random_n15_p03.json,random,15,0.3,,,49,9.0,9.0,False,true,False,0
random_n15_p03.json,random,15,0.3,,,50,7.0,8.0,True,false,False,2
random_n15_p02.json,random,15,0.2,,,1,2.0,2.0,False,true,False,0
random_n15_p02.json,random,15,0.2,,,2,2.0,2.0,False,true,False,0
random_n15_p02.json,random,15,0.2,,,3,2.0,2.0,False,true,False,0
random_n15_p02.json,random,15,0.2,,,4,1.0,1.0,False,true,False,0
random_n15_p02.json,random,15,0.2,,,5,2.0,2.0,False,true,False,0
random_n15_p02.json,random,15,0.2,,,6,2.0,2.0,False,true,False,0
random_n15_p02.json,random,15,0.2,,,7,4.0,4.0,False,true,False,0
random_n15_p02.json,random,15,0.2,,,8,4.0,4.0,False,true,False,0
random_n15_p02.json,random,15,0.2,,,9,2.0,2.0,False,true,False,0
random_n15_p02.json,random,15,0.2,,,10,2.0,2.0,False,true,False,0
random_n15_p02.json,random,15,0.2,,,11,0.0,0.0,False,true,False,0
random_n15_p02.json,random,15,0.2,,,12,3.0,3.0,False,true,False,0
random_n15_p02.json,random,15,0.2,,,13,0.0,0.0,False,true,False,0
random_n15_p02.json,random,15,0.2,,,14,3.0,3.0,False,true,False,0
random_n15_p02.json,random,15,0.2,,,15,0.0,0.0,False,true,False,0
random_n15_p02.json,random,15,0.2,,,16,2.0,2.0,False,true,False,0
random_n15_p02.json,random,15,0.2,,,17,3.0,3.0,False,true,False,0
random_n15_p02.json,random,15,0.2,,,18,0.0,0.0,False,true,False,0
random_n15_p02.json,random,15,0.2,,,19,1.0,1.0,False,true,False,0
random_n15_p02.json,random,15,0.2,,,20,2.0,2.0,False,true,False,0
random_n15_p02.json,random,15,0.2,,,21,4.0,4.0,False,true,False,0
random_n15_p02.json,random,15,0.2,,,22,2.0,2.0,False,true,False,0
random_n15_p02.json,random,15,0.2,,,23,0.0,0.0,False,true,False,0
random_n15_p02.json,random,15,0.2,,,24,0.0,0.0,False,true,False,0
random_n15_p02.json,random,15,0.2,,,25,3.0,3.0,False,true,False,0
random_n15_p02.json,random,15,0.2,,,26,3.0,3.0,False,true,False,0
random_n15_p02.json,random,15,0.2,,,27,1.0,1.0,False,true,False,0
random_n15_p02.json,random,15,0.2,,,28,2.0,2.0,False,true,False,0
random_n15_p02.json,random,15,0.2,,,29,4.0,4.0,False,true,False,0
random_n15_p02.json,random,15,0.2,,,30,4.0,4.0,False,true,False,0
random_n15_p02.json,random,15,0.2,,,31,0.0,0.0,False,true,False,0
random_n15_p02.json,random,15,0.2,,,32,3.0,3.0,False,true,False,0
random_n15_p02.json,random,15,0.2,,,33,2.0,2.0,False,true,False,0
random_n15_p02.json,random,15,0.2,,,34,2.0,2.0,False,true,False,0
random_n15_p02.json,random,15,0.2,,,35,0.0,0.0,False,true,False,0
random_n15_p02.json,random,15,0.2,,,36,5.0,5.0,False,true,False,0
random_n15_p02.json,random,15,0.2,,,37,0.0,0.0,False,true,False,0
random_n15_p02.json,random,15,0.2,,,38,1.0,1.0,False,true,False,0
random_n15_p02.json,random,15,0.2,,,39,0.0,0.0,False,true,False,0
random_n15_p02.json,random,15,0.2,,,40,1.0,1.0,False,true,False,0
random_n15_p02.json,random,15,0.2,,,41,1.0,1.0,False,true,False,0
random_n15_p02.json,random,15,0.2,,,42,2.0,2.0,False,true,False,0
random_n15_p02.json,random,15,0.2,,,43,1.0,1.0,False,true,False,0
random_n15_p02.json,random,15,0.2,,,44,2.0,2.0,False,true,False,0
random_n15_p02.json,random,15,0.2,,,45,2.0,2.0,False,true,False,0
random_n15_p02.json,random,15,0.2,,,46,1.0,1.0,False,true,False,0
random_n15_p02.json,random,15,0.2,,,47,1.0,1.0,False,true,False,0
random_n15_p02.json,random,15,0.2,,,48,1.0,1.0,False,true,False,0
random_n15_p02.json,random,15,0.2,,,49,1.0,1.0,False,true,False,0
random_n15_p02.json,random,15,0.2,,,50,2.0,2.0,False,true,False,0
random_n25_p03.json,random,25,0.3,,,1,30.0,30.0,False,false,True,7
random_n25_p03.json,random,25,0.3,,,2,40.0,40.0,False,false,True,14
random_n25_p03.json,random,25,0.3,,,3,27.0,27.0,False,false,True,2
random_n25_p03.json,random,25,0.3,,,4,22.0,22.0,False,true,False,0
random_n25_p03.json,random,25,0.3,,,5,26.0,26.0,False,false,True,17
random_n25_p03.json,random,25,0.3,,,6,27.0,27.0,False,false,True,10
random_n25_p03.json,random,25,0.3,,,7,27.0,27.0,False,false,True,7
random_n25_p03.json,random,25,0.3,,,8,28.0,28.0,False,true,False,6
random_n25_p03.json,random,25,0.3,,,9,23.0,23.0,False,false,True,4
random_n25_p03.json,random,25,0.3,,,10,29.0,29.0,False,false,True,5
random_n25_p03.json,random,25,0.3,,,11,22.0,23.0,True,false,False,12
random_n25_p03.json,random,25,0.3,,,12,30.0,30.0,False,false,True,17
random_n25_p03.json,random,25,0.3,,,13,25.0,26.0,True,false,False,4
random_n25_p03.json,random,25,0.3,,,14,28.0,28.0,False,true,False,7
random_n25_p03.json,random,25,0.3,,,15,28.0,28.0,False,true,False,2
random_n25_p03.json,random,25,0.3,,,16,22.0,22.0,False,false,True,7
random_n25_p03.json,random,25,0.3,,,17,31.0,31.0,False,false,True,10
random_n25_p03.json,random,25,0.3,,,18,25.0,25.0,False,true,False,5
random_n25_p03.json,random,25,0.3,,,19,26.0,26.0,False,false,True,5
random_n25_p03.json,random,25,0.3,,,20,34.0,34.0,False,false,True,8
random_n25_p03.json,random,25,0.3,,,21,29.0,29.0,False,false,True,6
random_n25_p03.json,random,25,0.3,,,22,23.0,23.0,False,false,True,3
random_n25_p03.json,random,25,0.3,,,23,27.0,27.0,False,false,True,8
random_n25_p03.json,random,25,0.3,,,24,26.0,26.0,False,false,True,1
random_n25_p03.json,random,25,0.3,,,25,29.0,29.0,False,false,True,9
random_n25_p03.json,random,25,0.3,,,26,35.0,35.0,False,true,False,19
random_n25_p03.json,random,25,0.3,,,27,19.0,19.0,False,false,True,6
random_n25_p03.json,random,25,0.3,,,28,13.0,13.0,False,false,True,4
random_n25_p03.json,random,25,0.3,,,29,31.0,31.0,False,false,True,5
random_n25_p03.json,random,25,0.3,,,30,25.0,25.0,False,true,False,13
random_n25_p03.json,random,25,0.3,,,31,23.0,23.0,False,false,True,3
random_n25_p03.json,random,25,0.3,,,32,34.0,34.0,False,false,True,22
random_n25_p03.json,random,25,0.3,,,33,33.0,33.0,False,false,True,9
random_n25_p03.json,random,25,0.3,,,34,30.0,30.0,False,false,True,7
random_n25_p03.json,random,25,0.3,,,35,29.0,30.0,True,false,False,10
random_n25_p03.json,random,25,0.3,,,36,35.0,36.0,True,false,False,12
random_n25_p03.json,random,25,0.3,,,37,29.0,30.0,True,false,False,12
random_n25_p03.json,random,25,0.3,,,38,27.0,27.0,False,false,True,11
random_n25_p03.json,random,25,0.3,,,39,27.0,28.0,True,false,False,5
random_n25_p03.json,random,25,0.3,,,40,24.0,24.0,False,false,True,1
random_n25_p03.json,random,25,0.3,,,41,29.0,29.0,False,true,False,5
random_n25_p03.json,random,25,0.3,,,42,28.0,28.0,False,false,True,7
random_n25_p03.json,random,25,0.3,,,43,20.0,20.0,False,true,False,5
random_n25_p03.json,random,25,0.3,,,44,34.0,34.0,False,false,True,9
random_n25_p03.json,random,25,0.3,,,45,27.0,27.0,False,false,True,6
random_n25_p03.json,random,25,0.3,,,46,35.0,35.0,False,false,True,7
random_n25_p03.json,random,25,0.3,,,47,22.0,22.0,False,false,True,3
random_n25_p03.json,random,25,0.3,,,48,20.0,20.0,False,false,True,5
random_n25_p03.json,random,25,0.3,,,49,29.0,29.0,False,true,False,9
random_n25_p03.json,random,25,0.3,,,50,29.0,30.0,True,false,False,7
random_n25_p02.json,random,25,0.2,,,1,6.0,6.0,False,true,False,0
random_n25_p02.json,random,25,0.2,,,2,12.0,12.0,False,true,False,1
random_n25_p02.json,random,25,0.2,,,3,6.0,6.0,False,true,False,0
random_n25_p02.json,random,25,0.2,,,4,4.0,4.0,False,true,False,0
random_n25_p02.json,random,25,0.2,,,5,6.0,6.0,False,true,False,1
random_n25_p02.json,random,25,0.2,,,6,6.0,6.0,False,true,False,0
random_n25_p02.json,random,25,0.2,,,7,9.0,9.0,False,false,True,1
random_n25_p02.json,random,25,0.2,,,8,10.0,10.0,False,true,False,0
random_n25_p02.json,random,25,0.2,,,9,5.0,5.0,False,true,False,0
random_n25_p02.json,random,25,0.2,,,10,5.0,5.0,False,true,False,0
random_n25_p02.json,random,25,0.2,,,11,6.0,6.0,False,false,True,1
random_n25_p02.json,random,25,0.2,,,12,8.0,8.0,False,true,False,0
random_n25_p02.json,random,25,0.2,,,13,5.0,5.0,False,true,False,0
random_n25_p02.json,random,25,0.2,,,14,11.0,11.0,False,true,False,1
random_n25_p02.json,random,25,0.2,,,15,6.0,6.0,False,true,False,0
random_n25_p02.json,random,25,0.2,,,16,8.0,8.0,False,true,False,1
random_n25_p02.json,random,25,0.2,,,17,8.0,8.0,False,true,False,0
random_n25_p02.json,random,25,0.2,,,18,6.0,6.0,False,true,False,0
random_n25_p02.json,random,25,0.2,,,19,7.0,7.0,False,true,False,0
random_n25_p02.json,random,25,0.2,,,20,8.0,9.0,True,false,False,2
random_n25_p02.json,random,25,0.2,,,21,7.0,7.0,False,true,False,0
random_n25_p02.json,random,25,0.2,,,22,7.0,7.0,False,false,True,3
random_n25_p02.json,random,25,0.2,,,23,7.0,7.0,False,true,False,0
random_n25_p02.json,random,25,0.2,,,24,4.0,4.0,False,true,False,0
random_n25_p02.json,random,25,0.2,,,25,2.0,2.0,False,false,True,1
random_n25_p02.json,random,25,0.2,,,26,8.0,8.0,False,true,False,1
random_n25_p02.json,random,25,0.2,,,27,5.0,5.0,False,true,False,0
random_n25_p02.json,random,25,0.2,,,28,3.0,3.0,False,true,False,0
random_n25_p02.json,random,25,0.2,,,29,9.0,9.0,False,true,False,0
random_n25_p02.json,random,25,0.2,,,30,7.0,7.0,False,true,False,0
random_n25_p02.json,random,25,0.2,,,31,1.0,1.0,False,true,False,0
random_n25_p02.json,random,25,0.2,,,32,11.0,11.0,False,true,False,3
random_n25_p02.json,random,25,0.2,,,33,9.0,10.0,True,false,False,3
random_n25_p02.json,random,25,0.2,,,34,6.0,6.0,False,true,False,0
random_n25_p02.json,random,25,0.2,,,35,6.0,6.0,False,true,False,1
random_n25_p02.json,random,25,0.2,,,36,7.0,7.0,False,true,False,0
random_n25_p02.json,random,25,0.2,,,37,7.0,7.0,False,true,False,0
random_n25_p02.json,random,25,0.2,,,38,1.0,2.0,True,false,False,1
random_n25_p02.json,random,25,0.2,,,39,8.0,8.0,False,true,False,0
random_n25_p02.json,random,25,0.2,,,40,4.0,4.0,False,true,False,0
random_n25_p02.json,random,25,0.2,,,41,5.0,5.0,False,true,False,0
random_n25_p02.json,random,25,0.2,,,42,7.0,8.0,True,false,False,1
random_n25_p02.json,random,25,0.2,,,43,2.0,2.0,False,true,False,0
random_n25_p02.json,random,25,0.2,,,44,11.0,11.0,False,true,False,0
random_n25_p02.json,random,25,0.2,,,45,5.0,5.0,False,true,False,0
random_n25_p02.json,random,25,0.2,,,46,8.0,8.0,False,true,False,0
random_n25_p02.json,random,25,0.2,,,47,5.0,6.0,True,false,False,1
random_n25_p02.json,random,25,0.2,,,48,5.0,5.0,False,true,False,0
random_n25_p02.json,random,25,0.2,,,49,3.0,3.0,False,true,False,0
random_n25_p02.json,random,25,0.2,,,50,9.0,9.0,False,true,False,0
random_n25_p05.json,random,25,0.5,,,1,69.0,69.0,False,false,True,94
random_n25_p05.json,random,25,0.5,,,2,79.0,79.0,False,false,True,99
random_n25_p05.json,random,25,0.5,,,3,68.0,68.0,False,false,True,46
random_n25_p05.json,random,25,0.5,,,4,63.0,64.0,True,false,False,32
random_n25_p05.json,random,25,0.5,,,5,77.0,77.0,False,true,False,94
random_n25_p05.json,random,25,0.5,,,6,65.0,65.0,False,false,True,68
random_n25_p05.json,random,25,0.5,,,7,64.0,64.0,False,false,True,81
random_n25_p05.json,random,25,0.5,,,8,76.0,76.0,False,true,False,66
random_n25_p05.json,random,25,0.5,,,9,65.0,65.0,False,false,True,63
random_n25_p05.json,random,25,0.5,,,10,72.0,72.0,False,true,False,70
random_n25_p05.json,random,25,0.5,,,11,68.0,68.0,False,false,True,128
random_n25_p05.json,random,25,0.5,,,12,61.0,61.0,False,false,True,92
random_n25_p05.json,random,25,0.5,,,13,68.0,68.0,False,true,False,34
random_n25_p05.json,random,25,0.5,,,14,65.0,65.0,False,true,False,71
random_n25_p05.json,random,25,0.5,,,15,76.0,76.0,False,true,False,32
random_n25_p05.json,random,25,0.5,,,16,68.0,68.0,False,false,True,78
random_n25_p05.json,random,25,0.5,,,17,75.0,75.0,False,false,True,76
random_n25_p05.json,random,25,0.5,,,18,59.0,59.0,False,false,True,55
random_n25_p05.json,random,25,0.5,,,19,62.0,62.0,False,true,False,50
random_n25_p05.json,random,25,0.5,,,20,71.0,71.0,False,false,True,63
random_n25_p05.json,random,25,0.5,,,21,70.0,70.0,False,false,True,67
random_n25_p05.json,random,25,0.5,,,22,67.0,67.0,False,false,True,67
random_n25_p05.json,random,25,0.5,,,23,69.0,69.0,False,false,True,58
random_n25_p05.json,random,25,0.5,,,24,65.0,65.0,False,false,True,77
random_n25_p05.json,random,25,0.5,,,25,65.0,65.0,False,false,True,95
random_n25_p05.json,random,25,0.5,,,26,77.0,77.0,False,true,False,63
random_n25_p05.json,random,25,0.5,,,27,56.0,56.0,False,false,True,43
random_n25_p05.json,random,25,0.5,,,28,54.0,54.0,False,false,True,32
random_n25_p05.json,random,25,0.5,,,29,74.0,74.0,False,true,False,67
random_n25_p05.json,random,25,0.5,,,30,66.0,66.0,False,false,True,93
random_n25_p05.json,random,25,0.5,,,31,63.0,63.0,False,true,False,53
random_n25_p05.json,random,25,0.5,,,32,71.0,71.0,False,true,False,139
random_n25_p05.json,random,25,0.5,,,33,78.0,78.0,False,false,True,79
random_n25_p05.json,random,25,0.5,,,34,68.0,68.0,False,true,False,81
random_n25_p05.json,random,25,0.5,,,35,74.0,74.0,False,false,True,88
random_n25_p05.json,random,25,0.5,,,36,79.0,79.0,False,true,False,102
random_n25_p05.json,random,25,0.5,,,37,72.0,72.0,False,false,True,102
random_n25_p05.json,random,25,0.5,,,38,69.0,69.0,False,true,False,107
random_n25_p05.json,random,25,0.5,,,39,65.0,65.0,False,false,True,86
random_n25_p05.json,random,25,0.5,,,40,68.0,68.0,False,false,True,70
random_n25_p05.json,random,25,0.5,,,41,68.0,68.0,False,false,True,42
random_n25_p05.json,random,25,0.5,,,42,66.0,66.0,False,false,True,85
random_n25_p05.json,random,25,0.5,,,43,67.0,67.0,False,false,True,109
random_n25_p05.json,random,25,0.5,,,44,74.0,74.0,False,true,False,75
random_n25_p05.json,random,25,0.5,,,45,70.0,71.0,True,false,False,73
random_n25_p05.json,random,25,0.5,,,46,82.0,82.0,False,false,True,84
random_n25_p05.json,random,25,0.5,,,47,63.0,63.0,False,false,True,86
random_n25_p05.json,random,25,0.5,,,48,65.0,65.0,False,false,True,72
random_n25_p05.json,random,25,0.5,,,49,65.0,65.0,False,true,False,52
random_n25_p05.json,random,25,0.5,,,50,71.0,71.0,False,false,True,98
random_n25_p08.json,random,25,0.8,,,1,56.0,56.0,False,true,False,251
random_n25_p08.json,random,25,0.8,,,2,56.0,56.0,False,true,False,185
random_n25_p08.json,random,25,0.8,,,3,56.0,56.0,False,true,False,128
random_n25_p08.json,random,25,0.8,,,4,77.0,77.0,False,true,False,117
random_n25_p08.json,random,25,0.8,,,5,61.0,61.0,False,true,False,222
random_n25_p08.json,random,25,0.8,,,6,70.0,70.0,False,true,False,194
random_n25_p08.json,random,25,0.8,,,7,64.0,64.0,False,true,False,174
random_n25_p08.json,random,25,0.8,,,8,58.0,58.0,False,true,False,136
random_n25_p08.json,random,25,0.8,,,9,57.0,57.0,False,true,False,232
random_n25_p08.json,random,25,0.8,,,10,59.0,59.0,False,true,False,146
random_n25_p08.json,random,25,0.8,,,11,55.0,55.0,False,true,False,223
random_n25_p08.json,random,25,0.8,,,12,71.0,71.0,False,true,False,268
random_n25_p08.json,random,25,0.8,,,13,61.0,61.0,False,true,False,140
random_n25_p08.json,random,25,0.8,,,14,55.0,55.0,False,true,False,216
random_n25_p08.json,random,25,0.8,,,15,66.0,66.0,False,true,False,94
random_n25_p08.json,random,25,0.8,,,16,60.0,60.0,False,true,False,234
random_n25_p08.json,random,25,0.8,,,17,52.0,52.0,False,true,False,160
random_n25_p08.json,random,25,0.8,,,18,55.0,55.0,False,true,False,208
random_n25_p08.json,random,25,0.8,,,19,62.0,62.0,False,true,False,170
random_n25_p08.json,random,25,0.8,,,20,58.0,58.0,False,true,False,166
random_n25_p08.json,random,25,0.8,,,21,55.0,55.0,False,true,False,201
random_n25_p08.json,random,25,0.8,,,22,45.0,45.0,False,true,False,223
random_n25_p08.json,random,25,0.8,,,23,59.0,59.0,False,true,False,170
random_n25_p08.json,random,25,0.8,,,24,60.0,60.0,False,true,False,238
random_n25_p08.json,random,25,0.8,,,25,58.0,58.0,False,true,False,179
random_n25_p08.json,random,25,0.8,,,26,65.0,65.0,False,true,False,111
random_n25_p08.json,random,25,0.8,,,27,68.0,68.0,False,true,False,231
random_n25_p08.json,random,25,0.8,,,28,79.0,79.0,False,true,False,191
random_n25_p08.json,random,25,0.8,,,29,50.0,50.0,False,true,False,162
random_n25_p08.json,random,25,0.8,,,30,62.0,62.0,False,true,False,193
random_n25_p08.json,random,25,0.8,,,31,71.0,71.0,False,true,False,152
random_n25_p08.json,random,25,0.8,,,32,58.0,58.0,False,true,False,246
random_n25_p08.json,random,25,0.8,,,33,57.0,57.0,False,true,False,132
random_n25_p08.json,random,25,0.8,,,34,63.0,63.0,False,true,False,185
random_n25_p08.json,random,25,0.8,,,35,65.0,65.0,False,true,False,170
random_n25_p08.json,random,25,0.8,,,36,59.0,59.0,False,true,False,178
random_n25_p08.json,random,25,0.8,,,37,50.0,50.0,False,true,False,192
random_n25_p08.json,random,25,0.8,,,38,56.0,56.0,False,true,False,226
random_n25_p08.json,random,25,0.8,,,39,56.0,56.0,False,true,False,201
random_n25_p08.json,random,25,0.8,,,40,56.0,56.0,False,true,False,215
random_n25_p08.json,random,25,0.8,,,41,61.0,61.0,False,true,False,156
random_n25_p08.json,random,25,0.8,,,42,57.0,57.0,False,true,False,241
random_n25_p08.json,random,25,0.8,,,43,61.0,61.0,False,true,False,197
random_n25_p08.json,random,25,0.8,,,44,58.0,58.0,False,true,False,174
random_n25_p08.json,random,25,0.8,,,45,61.0,61.0,False,true,False,150
random_n25_p08.json,random,25,0.8,,,46,39.0,39.0,False,true,False,141
random_n25_p08.json,random,25,0.8,,,47,59.0,59.0,False,true,False,209
random_n25_p08.json,random,25,0.8,,,48,54.0,54.0,False,true,False,218
random_n25_p08.json,random,25,0.8,,,49,63.0,63.0,False,true,False,160
random_n25_p08.json,random,25,0.8,,,50,60.0,60.0,False,true,False,234
random_n25_p04.json,random,25,0.4,,,1,53.0,53.0,False,false,True,40
random_n25_p04.json,random,25,0.4,,,2,59.0,59.0,False,false,True,54
random_n25_p04.json,random,25,0.4,,,3,49.0,49.0,False,false,True,26
random_n25_p04.json,random,25,0.4,,,4,47.0,48.0,True,false,False,14
random_n25_p04.json,random,25,0.4,,,5,55.0,55.0,False,false,True,54
random_n25_p04.json,random,25,0.4,,,6,50.0,50.0,False,false,True,32
random_n25_p04.json,random,25,0.4,,,7,51.0,51.0,False,false,True,43
random_n25_p04.json,random,25,0.4,,,8,52.0,52.0,False,false,True,31
random_n25_p04.json,random,25,0.4,,,9,44.0,44.0,False,true,False,36
random_n25_p04.json,random,25,0.4,,,10,53.0,53.0,False,false,True,25
random_n25_p04.json,random,25,0.4,,,11,43.0,45.0,True,false,False,64
random_n25_p04.json,random,25,0.4,,,12,38.0,38.0,False,false,True,27
random_n25_p04.json,random,25,0.4,,,13,48.0,48.0,False,false,True,13
random_n25_p04.json,random,25,0.4,,,14,46.0,46.0,False,false,True,43
random_n25_p04.json,random,25,0.4,,,15,50.0,50.0,False,true,False,12
random_n25_p04.json,random,25,0.4,,,16,45.0,45.0,False,false,True,39
random_n25_p04.json,random,25,0.4,,,17,54.0,54.0,False,false,True,48
random_n25_p04.json,random,25,0.4,,,18,46.0,46.0,False,false,True,27
random_n25_p04.json,random,25,0.4,,,19,45.0,46.0,True,false,False,27
random_n25_p04.json,random,25,0.4,,,20,55.0,55.0,False,false,True,21
random_n25_p04.json,random,25,0.4,,,21,52.0,52.0,False,false,True,31
random_n25_p04.json,random,25,0.4,,,22,45.0,46.0,True,false,False,24
random_n25_p04.json,random,25,0.4,,,23,46.0,46.0,False,true,False,22
random_n25_p04.json,random,25,0.4,,,24,49.0,49.0,False,false,True,41
random_n25_p04.json,random,25,0.4,,,25,40.0,40.0,False,false,True,18
random_n25_p04.json,random,25,0.4,,,26,55.0,55.0,False,false,True,34
random_n25_p04.json,random,25,0.4,,,27,37.0,38.0,True,false,False,21
random_n25_p04.json,random,25,0.4,,,28,37.0,38.0,True,false,False,21
random_n25_p04.json,random,25,0.4,,,29,59.0,59.0,False,false,True,36
random_n25_p04.json,random,25,0.4,,,30,51.0,52.0,True,false,False,50
random_n25_p04.json,random,25,0.4,,,31,41.0,41.0,False,false,True,17
random_n25_p04.json,random,25,0.4,,,32,52.0,52.0,False,true,False,62
random_n25_p04.json,random,25,0.4,,,33,56.0,56.0,False,false,True,41
random_n25_p04.json,random,25,0.4,,,34,57.0,57.0,False,false,True,44
random_n25_p04.json,random,25,0.4,,,35,54.0,54.0,False,false,True,46
random_n25_p04.json,random,25,0.4,,,36,58.0,58.0,False,false,True,57
random_n25_p04.json,random,25,0.4,,,37,59.0,59.0,False,false,True,62
random_n25_p04.json,random,25,0.4,,,38,55.0,56.0,True,false,False,77
random_n25_p04.json,random,25,0.4,,,39,47.0,47.0,False,true,False,28
random_n25_p04.json,random,25,0.4,,,40,52.0,52.0,False,false,True,37
random_n25_p04.json,random,25,0.4,,,41,42.0,42.0,False,true,False,13
random_n25_p04.json,random,25,0.4,,,42,46.0,46.0,False,false,True,29
random_n25_p04.json,random,25,0.4,,,43,40.0,40.0,False,true,False,47
random_n25_p04.json,random,25,0.4,,,44,55.0,55.0,False,false,True,35
random_n25_p04.json,random,25,0.4,,,45,41.0,41.0,False,true,False,22
random_n25_p04.json,random,25,0.4,,,46,55.0,55.0,False,true,False,36
random_n25_p04.json,random,25,0.4,,,47,38.0,38.0,False,true,False,24
random_n25_p04.json,random,25,0.4,,,48,46.0,46.0,False,false,True,29
random_n25_p04.json,random,25,0.4,,,49,46.0,46.0,False,false,True,24
random_n25_p04.json,random,25,0.4,,,50,49.0,49.0,False,false,True,36
random_n25_p07.json,random,25,0.7,,,1,84.0,84.0,False,true,False,232
random_n25_p07.json,random,25,0.7,,,2,79.0,79.0,False,true,False,172
random_n25_p07.json,random,25,0.7,,,3,83.0,83.0,False,false,True,94
random_n25_p07.json,random,25,0.7,,,4,89.0,89.0,False,true,False,77
random_n25_p07.json,random,25,0.7,,,5,85.0,85.0,False,true,False,210
random_n25_p07.json,random,25,0.7,,,6,88.0,88.0,False,true,False,163
random_n25_p07.json,random,25,0.7,,,7,81.0,81.0,False,true,False,166
random_n25_p07.json,random,25,0.7,,,8,88.0,88.0,False,true,False,132
random_n25_p07.json,random,25,0.7,,,9,89.0,89.0,False,false,True,178
random_n25_p07.json,random,25,0.7,,,10,76.0,76.0,False,true,False,133
random_n25_p07.json,random,25,0.7,,,11,76.0,76.0,False,true,False,239
random_n25_p07.json,random,25,0.7,,,12,87.0,87.0,False,true,False,220
random_n25_p07.json,random,25,0.7,,,13,86.0,86.0,False,true,False,122
random_n25_p07.json,random,25,0.7,,,14,83.0,83.0,False,true,False,193
random_n25_p07.json,random,25,0.7,,,15,91.0,91.0,False,true,False,87
random_n25_p07.json,random,25,0.7,,,16,77.0,77.0,False,true,False,228
random_n25_p07.json,random,25,0.7,,,17,73.0,73.0,False,true,False,177
random_n25_p07.json,random,25,0.7,,,18,84.0,84.0,False,false,True,208
random_n25_p07.json,random,25,0.7,,,19,84.0,84.0,False,false,True,161
random_n25_p07.json,random,25,0.7,,,20,81.0,81.0,False,false,True,149
random_n25_p07.json,random,25,0.7,,,21,86.0,86.0,False,true,False,176
random_n25_p07.json,random,25,0.7,,,22,78.0,78.0,False,true,False,223
random_n25_p07.json,random,25,0.7,,,23,87.0,87.0,False,true,False,157
random_n25_p07.json,random,25,0.7,,,24,83.0,83.0,False,true,False,228
random_n25_p07.json,random,25,0.7,,,25,81.0,81.0,False,true,False,184
random_n25_p07.json,random,25,0.7,,,26,93.0,93.0,False,true,False,114
random_n25_p07.json,random,25,0.7,,,27,89.0,89.0,False,true,False,195
random_n25_p07.json,random,25,0.7,,,28,84.0,84.0,False,true,False,154
random_n25_p07.json,random,25,0.7,,,29,73.0,73.0,False,true,False,162
random_n25_p07.json,random,25,0.7,,,30,76.0,76.0,False,true,False,203
random_n25_p07.json,random,25,0.7,,,31,89.0,89.0,False,true,False,127
random_n25_p07.json,random,25,0.7,,,32,81.0,81.0,False,true,False,254
random_n25_p07.json,random,25,0.7,,,33,83.0,83.0,False,true,False,127
random_n25_p07.json,random,25,0.7,,,34,81.0,81.0,False,true,False,178
random_n25_p07.json,random,25,0.7,,,35,77.0,77.0,False,true,False,141
random_n25_p07.json,random,25,0.7,,,36,81.0,81.0,False,true,False,179
random_n25_p07.json,random,25,0.7,,,37,85.0,85.0,False,true,False,203
random_n25_p07.json,random,25,0.7,,,38,83.0,83.0,False,true,False,185
random_n25_p07.json,random,25,0.7,,,39,86.0,86.0,False,false,True,207
random_n25_p07.json,random,25,0.7,,,40,84.0,84.0,False,false,True,197
random_n25_p07.json,random,25,0.7,,,41,87.0,87.0,False,true,False,131
random_n25_p07.json,random,25,0.7,,,42,83.0,83.0,False,true,False,246
random_n25_p07.json,random,25,0.7,,,43,84.0,84.0,False,true,False,195
random_n25_p07.json,random,25,0.7,,,44,87.0,87.0,False,true,False,150
random_n25_p07.json,random,25,0.7,,,45,91.0,91.0,False,true,False,153
random_n25_p07.json,random,25,0.7,,,46,66.0,66.0,False,true,False,164
random_n25_p07.json,random,25,0.7,,,47,82.0,82.0,False,false,True,179
random_n25_p07.json,random,25,0.7,,,48,78.0,78.0,False,true,False,192
random_n25_p07.json,random,25,0.7,,,49,90.0,90.0,False,true,False,137
random_n25_p07.json,random,25,0.7,,,50,83.0,83.0,False,true,False,225
random_n25_p06.json,random,25,0.6,,,1,82.0,82.0,False,false,True,129
random_n25_p06.json,random,25,0.6,,,2,89.0,89.0,False,false,True,135
random_n25_p06.json,random,25,0.6,,,3,83.0,83.0,False,false,True,64
random_n25_p06.json,random,25,0.6,,,4,78.0,78.0,False,true,False,42
random_n25_p06.json,random,25,0.6,,,5,86.0,86.0,False,false,True,156
random_n25_p06.json,random,25,0.6,,,6,85.0,85.0,False,true,False,116
random_n25_p06.json,random,25,0.6,,,7,76.0,76.0,False,false,True,119
random_n25_p06.json,random,25,0.6,,,8,87.0,87.0,False,true,False,106
random_n25_p06.json,random,25,0.6,,,9,83.0,83.0,False,true,False,125
random_n25_p06.json,random,25,0.6,,,10,86.0,86.0,False,false,True,126
random_n25_p06.json,random,25,0.6,,,11,80.0,80.0,False,true,False,198
random_n25_p06.json,random,25,0.6,,,12,72.0,72.0,False,true,False,144
random_n25_p06.json,random,25,0.6,,,13,91.0,91.0,False,false,True,89
random_n25_p06.json,random,25,0.6,,,14,82.0,82.0,False,false,True,121
random_n25_p06.json,random,25,0.6,,,15,92.0,92.0,False,false,True,59
random_n25_p06.json,random,25,0.6,,,16,78.0,78.0,False,true,False,153
random_n25_p06.json,random,25,0.6,,,17,84.0,84.0,False,true,False,137
random_n25_p06.json,random,25,0.6,,,18,81.0,81.0,False,false,True,125
random_n25_p06.json,random,25,0.6,,,19,82.0,82.0,False,false,True,125
random_n25_p06.json,random,25,0.6,,,20,84.0,84.0,False,true,False,101
random_n25_p06.json,random,25,0.6,,,21,88.0,88.0,False,true,False,128
random_n25_p06.json,random,25,0.6,,,22,81.0,81.0,False,true,False,181
random_n25_p06.json,random,25,0.6,,,23,81.0,81.0,False,true,False,95
random_n25_p06.json,random,25,0.6,,,24,82.0,82.0,False,true,False,150
random_n25_p06.json,random,25,0.6,,,25,84.0,84.0,False,false,True,139
random_n25_p06.json,random,25,0.6,,,26,92.0,92.0,False,true,False,86
random_n25_p06.json,random,25,0.6,,,27,70.0,70.0,False,false,True,116
random_n25_p06.json,random,25,0.6,,,28,74.0,74.0,False,true,False,99
random_n25_p06.json,random,25,0.6,,,29,93.0,93.0,False,false,True,133
random_n25_p06.json,random,25,0.6,,,30,87.0,87.0,False,false,True,165
random_n25_p06.json,random,25,0.6,,,31,77.0,77.0,False,true,False,74
random_n25_p06.json,random,25,0.6,,,32,80.0,80.0,False,true,False,218
random_n25_p06.json,random,25,0.6,,,33,92.0,92.0,False,true,False,107
random_n25_p06.json,random,25,0.6,,,34,86.0,86.0,False,true,False,143
random_n25_p06.json,random,25,0.6,,,35,79.0,79.0,False,false,True,112
random_n25_p06.json,random,25,0.6,,,36,86.0,86.0,False,true,False,148
random_n25_p06.json,random,25,0.6,,,37,83.0,83.0,False,true,False,153
random_n25_p06.json,random,25,0.6,,,38,76.0,76.0,False,false,True,164
random_n25_p06.json,random,25,0.6,,,39,86.0,86.0,False,true,False,159
random_n25_p06.json,random,25,0.6,,,40,81.0,81.0,False,true,False,132
random_n25_p06.json,random,25,0.6,,,41,83.0,83.0,False,true,False,85
random_n25_p06.json,random,25,0.6,,,42,76.0,76.0,False,true,False,162
random_n25_p06.json,random,25,0.6,,,43,78.0,78.0,False,true,False,167
random_n25_p06.json,random,25,0.6,,,44,81.0,81.0,False,true,False,101
random_n25_p06.json,random,25,0.6,,,45,84.0,84.0,False,true,False,110
random_n25_p06.json,random,25,0.6,,,46,89.0,89.0,False,false,True,127
random_n25_p06.json,random,25,0.6,,,47,82.0,82.0,False,false,True,132
random_n25_p06.json,random,25,0.6,,,48,77.0,77.0,False,false,True,127
random_n25_p06.json,random,25,0.6,,,49,80.0,80.0,False,false,True,90
random_n25_p06.json,random,25,0.6,,,50,85.0,85.0,False,false,True,174
random_n30_p07.json,random,30,0.7,,,1,116.0,116.0,False,true,False,353
random_n30_p07.json,random,30,0.7,,,2,122.0,122.0,False,true,False,323
random_n30_p07.json,random,30,0.7,,,3,125.0,125.0,False,true,False,358
random_n30_p07.json,random,30,0.7,,,4,131.0,131.0,False,true,False,258
random_n30_p07.json,random,30,0.7,,,5,123.0,123.0,False,true,False,377
random_n30_p07.json,random,30,0.7,,,6,131.0,131.0,False,true,False,334
random_n30_p07.json,random,30,0.7,,,7,128.0,128.0,False,true,False,376
random_n30_p07.json,random,30,0.7,,,8,128.0,128.0,False,true,False,286
random_n30_p07.json,random,30,0.7,,,9,122.0,122.0,False,true,False,367
random_n30_p07.json,random,30,0.7,,,10,119.0,119.0,False,true,False,388
random_n30_p07.json,random,30,0.7,,,11,116.0,116.0,False,true,False,456
random_n30_p07.json,random,30,0.7,,,12,132.0,132.0,False,false,True,406
random_n30_p07.json,random,30,0.7,,,13,116.0,116.0,False,true,False,350
random_n30_p07.json,random,30,0.7,,,14,124.0,124.0,False,false,True,321
random_n30_p07.json,random,30,0.7,,,15,123.0,123.0,False,true,False,200
random_n30_p07.json,random,30,0.7,,,16,124.0,124.0,False,false,True,408
random_n30_p07.json,random,30,0.7,,,17,109.0,109.0,False,true,False,446
random_n30_p07.json,random,30,0.7,,,18,124.0,124.0,False,true,False,394
random_n30_p07.json,random,30,0.7,,,19,124.0,124.0,False,true,False,378
random_n30_p07.json,random,30,0.7,,,20,126.0,126.0,False,true,False,398
random_n30_p07.json,random,30,0.7,,,21,127.0,127.0,False,false,True,334
random_n30_p07.json,random,30,0.7,,,22,117.0,117.0,False,true,False,504
random_n30_p07.json,random,30,0.7,,,23,130.0,130.0,False,false,True,295
random_n30_p07.json,random,30,0.7,,,24,117.0,117.0,False,true,False,378
random_n30_p07.json,random,30,0.7,,,25,124.0,124.0,False,true,False,398
random_n30_p07.json,random,30,0.7,,,26,134.0,134.0,False,true,False,271
random_n30_p07.json,random,30,0.7,,,27,130.0,130.0,False,false,True,384
random_n30_p07.json,random,30,0.7,,,28,124.0,124.0,False,false,True,320
random_n30_p07.json,random,30,0.7,,,29,114.0,114.0,False,true,False,290
random_n30_p07.json,random,30,0.7,,,30,128.0,128.0,False,false,True,270
random_n30_p07.json,random,30,0.7,,,31,118.0,118.0,False,true,False,430
random_n30_p07.json,random,30,0.7,,,32,125.0,125.0,False,false,True,353
random_n30_p07.json,random,30,0.7,,,33,120.0,120.0,False,true,False,379
random_n30_p07.json,random,30,0.7,,,34,115.0,115.0,False,true,False,312
random_n30_p07.json,random,30,0.7,,,35,122.0,122.0,False,true,False,414
random_n30_p07.json,random,30,0.7,,,36,128.0,128.0,False,true,False,381
random_n30_p07.json,random,30,0.7,,,37,119.0,119.0,False,true,False,443
random_n30_p07.json,random,30,0.7,,,38,118.0,118.0,False,false,True,388
random_n30_p07.json,random,30,0.7,,,39,132.0,132.0,False,true,False,426
random_n30_p07.json,random,30,0.7,,,40,114.0,114.0,False,true,False,510
random_n30_p07.json,random,30,0.7,,,41,137.0,137.0,False,true,False,248
random_n30_p07.json,random,30,0.7,,,42,124.0,124.0,False,true,False,417
random_n30_p07.json,random,30,0.7,,,43,124.0,124.0,False,true,False,354
random_n30_p07.json,random,30,0.7,,,44,127.0,127.0,False,true,False,384
random_n30_p07.json,random,30,0.7,,,45,124.0,124.0,False,false,True,419
random_n30_p07.json,random,30,0.7,,,46,112.0,112.0,False,true,False,447
random_n30_p07.json,random,30,0.7,,,47,123.0,123.0,False,true,False,331
random_n30_p07.json,random,30,0.7,,,48,125.0,125.0,False,false,True,382
random_n30_p07.json,random,30,0.7,,,49,128.0,128.0,False,false,True,338
random_n30_p07.json,random,30,0.7,,,50,122.0,122.0,False,true,False,366
random_n30_p06.json,random,30,0.6,,,1,123.0,123.0,False,true,False,268
random_n30_p06.json,random,30,0.6,,,2,127.0,127.0,False,true,False,239
random_n30_p06.json,random,30,0.6,,,3,123.0,123.0,False,false,True,273
random_n30_p06.json,random,30,0.6,,,4,120.0,120.0,False,false,True,185
random_n30_p06.json,random,30,0.6,,,5,131.0,131.0,False,true,False,326
random_n30_p06.json,random,30,0.6,,,6,117.0,117.0,False,true,False,205
random_n30_p06.json,random,30,0.6,,,7,127.0,127.0,False,false,True,267
random_n30_p06.json,random,30,0.6,,,8,135.0,135.0,False,true,False,254
random_n30_p06.json,random,30,0.6,,,9,120.0,120.0,False,true,False,291
random_n30_p06.json,random,30,0.6,,,10,123.0,123.0,False,true,False,294
random_n30_p06.json,random,30,0.6,,,11,126.0,126.0,False,true,False,357
random_n30_p06.json,random,30,0.6,,,12,113.0,113.0,False,true,False,272
random_n30_p06.json,random,30,0.6,,,13,124.0,124.0,False,true,False,261
random_n30_p06.json,random,30,0.6,,,14,124.0,124.0,False,true,False,240
random_n30_p06.json,random,30,0.6,,,15,135.0,135.0,False,true,False,141
random_n30_p06.json,random,30,0.6,,,16,118.0,118.0,False,false,True,277
random_n30_p06.json,random,30,0.6,,,17,123.0,123.0,False,false,True,356
random_n30_p06.json,random,30,0.6,,,18,116.0,116.0,False,true,False,250
random_n30_p06.json,random,30,0.6,,,19,126.0,126.0,False,false,True,237
random_n30_p06.json,random,30,0.6,,,20,129.0,129.0,False,true,False,287
random_n30_p06.json,random,30,0.6,,,21,126.0,126.0,False,false,True,257
random_n30_p06.json,random,30,0.6,,,22,126.0,126.0,False,false,True,337
random_n30_p06.json,random,30,0.6,,,23,120.0,120.0,False,false,True,216
random_n30_p06.json,random,30,0.6,,,24,129.0,129.0,False,false,True,309
random_n30_p06.json,random,30,0.6,,,25,128.0,128.0,False,false,True,294
random_n30_p06.json,random,30,0.6,,,26,134.0,134.0,False,true,False,187
random_n30_p06.json,random,30,0.6,,,27,114.0,114.0,False,true,False,229
random_n30_p06.json,random,30,0.6,,,28,107.0,107.0,False,true,False,231
random_n30_p06.json,random,30,0.6,,,29,132.0,132.0,False,true,False,246
random_n30_p06.json,random,30,0.6,,,30,129.0,129.0,False,false,True,214
random_n30_p06.json,random,30,0.6,,,31,119.0,119.0,False,true,False,324
random_n30_p06.json,random,30,0.6,,,32,128.0,128.0,False,false,True,277
random_n30_p06.json,random,30,0.6,,,33,136.0,136.0,False,false,True,326
random_n30_p06.json,random,30,0.6,,,34,127.0,127.0,False,false,True,258
random_n30_p06.json,random,30,0.6,,,35,123.0,123.0,False,true,False,330
random_n30_p06.json,random,30,0.6,,,36,135.0,135.0,False,true,False,288
random_n30_p06.json,random,30,0.6,,,37,124.0,124.0,False,false,True,306
random_n30_p06.json,random,30,0.6,,,38,124.0,124.0,False,true,False,308
random_n30_p06.json,random,30,0.6,,,39,124.0,124.0,False,true,False,309
random_n30_p06.json,random,30,0.6,,,40,125.0,125.0,False,true,False,339
random_n30_p06.json,random,30,0.6,,,41,123.0,123.0,False,true,False,200
random_n30_p06.json,random,30,0.6,,,42,115.0,115.0,False,false,True,308
random_n30_p06.json,random,30,0.6,,,43,126.0,126.0,False,false,True,277
random_n30_p06.json,random,30,0.6,,,44,125.0,125.0,False,true,False,278
random_n30_p06.json,random,30,0.6,,,45,118.0,118.0,False,false,True,287
random_n30_p06.json,random,30,0.6,,,46,132.0,132.0,False,false,True,336
random_n30_p06.json,random,30,0.6,,,47,129.0,129.0,False,true,False,272
random_n30_p06.json,random,30,0.6,,,48,126.0,126.0,False,true,False,248
random_n30_p06.json,random,30,0.6,,,49,120.0,120.0,False,true,False,239
random_n30_p06.json,random,30,0.6,,,50,132.0,132.0,False,false,True,281
random_n30_p03.json,random,30,0.3,,,1,47.0,47.0,False,false,True,19
random_n30_p03.json,random,30,0.3,,,2,56.0,57.0,True,false,False,31
random_n30_p03.json,random,30,0.3,,,3,44.0,44.0,False,true,False,13
random_n30_p03.json,random,30,0.3,,,4,34.0,35.0,True,false,False,10
random_n30_p03.json,random,30,0.3,,,5,47.0,47.0,False,false,True,16
random_n30_p03.json,random,30,0.3,,,6,37.0,38.0,True,false,False,11
random_n30_p03.json,random,30,0.3,,,7,38.0,38.0,False,false,True,11
random_n30_p03.json,random,30,0.3,,,8,44.0,44.0,False,false,True,10
random_n30_p03.json,random,30,0.3,,,9,37.0,38.0,True,false,False,14
random_n30_p03.json,random,30,0.3,,,10,37.0,37.0,False,false,True,22
random_n30_p03.json,random,30,0.3,,,11,38.0,39.0,True,false,False,29
random_n30_p03.json,random,30,0.3,,,12,44.0,44.0,False,false,True,28
random_n30_p03.json,random,30,0.3,,,13,42.0,42.0,False,false,True,7
random_n30_p03.json,random,30,0.3,,,14,41.0,41.0,False,false,True,12
random_n30_p03.json,random,30,0.3,,,15,46.0,46.0,False,false,True,7
random_n30_p03.json,random,30,0.3,,,16,35.0,35.0,False,false,True,20
random_n30_p03.json,random,30,0.3,,,17,42.0,42.0,False,false,True,11
random_n30_p03.json,random,30,0.3,,,18,42.0,42.0,False,false,True,20
random_n30_p03.json,random,30,0.3,,,19,37.0,37.0,False,false,True,17
random_n30_p03.json,random,30,0.3,,,20,51.0,51.0,False,true,False,41
random_n30_p03.json,random,30,0.3,,,21,46.0,46.0,False,false,True,19
random_n30_p03.json,random,30,0.3,,,22,34.0,36.0,True,false,False,21
random_n30_p03.json,random,30,0.3,,,23,41.0,41.0,False,false,True,12
random_n30_p03.json,random,30,0.3,,,24,42.0,42.0,False,false,True,15
random_n30_p03.json,random,30,0.3,,,25,47.0,48.0,True,false,False,16
random_n30_p03.json,random,30,0.3,,,26,54.0,55.0,True,false,False,19
random_n30_p03.json,random,30,0.3,,,27,28.0,28.0,False,true,False,1
random_n30_p03.json,random,30,0.3,,,28,26.0,26.0,False,false,True,17
random_n30_p03.json,random,30,0.3,,,29,51.0,51.0,False,false,True,14
random_n30_p03.json,random,30,0.3,,,30,41.0,41.0,False,false,True,16
random_n30_p03.json,random,30,0.3,,,31,40.0,40.0,False,false,True,12
random_n30_p03.json,random,30,0.3,,,32,51.0,51.0,False,false,True,8
random_n30_p03.json,random,30,0.3,,,33,43.0,43.0,False,false,True,16
random_n30_p03.json,random,30,0.3,,,34,43.0,43.0,False,true,False,10
random_n30_p03.json,random,30,0.3,,,35,44.0,44.0,False,false,True,29
random_n30_p03.json,random,30,0.3,,,36,51.0,51.0,False,false,True,35
random_n30_p03.json,random,30,0.3,,,37,47.0,48.0,True,false,False,32
random_n30_p03.json,random,30,0.3,,,38,43.0,43.0,False,false,True,16
random_n30_p03.json,random,30,0.3,,,39,37.0,38.0,True,false,False,17
random_n30_p03.json,random,30,0.3,,,40,41.0,41.0,False,false,True,7
random_n30_p03.json,random,30,0.3,,,41,51.0,51.0,False,false,True,10
random_n30_p03.json,random,30,0.3,,,42,37.0,37.0,False,false,True,7
random_n30_p03.json,random,30,0.3,,,43,35.0,35.0,False,false,True,7
random_n30_p03.json,random,30,0.3,,,44,50.0,51.0,True,false,False,29
random_n30_p03.json,random,30,0.3,,,45,38.0,38.0,False,false,True,21
random_n30_p03.json,random,30,0.3,,,46,46.0,46.0,False,false,True,20
random_n30_p03.json,random,30,0.3,,,47,37.0,37.0,False,false,True,11
random_n30_p03.json,random,30,0.3,,,48,40.0,40.0,False,true,False,18
random_n30_p03.json,random,30,0.3,,,49,39.0,40.0,True,false,False,19
random_n30_p03.json,random,30,0.3,,,50,44.0,45.0,True,false,False,20
random_n30_p02.json,random,30,0.2,,,1,10.0,10.0,False,true,False,1
random_n30_p02.json,random,30,0.2,,,2,17.0,17.0,False,true,False,1
random_n30_p02.json,random,30,0.2,,,3,8.0,8.0,False,true,False,0
random_n30_p02.json,random,30,0.2,,,4,5.0,5.0,False,true,False,0
random_n30_p02.json,random,30,0.2,,,5,10.0,10.0,False,false,True,1
random_n30_p02.json,random,30,0.2,,,6,9.0,10.0,True,false,False,1
random_n30_p02.json,random,30,0.2,,,7,16.0,16.0,False,false,True,1
random_n30_p02.json,random,30,0.2,,,8,13.0,13.0,False,true,False,0
random_n30_p02.json,random,30,0.2,,,9,8.0,8.0,False,true,False,0
random_n30_p02.json,random,30,0.2,,,10,4.0,4.0,False,true,False,0
random_n30_p02.json,random,30,0.2,,,11,9.0,9.0,False,false,True,1
random_n30_p02.json,random,30,0.2,,,12,8.0,8.0,False,true,False,0
random_n30_p02.json,random,30,0.2,,,13,8.0,8.0,False,true,False,0
random_n30_p02.json,random,30,0.2,,,14,14.0,14.0,False,true,False,1
random_n30_p02.json,random,30,0.2,,,15,12.0,12.0,False,true,False,0
random_n30_p02.json,random,30,0.2,,,16,9.0,9.0,False,false,True,1
random_n30_p02.json,random,30,0.2,,,17,8.0,8.0,False,true,False,0
random_n30_p02.json,random,30,0.2,,,18,11.0,11.0,False,true,False,0
random_n30_p02.json,random,30,0.2,,,19,12.0,12.0,False,true,False,0
random_n30_p02.json,random,30,0.2,,,20,10.0,10.0,False,true,False,0
random_n30_p02.json,random,30,0.2,,,21,7.0,7.0,False,true,False,0
random_n30_p02.json,random,30,0.2,,,22,10.0,11.0,True,false,False,2
random_n30_p02.json,random,30,0.2,,,23,8.0,8.0,False,true,False,0
random_n30_p02.json,random,30,0.2,,,24,7.0,7.0,False,true,False,0
random_n30_p02.json,random,30,0.2,,,25,4.0,4.0,False,false,True,1
random_n30_p02.json,random,30,0.2,,,26,17.0,17.0,False,true,False,7
random_n30_p02.json,random,30,0.2,,,27,6.0,6.0,False,true,False,0
random_n30_p02.json,random,30,0.2,,,28,8.0,8.0,False,true,False,0
random_n30_p02.json,random,30,0.2,,,29,11.0,11.0,False,true,False,0
random_n30_p02.json,random,30,0.2,,,30,12.0,12.0,False,true,False,0
random_n30_p02.json,random,30,0.2,,,31,5.0,5.0,False,true,False,0
random_n30_p02.json,random,30,0.2,,,32,16.0,16.0,False,true,False,0
random_n30_p02.json,random,30,0.2,,,33,13.0,13.0,False,true,False,2
random_n30_p02.json,random,30,0.2,,,34,10.0,10.0,False,true,False,0
random_n30_p02.json,random,30,0.2,,,35,9.0,10.0,True,false,False,2
random_n30_p02.json,random,30,0.2,,,36,11.0,11.0,False,true,False,0
random_n30_p02.json,random,30,0.2,,,37,9.0,9.0,False,true,False,0
random_n30_p02.json,random,30,0.2,,,38,8.0,8.0,False,true,False,0
random_n30_p02.json,random,30,0.2,,,39,10.0,10.0,False,true,False,1
random_n30_p02.json,random,30,0.2,,,40,11.0,11.0,False,true,False,0
random_n30_p02.json,random,30,0.2,,,41,13.0,13.0,False,true,False,0
random_n30_p02.json,random,30,0.2,,,42,11.0,11.0,False,true,False,0
random_n30_p02.json,random,30,0.2,,,43,5.0,5.0,False,true,False,0
random_n30_p02.json,random,30,0.2,,,44,12.0,13.0,True,true,False,1
random_n30_p02.json,random,30,0.2,,,45,8.0,8.0,False,true,False,3
random_n30_p02.json,random,30,0.2,,,46,12.0,12.0,False,true,False,0
random_n30_p02.json,random,30,0.2,,,47,8.0,8.0,False,true,False,1
random_n30_p02.json,random,30,0.2,,,48,14.0,14.0,False,false,True,1
random_n30_p02.json,random,30,0.2,,,49,11.0,11.0,False,true,False,1
random_n30_p02.json,random,30,0.2,,,50,12.0,13.0,True,false,False,1
random_n30_p05.json,random,30,0.5,,,1,107.0,107.0,False,true,False,187
random_n30_p05.json,random,30,0.5,,,2,109.0,109.0,False,false,True,160
random_n30_p05.json,random,30,0.5,,,3,99.0,99.0,False,true,False,148
random_n30_p05.json,random,30,0.5,,,4,95.0,95.0,False,false,True,90
random_n30_p05.json,random,30,0.5,,,5,112.0,112.0,False,true,False,213
random_n30_p05.json,random,30,0.5,,,6,97.0,97.0,False,false,True,112
random_n30_p05.json,random,30,0.5,,,7,97.0,97.0,False,false,True,139
random_n30_p05.json,random,30,0.5,,,8,115.0,115.0,False,true,False,164
random_n30_p05.json,random,30,0.5,,,9,97.0,97.0,False,true,False,128
random_n30_p05.json,random,30,0.5,,,10,102.0,102.0,False,false,True,170
random_n30_p05.json,random,30,0.5,,,11,106.0,106.0,False,true,False,247
random_n30_p05.json,random,30,0.5,,,12,96.0,96.0,False,false,True,178
random_n30_p05.json,random,30,0.5,,,13,110.0,110.0,False,false,True,154
random_n30_p05.json,random,30,0.5,,,14,100.0,100.0,False,true,False,160
random_n30_p05.json,random,30,0.5,,,15,113.0,113.0,False,false,True,85
random_n30_p05.json,random,30,0.5,,,16,96.0,96.0,False,false,True,181
random_n30_p05.json,random,30,0.5,,,17,105.0,105.0,False,false,True,165
random_n30_p05.json,random,30,0.5,,,18,91.0,92.0,True,false,False,120
random_n30_p05.json,random,30,0.5,,,19,98.0,98.0,False,false,True,125
random_n30_p05.json,random,30,0.5,,,20,111.0,111.0,False,true,False,200
random_n30_p05.json,random,30,0.5,,,21,105.0,105.0,False,false,True,172
random_n30_p05.json,random,30,0.5,,,22,100.0,100.0,False,false,True,184
random_n30_p05.json,random,30,0.5,,,23,96.0,96.0,False,false,True,114
random_n30_p05.json,random,30,0.5,,,24,109.0,109.0,False,true,False,162
random_n30_p05.json,random,30,0.5,,,25,98.0,98.0,False,false,True,143
random_n30_p05.json,random,30,0.5,,,26,114.0,114.0,False,false,True,111
random_n30_p05.json,random,30,0.5,,,27,85.0,85.0,False,false,True,97
random_n30_p05.json,random,30,0.5,,,28,78.0,78.0,False,false,True,109
random_n30_p05.json,random,30,0.5,,,29,114.0,114.0,False,false,True,123
random_n30_p05.json,random,30,0.5,,,30,103.0,103.0,False,false,True,113
random_n30_p05.json,random,30,0.5,,,31,98.0,98.0,False,true,False,170
random_n30_p05.json,random,30,0.5,,,32,107.0,107.0,False,true,False,154
random_n30_p05.json,random,30,0.5,,,33,109.0,109.0,False,false,True,180
random_n30_p05.json,random,30,0.5,,,34,107.0,107.0,False,true,False,168
random_n30_p05.json,random,30,0.5,,,35,106.0,106.0,False,false,True,235
random_n30_p05.json,random,30,0.5,,,36,114.0,114.0,False,false,True,189
random_n30_p05.json,random,30,0.5,,,37,104.0,104.0,False,true,False,194
random_n30_p05.json,random,30,0.5,,,38,100.0,100.0,False,false,True,198
random_n30_p05.json,random,30,0.5,,,39,103.0,103.0,False,false,True,184
random_n30_p05.json,random,30,0.5,,,40,109.0,109.0,False,true,False,186
random_n30_p05.json,random,30,0.5,,,41,103.0,103.0,False,false,True,118
random_n30_p05.json,random,30,0.5,,,42,94.0,94.0,False,false,True,170
random_n30_p05.json,random,30,0.5,,,43,105.0,105.0,False,true,False,151
random_n30_p05.json,random,30,0.5,,,44,111.0,111.0,False,true,False,197
random_n30_p05.json,random,30,0.5,,,45,95.0,95.0,False,true,False,151
random_n30_p05.json,random,30,0.5,,,46,110.0,110.0,False,true,False,213
random_n30_p05.json,random,30,0.5,,,47,103.0,103.0,False,false,True,156
random_n30_p05.json,random,30,0.5,,,48,97.0,97.0,False,true,False,143
random_n30_p05.json,random,30,0.5,,,49,97.0,97.0,False,true,False,127
random_n30_p05.json,random,30,0.5,,,50,103.0,103.0,False,false,True,169
random_n30_p04.json,random,30,0.4,,,1,76.0,76.0,False,true,False,81
random_n30_p04.json,random,30,0.4,,,2,87.0,87.0,False,false,True,88
random_n30_p04.json,random,30,0.4,,,3,76.0,76.0,False,false,True,71
random_n30_p04.json,random,30,0.4,,,4,71.0,71.0,False,false,True,53
random_n30_p04.json,random,30,0.4,,,5,81.0,81.0,False,false,True,94
random_n30_p04.json,random,30,0.4,,,6,67.0,67.0,False,false,True,45
random_n30_p04.json,random,30,0.4,,,7,72.0,72.0,False,false,True,70
random_n30_p04.json,random,30,0.4,,,8,76.0,77.0,True,false,False,62
random_n30_p04.json,random,30,0.4,,,9,65.0,65.0,False,false,True,64
random_n30_p04.json,random,30,0.4,,,10,67.0,67.0,False,true,False,65
random_n30_p04.json,random,30,0.4,,,11,78.0,78.0,False,false,True,112
random_n30_p04.json,random,30,0.4,,,12,69.0,69.0,False,false,True,71
random_n30_p04.json,random,30,0.4,,,13,74.0,74.0,False,true,False,64
random_n30_p04.json,random,30,0.4,,,14,74.0,74.0,False,false,True,68
random_n30_p04.json,random,30,0.4,,,15,79.0,79.0,False,false,True,28
random_n30_p04.json,random,30,0.4,,,16,65.0,66.0,True,false,False,71
random_n30_p04.json,random,30,0.4,,,17,79.0,80.0,True,false,False,71
random_n30_p04.json,random,30,0.4,,,18,79.0,79.0,False,false,True,85
random_n30_p04.json,random,30,0.4,,,19,65.0,65.0,False,false,True,44
random_n30_p04.json,random,30,0.4,,,20,86.0,87.0,True,false,False,113
random_n30_p04.json,random,30,0.4,,,21,78.0,78.0,False,true,False,84
random_n30_p04.json,random,30,0.4,,,22,72.0,72.0,False,false,True,99
random_n30_p04.json,random,30,0.4,,,23,67.0,67.0,False,true,False,58
random_n30_p04.json,random,30,0.4,,,24,80.0,81.0,True,false,False,65
random_n30_p04.json,random,30,0.4,,,25,66.0,67.0,True,false,False,58
random_n30_p04.json,random,30,0.4,,,26,88.0,88.0,False,false,True,55
random_n30_p04.json,random,30,0.4,,,27,57.0,57.0,False,false,True,28
random_n30_p04.json,random,30,0.4,,,28,59.0,59.0,False,false,True,54
random_n30_p04.json,random,30,0.4,,,29,91.0,91.0,False,false,True,57
random_n30_p04.json,random,30,0.4,,,30,77.0,77.0,False,true,False,64
random_n30_p04.json,random,30,0.4,,,31,70.0,70.0,False,false,True,78
random_n30_p04.json,random,30,0.4,,,32,81.0,81.0,False,false,True,56
random_n30_p04.json,random,30,0.4,,,33,77.0,78.0,True,false,False,91
random_n30_p04.json,random,30,0.4,,,34,85.0,85.0,False,false,True,69
random_n30_p04.json,random,30,0.4,,,35,82.0,82.0,False,false,True,111
random_n30_p04.json,random,30,0.4,,,36,82.0,82.0,False,false,True,79
random_n30_p04.json,random,30,0.4,,,37,87.0,88.0,True,false,False,109
random_n30_p04.json,random,30,0.4,,,38,80.0,81.0,True,false,False,113
random_n30_p04.json,random,30,0.4,,,39,64.0,64.0,False,true,False,65
random_n30_p04.json,random,30,0.4,,,40,81.0,81.0,False,false,True,96
random_n30_p04.json,random,30,0.4,,,41,71.0,72.0,True,false,False,37
random_n30_p04.json,random,30,0.4,,,42,62.0,62.0,False,true,False,74
random_n30_p04.json,random,30,0.4,,,43,67.0,67.0,False,false,True,51
random_n30_p04.json,random,30,0.4,,,44,77.0,77.0,False,false,True,86
random_n30_p04.json,random,30,0.4,,,45,60.0,60.0,False,false,True,44
random_n30_p04.json,random,30,0.4,,,46,83.0,83.0,False,false,True,110
random_n30_p04.json,random,30,0.4,,,47,64.0,64.0,False,false,True,64
random_n30_p04.json,random,30,0.4,,,48,69.0,69.0,False,true,False,58
random_n30_p04.json,random,30,0.4,,,49,71.0,71.0,False,false,True,84
random_n30_p04.json,random,30,0.4,,,50,72.0,72.0,False,false,True,74
random_n30_p08.json,random,30,0.8,,,1,82.0,82.0,False,true,False,353
random_n30_p08.json,random,30,0.8,,,2,86.0,86.0,False,true,False,368
random_n30_p08.json,random,30,0.8,,,3,79.0,79.0,False,true,False,369
random_n30_p08.json,random,30,0.8,,,4,105.0,105.0,False,true,False,337
random_n30_p08.json,random,30,0.8,,,5,89.0,89.0,False,true,False,411
random_n30_p08.json,random,30,0.8,,,6,99.0,99.0,False,true,False,374
random_n30_p08.json,random,30,0.8,,,7,90.0,90.0,False,true,False,429
random_n30_p08.json,random,30,0.8,,,8,75.0,75.0,False,true,False,303
random_n30_p08.json,random,30,0.8,,,9,86.0,86.0,False,true,False,399
random_n30_p08.json,random,30,0.8,,,10,88.0,88.0,False,true,False,478
random_n30_p08.json,random,30,0.8,,,11,77.0,77.0,False,true,False,517
random_n30_p08.json,random,30,0.8,,,12,97.0,97.0,False,true,False,497
random_n30_p08.json,random,30,0.8,,,13,88.0,88.0,False,true,False,383
random_n30_p08.json,random,30,0.8,,,14,76.0,76.0,False,true,False,330
random_n30_p08.json,random,30,0.8,,,15,84.0,84.0,False,true,False,205
random_n30_p08.json,random,30,0.8,,,16,96.0,96.0,False,true,False,428
random_n30_p08.json,random,30,0.8,,,17,75.0,75.0,False,true,False,418
random_n30_p08.json,random,30,0.8,,,18,76.0,76.0,False,true,False,415
random_n30_p08.json,random,30,0.8,,,19,89.0,89.0,False,true,False,438
random_n30_p08.json,random,30,0.8,,,20,81.0,81.0,False,true,False,467
random_n30_p08.json,random,30,0.8,,,21,80.0,80.0,False,true,False,343
random_n30_p08.json,random,30,0.8,,,22,70.0,70.0,False,true,False,552
random_n30_p08.json,random,30,0.8,,,23,86.0,86.0,False,true,False,324
random_n30_p08.json,random,30,0.8,,,24,79.0,79.0,False,true,False,357
random_n30_p08.json,random,30,0.8,,,25,85.0,85.0,False,true,False,425
random_n30_p08.json,random,30,0.8,,,26,93.0,93.0,False,true,False,290
random_n30_p08.json,random,30,0.8,,,27,99.0,99.0,False,true,False,423
random_n30_p08.json,random,30,0.8,,,28,115.0,115.0,False,false,True,429
random_n30_p08.json,random,30,0.8,,,29,79.0,79.0,False,true,False,275
random_n30_p08.json,random,30,0.8,,,30,103.0,103.0,False,true,False,352
random_n30_p08.json,random,30,0.8,,,31,86.0,86.0,False,true,False,441
random_n30_p08.json,random,30,0.8,,,32,86.0,86.0,False,true,False,401
random_n30_p08.json,random,30,0.8,,,33,78.0,78.0,False,true,False,382
random_n30_p08.json,random,30,0.8,,,34,84.0,84.0,False,true,False,320
random_n30_p08.json,random,30,0.8,,,35,95.0,95.0,False,true,False,418
random_n30_p08.json,random,30,0.8,,,36,87.0,87.0,False,true,False,399
random_n30_p08.json,random,30,0.8,,,37,73.0,73.0,False,true,False,454
random_n30_p08.json,random,30,0.8,,,38,84.0,84.0,False,true,False,442
random_n30_p08.json,random,30,0.8,,,39,84.0,84.0,False,true,False,479
random_n30_p08.json,random,30,0.8,,,40,74.0,74.0,False,true,False,470
random_n30_p08.json,random,30,0.8,,,41,96.0,96.0,False,true,False,265
random_n30_p08.json,random,30,0.8,,,42,87.0,87.0,False,true,False,445
random_n30_p08.json,random,30,0.8,,,43,91.0,91.0,False,true,False,378
random_n30_p08.json,random,30,0.8,,,44,86.0,86.0,False,true,False,386
random_n30_p08.json,random,30,0.8,,,45,87.0,87.0,False,true,False,460
random_n30_p08.json,random,30,0.8,,,46,70.0,70.0,False,true,False,476
random_n30_p08.json,random,30,0.8,,,47,86.0,86.0,False,true,False,359
random_n30_p08.json,random,30,0.8,,,48,89.0,89.0,False,true,False,426
random_n30_p08.json,random,30,0.8,,,49,85.0,85.0,False,true,False,354
random_n30_p08.json,random,30,0.8,,,50,83.0,83.0,False,true,False,393
random_n20_p07.json,random,20,0.7,,,1,54.0,54.0,False,true,False,51
random_n20_p07.json,random,20,0.7,,,2,52.0,52.0,False,false,True,90
random_n20_p07.json,random,20,0.7,,,3,53.0,53.0,False,true,False,51
random_n20_p07.json,random,20,0.7,,,4,58.0,58.0,False,true,False,40
random_n20_p07.json,random,20,0.7,,,5,53.0,53.0,False,true,False,47
random_n20_p07.json,random,20,0.7,,,6,57.0,57.0,False,true,False,67
random_n20_p07.json,random,20,0.7,,,7,55.0,55.0,False,true,False,60
random_n20_p07.json,random,20,0.7,,,8,51.0,51.0,False,true,False,45
random_n20_p07.json,random,20,0.7,,,9,54.0,54.0,False,true,False,58
random_n20_p07.json,random,20,0.7,,,10,50.0,50.0,False,true,False,48
random_n20_p07.json,random,20,0.7,,,11,50.0,50.0,False,true,False,105
random_n20_p07.json,random,20,0.7,,,12,45.0,45.0,False,true,False,94
random_n20_p07.json,random,20,0.7,,,13,51.0,51.0,False,true,False,31
random_n20_p07.json,random,20,0.7,,,14,53.0,53.0,False,true,False,42
random_n20_p07.json,random,20,0.7,,,15,56.0,56.0,False,true,False,24
random_n20_p07.json,random,20,0.7,,,16,50.0,50.0,False,false,True,92
random_n20_p07.json,random,20,0.7,,,17,44.0,44.0,False,true,False,47
random_n20_p07.json,random,20,0.7,,,18,51.0,51.0,False,true,False,77
random_n20_p07.json,random,20,0.7,,,19,42.0,42.0,False,true,False,70
random_n20_p07.json,random,20,0.7,,,20,49.0,49.0,False,true,False,56
random_n20_p07.json,random,20,0.7,,,21,53.0,53.0,False,false,True,77
random_n20_p07.json,random,20,0.7,,,22,51.0,51.0,False,true,False,81
random_n20_p07.json,random,20,0.7,,,23,47.0,47.0,False,true,False,70
random_n20_p07.json,random,20,0.7,,,24,52.0,52.0,False,false,True,53
random_n20_p07.json,random,20,0.7,,,25,48.0,48.0,False,true,False,103
random_n20_p07.json,random,20,0.7,,,26,58.0,58.0,False,true,False,31
random_n20_p07.json,random,20,0.7,,,27,54.0,54.0,False,true,False,54
random_n20_p07.json,random,20,0.7,,,28,52.0,52.0,False,false,True,52
random_n20_p07.json,random,20,0.7,,,29,49.0,49.0,False,true,False,67
random_n20_p07.json,random,20,0.7,,,30,50.0,50.0,False,true,False,40
random_n20_p07.json,random,20,0.7,,,31,46.0,46.0,False,true,False,48
random_n20_p07.json,random,20,0.7,,,32,52.0,52.0,False,false,True,86
random_n20_p07.json,random,20,0.7,,,33,55.0,55.0,False,true,False,57
random_n20_p07.json,random,20,0.7,,,34,48.0,48.0,False,true,False,56
random_n20_p07.json,random,20,0.7,,,35,47.0,47.0,False,true,False,85
random_n20_p07.json,random,20,0.7,,,36,41.0,41.0,False,true,False,54
random_n20_p07.json,random,20,0.7,,,37,49.0,49.0,False,true,False,90
random_n20_p07.json,random,20,0.7,,,38,49.0,49.0,False,true,False,90
random_n20_p07.json,random,20,0.7,,,39,47.0,47.0,False,true,False,56
random_n20_p07.json,random,20,0.7,,,40,43.0,43.0,False,true,False,42
random_n20_p07.json,random,20,0.7,,,41,55.0,55.0,False,true,False,25
random_n20_p07.json,random,20,0.7,,,42,50.0,50.0,False,false,True,73
random_n20_p07.json,random,20,0.7,,,43,52.0,52.0,False,true,False,68
random_n20_p07.json,random,20,0.7,,,44,53.0,53.0,False,true,False,34
random_n20_p07.json,random,20,0.7,,,45,52.0,52.0,False,true,False,45
random_n20_p07.json,random,20,0.7,,,46,40.0,40.0,False,true,False,101
random_n20_p07.json,random,20,0.7,,,47,53.0,53.0,False,true,False,33
random_n20_p07.json,random,20,0.7,,,48,51.0,51.0,False,true,False,65
random_n20_p07.json,random,20,0.7,,,49,47.0,47.0,False,true,False,96
random_n20_p07.json,random,20,0.7,,,50,43.0,43.0,False,true,False,82
random_n20_p06.json,random,20,0.6,,,1,52.0,52.0,False,true,False,45
random_n20_p06.json,random,20,0.6,,,2,50.0,50.0,False,false,True,40
random_n20_p06.json,random,20,0.6,,,3,56.0,56.0,False,true,False,36
random_n20_p06.json,random,20,0.6,,,4,49.0,49.0,False,true,False,28
random_n20_p06.json,random,20,0.6,,,5,51.0,51.0,False,true,False,30
random_n20_p06.json,random,20,0.6,,,6,50.0,50.0,False,false,True,44
random_n20_p06.json,random,20,0.6,,,7,56.0,56.0,False,false,True,40
random_n20_p06.json,random,20,0.6,,,8,57.0,57.0,False,false,True,31
random_n20_p06.json,random,20,0.6,,,9,49.0,49.0,False,false,True,44
random_n20_p06.json,random,20,0.6,,,10,56.0,56.0,False,true,False,39
random_n20_p06.json,random,20,0.6,,,11,44.0,44.0,False,true,False,67
random_n20_p06.json,random,20,0.6,,,12,48.0,48.0,False,true,False,75
random_n20_p06.json,random,20,0.6,,,13,52.0,52.0,False,true,False,17
random_n20_p06.json,random,20,0.6,,,14,50.0,50.0,False,false,True,33
random_n20_p06.json,random,20,0.6,,,15,57.0,57.0,False,true,False,18
random_n20_p06.json,random,20,0.6,,,16,47.0,47.0,False,false,True,60
random_n20_p06.json,random,20,0.6,,,17,53.0,53.0,False,false,True,32
random_n20_p06.json,random,20,0.6,,,18,47.0,47.0,False,false,True,60
random_n20_p06.json,random,20,0.6,,,19,46.0,46.0,False,true,False,57
random_n20_p06.json,random,20,0.6,,,20,53.0,53.0,False,false,True,48
random_n20_p06.json,random,20,0.6,,,21,46.0,46.0,False,true,False,47
random_n20_p06.json,random,20,0.6,,,22,48.0,48.0,False,false,True,59
random_n20_p06.json,random,20,0.6,,,23,49.0,49.0,False,false,True,43
random_n20_p06.json,random,20,0.6,,,24,53.0,53.0,False,true,False,49
random_n20_p06.json,random,20,0.6,,,25,51.0,51.0,False,false,True,87
random_n20_p06.json,random,20,0.6,,,26,56.0,56.0,False,true,False,29
random_n20_p06.json,random,20,0.6,,,27,48.0,48.0,False,false,True,35
random_n20_p06.json,random,20,0.6,,,28,46.0,46.0,False,false,True,32
random_n20_p06.json,random,20,0.6,,,29,54.0,54.0,False,true,False,63
random_n20_p06.json,random,20,0.6,,,30,57.0,57.0,False,false,True,31
random_n20_p06.json,random,20,0.6,,,31,40.0,40.0,False,true,False,35
random_n20_p06.json,random,20,0.6,,,32,53.0,53.0,False,true,False,66
random_n20_p06.json,random,20,0.6,,,33,52.0,52.0,False,true,False,39
random_n20_p06.json,random,20,0.6,,,34,50.0,50.0,False,true,False,36
random_n20_p06.json,random,20,0.6,,,35,51.0,51.0,False,false,True,66
random_n20_p06.json,random,20,0.6,,,36,46.0,46.0,False,true,False,45
random_n20_p06.json,random,20,0.6,,,37,49.0,49.0,False,true,False,63
random_n20_p06.json,random,20,0.6,,,38,49.0,49.0,False,false,True,71
random_n20_p06.json,random,20,0.6,,,39,51.0,51.0,False,false,True,51
random_n20_p06.json,random,20,0.6,,,40,50.0,50.0,False,true,False,31
random_n20_p06.json,random,20,0.6,,,41,46.0,46.0,False,true,False,12
random_n20_p06.json,random,20,0.6,,,42,51.0,51.0,False,false,True,65
random_n20_p06.json,random,20,0.6,,,43,49.0,49.0,False,false,True,49
random_n20_p06.json,random,20,0.6,,,44,48.0,48.0,False,false,True,24
random_n20_p06.json,random,20,0.6,,,45,50.0,50.0,False,true,False,31
random_n20_p06.json,random,20,0.6,,,46,50.0,50.0,False,true,False,66
random_n20_p06.json,random,20,0.6,,,47,48.0,48.0,False,false,True,21
random_n20_p06.json,random,20,0.6,,,48,47.0,47.0,False,true,False,52
random_n20_p06.json,random,20,0.6,,,49,47.0,47.0,False,true,False,54
random_n20_p06.json,random,20,0.6,,,50,49.0,49.0,False,false,True,66
random_n20_p05.json,random,20,0.5,,,1,45.0,45.0,False,true,False,25
random_n20_p05.json,random,20,0.5,,,2,39.0,39.0,False,false,True,17
random_n20_p05.json,random,20,0.5,,,3,40.0,40.0,False,true,False,23
random_n20_p05.json,random,20,0.5,,,4,40.0,40.0,False,false,True,18
random_n20_p05.json,random,20,0.5,,,5,40.0,40.0,False,true,False,11
random_n20_p05.json,random,20,0.5,,,6,39.0,39.0,False,true,False,22
random_n20_p05.json,random,20,0.5,,,7,40.0,40.0,False,false,True,24
random_n20_p05.json,random,20,0.5,,,8,50.0,50.0,False,true,False,28
random_n20_p05.json,random,20,0.5,,,9,35.0,35.0,False,true,False,16
random_n20_p05.json,random,20,0.5,,,10,47.0,47.0,False,true,False,24
random_n20_p05.json,random,20,0.5,,,11,36.0,36.0,False,false,True,33
random_n20_p05.json,random,20,0.5,,,12,41.0,41.0,False,false,True,48
random_n20_p05.json,random,20,0.5,,,13,41.0,41.0,False,false,True,11
random_n20_p05.json,random,20,0.5,,,14,41.0,41.0,False,false,True,18
random_n20_p05.json,random,20,0.5,,,15,48.0,48.0,False,false,True,12
random_n20_p05.json,random,20,0.5,,,16,39.0,39.0,False,true,False,28
random_n20_p05.json,random,20,0.5,,,17,43.0,43.0,False,true,False,18
random_n20_p05.json,random,20,0.5,,,18,31.0,31.0,False,false,True,26
random_n20_p05.json,random,20,0.5,,,19,34.0,34.0,False,false,True,27
random_n20_p05.json,random,20,0.5,,,20,46.0,46.0,False,true,False,37
random_n20_p05.json,random,20,0.5,,,21,42.0,42.0,False,false,True,29
random_n20_p05.json,random,20,0.5,,,22,40.0,40.0,False,true,False,36
random_n20_p05.json,random,20,0.5,,,23,36.0,36.0,False,false,True,27
random_n20_p05.json,random,20,0.5,,,24,45.0,45.0,False,false,True,32
random_n20_p05.json,random,20,0.5,,,25,43.0,43.0,False,true,False,59
random_n20_p05.json,random,20,0.5,,,26,49.0,49.0,False,false,True,22
random_n20_p05.json,random,20,0.5,,,27,35.0,35.0,False,false,True,16
random_n20_p05.json,random,20,0.5,,,28,31.0,31.0,False,true,False,15
random_n20_p05.json,random,20,0.5,,,29,41.0,41.0,False,true,False,27
random_n20_p05.json,random,20,0.5,,,30,49.0,49.0,False,true,False,26
random_n20_p05.json,random,20,0.5,,,31,33.0,33.0,False,false,True,23
random_n20_p05.json,random,20,0.5,,,32,44.0,44.0,False,false,True,38
random_n20_p05.json,random,20,0.5,,,33,41.0,41.0,False,true,False,23
random_n20_p05.json,random,20,0.5,,,34,40.0,40.0,False,true,False,19
random_n20_p05.json,random,20,0.5,,,35,45.0,45.0,False,false,True,51
random_n20_p05.json,random,20,0.5,,,36,55.0,55.0,False,false,True,40
random_n20_p05.json,random,20,0.5,,,37,43.0,43.0,False,true,False,39
random_n20_p05.json,random,20,0.5,,,38,40.0,40.0,False,false,True,43
random_n20_p05.json,random,20,0.5,,,39,41.0,41.0,False,false,True,23
random_n20_p05.json,random,20,0.5,,,40,43.0,43.0,False,true,False,8
random_n20_p05.json,random,20,0.5,,,41,39.0,39.0,False,false,True,7
random_n20_p05.json,random,20,0.5,,,42,42.0,42.0,False,true,False,42
random_n20_p05.json,random,20,0.5,,,43,39.0,39.0,False,false,True,26
random_n20_p05.json,random,20,0.5,,,44,41.0,41.0,False,true,False,9
random_n20_p05.json,random,20,0.5,,,45,42.0,42.0,False,false,True,20
random_n20_p05.json,random,20,0.5,,,46,44.0,44.0,False,true,False,36
random_n20_p05.json,random,20,0.5,,,47,36.0,36.0,False,false,True,6
random_n20_p05.json,random,20,0.5,,,48,35.0,35.0,False,true,False,29
random_n20_p05.json,random,20,0.5,,,49,35.0,35.0,False,false,True,19
random_n20_p05.json,random,20,0.5,,,50,42.0,42.0,False,true,False,33
random_n20_p04.json,random,20,0.4,,,1,33.0,33.0,False,true,False,16
random_n20_p04.json,random,20,0.4,,,2,25.0,25.0,False,true,False,6
random_n20_p04.json,random,20,0.4,,,3,30.0,30.0,False,true,False,10
random_n20_p04.json,random,20,0.4,,,4,28.0,28.0,False,false,True,9
random_n20_p04.json,random,20,0.4,,,5,29.0,29.0,False,false,True,3
random_n20_p04.json,random,20,0.4,,,6,28.0,28.0,False,true,False,11
random_n20_p04.json,random,20,0.4,,,7,31.0,31.0,False,true,False,13
random_n20_p04.json,random,20,0.4,,,8,34.0,34.0,False,true,False,9
random_n20_p04.json,random,20,0.4,,,9,25.0,25.0,False,false,True,7
random_n20_p04.json,random,20,0.4,,,10,35.0,35.0,False,true,False,10
random_n20_p04.json,random,20,0.4,,,11,30.0,30.0,False,false,True,12
random_n20_p04.json,random,20,0.4,,,12,26.0,26.0,False,true,False,9
random_n20_p04.json,random,20,0.4,,,13,27.0,27.0,False,false,True,2
random_n20_p04.json,random,20,0.4,,,14,28.0,28.0,False,false,True,5
random_n20_p04.json,random,20,0.4,,,15,35.0,35.0,False,false,True,5
random_n20_p04.json,random,20,0.4,,,16,29.0,29.0,False,false,True,7
random_n20_p04.json,random,20,0.4,,,17,29.0,29.0,False,true,False,6
random_n20_p04.json,random,20,0.4,,,18,26.0,26.0,False,false,True,20
random_n20_p04.json,random,20,0.4,,,19,21.0,22.0,True,false,False,8
random_n20_p04.json,random,20,0.4,,,20,35.0,35.0,False,false,True,15
random_n20_p04.json,random,20,0.4,,,21,29.0,30.0,True,false,False,16
random_n20_p04.json,random,20,0.4,,,22,28.0,28.0,False,true,False,8
random_n20_p04.json,random,20,0.4,,,23,25.0,25.0,False,true,False,10
random_n20_p04.json,random,20,0.4,,,24,35.0,35.0,False,false,True,10
random_n20_p04.json,random,20,0.4,,,25,26.0,26.0,False,true,False,15
random_n20_p04.json,random,20,0.4,,,26,41.0,41.0,False,false,True,8
random_n20_p04.json,random,20,0.4,,,27,21.0,21.0,False,true,False,6
random_n20_p04.json,random,20,0.4,,,28,25.0,25.0,False,false,True,9
random_n20_p04.json,random,20,0.4,,,29,32.0,32.0,False,false,True,17
random_n20_p04.json,random,20,0.4,,,30,34.0,34.0,False,true,False,12
random_n20_p04.json,random,20,0.4,,,31,21.0,21.0,False,false,True,8
random_n20_p04.json,random,20,0.4,,,32,30.0,30.0,False,false,True,11
random_n20_p04.json,random,20,0.4,,,33,31.0,31.0,False,false,True,13
random_n20_p04.json,random,20,0.4,,,34,36.0,36.0,False,false,True,14
random_n20_p04.json,random,20,0.4,,,35,34.0,34.0,False,false,True,37
random_n20_p04.json,random,20,0.4,,,36,37.0,37.0,False,true,False,8
random_n20_p04.json,random,20,0.4,,,37,34.0,34.0,False,false,True,20
random_n20_p04.json,random,20,0.4,,,38,31.0,31.0,False,false,True,23
random_n20_p04.json,random,20,0.4,,,39,27.0,27.0,False,false,True,7
random_n20_p04.json,random,20,0.4,,,40,32.0,32.0,False,true,False,8
random_n20_p04.json,random,20,0.4,,,41,29.0,29.0,False,true,False,5
random_n20_p04.json,random,20,0.4,,,42,24.0,24.0,False,false,True,10
random_n20_p04.json,random,20,0.4,,,43,25.0,26.0,True,false,False,7
random_n20_p04.json,random,20,0.4,,,44,31.0,31.0,False,false,True,3
random_n20_p04.json,random,20,0.4,,,45,26.0,26.0,False,false,True,6
random_n20_p04.json,random,20,0.4,,,46,32.0,32.0,False,false,True,18
random_n20_p04.json,random,20,0.4,,,47,20.0,20.0,False,true,False,1
random_n20_p04.json,random,20,0.4,,,48,29.0,29.0,False,false,True,4
random_n20_p04.json,random,20,0.4,,,49,24.0,24.0,False,true,False,7
random_n20_p04.json,random,20,0.4,,,50,28.0,28.0,False,false,True,22
random_n20_p08.json,random,20,0.8,,,1,39.0,39.0,False,true,False,52
random_n20_p08.json,random,20,0.8,,,2,40.0,40.0,False,true,False,95
random_n20_p08.json,random,20,0.8,,,3,32.0,32.0,False,true,False,50
random_n20_p08.json,random,20,0.8,,,4,45.0,45.0,False,true,False,47
random_n20_p08.json,random,20,0.8,,,5,38.0,38.0,False,true,False,55
random_n20_p08.json,random,20,0.8,,,6,50.0,50.0,False,true,False,84
random_n20_p08.json,random,20,0.8,,,7,43.0,43.0,False,true,False,64
random_n20_p08.json,random,20,0.8,,,8,33.0,33.0,False,true,False,54
random_n20_p08.json,random,20,0.8,,,9,34.0,34.0,False,true,False,68
random_n20_p08.json,random,20,0.8,,,10,42.0,42.0,False,true,False,63
random_n20_p08.json,random,20,0.8,,,11,31.0,31.0,False,true,False,103
random_n20_p08.json,random,20,0.8,,,12,37.0,37.0,False,true,False,115
random_n20_p08.json,random,20,0.8,,,13,35.0,35.0,False,true,False,57
random_n20_p08.json,random,20,0.8,,,14,35.0,35.0,False,true,False,54
random_n20_p08.json,random,20,0.8,,,15,41.0,41.0,False,true,False,28
random_n20_p08.json,random,20,0.8,,,16,36.0,36.0,False,true,False,105
random_n20_p08.json,random,20,0.8,,,17,33.0,33.0,False,true,False,39
random_n20_p08.json,random,20,0.8,,,18,33.0,33.0,False,true,False,80
random_n20_p08.json,random,20,0.8,,,19,37.0,37.0,False,true,False,62
random_n20_p08.json,random,20,0.8,,,20,34.0,34.0,False,true,False,63
random_n20_p08.json,random,20,0.8,,,21,35.0,35.0,False,true,False,74
random_n20_p08.json,random,20,0.8,,,22,32.0,32.0,False,true,False,96
random_n20_p08.json,random,20,0.8,,,23,35.0,35.0,False,true,False,76
random_n20_p08.json,random,20,0.8,,,24,32.0,32.0,False,true,False,45
random_n20_p08.json,random,20,0.8,,,25,29.0,29.0,False,true,False,115
random_n20_p08.json,random,20,0.8,,,26,44.0,44.0,False,true,False,36
random_n20_p08.json,random,20,0.8,,,27,40.0,40.0,False,true,False,72
random_n20_p08.json,random,20,0.8,,,28,50.0,50.0,False,true,False,71
random_n20_p08.json,random,20,0.8,,,29,33.0,33.0,False,true,False,90
random_n20_p08.json,random,20,0.8,,,30,42.0,42.0,False,true,False,44
random_n20_p08.json,random,20,0.8,,,31,43.0,43.0,False,true,False,64
random_n20_p08.json,random,20,0.8,,,32,40.0,40.0,False,true,False,85
random_n20_p08.json,random,20,0.8,,,33,35.0,35.0,False,true,False,63
random_n20_p08.json,random,20,0.8,,,34,43.0,43.0,False,true,False,58
random_n20_p08.json,random,20,0.8,,,35,42.0,42.0,False,true,False,80
random_n20_p08.json,random,20,0.8,,,36,36.0,36.0,False,true,False,53
random_n20_p08.json,random,20,0.8,,,37,31.0,31.0,False,true,False,96
random_n20_p08.json,random,20,0.8,,,38,33.0,33.0,False,true,False,78
random_n20_p08.json,random,20,0.8,,,39,28.0,28.0,False,true,False,65
random_n20_p08.json,random,20,0.8,,,40,36.0,36.0,False,true,False,50
random_n20_p08.json,random,20,0.8,,,41,47.0,47.0,False,true,False,44
random_n20_p08.json,random,20,0.8,,,42,32.0,32.0,False,true,False,68
random_n20_p08.json,random,20,0.8,,,43,42.0,42.0,False,true,False,71
random_n20_p08.json,random,20,0.8,,,44,43.0,43.0,False,true,False,64
random_n20_p08.json,random,20,0.8,,,45,36.0,36.0,False,true,False,49
random_n20_p08.json,random,20,0.8,,,46,21.0,21.0,False,true,False,83
random_n20_p08.json,random,20,0.8,,,47,41.0,41.0,False,true,False,47
random_n20_p08.json,random,20,0.8,,,48,37.0,37.0,False,true,False,71
random_n20_p08.json,random,20,0.8,,,49,38.0,38.0,False,true,False,100
random_n20_p08.json,random,20,0.8,,,50,34.0,34.0,False,true,False,84
random_n20_p03.json,random,20,0.3,,,1,18.0,18.0,False,true,False,3
random_n20_p03.json,random,20,0.3,,,2,17.0,17.0,False,false,True,3
random_n20_p03.json,random,20,0.3,,,3,16.0,16.0,False,false,True,3
random_n20_p03.json,random,20,0.3,,,4,9.0,9.0,False,true,False,4
random_n20_p03.json,random,20,0.3,,,5,17.0,17.0,False,true,False,0
random_n20_p03.json,random,20,0.3,,,6,17.0,17.0,False,true,False,4
random_n20_p03.json,random,20,0.3,,,7,15.0,16.0,True,false,False,4
random_n20_p03.json,random,20,0.3,,,8,21.0,21.0,False,false,True,2
random_n20_p03.json,random,20,0.3,,,9,12.0,12.0,False,true,False,0
random_n20_p03.json,random,20,0.3,,,10,19.0,19.0,False,false,True,1
random_n20_p03.json,random,20,0.3,,,11,16.0,16.0,False,false,True,4
random_n20_p03.json,random,20,0.3,,,12,22.0,22.0,False,true,False,7
random_n20_p03.json,random,20,0.3,,,13,13.0,13.0,False,false,True,2
random_n20_p03.json,random,20,0.3,,,14,17.0,17.0,False,false,True,2
random_n20_p03.json,random,20,0.3,,,15,19.0,19.0,False,true,False,0
random_n20_p03.json,random,20,0.3,,,16,12.0,12.0,False,true,False,1
random_n20_p03.json,random,20,0.3,,,17,17.0,17.0,False,false,True,1
random_n20_p03.json,random,20,0.3,,,18,14.0,14.0,False,true,False,4
random_n20_p03.json,random,20,0.3,,,19,11.0,11.0,False,false,True,3
random_n20_p03.json,random,20,0.3,,,20,22.0,22.0,False,false,True,4
random_n20_p03.json,random,20,0.3,,,21,16.0,16.0,False,false,True,1
random_n20_p03.json,random,20,0.3,,,22,15.0,15.0,False,false,True,3
random_n20_p03.json,random,20,0.3,,,23,14.0,14.0,False,false,True,5
random_n20_p03.json,random,20,0.3,,,24,15.0,15.0,False,true,False,0
random_n20_p03.json,random,20,0.3,,,25,18.0,18.0,False,false,True,7
random_n20_p03.json,random,20,0.3,,,26,23.0,23.0,False,false,True,5
random_n20_p03.json,random,20,0.3,,,27,10.0,10.0,False,false,True,3
random_n20_p03.json,random,20,0.3,,,28,9.0,9.0,False,true,False,0
random_n20_p03.json,random,20,0.3,,,29,19.0,20.0,True,false,False,8
random_n20_p03.json,random,20,0.3,,,30,18.0,18.0,False,false,True,1
random_n20_p03.json,random,20,0.3,,,31,9.0,10.0,True,false,False,2
random_n20_p03.json,random,20,0.3,,,32,16.0,16.0,False,false,True,2
random_n20_p03.json,random,20,0.3,,,33,18.0,18.0,False,true,False,5
random_n20_p03.json,random,20,0.3,,,34,20.0,20.0,False,false,True,3
random_n20_p03.json,random,20,0.3,,,35,17.0,18.0,True,false,False,9
random_n20_p03.json,random,20,0.3,,,36,21.0,21.0,False,false,True,2
random_n20_p03.json,random,20,0.3,,,37,22.0,22.0,False,false,True,3
random_n20_p03.json,random,20,0.3,,,38,18.0,18.0,False,false,True,3
random_n20_p03.json,random,20,0.3,,,39,16.0,16.0,False,false,True,3
random_n20_p03.json,random,20,0.3,,,40,16.0,16.0,False,false,True,4
random_n20_p03.json,random,20,0.3,,,41,18.0,18.0,False,false,True,1
random_n20_p03.json,random,20,0.3,,,42,15.0,15.0,False,false,True,5
random_n20_p03.json,random,20,0.3,,,43,13.0,13.0,False,true,False,0
random_n20_p03.json,random,20,0.3,,,44,24.0,24.0,False,false,True,3
random_n20_p03.json,random,20,0.3,,,45,13.0,13.0,False,true,False,1
random_n20_p03.json,random,20,0.3,,,46,18.0,18.0,False,false,True,8
random_n20_p03.json,random,20,0.3,,,47,12.0,12.0,False,true,False,0
random_n20_p03.json,random,20,0.3,,,48,9.0,9.0,False,true,False,0
random_n20_p03.json,random,20,0.3,,,49,14.0,15.0,True,false,False,4
random_n20_p03.json,random,20,0.3,,,50,20.0,20.0,False,true,False,7
random_n20_p02.json,random,20,0.2,,,1,2.0,2.0,False,true,False,0
random_n20_p02.json,random,20,0.2,,,2,5.0,5.0,False,true,False,0
random_n20_p02.json,random,20,0.2,,,3,4.0,4.0,False,true,False,0
random_n20_p02.json,random,20,0.2,,,4,2.0,2.0,False,true,False,0
random_n20_p02.json,random,20,0.2,,,5,3.0,3.0,False,true,False,0
random_n20_p02.json,random,20,0.2,,,6,3.0,3.0,False,false,True,1
random_n20_p02.json,random,20,0.2,,,7,5.0,5.0,False,true,False,0
random_n20_p02.json,random,20,0.2,,,8,7.0,7.0,False,false,True,1
random_n20_p02.json,random,20,0.2,,,9,2.0,2.0,False,true,False,0
random_n20_p02.json,random,20,0.2,,,10,3.0,3.0,False,true,False,0
random_n20_p02.json,random,20,0.2,,,11,1.0,2.0,True,false,False,1
random_n20_p02.json,random,20,0.2,,,12,6.0,6.0,False,true,False,0
random_n20_p02.json,random,20,0.2,,,13,4.0,4.0,False,true,False,0
random_n20_p02.json,random,20,0.2,,,14,5.0,6.0,True,false,False,1
random_n20_p02.json,random,20,0.2,,,15,3.0,3.0,False,true,False,0
random_n20_p02.json,random,20,0.2,,,16,4.0,4.0,False,true,False,0
random_n20_p02.json,random,20,0.2,,,17,5.0,5.0,False,true,False,0
random_n20_p02.json,random,20,0.2,,,18,3.0,3.0,False,true,False,0
random_n20_p02.json,random,20,0.2,,,19,6.0,6.0,False,true,False,0
random_n20_p02.json,random,20,0.2,,,20,4.0,4.0,False,true,False,0
random_n20_p02.json,random,20,0.2,,,21,5.0,5.0,False,false,True,1
random_n20_p02.json,random,20,0.2,,,22,4.0,4.0,False,true,False,0
random_n20_p02.json,random,20,0.2,,,23,3.0,3.0,False,true,False,0
random_n20_p02.json,random,20,0.2,,,24,4.0,4.0,False,true,False,0
random_n20_p02.json,random,20,0.2,,,25,2.0,2.0,False,true,False,0
random_n20_p02.json,random,20,0.2,,,26,5.0,5.0,False,true,False,0
random_n20_p02.json,random,20,0.2,,,27,0.0,1.0,True,false,False,1
random_n20_p02.json,random,20,0.2,,,28,3.0,3.0,False,true,False,0
random_n20_p02.json,random,20,0.2,,,29,3.0,3.0,False,true,False,0
random_n20_p02.json,random,20,0.2,,,30,3.0,3.0,False,true,False,0
random_n20_p02.json,random,20,0.2,,,31,0.0,0.0,False,true,False,0
random_n20_p02.json,random,20,0.2,,,32,4.0,4.0,False,true,False,0
random_n20_p02.json,random,20,0.2,,,33,5.0,5.0,False,true,False,0
random_n20_p02.json,random,20,0.2,,,34,4.0,4.0,False,true,False,0
random_n20_p02.json,random,20,0.2,,,35,3.0,3.0,False,true,False,0
random_n20_p02.json,random,20,0.2,,,36,6.0,6.0,False,true,False,0
random_n20_p02.json,random,20,0.2,,,37,3.0,3.0,False,true,False,0
random_n20_p02.json,random,20,0.2,,,38,2.0,2.0,False,true,False,0
random_n20_p02.json,random,20,0.2,,,39,3.0,3.0,False,true,False,0
random_n20_p02.json,random,20,0.2,,,40,2.0,2.0,False,true,False,0
random_n20_p02.json,random,20,0.2,,,41,5.0,5.0,False,true,False,0
random_n20_p02.json,random,20,0.2,,,42,3.0,3.0,False,true,False,0
random_n20_p02.json,random,20,0.2,,,43,1.0,1.0,False,true,False,0
random_n20_p02.json,random,20,0.2,,,44,7.0,7.0,False,true,False,0
random_n20_p02.json,random,20,0.2,,,45,3.0,3.0,False,true,False,0
random_n20_p02.json,random,20,0.2,,,46,4.0,4.0,False,true,False,0
random_n20_p02.json,random,20,0.2,,,47,2.0,2.0,False,true,False,0
random_n20_p02.json,random,20,0.2,,,48,4.0,4.0,False,true,False,0
random_n20_p02.json,random,20,0.2,,,49,2.0,2.0,False,true,False,0
random_n20_p02.json,random,20,0.2,,,50,5.0,5.0,False,true,False,0
random_n10_p03.json,random,10,0.3,,,1,3.0,3.0,False,true,False,0
random_n10_p03.json,random,10,0.3,,,2,4.0,4.0,False,true,False,0
random_n10_p03.json,random,10,0.3,,,3,3.0,3.0,False,true,False,0
random_n10_p03.json,random,10,0.3,,,4,2.0,2.0,False,true,False,0
random_n10_p03.json,random,10,0.3,,,5,2.0,2.0,False,true,False,0
random_n10_p03.json,random,10,0.3,,,6,1.0,1.0,False,true,False,0
random_n10_p03.json,random,10,0.3,,,7,5.0,5.0,False,true,False,0
random_n10_p03.json,random,10,0.3,,,8,3.0,3.0,False,true,False,0
random_n10_p03.json,random,10,0.3,,,9,2.0,2.0,False,true,False,0
random_n10_p03.json,random,10,0.3,,,10,3.0,3.0,False,false,True,1
random_n10_p03.json,random,10,0.3,,,11,3.0,3.0,False,true,False,0
random_n10_p03.json,random,10,0.3,,,12,4.0,4.0,False,true,False,1
random_n10_p03.json,random,10,0.3,,,13,0.0,0.0,False,true,False,0
random_n10_p03.json,random,10,0.3,,,14,3.0,3.0,False,true,False,0
random_n10_p03.json,random,10,0.3,,,15,3.0,3.0,False,true,False,0
random_n10_p03.json,random,10,0.3,,,16,3.0,3.0,False,true,False,0
random_n10_p03.json,random,10,0.3,,,17,3.0,3.0,False,true,False,0
random_n10_p03.json,random,10,0.3,,,18,0.0,0.0,False,true,False,0
random_n10_p03.json,random,10,0.3,,,19,0.0,0.0,False,true,False,0
random_n10_p03.json,random,10,0.3,,,20,3.0,3.0,False,true,False,0
random_n10_p03.json,random,10,0.3,,,21,6.0,6.0,False,true,False,0
random_n10_p03.json,random,10,0.3,,,22,1.0,1.0,False,true,False,0
random_n10_p03.json,random,10,0.3,,,23,2.0,2.0,False,true,False,0
random_n10_p03.json,random,10,0.3,,,24,2.0,2.0,False,true,False,0
random_n10_p03.json,random,10,0.3,,,25,4.0,4.0,False,true,False,0
random_n10_p03.json,random,10,0.3,,,26,7.0,7.0,False,true,False,0
random_n10_p03.json,random,10,0.3,,,27,2.0,2.0,False,true,False,0
random_n10_p03.json,random,10,0.3,,,28,1.0,1.0,False,true,False,0
random_n10_p03.json,random,10,0.3,,,29,4.0,4.0,False,true,False,0
random_n10_p03.json,random,10,0.3,,,30,4.0,4.0,False,true,False,0
random_n10_p03.json,random,10,0.3,,,31,1.0,1.0,False,false,True,1
random_n10_p03.json,random,10,0.3,,,32,2.0,2.0,False,true,False,0
random_n10_p03.json,random,10,0.3,,,33,5.0,5.0,False,true,False,0
random_n10_p03.json,random,10,0.3,,,34,1.0,1.0,False,true,False,0
random_n10_p03.json,random,10,0.3,,,35,2.0,2.0,False,true,False,0
random_n10_p03.json,random,10,0.3,,,36,6.0,6.0,False,true,False,0
random_n10_p03.json,random,10,0.3,,,37,4.0,4.0,False,true,False,0
random_n10_p03.json,random,10,0.3,,,38,4.0,4.0,False,true,False,0
random_n10_p03.json,random,10,0.3,,,39,5.0,5.0,False,true,False,0
random_n10_p03.json,random,10,0.3,,,40,4.0,4.0,False,true,False,0
random_n10_p03.json,random,10,0.3,,,41,2.0,2.0,False,true,False,0
random_n10_p03.json,random,10,0.3,,,42,3.0,3.0,False,true,False,0
random_n10_p03.json,random,10,0.3,,,43,1.0,1.0,False,true,False,0
random_n10_p03.json,random,10,0.3,,,44,5.0,5.0,False,true,False,0
random_n10_p03.json,random,10,0.3,,,45,1.0,1.0,False,true,False,0
random_n10_p03.json,random,10,0.3,,,46,1.0,1.0,False,true,False,0
random_n10_p03.json,random,10,0.3,,,47,1.0,1.0,False,true,False,0
random_n10_p03.json,random,10,0.3,,,48,2.0,2.0,False,true,False,1
random_n10_p03.json,random,10,0.3,,,49,2.0,2.0,False,true,False,0
random_n10_p03.json,random,10,0.3,,,50,2.0,2.0,False,true,False,0
random_n10_p02.json,random,10,0.2,,,1,0.0,0.0,False,true,False,0
random_n10_p02.json,random,10,0.2,,,2,0.0,0.0,False,true,False,0
random_n10_p02.json,random,10,0.2,,,3,0.0,0.0,False,true,False,0
random_n10_p02.json,random,10,0.2,,,4,1.0,1.0,False,true,False,0
random_n10_p02.json,random,10,0.2,,,5,0.0,0.0,False,true,False,0
random_n10_p02.json,random,10,0.2,,,6,0.0,0.0,False,true,False,0
random_n10_p02.json,random,10,0.2,,,7,1.0,1.0,False,true,False,0
random_n10_p02.json,random,10,0.2,,,8,1.0,1.0,False,true,False,0
random_n10_p02.json,random,10,0.2,,,9,0.0,0.0,False,true,False,0
random_n10_p02.json,random,10,0.2,,,10,0.0,0.0,False,true,False,0
random_n10_p02.json,random,10,0.2,,,11,0.0,0.0,False,true,False,0
random_n10_p02.json,random,10,0.2,,,12,0.0,0.0,False,true,False,0
random_n10_p02.json,random,10,0.2,,,13,0.0,0.0,False,true,False,0
random_n10_p02.json,random,10,0.2,,,14,3.0,3.0,False,true,False,0
random_n10_p02.json,random,10,0.2,,,15,0.0,0.0,False,true,False,0
random_n10_p02.json,random,10,0.2,,,16,1.0,1.0,False,true,False,0
random_n10_p02.json,random,10,0.2,,,17,2.0,2.0,False,true,False,0
random_n10_p02.json,random,10,0.2,,,18,0.0,0.0,False,true,False,0
random_n10_p02.json,random,10,0.2,,,19,0.0,0.0,False,true,False,0
random_n10_p02.json,random,10,0.2,,,20,0.0,0.0,False,true,False,0
random_n10_p02.json,random,10,0.2,,,21,2.0,2.0,False,true,False,0
random_n10_p02.json,random,10,0.2,,,22,1.0,1.0,False,true,False,0
random_n10_p02.json,random,10,0.2,,,23,0.0,0.0,False,true,False,0
random_n10_p02.json,random,10,0.2,,,24,1.0,1.0,False,true,False,0
random_n10_p02.json,random,10,0.2,,,25,1.0,1.0,False,true,False,0
random_n10_p02.json,random,10,0.2,,,26,1.0,1.0,False,true,False,0
random_n10_p02.json,random,10,0.2,,,27,0.0,0.0,False,true,False,0
random_n10_p02.json,random,10,0.2,,,28,1.0,1.0,False,true,False,0
random_n10_p02.json,random,10,0.2,,,29,1.0,1.0,False,true,False,0
random_n10_p02.json,random,10,0.2,,,30,2.0,2.0,False,true,False,0
random_n10_p02.json,random,10,0.2,,,31,0.0,0.0,False,true,False,0
random_n10_p02.json,random,10,0.2,,,32,1.0,1.0,False,true,False,0
random_n10_p02.json,random,10,0.2,,,33,0.0,0.0,False,true,False,0
random_n10_p02.json,random,10,0.2,,,34,0.0,0.0,False,true,False,0
random_n10_p02.json,random,10,0.2,,,35,0.0,0.0,False,true,False,0
random_n10_p02.json,random,10,0.2,,,36,2.0,2.0,False,true,False,0
random_n10_p02.json,random,10,0.2,,,37,0.0,0.0,False,true,False,0
random_n10_p02.json,random,10,0.2,,,38,0.0,0.0,False,true,False,0
random_n10_p02.json,random,10,0.2,,,39,0.0,0.0,False,true,False,0
random_n10_p02.json,random,10,0.2,,,40,0.0,0.0,False,true,False,0
random_n10_p02.json,random,10,0.2,,,41,1.0,1.0,False,true,False,0
random_n10_p02.json,random,10,0.2,,,42,1.0,1.0,False,true,False,0
random_n10_p02.json,random,10,0.2,,,43,0.0,0.0,False,true,False,0
random_n10_p02.json,random,10,0.2,,,44,2.0,2.0,False,true,False,0
random_n10_p02.json,random,10,0.2,,,45,0.0,0.0,False,true,False,0
random_n10_p02.json,random,10,0.2,,,46,2.0,2.0,False,true,False,0
random_n10_p02.json,random,10,0.2,,,47,1.0,1.0,False,true,False,0
random_n10_p02.json,random,10,0.2,,,48,0.0,0.0,False,true,False,0
random_n10_p02.json,random,10,0.2,,,49,0.0,0.0,False,true,False,0
random_n10_p02.json,random,10,0.2,,,50,0.0,0.0,False,true,False,0
random_n10_p05.json,random,10,0.5,,,1,7.0,7.0,False,true,False,0
random_n10_p05.json,random,10,0.5,,,2,8.0,8.0,False,true,False,0
random_n10_p05.json,random,10,0.5,,,3,8.0,8.0,False,true,False,1
random_n10_p05.json,random,10,0.5,,,4,9.0,9.0,False,true,False,0
random_n10_p05.json,random,10,0.5,,,5,8.0,8.0,False,true,False,2
random_n10_p05.json,random,10,0.5,,,6,7.0,7.0,False,true,False,0
random_n10_p05.json,random,10,0.5,,,7,9.0,9.0,False,false,True,1
random_n10_p05.json,random,10,0.5,,,8,10.0,10.0,False,true,False,0
random_n10_p05.json,random,10,0.5,,,9,4.0,5.0,True,false,False,2
random_n10_p05.json,random,10,0.5,,,10,8.0,8.0,False,true,False,2
random_n10_p05.json,random,10,0.5,,,11,7.0,7.0,False,false,True,4
random_n10_p05.json,random,10,0.5,,,12,9.0,9.0,False,true,False,1
random_n10_p05.json,random,10,0.5,,,13,5.0,5.0,False,true,False,0
random_n10_p05.json,random,10,0.5,,,14,5.0,5.0,False,true,False,0
random_n10_p05.json,random,10,0.5,,,15,8.0,8.0,False,false,True,3
random_n10_p05.json,random,10,0.5,,,16,4.0,4.0,False,true,False,0
random_n10_p05.json,random,10,0.5,,,17,7.0,7.0,False,true,False,0
random_n10_p05.json,random,10,0.5,,,18,4.0,4.0,False,true,False,0
random_n10_p05.json,random,10,0.5,,,19,8.0,8.0,False,true,False,0
random_n10_p05.json,random,10,0.5,,,20,6.0,6.0,False,true,False,7
random_n10_p05.json,random,10,0.5,,,21,9.0,9.0,False,false,True,1
random_n10_p05.json,random,10,0.5,,,22,6.0,6.0,False,true,False,1
random_n10_p05.json,random,10,0.5,,,23,7.0,7.0,False,true,False,1
random_n10_p05.json,random,10,0.5,,,24,8.0,8.0,False,true,False,1
random_n10_p05.json,random,10,0.5,,,25,5.0,5.0,False,false,True,2
random_n10_p05.json,random,10,0.5,,,26,10.0,11.0,True,false,False,1
random_n10_p05.json,random,10,0.5,,,27,8.0,8.0,False,true,False,7
random_n10_p05.json,random,10,0.5,,,28,5.0,5.0,False,true,False,0
random_n10_p05.json,random,10,0.5,,,29,7.0,7.0,False,true,False,2
random_n10_p05.json,random,10,0.5,,,30,9.0,9.0,False,true,False,0
random_n10_p05.json,random,10,0.5,,,31,4.0,4.0,False,true,False,5
random_n10_p05.json,random,10,0.5,,,32,7.0,7.0,False,true,False,0
random_n10_p05.json,random,10,0.5,,,33,8.0,8.0,False,true,False,1
random_n10_p05.json,random,10,0.5,,,34,7.0,7.0,False,true,False,0
random_n10_p05.json,random,10,0.5,,,35,6.0,6.0,False,true,False,1
random_n10_p05.json,random,10,0.5,,,36,9.0,9.0,False,true,False,1
random_n10_p05.json,random,10,0.5,,,37,6.0,6.0,False,true,False,4
random_n10_p05.json,random,10,0.5,,,38,8.0,8.0,False,true,False,1
random_n10_p05.json,random,10,0.5,,,39,8.0,8.0,False,true,False,0
random_n10_p05.json,random,10,0.5,,,40,9.0,9.0,False,true,False,0
random_n10_p05.json,random,10,0.5,,,41,8.0,8.0,False,true,False,0
random_n10_p05.json,random,10,0.5,,,42,7.0,7.0,False,true,False,0
random_n10_p05.json,random,10,0.5,,,43,8.0,8.0,False,true,False,5
random_n10_p05.json,random,10,0.5,,,44,8.0,8.0,False,true,False,0
random_n10_p05.json,random,10,0.5,,,45,5.0,5.0,False,true,False,0
random_n10_p05.json,random,10,0.5,,,46,5.0,5.0,False,true,False,3
random_n10_p05.json,random,10,0.5,,,47,4.0,4.0,False,true,False,0
random_n10_p05.json,random,10,0.5,,,48,7.0,8.0,True,false,False,2
random_n10_p05.json,random,10,0.5,,,49,4.0,5.0,True,true,False,1
random_n10_p05.json,random,10,0.5,,,50,6.0,7.0,True,false,False,2
random_n10_p04.json,random,10,0.4,,,1,4.0,4.0,False,true,False,1
random_n10_p04.json,random,10,0.4,,,2,6.0,6.0,False,true,False,0
random_n10_p04.json,random,10,0.4,,,3,5.0,5.0,False,true,False,0
random_n10_p04.json,random,10,0.4,,,4,5.0,5.0,False,true,False,0
random_n10_p04.json,random,10,0.4,,,5,5.0,5.0,False,false,True,2
random_n10_p04.json,random,10,0.4,,,6,4.0,4.0,False,true,False,0
random_n10_p04.json,random,10,0.4,,,7,7.0,7.0,False,true,False,0
random_n10_p04.json,random,10,0.4,,,8,8.0,8.0,False,true,False,0
random_n10_p04.json,random,10,0.4,,,9,3.0,3.0,False,true,False,0
random_n10_p04.json,random,10,0.4,,,10,6.0,6.0,False,true,False,1
random_n10_p04.json,random,10,0.4,,,11,4.0,4.0,False,true,False,2
random_n10_p04.json,random,10,0.4,,,12,6.0,6.0,False,true,False,1
random_n10_p04.json,random,10,0.4,,,13,1.0,1.0,False,true,False,0
random_n10_p04.json,random,10,0.4,,,14,4.0,4.0,False,true,False,0
random_n10_p04.json,random,10,0.4,,,15,7.0,7.0,False,true,False,0
random_n10_p04.json,random,10,0.4,,,16,3.0,3.0,False,true,False,0
random_n10_p04.json,random,10,0.4,,,17,5.0,5.0,False,true,False,0
random_n10_p04.json,random,10,0.4,,,18,3.0,3.0,False,true,False,0
random_n10_p04.json,random,10,0.4,,,19,2.0,2.0,False,true,False,0
random_n10_p04.json,random,10,0.4,,,20,5.0,5.0,False,true,False,2
random_n10_p04.json,random,10,0.4,,,21,7.0,7.0,False,true,False,0
random_n10_p04.json,random,10,0.4,,,22,4.0,4.0,False,true,False,0
random_n10_p04.json,random,10,0.4,,,23,4.0,4.0,False,true,False,0
random_n10_p04.json,random,10,0.4,,,24,5.0,5.0,False,true,False,0
random_n10_p04.json,random,10,0.4,,,25,6.0,6.0,False,true,False,1
random_n10_p04.json,random,10,0.4,,,26,9.0,9.0,False,true,False,0
random_n10_p04.json,random,10,0.4,,,27,5.0,6.0,True,false,False,2
random_n10_p04.json,random,10,0.4,,,28,4.0,4.0,False,true,False,0
random_n10_p04.json,random,10,0.4,,,29,7.0,7.0,False,false,True,3
random_n10_p04.json,random,10,0.4,,,30,9.0,9.0,False,true,False,0
random_n10_p04.json,random,10,0.4,,,31,2.0,2.0,False,true,False,1
random_n10_p04.json,random,10,0.4,,,32,5.0,5.0,False,true,False,0
random_n10_p04.json,random,10,0.4,,,33,5.0,5.0,False,true,False,0
random_n10_p04.json,random,10,0.4,,,34,6.0,6.0,False,true,False,0
random_n10_p04.json,random,10,0.4,,,35,4.0,4.0,False,false,True,1
random_n10_p04.json,random,10,0.4,,,36,9.0,9.0,False,true,False,0
random_n10_p04.json,random,10,0.4,,,37,6.0,6.0,False,true,False,2
random_n10_p04.json,random,10,0.4,,,38,5.0,5.0,False,true,False,0
random_n10_p04.json,random,10,0.4,,,39,6.0,6.0,False,true,False,0
random_n10_p04.json,random,10,0.4,,,40,6.0,6.0,False,true,False,0
random_n10_p04.json,random,10,0.4,,,41,7.0,7.0,False,true,False,0
random_n10_p04.json,random,10,0.4,,,42,5.0,5.0,False,true,False,0
random_n10_p04.json,random,10,0.4,,,43,4.0,4.0,False,false,True,1
random_n10_p04.json,random,10,0.4,,,44,8.0,8.0,False,true,False,0
random_n10_p04.json,random,10,0.4,,,45,3.0,3.0,False,true,False,0
random_n10_p04.json,random,10,0.4,,,46,3.0,3.0,False,true,False,0
random_n10_p04.json,random,10,0.4,,,47,3.0,3.0,False,true,False,0
random_n10_p04.json,random,10,0.4,,,48,6.0,6.0,False,true,False,2
random_n10_p04.json,random,10,0.4,,,49,3.0,4.0,True,false,False,1
random_n10_p04.json,random,10,0.4,,,50,5.0,5.0,False,true,False,1
random_n10_p08.json,random,10,0.8,,,1,9.0,9.0,False,true,False,6
random_n10_p08.json,random,10,0.8,,,2,8.0,8.0,False,true,False,1
random_n10_p08.json,random,10,0.8,,,3,7.0,7.0,False,true,False,3
random_n10_p08.json,random,10,0.8,,,4,11.0,11.0,False,true,False,1
random_n10_p08.json,random,10,0.8,,,5,10.0,10.0,False,true,False,0
random_n10_p08.json,random,10,0.8,,,6,11.0,11.0,False,true,False,1
random_n10_p08.json,random,10,0.8,,,7,9.0,9.0,False,true,False,2
random_n10_p08.json,random,10,0.8,,,8,7.0,7.0,False,true,False,0
random_n10_p08.json,random,10,0.8,,,9,11.0,11.0,False,true,False,3
random_n10_p08.json,random,10,0.8,,,10,10.0,10.0,False,true,False,5
random_n10_p08.json,random,10,0.8,,,11,9.0,9.0,False,true,False,6
random_n10_p08.json,random,10,0.8,,,12,8.0,8.0,False,false,True,2
random_n10_p08.json,random,10,0.8,,,13,10.0,10.0,False,true,False,0
random_n10_p08.json,random,10,0.8,,,14,8.0,8.0,False,true,False,2
random_n10_p08.json,random,10,0.8,,,15,9.0,9.0,False,true,False,1
random_n10_p08.json,random,10,0.8,,,16,10.0,10.0,False,false,True,1
random_n10_p08.json,random,10,0.8,,,17,8.0,8.0,False,true,False,0
random_n10_p08.json,random,10,0.8,,,18,8.0,8.0,False,true,False,4
random_n10_p08.json,random,10,0.8,,,19,9.0,9.0,False,true,False,1
random_n10_p08.json,random,10,0.8,,,20,5.0,5.0,False,true,False,2
random_n10_p08.json,random,10,0.8,,,21,6.0,6.0,False,true,False,1
random_n10_p08.json,random,10,0.8,,,22,7.0,7.0,False,true,False,10
random_n10_p08.json,random,10,0.8,,,23,9.0,9.0,False,true,False,3
random_n10_p08.json,random,10,0.8,,,24,8.0,8.0,False,true,False,4
random_n10_p08.json,random,10,0.8,,,25,3.0,3.0,False,true,False,11
random_n10_p08.json,random,10,0.8,,,26,8.0,8.0,False,true,False,1
random_n10_p08.json,random,10,0.8,,,27,9.0,9.0,False,true,False,9
random_n10_p08.json,random,10,0.8,,,28,8.0,8.0,False,true,False,5
random_n10_p08.json,random,10,0.8,,,29,8.0,8.0,False,true,False,5
random_n10_p08.json,random,10,0.8,,,30,9.0,9.0,False,true,False,2
random_n10_p08.json,random,10,0.8,,,31,8.0,8.0,False,true,False,5
random_n10_p08.json,random,10,0.8,,,32,10.0,10.0,False,true,False,0
random_n10_p08.json,random,10,0.8,,,33,9.0,9.0,False,true,False,1
random_n10_p08.json,random,10,0.8,,,34,10.0,10.0,False,true,False,1
random_n10_p08.json,random,10,0.8,,,35,9.0,9.0,False,true,False,2
random_n10_p08.json,random,10,0.8,,,36,8.0,8.0,False,true,False,2
random_n10_p08.json,random,10,0.8,,,37,5.0,5.0,False,true,False,15
random_n10_p08.json,random,10,0.8,,,38,7.0,7.0,False,true,False,0
random_n10_p08.json,random,10,0.8,,,39,7.0,7.0,False,true,False,3
random_n10_p08.json,random,10,0.8,,,40,2.0,2.0,False,true,False,2
random_n10_p08.json,random,10,0.8,,,41,11.0,11.0,False,true,False,1
random_n10_p08.json,random,10,0.8,,,42,10.0,10.0,False,true,False,2
random_n10_p08.json,random,10,0.8,,,43,7.0,7.0,False,true,False,5
random_n10_p08.json,random,10,0.8,,,44,10.0,10.0,False,true,False,1
random_n10_p08.json,random,10,0.8,,,45,7.0,7.0,False,true,False,1
random_n10_p08.json,random,10,0.8,,,46,6.0,6.0,False,true,False,11
random_n10_p08.json,random,10,0.8,,,47,9.0,9.0,False,true,False,1
random_n10_p08.json,random,10,0.8,,,48,6.0,6.0,False,true,False,4
random_n10_p08.json,random,10,0.8,,,49,9.0,9.0,False,true,False,6
random_n10_p08.json,random,10,0.8,,,50,8.0,8.0,False,true,False,7
random_n10_p07.json,random,10,0.7,,,1,10.0,10.0,False,true,False,1
random_n10_p07.json,random,10,0.7,,,2,10.0,10.0,False,true,False,1
random_n10_p07.json,random,10,0.7,,,3,11.0,11.0,False,true,False,2
random_n10_p07.json,random,10,0.7,,,4,13.0,13.0,False,false,True,1
random_n10_p07.json,random,10,0.7,,,5,10.0,10.0,False,true,False,5
random_n10_p07.json,random,10,0.7,,,6,11.0,11.0,False,true,False,1
random_n10_p07.json,random,10,0.7,,,7,9.0,9.0,False,true,False,3
random_n10_p07.json,random,10,0.7,,,8,10.0,10.0,False,true,False,0
random_n10_p07.json,random,10,0.7,,,9,7.0,7.0,False,true,False,2
random_n10_p07.json,random,10,0.7,,,10,10.0,10.0,False,false,True,5
random_n10_p07.json,random,10,0.7,,,11,9.0,9.0,False,false,True,7
random_n10_p07.json,random,10,0.7,,,12,8.0,8.0,False,true,False,2
random_n10_p07.json,random,10,0.7,,,13,8.0,8.0,False,true,False,0
random_n10_p07.json,random,10,0.7,,,14,9.0,9.0,False,true,False,0
random_n10_p07.json,random,10,0.7,,,15,12.0,12.0,False,false,True,1
random_n10_p07.json,random,10,0.7,,,16,10.0,10.0,False,true,False,0
random_n10_p07.json,random,10,0.7,,,17,9.0,9.0,False,true,False,0
random_n10_p07.json,random,10,0.7,,,18,9.0,9.0,False,true,False,3
random_n10_p07.json,random,10,0.7,,,19,13.0,13.0,False,true,False,0
random_n10_p07.json,random,10,0.7,,,20,9.0,9.0,False,true,False,11
random_n10_p07.json,random,10,0.7,,,21,10.0,10.0,False,true,False,1
random_n10_p07.json,random,10,0.7,,,22,8.0,8.0,False,true,False,5
random_n10_p07.json,random,10,0.7,,,23,9.0,9.0,False,true,False,3
random_n10_p07.json,random,10,0.7,,,24,12.0,12.0,False,false,True,5
random_n10_p07.json,random,10,0.7,,,25,10.0,10.0,False,true,False,9
random_n10_p07.json,random,10,0.7,,,26,12.0,12.0,False,false,True,3
random_n10_p07.json,random,10,0.7,,,27,11.0,11.0,False,true,False,9
random_n10_p07.json,random,10,0.7,,,28,8.0,8.0,False,true,False,4
random_n10_p07.json,random,10,0.7,,,29,10.0,10.0,False,true,False,5
random_n10_p07.json,random,10,0.7,,,30,10.0,10.0,False,true,False,2
random_n10_p07.json,random,10,0.7,,,31,9.0,9.0,False,false,True,5
random_n10_p07.json,random,10,0.7,,,32,10.0,10.0,False,true,False,0
random_n10_p07.json,random,10,0.7,,,33,12.0,12.0,False,true,False,1
random_n10_p07.json,random,10,0.7,,,34,10.0,10.0,False,true,False,0
random_n10_p07.json,random,10,0.7,,,35,9.0,9.0,False,true,False,2
random_n10_p07.json,random,10,0.7,,,36,10.0,10.0,False,true,False,2
random_n10_p07.json,random,10,0.7,,,37,9.0,9.0,False,false,True,6
random_n10_p07.json,random,10,0.7,,,38,7.0,7.0,False,true,False,2
random_n10_p07.json,random,10,0.7,,,39,11.0,11.0,False,true,False,1
random_n10_p07.json,random,10,0.7,,,40,7.0,7.0,False,true,False,1
random_n10_p07.json,random,10,0.7,,,41,7.0,7.0,False,true,False,0
random_n10_p07.json,random,10,0.7,,,42,11.0,11.0,False,false,True,1
random_n10_p07.json,random,10,0.7,,,43,7.0,7.0,False,true,False,4
random_n10_p07.json,random,10,0.7,,,44,10.0,10.0,False,true,False,1
random_n10_p07.json,random,10,0.7,,,45,10.0,10.0,False,true,False,0
random_n10_p07.json,random,10,0.7,,,46,8.0,8.0,False,true,False,6
random_n10_p07.json,random,10,0.7,,,47,7.0,7.0,False,true,False,0
random_n10_p07.json,random,10,0.7,,,48,11.0,11.0,False,true,False,5
random_n10_p07.json,random,10,0.7,,,49,9.0,9.0,False,true,False,6
random_n10_p07.json,random,10,0.7,,,50,9.0,9.0,False,true,False,5
random_n10_p06.json,random,10,0.6,,,1,11.0,11.0,False,false,True,1
random_n10_p06.json,random,10,0.6,,,2,10.0,10.0,False,true,False,0
random_n10_p06.json,random,10,0.6,,,3,10.0,10.0,False,true,False,2
random_n10_p06.json,random,10,0.6,,,4,11.0,11.0,False,true,False,1
random_n10_p06.json,random,10,0.6,,,5,9.0,9.0,False,false,True,2
random_n10_p06.json,random,10,0.6,,,6,9.0,9.0,False,true,False,0
random_n10_p06.json,random,10,0.6,,,7,8.0,8.0,False,true,False,2
random_n10_p06.json,random,10,0.6,,,8,11.0,11.0,False,true,False,0
random_n10_p06.json,random,10,0.6,,,9,5.0,6.0,True,false,False,2
random_n10_p06.json,random,10,0.6,,,10,10.0,10.0,False,false,True,2
random_n10_p06.json,random,10,0.6,,,11,8.0,8.0,False,false,True,5
random_n10_p06.json,random,10,0.6,,,12,8.0,8.0,False,true,False,1
random_n10_p06.json,random,10,0.6,,,13,7.0,7.0,False,true,False,0
random_n10_p06.json,random,10,0.6,,,14,9.0,9.0,False,true,False,0
random_n10_p06.json,random,10,0.6,,,15,11.0,11.0,False,true,False,1
random_n10_p06.json,random,10,0.6,,,16,7.0,7.0,False,true,False,0
random_n10_p06.json,random,10,0.6,,,17,10.0,10.0,False,true,False,1
random_n10_p06.json,random,10,0.6,,,18,7.0,7.0,False,true,False,2
random_n10_p06.json,random,10,0.6,,,19,11.0,11.0,False,true,False,0
random_n10_p06.json,random,10,0.6,,,20,7.0,7.0,False,false,True,9
random_n10_p06.json,random,10,0.6,,,21,9.0,9.0,False,true,False,0
random_n10_p06.json,random,10,0.6,,,22,8.0,8.0,False,true,False,3
random_n10_p06.json,random,10,0.6,,,23,9.0,9.0,False,false,True,2
random_n10_p06.json,random,10,0.6,,,24,11.0,11.0,False,true,False,5
random_n10_p06.json,random,10,0.6,,,25,9.0,9.0,False,true,False,7
random_n10_p06.json,random,10,0.6,,,26,11.0,11.0,False,true,False,2
random_n10_p06.json,random,10,0.6,,,27,9.0,9.0,False,true,False,7
random_n10_p06.json,random,10,0.6,,,28,7.0,7.0,False,false,True,1
random_n10_p06.json,random,10,0.6,,,29,10.0,10.0,False,true,False,7
random_n10_p06.json,random,10,0.6,,,30,9.0,9.0,False,true,False,0
random_n10_p06.json,random,10,0.6,,,31,7.0,7.0,False,true,False,7
random_n10_p06.json,random,10,0.6,,,32,9.0,9.0,False,true,False,0
random_n10_p06.json,random,10,0.6,,,33,11.0,11.0,False,true,False,1
random_n10_p06.json,random,10,0.6,,,34,9.0,9.0,False,true,False,0
random_n10_p06.json,random,10,0.6,,,35,7.0,7.0,False,true,False,1
random_n10_p06.json,random,10,0.6,,,36,11.0,11.0,False,true,False,1
random_n10_p06.json,random,10,0.6,,,37,8.0,8.0,False,true,False,4
random_n10_p06.json,random,10,0.6,,,38,9.0,9.0,False,true,False,1
random_n10_p06.json,random,10,0.6,,,39,11.0,11.0,False,true,False,1
random_n10_p06.json,random,10,0.6,,,40,9.0,9.0,False,true,False,1
random_n10_p06.json,random,10,0.6,,,41,8.0,8.0,False,true,False,0
random_n10_p06.json,random,10,0.6,,,42,7.0,7.0,False,true,False,0
random_n10_p06.json,random,10,0.6,,,43,8.0,8.0,False,true,False,5
random_n10_p06.json,random,10,0.6,,,44,8.0,8.0,False,true,False,1
random_n10_p06.json,random,10,0.6,,,45,9.0,9.0,False,true,False,0
random_n10_p06.json,random,10,0.6,,,46,7.0,7.0,False,true,False,5
random_n10_p06.json,random,10,0.6,,,47,5.0,5.0,False,true,False,0
random_n10_p06.json,random,10,0.6,,,48,9.0,10.0,True,false,False,3
random_n10_p06.json,random,10,0.6,,,49,8.0,8.0,False,true,False,3
random_n10_p06.json,random,10,0.6,,,50,8.0,8.0,False,true,False,4
random_n5_p06.json,random,5,0.6,,,1,2.0,2.0,False,true,False,0
random_n5_p06.json,random,5,0.6,,,2,1.0,1.0,False,true,False,0
random_n5_p06.json,random,5,0.6,,,3,1.0,2.0,True,true,False,2
random_n5_p06.json,random,5,0.6,,,4,2.0,2.0,False,true,False,0
random_n5_p06.json,random,5,0.6,,,5,2.0,2.0,False,true,False,0
random_n5_p06.json,random,5,0.6,,,6,2.0,2.0,False,true,False,0
random_n5_p06.json,random,5,0.6,,,7,1.0,1.0,False,true,False,0
random_n5_p06.json,random,5,0.6,,,8,2.0,2.0,False,true,False,0
random_n5_p06.json,random,5,0.6,,,9,0.0,0.0,False,true,False,0
random_n5_p06.json,random,5,0.6,,,10,1.0,1.0,False,true,False,0
random_n5_p06.json,random,5,0.6,,,11,0.0,0.0,False,true,False,0
random_n5_p06.json,random,5,0.6,,,12,2.0,2.0,False,true,False,0
random_n5_p06.json,random,5,0.6,,,13,0.0,0.0,False,true,False,0
random_n5_p06.json,random,5,0.6,,,14,2.0,2.0,False,true,False,0
random_n5_p06.json,random,5,0.6,,,15,2.0,2.0,False,true,False,0
random_n5_p06.json,random,5,0.6,,,16,1.0,1.0,False,true,False,0
random_n5_p06.json,random,5,0.6,,,17,3.0,3.0,False,true,False,0
random_n5_p06.json,random,5,0.6,,,18,1.0,1.0,False,true,False,0
random_n5_p06.json,random,5,0.6,,,19,3.0,3.0,False,true,False,0
random_n5_p06.json,random,5,0.6,,,20,1.0,1.0,False,true,False,0
random_n5_p06.json,random,5,0.6,,,21,0.0,0.0,False,true,False,0
random_n5_p06.json,random,5,0.6,,,22,0.0,0.0,False,true,False,0
random_n5_p06.json,random,5,0.6,,,23,1.0,1.0,False,true,False,0
random_n5_p06.json,random,5,0.6,,,24,1.0,1.0,False,true,False,0
random_n5_p06.json,random,5,0.6,,,25,1.0,1.0,False,true,False,0
random_n5_p06.json,random,5,0.6,,,26,2.0,2.0,False,true,False,0
random_n5_p06.json,random,5,0.6,,,27,1.0,1.0,False,true,False,0
random_n5_p06.json,random,5,0.6,,,28,0.0,0.0,False,true,False,0
random_n5_p06.json,random,5,0.6,,,29,0.0,0.0,False,true,False,0
random_n5_p06.json,random,5,0.6,,,30,2.0,2.0,False,true,False,0
random_n5_p06.json,random,5,0.6,,,31,1.0,1.0,False,true,False,0
random_n5_p06.json,random,5,0.6,,,32,2.0,2.0,False,true,False,0
random_n5_p06.json,random,5,0.6,,,33,2.0,2.0,False,true,False,0
random_n5_p06.json,random,5,0.6,,,34,1.0,1.0,False,true,False,0
random_n5_p06.json,random,5,0.6,,,35,1.0,1.0,False,true,False,0
random_n5_p06.json,random,5,0.6,,,36,2.0,2.0,False,true,False,0
random_n5_p06.json,random,5,0.6,,,37,1.0,1.0,False,true,False,0
random_n5_p06.json,random,5,0.6,,,38,1.0,1.0,False,true,False,0
random_n5_p06.json,random,5,0.6,,,39,2.0,2.0,False,true,False,0
random_n5_p06.json,random,5,0.6,,,40,0.0,0.0,False,true,False,0
random_n5_p06.json,random,5,0.6,,,41,1.0,1.0,False,true,False,0
random_n5_p06.json,random,5,0.6,,,42,0.0,0.0,False,true,False,0
random_n5_p06.json,random,5,0.6,,,43,1.0,1.0,False,true,False,0
random_n5_p06.json,random,5,0.6,,,44,1.0,1.0,False,true,False,0
random_n5_p06.json,random,5,0.6,,,45,2.0,2.0,False,true,False,0
random_n5_p06.json,random,5,0.6,,,46,0.0,0.0,False,true,False,0
random_n5_p06.json,random,5,0.6,,,47,2.0,2.0,False,true,False,0
random_n5_p06.json,random,5,0.6,,,48,2.0,2.0,False,true,False,0
random_n5_p06.json,random,5,0.6,,,49,1.0,1.0,False,true,False,0
random_n5_p06.json,random,5,0.6,,,50,2.0,2.0,False,true,False,0
random_n5_p07.json,random,5,0.7,,,1,2.0,2.0,False,true,False,0
random_n5_p07.json,random,5,0.7,,,2,1.0,1.0,False,true,False,1
random_n5_p07.json,random,5,0.7,,,3,1.0,2.0,True,true,False,2
random_n5_p07.json,random,5,0.7,,,4,2.0,2.0,False,true,False,0
random_n5_p07.json,random,5,0.7,,,5,2.0,2.0,False,true,False,0
random_n5_p07.json,random,5,0.7,,,6,1.0,1.0,False,true,False,0
random_n5_p07.json,random,5,0.7,,,7,2.0,2.0,False,true,False,0
random_n5_p07.json,random,5,0.7,,,8,2.0,2.0,False,true,False,0
random_n5_p07.json,random,5,0.7,,,9,1.0,1.0,False,true,False,0
random_n5_p07.json,random,5,0.7,,,10,1.0,1.0,False,true,False,0
random_n5_p07.json,random,5,0.7,,,11,0.0,1.0,True,false,False,1
random_n5_p07.json,random,5,0.7,,,12,2.0,2.0,False,true,False,0
random_n5_p07.json,random,5,0.7,,,13,1.0,1.0,False,true,False,0
random_n5_p07.json,random,5,0.7,,,14,3.0,3.0,False,true,False,0
random_n5_p07.json,random,5,0.7,,,15,2.0,2.0,False,true,False,0
random_n5_p07.json,random,5,0.7,,,16,1.0,1.0,False,true,False,0
random_n5_p07.json,random,5,0.7,,,17,2.0,2.0,False,true,False,0
random_n5_p07.json,random,5,0.7,,,18,2.0,2.0,False,true,False,0
random_n5_p07.json,random,5,0.7,,,19,3.0,3.0,False,true,False,0
random_n5_p07.json,random,5,0.7,,,20,1.0,1.0,False,true,False,0
random_n5_p07.json,random,5,0.7,,,21,2.0,2.0,False,true,False,0
random_n5_p07.json,random,5,0.7,,,22,1.0,1.0,False,true,False,1
random_n5_p07.json,random,5,0.7,,,23,2.0,2.0,False,true,False,0
random_n5_p07.json,random,5,0.7,,,24,1.0,1.0,False,true,False,0
random_n5_p07.json,random,5,0.7,,,25,1.0,1.0,False,true,False,0
random_n5_p07.json,random,5,0.7,,,26,2.0,2.0,False,true,False,0
random_n5_p07.json,random,5,0.7,,,27,2.0,2.0,False,true,False,0
random_n5_p07.json,random,5,0.7,,,28,0.0,0.0,False,true,False,0
random_n5_p07.json,random,5,0.7,,,29,0.0,0.0,False,true,False,0
random_n5_p07.json,random,5,0.7,,,30,2.0,2.0,False,true,False,0
random_n5_p07.json,random,5,0.7,,,31,1.0,1.0,False,true,False,1
random_n5_p07.json,random,5,0.7,,,32,3.0,3.0,False,true,False,0
random_n5_p07.json,random,5,0.7,,,33,2.0,2.0,False,true,False,0
random_n5_p07.json,random,5,0.7,,,34,2.0,2.0,False,true,False,0
random_n5_p07.json,random,5,0.7,,,35,1.0,1.0,False,true,False,0
random_n5_p07.json,random,5,0.7,,,36,1.0,1.0,False,true,False,0
random_n5_p07.json,random,5,0.7,,,37,2.0,2.0,False,true,False,0
random_n5_p07.json,random,5,0.7,,,38,2.0,2.0,False,true,False,0
random_n5_p07.json,random,5,0.7,,,39,2.0,2.0,False,true,False,0
random_n5_p07.json,random,5,0.7,,,40,2.0,2.0,False,true,False,0
random_n5_p07.json,random,5,0.7,,,41,1.0,1.0,False,true,False,0
random_n5_p07.json,random,5,0.7,,,42,1.0,1.0,False,true,False,0
random_n5_p07.json,random,5,0.7,,,43,2.0,2.0,False,true,False,0
random_n5_p07.json,random,5,0.7,,,44,2.0,2.0,False,true,False,0
random_n5_p07.json,random,5,0.7,,,45,2.0,2.0,False,true,False,0
random_n5_p07.json,random,5,0.7,,,46,2.0,2.0,False,true,False,0
random_n5_p07.json,random,5,0.7,,,47,2.0,2.0,False,true,False,0
random_n5_p07.json,random,5,0.7,,,48,2.0,2.0,False,true,False,0
random_n5_p07.json,random,5,0.7,,,49,2.0,2.0,False,true,False,0
random_n5_p07.json,random,5,0.7,,,50,1.0,1.0,False,true,False,0
random_n5_p08.json,random,5,0.8,,,1,2.0,2.0,False,true,False,0
random_n5_p08.json,random,5,0.8,,,2,1.0,1.0,False,true,False,1
random_n5_p08.json,random,5,0.8,,,3,1.0,1.0,False,true,False,1
random_n5_p08.json,random,5,0.8,,,4,2.0,2.0,False,true,False,0
random_n5_p08.json,random,5,0.8,,,5,2.0,2.0,False,true,False,0
random_n5_p08.json,random,5,0.8,,,6,1.0,1.0,False,true,False,0
random_n5_p08.json,random,5,0.8,,,7,2.0,2.0,False,true,False,0
random_n5_p08.json,random,5,0.8,,,8,1.0,1.0,False,true,False,0
random_n5_p08.json,random,5,0.8,,,9,1.0,1.0,False,true,False,0
random_n5_p08.json,random,5,0.8,,,10,1.0,1.0,False,true,False,0
random_n5_p08.json,random,5,0.8,,,11,0.0,1.0,True,false,False,1
random_n5_p08.json,random,5,0.8,,,12,2.0,2.0,False,true,False,0
random_n5_p08.json,random,5,0.8,,,13,1.0,1.0,False,true,False,0
random_n5_p08.json,random,5,0.8,,,14,2.0,2.0,False,true,False,0
random_n5_p08.json,random,5,0.8,,,15,2.0,2.0,False,true,False,1
random_n5_p08.json,random,5,0.8,,,16,1.0,1.0,False,true,False,0
random_n5_p08.json,random,5,0.8,,,17,1.0,1.0,False,true,False,0
random_n5_p08.json,random,5,0.8,,,18,1.0,1.0,False,true,False,0
random_n5_p08.json,random,5,0.8,,,19,2.0,2.0,False,true,False,0
random_n5_p08.json,random,5,0.8,,,20,1.0,1.0,False,true,False,0
random_n5_p08.json,random,5,0.8,,,21,2.0,2.0,False,true,False,1
random_n5_p08.json,random,5,0.8,,,22,1.0,1.0,False,true,False,1
random_n5_p08.json,random,5,0.8,,,23,1.0,1.0,False,true,False,0
random_n5_p08.json,random,5,0.8,,,24,2.0,2.0,False,true,False,0
random_n5_p08.json,random,5,0.8,,,25,1.0,1.0,False,true,False,0
random_n5_p08.json,random,5,0.8,,,26,1.0,1.0,False,true,False,0
random_n5_p08.json,random,5,0.8,,,27,2.0,2.0,False,true,False,1
random_n5_p08.json,random,5,0.8,,,28,2.0,2.0,False,true,False,0
random_n5_p08.json,random,5,0.8,,,29,0.0,0.0,False,true,False,0
random_n5_p08.json,random,5,0.8,,,30,1.0,1.0,False,true,False,0
random_n5_p08.json,random,5,0.8,,,31,1.0,1.0,False,true,False,1
random_n5_p08.json,random,5,0.8,,,32,3.0,3.0,False,true,False,0
random_n5_p08.json,random,5,0.8,,,33,1.0,1.0,False,true,False,0
random_n5_p08.json,random,5,0.8,,,34,2.0,2.0,False,true,False,0
random_n5_p08.json,random,5,0.8,,,35,1.0,1.0,False,true,False,0
random_n5_p08.json,random,5,0.8,,,36,1.0,1.0,False,true,False,0
random_n5_p08.json,random,5,0.8,,,37,1.0,1.0,False,true,False,0
random_n5_p08.json,random,5,0.8,,,38,1.0,1.0,False,true,False,0
random_n5_p08.json,random,5,0.8,,,39,1.0,1.0,False,true,False,0
random_n5_p08.json,random,5,0.8,,,40,2.0,2.0,False,true,False,0
random_n5_p08.json,random,5,0.8,,,41,2.0,2.0,False,true,False,0
random_n5_p08.json,random,5,0.8,,,42,2.0,2.0,False,true,False,0
random_n5_p08.json,random,5,0.8,,,43,1.0,1.0,False,true,False,0
random_n5_p08.json,random,5,0.8,,,44,2.0,2.0,False,true,False,0
random_n5_p08.json,random,5,0.8,,,45,1.0,1.0,False,true,False,0
random_n5_p08.json,random,5,0.8,,,46,1.0,1.0,False,true,False,0
random_n5_p08.json,random,5,0.8,,,47,2.0,2.0,False,true,False,0
random_n5_p08.json,random,5,0.8,,,48,1.0,1.0,False,true,False,0
random_n5_p08.json,random,5,0.8,,,49,1.0,1.0,False,true,False,0
random_n5_p08.json,random,5,0.8,,,50,2.0,2.0,False,true,False,0
random_n5_p04.json,random,5,0.4,,,1,0.0,0.0,False,true,False,0
random_n5_p04.json,random,5,0.4,,,2,1.0,1.0,False,true,False,0
random_n5_p04.json,random,5,0.4,,,3,1.0,1.0,False,true,False,0
random_n5_p04.json,random,5,0.4,,,4,1.0,1.0,False,true,False,0
random_n5_p04.json,random,5,0.4,,,5,0.0,0.0,False,true,False,0
random_n5_p04.json,random,5,0.4,,,6,1.0,1.0,False,true,False,0
random_n5_p04.json,random,5,0.4,,,7,0.0,0.0,False,true,False,0
random_n5_p04.json,random,5,0.4,,,8,1.0,1.0,False,true,False,0
random_n5_p04.json,random,5,0.4,,,9,0.0,0.0,False,true,False,0
random_n5_p04.json,random,5,0.4,,,10,0.0,0.0,False,true,False,0
random_n5_p04.json,random,5,0.4,,,11,0.0,0.0,False,true,False,0
random_n5_p04.json,random,5,0.4,,,12,2.0,2.0,False,true,False,0
random_n5_p04.json,random,5,0.4,,,13,0.0,0.0,False,true,False,0
random_n5_p04.json,random,5,0.4,,,14,0.0,0.0,False,true,False,0
random_n5_p04.json,random,5,0.4,,,15,1.0,1.0,False,true,False,0
random_n5_p04.json,random,5,0.4,,,16,0.0,0.0,False,true,False,0
random_n5_p04.json,random,5,0.4,,,17,2.0,2.0,False,true,False,0
random_n5_p04.json,random,5,0.4,,,18,1.0,1.0,False,true,False,0
random_n5_p04.json,random,5,0.4,,,19,1.0,1.0,False,true,False,0
random_n5_p04.json,random,5,0.4,,,20,0.0,0.0,False,true,False,0
random_n5_p04.json,random,5,0.4,,,21,0.0,0.0,False,true,False,0
random_n5_p04.json,random,5,0.4,,,22,1.0,1.0,False,true,False,0
random_n5_p04.json,random,5,0.4,,,23,0.0,0.0,False,true,False,0
random_n5_p04.json,random,5,0.4,,,24,0.0,0.0,False,true,False,0
random_n5_p04.json,random,5,0.4,,,25,1.0,1.0,False,true,False,0
random_n5_p04.json,random,5,0.4,,,26,1.0,1.0,False,true,False,0
random_n5_p04.json,random,5,0.4,,,27,1.0,1.0,False,true,False,0
random_n5_p04.json,random,5,0.4,,,28,0.0,0.0,False,true,False,0
random_n5_p04.json,random,5,0.4,,,29,1.0,1.0,False,true,False,0
random_n5_p04.json,random,5,0.4,,,30,1.0,1.0,False,true,False,0
random_n5_p04.json,random,5,0.4,,,31,1.0,1.0,False,true,False,0
random_n5_p04.json,random,5,0.4,,,32,2.0,2.0,False,true,False,0
random_n5_p04.json,random,5,0.4,,,33,1.0,1.0,False,true,False,0
random_n5_p04.json,random,5,0.4,,,34,0.0,0.0,False,true,False,0
random_n5_p04.json,random,5,0.4,,,35,0.0,0.0,False,true,False,0
random_n5_p04.json,random,5,0.4,,,36,1.0,1.0,False,true,False,0
random_n5_p04.json,random,5,0.4,,,37,1.0,1.0,False,true,False,0
random_n5_p04.json,random,5,0.4,,,38,0.0,0.0,False,true,False,0
random_n5_p04.json,random,5,0.4,,,39,1.0,1.0,False,true,False,0
random_n5_p04.json,random,5,0.4,,,40,0.0,0.0,False,true,False,0
random_n5_p04.json,random,5,0.4,,,41,0.0,0.0,False,true,False,0
random_n5_p04.json,random,5,0.4,,,42,0.0,0.0,False,true,False,0
random_n5_p04.json,random,5,0.4,,,43,1.0,1.0,False,true,False,0
random_n5_p04.json,random,5,0.4,,,44,2.0,2.0,False,true,False,0
random_n5_p04.json,random,5,0.4,,,45,0.0,0.0,False,true,False,0
random_n5_p04.json,random,5,0.4,,,46,0.0,0.0,False,true,False,0
random_n5_p04.json,random,5,0.4,,,47,0.0,0.0,False,true,False,0
random_n5_p04.json,random,5,0.4,,,48,0.0,0.0,False,true,False,0
random_n5_p04.json,random,5,0.4,,,49,0.0,0.0,False,true,False,0
random_n5_p04.json,random,5,0.4,,,50,0.0,0.0,False,true,False,0
random_n5_p05.json,random,5,0.5,,,1,0.0,0.0,False,true,False,0
random_n5_p05.json,random,5,0.5,,,2,1.0,1.0,False,true,False,0
random_n5_p05.json,random,5,0.5,,,3,1.0,1.0,False,true,False,1
random_n5_p05.json,random,5,0.5,,,4,1.0,1.0,False,true,False,0
random_n5_p05.json,random,5,0.5,,,5,1.0,1.0,False,true,False,0
random_n5_p05.json,random,5,0.5,,,6,1.0,1.0,False,true,False,0
random_n5_p05.json,random,5,0.5,,,7,1.0,1.0,False,true,False,0
random_n5_p05.json,random,5,0.5,,,8,2.0,2.0,False,true,False,0
random_n5_p05.json,random,5,0.5,,,9,0.0,0.0,False,true,False,0
random_n5_p05.json,random,5,0.5,,,10,0.0,0.0,False,true,False,0
random_n5_p05.json,random,5,0.5,,,11,0.0,0.0,False,true,False,0
random_n5_p05.json,random,5,0.5,,,12,2.0,2.0,False,true,False,0
random_n5_p05.json,random,5,0.5,,,13,0.0,0.0,False,true,False,0
random_n5_p05.json,random,5,0.5,,,14,1.0,1.0,False,true,False,0
random_n5_p05.json,random,5,0.5,,,15,1.0,1.0,False,true,False,0
random_n5_p05.json,random,5,0.5,,,16,0.0,0.0,False,true,False,0
random_n5_p05.json,random,5,0.5,,,17,2.0,2.0,False,true,False,0
random_n5_p05.json,random,5,0.5,,,18,1.0,1.0,False,true,False,0
random_n5_p05.json,random,5,0.5,,,19,2.0,2.0,False,true,False,0
random_n5_p05.json,random,5,0.5,,,20,0.0,0.0,False,true,False,0
random_n5_p05.json,random,5,0.5,,,21,0.0,0.0,False,true,False,0
random_n5_p05.json,random,5,0.5,,,22,0.0,0.0,False,true,False,0
random_n5_p05.json,random,5,0.5,,,23,1.0,1.0,False,true,False,0
random_n5_p05.json,random,5,0.5,,,24,1.0,1.0,False,true,False,0
random_n5_p05.json,random,5,0.5,,,25,1.0,1.0,False,true,False,0
random_n5_p05.json,random,5,0.5,,,26,2.0,2.0,False,true,False,0
random_n5_p05.json,random,5,0.5,,,27,1.0,1.0,False,true,False,0
random_n5_p05.json,random,5,0.5,,,28,0.0,0.0,False,true,False,0
random_n5_p05.json,random,5,0.5,,,29,1.0,1.0,False,true,False,0
random_n5_p05.json,random,5,0.5,,,30,2.0,2.0,False,true,False,0
random_n5_p05.json,random,5,0.5,,,31,1.0,1.0,False,true,False,0
random_n5_p05.json,random,5,0.5,,,32,1.0,1.0,False,true,False,0
random_n5_p05.json,random,5,0.5,,,33,2.0,2.0,False,true,False,0
random_n5_p05.json,random,5,0.5,,,34,0.0,0.0,False,true,False,0
random_n5_p05.json,random,5,0.5,,,35,1.0,1.0,False,true,False,0
random_n5_p05.json,random,5,0.5,,,36,1.0,1.0,False,true,False,0
random_n5_p05.json,random,5,0.5,,,37,1.0,1.0,False,true,False,0
random_n5_p05.json,random,5,0.5,,,38,1.0,1.0,False,true,False,0
random_n5_p05.json,random,5,0.5,,,39,1.0,1.0,False,true,False,0
random_n5_p05.json,random,5,0.5,,,40,0.0,0.0,False,true,False,0
random_n5_p05.json,random,5,0.5,,,41,0.0,0.0,False,true,False,0
random_n5_p05.json,random,5,0.5,,,42,0.0,0.0,False,true,False,0
random_n5_p05.json,random,5,0.5,,,43,1.0,1.0,False,true,False,0
random_n5_p05.json,random,5,0.5,,,44,1.0,1.0,False,true,False,0
random_n5_p05.json,random,5,0.5,,,45,0.0,0.0,False,true,False,0
random_n5_p05.json,random,5,0.5,,,46,0.0,0.0,False,true,False,0
random_n5_p05.json,random,5,0.5,,,47,1.0,1.0,False,true,False,0
random_n5_p05.json,random,5,0.5,,,48,0.0,0.0,False,true,False,0
random_n5_p05.json,random,5,0.5,,,49,0.0,0.0,False,true,False,0
random_n5_p05.json,random,5,0.5,,,50,1.0,1.0,False,true,False,0
random_n5_p02.json,random,5,0.2,,,1,0.0,0.0,False,true,False,0
random_n5_p02.json,random,5,0.2,,,2,0.0,0.0,False,true,False,0
random_n5_p02.json,random,5,0.2,,,3,0.0,0.0,False,true,False,0
random_n5_p02.json,random,5,0.2,,,4,0.0,0.0,False,true,False,0
random_n5_p02.json,random,5,0.2,,,5,0.0,0.0,False,true,False,0
random_n5_p02.json,random,5,0.2,,,6,0.0,0.0,False,true,False,0
random_n5_p02.json,random,5,0.2,,,7,0.0,0.0,False,true,False,0
random_n5_p02.json,random,5,0.2,,,8,0.0,0.0,False,true,False,0
random_n5_p02.json,random,5,0.2,,,9,0.0,0.0,False,true,False,0
random_n5_p02.json,random,5,0.2,,,10,0.0,0.0,False,true,False,0
random_n5_p02.json,random,5,0.2,,,11,0.0,0.0,False,true,False,0
random_n5_p02.json,random,5,0.2,,,12,1.0,1.0,False,true,False,0
random_n5_p02.json,random,5,0.2,,,13,0.0,0.0,False,true,False,0
random_n5_p02.json,random,5,0.2,,,14,0.0,0.0,False,true,False,0
random_n5_p02.json,random,5,0.2,,,15,0.0,0.0,False,true,False,0
random_n5_p02.json,random,5,0.2,,,16,0.0,0.0,False,true,False,0
random_n5_p02.json,random,5,0.2,,,17,0.0,0.0,False,true,False,0
random_n5_p02.json,random,5,0.2,,,18,0.0,0.0,False,true,False,0
random_n5_p02.json,random,5,0.2,,,19,0.0,0.0,False,true,False,0
random_n5_p02.json,random,5,0.2,,,20,0.0,0.0,False,true,False,0
random_n5_p02.json,random,5,0.2,,,21,0.0,0.0,False,true,False,0
random_n5_p02.json,random,5,0.2,,,22,0.0,0.0,False,true,False,0
random_n5_p02.json,random,5,0.2,,,23,0.0,0.0,False,true,False,0
random_n5_p02.json,random,5,0.2,,,24,0.0,0.0,False,true,False,0
random_n5_p02.json,random,5,0.2,,,25,1.0,1.0,False,true,False,0
random_n5_p02.json,random,5,0.2,,,26,1.0,1.0,False,true,False,0
random_n5_p02.json,random,5,0.2,,,27,0.0,0.0,False,true,False,0
random_n5_p02.json,random,5,0.2,,,28,0.0,0.0,False,true,False,0
random_n5_p02.json,random,5,0.2,,,29,0.0,0.0,False,true,False,0
random_n5_p02.json,random,5,0.2,,,30,0.0,0.0,False,true,False,0
random_n5_p02.json,random,5,0.2,,,31,0.0,0.0,False,true,False,0
random_n5_p02.json,random,5,0.2,,,32,0.0,0.0,False,true,False,0
random_n5_p02.json,random,5,0.2,,,33,0.0,0.0,False,true,False,0
random_n5_p02.json,random,5,0.2,,,34,0.0,0.0,False,true,False,0
random_n5_p02.json,random,5,0.2,,,35,0.0,0.0,False,true,False,0
random_n5_p02.json,random,5,0.2,,,36,0.0,0.0,False,true,False,0
random_n5_p02.json,random,5,0.2,,,37,0.0,0.0,False,true,False,0
random_n5_p02.json,random,5,0.2,,,38,0.0,0.0,False,true,False,0
random_n5_p02.json,random,5,0.2,,,39,0.0,0.0,False,true,False,0
random_n5_p02.json,random,5,0.2,,,40,0.0,0.0,False,true,False,0
random_n5_p02.json,random,5,0.2,,,41,0.0,0.0,False,true,False,0
random_n5_p02.json,random,5,0.2,,,42,0.0,0.0,False,true,False,0
random_n5_p02.json,random,5,0.2,,,43,0.0,0.0,False,true,False,0
random_n5_p02.json,random,5,0.2,,,44,1.0,1.0,False,true,False,0
random_n5_p02.json,random,5,0.2,,,45,0.0,0.0,False,true,False,0
random_n5_p02.json,random,5,0.2,,,46,0.0,0.0,False,true,False,0
random_n5_p02.json,random,5,0.2,,,47,0.0,0.0,False,true,False,0
random_n5_p02.json,random,5,0.2,,,48,0.0,0.0,False,true,False,0
random_n5_p02.json,random,5,0.2,,,49,0.0,0.0,False,true,False,0
random_n5_p02.json,random,5,0.2,,,50,0.0,0.0,False,true,False,0
random_n5_p03.json,random,5,0.3,,,1,0.0,0.0,False,true,False,0
random_n5_p03.json,random,5,0.3,,,2,1.0,1.0,False,true,False,0
random_n5_p03.json,random,5,0.3,,,3,1.0,1.0,False,true,False,0
random_n5_p03.json,random,5,0.3,,,4,0.0,0.0,False,true,False,0
random_n5_p03.json,random,5,0.3,,,5,0.0,0.0,False,true,False,0
random_n5_p03.json,random,5,0.3,,,6,0.0,0.0,False,true,False,0
random_n5_p03.json,random,5,0.3,,,7,0.0,0.0,False,true,False,0
random_n5_p03.json,random,5,0.3,,,8,0.0,0.0,False,true,False,0
random_n5_p03.json,random,5,0.3,,,9,0.0,0.0,False,true,False,0
random_n5_p03.json,random,5,0.3,,,10,0.0,0.0,False,true,False,0
random_n5_p03.json,random,5,0.3,,,11,0.0,0.0,False,true,False,0
random_n5_p03.json,random,5,0.3,,,12,1.0,1.0,False,true,False,0
random_n5_p03.json,random,5,0.3,,,13,0.0,0.0,False,true,False,0
random_n5_p03.json,random,5,0.3,,,14,0.0,0.0,False,true,False,0
random_n5_p03.json,random,5,0.3,,,15,0.0,0.0,False,true,False,0
random_n5_p03.json,random,5,0.3,,,16,0.0,0.0,False,true,False,0
random_n5_p03.json,random,5,0.3,,,17,1.0,1.0,False,true,False,0
random_n5_p03.json,random,5,0.3,,,18,0.0,0.0,False,true,False,0
random_n5_p03.json,random,5,0.3,,,19,0.0,0.0,False,true,False,0
random_n5_p03.json,random,5,0.3,,,20,0.0,0.0,False,true,False,0
random_n5_p03.json,random,5,0.3,,,21,0.0,0.0,False,true,False,0
random_n5_p03.json,random,5,0.3,,,22,0.0,0.0,False,true,False,0
random_n5_p03.json,random,5,0.3,,,23,0.0,0.0,False,true,False,0
random_n5_p03.json,random,5,0.3,,,24,0.0,0.0,False,true,False,0
random_n5_p03.json,random,5,0.3,,,25,1.0,1.0,False,true,False,0
random_n5_p03.json,random,5,0.3,,,26,1.0,1.0,False,true,False,0
random_n5_p03.json,random,5,0.3,,,27,1.0,1.0,False,true,False,0
random_n5_p03.json,random,5,0.3,,,28,0.0,0.0,False,true,False,0
random_n5_p03.json,random,5,0.3,,,29,1.0,1.0,False,true,False,0
random_n5_p03.json,random,5,0.3,,,30,0.0,0.0,False,true,False,0
random_n5_p03.json,random,5,0.3,,,31,0.0,0.0,False,true,False,0
random_n5_p03.json,random,5,0.3,,,32,0.0,0.0,False,true,False,0
random_n5_p03.json,random,5,0.3,,,33,1.0,1.0,False,true,False,0
random_n5_p03.json,random,5,0.3,,,34,0.0,0.0,False,true,False,0
random_n5_p03.json,random,5,0.3,,,35,0.0,0.0,False,true,False,0
random_n5_p03.json,random,5,0.3,,,36,0.0,0.0,False,true,False,0
random_n5_p03.json,random,5,0.3,,,37,0.0,0.0,False,true,False,0
random_n5_p03.json,random,5,0.3,,,38,0.0,0.0,False,true,False,0
random_n5_p03.json,random,5,0.3,,,39,0.0,0.0,False,true,False,0
random_n5_p03.json,random,5,0.3,,,40,0.0,0.0,False,true,False,0
random_n5_p03.json,random,5,0.3,,,41,0.0,0.0,False,true,False,0
random_n5_p03.json,random,5,0.3,,,42,0.0,0.0,False,true,False,0
random_n5_p03.json,random,5,0.3,,,43,1.0,1.0,False,true,False,0
random_n5_p03.json,random,5,0.3,,,44,1.0,1.0,False,true,False,0
random_n5_p03.json,random,5,0.3,,,45,0.0,0.0,False,true,False,0
random_n5_p03.json,random,5,0.3,,,46,0.0,0.0,False,true,False,0
random_n5_p03.json,random,5,0.3,,,47,1.0,1.0,False,true,False,0
random_n5_p03.json,random,5,0.3,,,48,0.0,0.0,False,true,False,0
random_n5_p03.json,random,5,0.3,,,49,0.0,0.0,False,true,False,0
random_n5_p03.json,random,5,0.3,,,50,0.0,0.0,False,true,False,0
clq_n15_5_5_3_2.json,clique,15,,5_2_5_3,,41,6.0,6.0,False,true,False,0
clq_n15_5_5_3_2.json,clique,15,,5_2_5_3,,42,11.0,11.0,False,true,False,2
clq_n15_5_5_3_2.json,clique,15,,5_2_5_3,,43,12.0,12.0,False,true,False,3
clq_n15_5_5_3_2.json,clique,15,,5_2_5_3,,44,7.0,7.0,False,true,False,0
clq_n15_5_5_3_2.json,clique,15,,5_2_5_3,,45,8.0,8.0,False,true,False,4
clq_n15_5_5_3_2.json,clique,15,,5_2_5_3,,46,10.0,10.0,False,true,False,1
clq_n15_5_5_3_2.json,clique,15,,5_2_5_3,,47,9.0,9.0,False,true,False,3
clq_n15_5_5_3_2.json,clique,15,,5_2_5_3,,48,7.0,7.0,False,true,False,7
clq_n15_5_5_3_2.json,clique,15,,5_2_5_3,,49,7.0,7.0,False,true,False,1
clq_n15_5_5_3_2.json,clique,15,,5_2_5_3,,50,12.0,12.0,False,true,False,5
clq_n15_8_7.json,clique,15,,7_8,,41,8.0,8.0,False,true,False,0
clq_n15_8_7.json,clique,15,,7_8,,42,13.0,13.0,False,true,False,7
clq_n15_8_7.json,clique,15,,7_8,,43,12.0,12.0,False,true,False,10
clq_n15_8_7.json,clique,15,,7_8,,44,7.0,7.0,False,true,False,4
clq_n15_8_7.json,clique,15,,7_8,,45,10.0,10.0,False,true,False,5
clq_n15_8_7.json,clique,15,,7_8,,46,11.0,11.0,False,true,False,4
clq_n15_8_7.json,clique,15,,7_8,,47,8.0,8.0,False,true,False,5
clq_n15_8_7.json,clique,15,,7_8,,48,7.0,7.0,False,true,False,17
clq_n15_8_7.json,clique,15,,7_8,,49,7.0,7.0,False,true,False,3
clq_n15_8_7.json,clique,15,,7_8,,50,15.0,15.0,False,true,False,16
clq_n15_3x5.json,clique,15,,3x5,,41,6.0,6.0,False,true,False,0
clq_n15_3x5.json,clique,15,,3x5,,42,10.0,10.0,False,true,False,4
clq_n15_3x5.json,clique,15,,3x5,,43,10.0,10.0,False,true,False,3
clq_n15_3x5.json,clique,15,,3x5,,44,8.0,8.0,False,true,False,0
clq_n15_3x5.json,clique,15,,3x5,,45,6.0,6.0,False,true,False,3
clq_n15_3x5.json,clique,15,,3x5,,46,9.0,9.0,False,true,False,2
clq_n15_3x5.json,clique,15,,3x5,,47,12.0,12.0,False,true,False,3
clq_n15_3x5.json,clique,15,,3x5,,48,5.0,5.0,False,true,False,7
clq_n15_3x5.json,clique,15,,3x5,,49,5.0,5.0,False,true,False,0
clq_n15_3x5.json,clique,15,,3x5,,50,11.0,11.0,False,true,False,6
clq_n25_12_7_6.json,clique,25,,12_6_7,,41,27.0,27.0,False,true,False,20
clq_n25_12_7_6.json,clique,25,,12_6_7,,42,18.0,18.0,False,true,False,13
clq_n25_12_7_6.json,clique,25,,12_6_7,,43,28.0,28.0,False,true,False,53
clq_n25_12_7_6.json,clique,25,,12_6_7,,44,28.0,28.0,False,true,False,60
clq_n25_12_7_6.json,clique,25,,12_6_7,,45,26.0,26.0,False,true,False,36
clq_n25_12_7_6.json,clique,25,,12_6_7,,46,25.0,25.0,False,false,True,30
clq_n25_12_7_6.json,clique,25,,12_6_7,,47,22.0,22.0,False,true,False,35
clq_n25_12_7_6.json,clique,25,,12_6_7,,48,19.0,19.0,False,true,False,39
clq_n25_12_7_6.json,clique,25,,12_6_7,,49,20.0,20.0,False,true,False,22
clq_n25_12_7_6.json,clique,25,,12_6_7,,50,25.0,25.0,False,true,False,47
clq_n25_9_8_8.json,clique,25,,8_8_9,,41,25.0,25.0,False,true,False,22
clq_n25_9_8_8.json,clique,25,,8_8_9,,42,18.0,18.0,False,true,False,22
clq_n25_9_8_8.json,clique,25,,8_8_9,,43,29.0,29.0,False,true,False,59
clq_n25_9_8_8.json,clique,25,,8_8_9,,44,27.0,27.0,False,true,False,40
clq_n25_9_8_8.json,clique,25,,8_8_9,,45,22.0,22.0,False,true,False,24
clq_n25_9_8_8.json,clique,25,,8_8_9,,46,28.0,28.0,False,false,True,22
clq_n25_9_8_8.json,clique,25,,8_8_9,,47,21.0,21.0,False,true,False,36
clq_n25_9_8_8.json,clique,25,,8_8_9,,48,24.0,24.0,False,true,False,42
clq_n25_9_8_8.json,clique,25,,8_8_9,,49,23.0,23.0,False,true,False,8
clq_n25_9_8_8.json,clique,25,,8_8_9,,50,28.0,28.0,False,true,False,47
clq_n25_13_12.json,clique,25,,12_13,,41,24.0,24.0,False,true,False,30
clq_n25_13_12.json,clique,25,,12_13,,42,20.0,20.0,False,true,False,60
clq_n25_13_12.json,clique,25,,12_13,,43,26.0,26.0,False,true,False,80
clq_n25_13_12.json,clique,25,,12_13,,44,27.0,27.0,False,true,False,77
clq_n25_13_12.json,clique,25,,12_13,,45,27.0,27.0,False,true,False,55
clq_n25_13_12.json,clique,25,,12_13,,46,26.0,26.0,False,true,False,42
clq_n25_13_12.json,clique,25,,12_13,,47,22.0,22.0,False,true,False,48
clq_n25_13_12.json,clique,25,,12_13,,48,20.0,20.0,False,true,False,90
clq_n25_13_12.json,clique,25,,12_13,,49,21.0,21.0,False,true,False,29
clq_n25_13_12.json,clique,25,,12_13,,50,26.0,26.0,False,true,False,101
clq_n25_10_10_5.json,clique,25,,5_10_10,,41,24.0,24.0,False,true,False,32
clq_n25_10_10_5.json,clique,25,,5_10_10,,42,17.0,17.0,False,true,False,29
clq_n25_10_10_5.json,clique,25,,5_10_10,,43,28.0,28.0,False,true,False,61
clq_n25_10_10_5.json,clique,25,,5_10_10,,44,23.0,23.0,False,true,False,43
clq_n25_10_10_5.json,clique,25,,5_10_10,,45,20.0,20.0,False,true,False,25
clq_n25_10_10_5.json,clique,25,,5_10_10,,46,26.0,26.0,False,true,False,18
clq_n25_10_10_5.json,clique,25,,5_10_10,,47,19.0,19.0,False,true,False,41
clq_n25_10_10_5.json,clique,25,,5_10_10,,48,22.0,22.0,False,true,False,39
clq_n25_10_10_5.json,clique,25,,5_10_10,,49,22.0,22.0,False,true,False,15
clq_n25_10_10_5.json,clique,25,,5_10_10,,50,26.0,26.0,False,true,False,52
clq_n30_3x10.json,clique,30,,3x10,,1,43.0,43.0,False,true,False,57
clq_n30_3x10.json,clique,30,,3x10,,2,29.0,29.0,False,true,False,46
clq_n30_3x10.json,clique,30,,3x10,,3,33.0,33.0,False,true,False,71
clq_n30_3x10.json,clique,30,,3x10,,4,31.0,31.0,False,true,False,57
clq_n30_3x10.json,clique,30,,3x10,,5,37.0,37.0,False,true,False,80
clq_n30_3x10.json,clique,30,,3x10,,6,35.0,35.0,False,true,False,56
clq_n30_3x10.json,clique,30,,3x10,,7,25.0,25.0,False,true,False,90
clq_n30_3x10.json,clique,30,,3x10,,8,30.0,30.0,False,true,False,53
clq_n30_3x10.json,clique,30,,3x10,,9,39.0,39.0,False,true,False,81
clq_n30_3x10.json,clique,30,,3x10,,10,44.0,44.0,False,true,False,100
clq_n30_3x10.json,clique,30,,3x10,,11,37.0,37.0,False,true,False,74
clq_n30_3x10.json,clique,30,,3x10,,12,44.0,44.0,False,true,False,77
clq_n30_3x10.json,clique,30,,3x10,,13,36.0,36.0,False,true,False,78
clq_n30_3x10.json,clique,30,,3x10,,14,33.0,33.0,False,true,False,44
clq_n30_3x10.json,clique,30,,3x10,,15,37.0,37.0,False,true,False,36
clq_n30_3x10.json,clique,30,,3x10,,16,42.0,42.0,False,true,False,114
clq_n30_3x10.json,clique,30,,3x10,,17,28.0,28.0,False,true,False,68
clq_n30_3x10.json,clique,30,,3x10,,18,36.0,36.0,False,true,False,74
clq_n30_3x10.json,clique,30,,3x10,,19,34.0,34.0,False,true,False,87
clq_n30_3x10.json,clique,30,,3x10,,20,33.0,33.0,False,true,False,69
clq_n30_3x10.json,clique,30,,3x10,,21,38.0,38.0,False,true,False,68
clq_n30_3x10.json,clique,30,,3x10,,22,27.0,27.0,False,true,False,81
clq_n30_3x10.json,clique,30,,3x10,,23,37.0,37.0,False,true,False,55
clq_n30_3x10.json,clique,30,,3x10,,24,27.0,27.0,False,true,False,71
clq_n30_3x10.json,clique,30,,3x10,,25,36.0,36.0,False,true,False,92
clq_n30_3x10.json,clique,30,,3x10,,26,30.0,30.0,False,true,False,33
clq_n30_3x10.json,clique,30,,3x10,,27,31.0,31.0,False,true,False,78
clq_n30_3x10.json,clique,30,,3x10,,28,34.0,34.0,False,true,False,72
clq_n30_3x10.json,clique,30,,3x10,,29,24.0,24.0,False,true,False,39
clq_n30_3x10.json,clique,30,,3x10,,30,36.0,36.0,False,true,False,40
clq_n30_3x10.json,clique,30,,3x10,,31,45.0,45.0,False,true,False,80
clq_n30_3x10.json,clique,30,,3x10,,32,35.0,35.0,False,true,False,55
clq_n30_3x10.json,clique,30,,3x10,,33,34.0,34.0,False,true,False,52
clq_n30_3x10.json,clique,30,,3x10,,34,32.0,32.0,False,true,False,28
clq_n30_3x10.json,clique,30,,3x10,,35,35.0,35.0,False,true,False,72
clq_n30_3x10.json,clique,30,,3x10,,36,35.0,35.0,False,true,False,69
clq_n30_3x10.json,clique,30,,3x10,,37,27.0,27.0,False,true,False,76
clq_n30_3x10.json,clique,30,,3x10,,38,36.0,36.0,False,true,False,78
clq_n30_3x10.json,clique,30,,3x10,,39,34.0,34.0,False,true,False,58
clq_n30_3x10.json,clique,30,,3x10,,40,29.0,29.0,False,true,False,102
clq_n30_3x10.json,clique,30,,3x10,,31,45.0,45.0,False,true,False,80
clq_n30_3x10.json,clique,30,,3x10,,32,35.0,35.0,False,true,False,55
clq_n30_3x10.json,clique,30,,3x10,,33,34.0,34.0,False,true,False,52
clq_n30_3x10.json,clique,30,,3x10,,34,32.0,32.0,False,true,False,28
clq_n30_3x10.json,clique,30,,3x10,,35,35.0,35.0,False,true,False,72
clq_n30_3x10.json,clique,30,,3x10,,36,35.0,35.0,False,true,False,69
clq_n30_3x10.json,clique,30,,3x10,,37,27.0,27.0,False,true,False,76
clq_n30_3x10.json,clique,30,,3x10,,38,36.0,36.0,False,true,False,78
clq_n30_3x10.json,clique,30,,3x10,,39,34.0,34.0,False,true,False,58
clq_n30_3x10.json,clique,30,,3x10,,40,29.0,29.0,False,true,False,102
clq_n30_3x10.json,clique,30,,3x10,,41,29.0,29.0,False,true,False,55
clq_n30_3x10.json,clique,30,,3x10,,42,37.0,37.0,False,true,False,57
clq_n30_3x10.json,clique,30,,3x10,,43,41.0,41.0,False,true,False,116
clq_n30_3x10.json,clique,30,,3x10,,44,43.0,43.0,False,true,False,108
clq_n30_3x10.json,clique,30,,3x10,,45,32.0,32.0,False,true,False,80
clq_n30_3x10.json,clique,30,,3x10,,46,31.0,31.0,False,true,False,79
clq_n30_3x10.json,clique,30,,3x10,,47,37.0,37.0,False,true,False,47
clq_n30_3x10.json,clique,30,,3x10,,48,31.0,31.0,False,true,False,97
clq_n30_3x10.json,clique,30,,3x10,,49,35.0,35.0,False,true,False,51
clq_n30_3x10.json,clique,30,,3x10,,50,47.0,47.0,False,true,False,86
clq_n30_15_10_5.json,clique,30,,15_10_5,,1,49.0,49.0,False,true,False,90
clq_n30_15_10_5.json,clique,30,,15_10_5,,2,30.0,30.0,False,true,False,46
clq_n30_15_10_5.json,clique,30,,15_10_5,,3,36.0,36.0,False,true,False,83
clq_n30_15_10_5.json,clique,30,,15_10_5,,4,37.0,37.0,False,true,False,80
clq_n30_15_10_5.json,clique,30,,15_10_5,,5,42.0,42.0,False,true,False,102
clq_n30_15_10_5.json,clique,30,,15_10_5,,6,35.0,35.0,False,true,False,72
clq_n30_15_10_5.json,clique,30,,15_10_5,,7,29.0,29.0,False,true,False,108
clq_n30_15_10_5.json,clique,30,,15_10_5,,8,38.0,38.0,False,true,False,81
clq_n30_15_10_5.json,clique,30,,15_10_5,,9,38.0,38.0,False,true,False,85
clq_n30_15_10_5.json,clique,30,,15_10_5,,10,43.0,43.0,False,true,False,88
clq_n30_15_10_5.json,clique,30,,15_10_5,,11,35.0,35.0,False,true,False,112
clq_n30_15_10_5.json,clique,30,,15_10_5,,12,40.0,40.0,False,true,False,142
clq_n30_15_10_5.json,clique,30,,15_10_5,,13,42.0,42.0,False,true,False,89
clq_n30_15_10_5.json,clique,30,,15_10_5,,14,35.0,35.0,False,true,False,52
clq_n30_15_10_5.json,clique,30,,15_10_5,,15,43.0,43.0,False,true,False,31
clq_n30_15_10_5.json,clique,30,,15_10_5,,16,40.0,40.0,False,true,False,136
clq_n30_15_10_5.json,clique,30,,15_10_5,,17,26.0,26.0,False,true,False,44
clq_n30_15_10_5.json,clique,30,,15_10_5,,18,34.0,34.0,False,true,False,77
clq_n30_15_10_5.json,clique,30,,15_10_5,,19,35.0,35.0,False,true,False,103
clq_n30_15_10_5.json,clique,30,,15_10_5,,20,37.0,37.0,False,true,False,86
clq_n30_15_10_5.json,clique,30,,15_10_5,,21,38.0,38.0,False,true,False,94
clq_n30_15_10_5.json,clique,30,,15_10_5,,22,33.0,33.0,False,true,False,104
clq_n30_15_10_5.json,clique,30,,15_10_5,,23,29.0,29.0,False,true,False,62
clq_n30_15_10_5.json,clique,30,,15_10_5,,24,31.0,31.0,False,true,False,107
clq_n30_15_10_5.json,clique,30,,15_10_5,,25,33.0,33.0,False,true,False,67
clq_n30_15_10_5.json,clique,30,,15_10_5,,26,28.0,28.0,False,true,False,35
clq_n30_15_10_5.json,clique,30,,15_10_5,,27,24.0,24.0,False,true,False,94
clq_n30_15_10_5.json,clique,30,,15_10_5,,28,34.0,34.0,False,true,False,96
clq_n30_15_10_5.json,clique,30,,15_10_5,,29,35.0,35.0,False,true,False,62
clq_n30_15_10_5.json,clique,30,,15_10_5,,30,42.0,42.0,False,true,False,52
clq_n30_15_10_5.json,clique,30,,15_10_5,,31,38.0,38.0,False,true,False,93
clq_n30_15_10_5.json,clique,30,,15_10_5,,32,34.0,34.0,False,true,False,92
clq_n30_15_10_5.json,clique,30,,15_10_5,,33,36.0,36.0,False,true,False,71
clq_n30_15_10_5.json,clique,30,,15_10_5,,34,33.0,33.0,False,true,False,54
clq_n30_15_10_5.json,clique,30,,15_10_5,,35,35.0,35.0,False,true,False,80
clq_n30_15_10_5.json,clique,30,,15_10_5,,36,35.0,35.0,False,true,False,105
clq_n30_15_10_5.json,clique,30,,15_10_5,,37,27.0,27.0,False,true,False,96
clq_n30_15_10_5.json,clique,30,,15_10_5,,38,29.0,29.0,False,true,False,104
clq_n30_15_10_5.json,clique,30,,15_10_5,,39,27.0,27.0,False,true,False,58
clq_n30_15_10_5.json,clique,30,,15_10_5,,40,41.0,41.0,False,true,False,129
clq_n30_15_10_5.json,clique,30,,15_10_5,,31,38.0,38.0,False,true,False,93
clq_n30_15_10_5.json,clique,30,,15_10_5,,32,34.0,34.0,False,true,False,92
clq_n30_15_10_5.json,clique,30,,15_10_5,,33,36.0,36.0,False,true,False,71
clq_n30_15_10_5.json,clique,30,,15_10_5,,34,33.0,33.0,False,true,False,54
clq_n30_15_10_5.json,clique,30,,15_10_5,,35,35.0,35.0,False,true,False,80
clq_n30_15_10_5.json,clique,30,,15_10_5,,36,35.0,35.0,False,true,False,105
clq_n30_15_10_5.json,clique,30,,15_10_5,,37,27.0,27.0,False,true,False,96
clq_n30_15_10_5.json,clique,30,,15_10_5,,38,29.0,29.0,False,true,False,104
clq_n30_15_10_5.json,clique,30,,15_10_5,,39,27.0,27.0,False,true,False,58
clq_n30_15_10_5.json,clique,30,,15_10_5,,40,41.0,41.0,False,true,False,129
clq_n30_15_10_5.json,clique,30,,15_10_5,,41,32.0,32.0,False,true,False,65
clq_n30_15_10_5.json,clique,30,,15_10_5,,42,33.0,33.0,False,false,True,76
clq_n30_15_10_5.json,clique,30,,15_10_5,,43,39.0,39.0,False,true,False,143
clq_n30_15_10_5.json,clique,30,,15_10_5,,44,46.0,46.0,False,true,False,136
clq_n30_15_10_5.json,clique,30,,15_10_5,,45,32.0,32.0,False,true,False,102
clq_n30_15_10_5.json,clique,30,,15_10_5,,46,35.0,35.0,False,true,False,145
clq_n30_15_10_5.json,clique,30,,15_10_5,,47,29.0,29.0,False,true,False,73
clq_n30_15_10_5.json,clique,30,,15_10_5,,48,23.0,23.0,False,true,False,87
clq_n30_15_10_5.json,clique,30,,15_10_5,,49,38.0,38.0,False,true,False,106
clq_n30_15_10_5.json,clique,30,,15_10_5,,50,40.0,40.0,False,true,False,104
clq_n30_2x15.json,clique,30,,2x15,,1,45.0,45.0,False,true,False,112
clq_n30_2x15.json,clique,30,,2x15,,2,30.0,30.0,False,true,False,76
clq_n30_2x15.json,clique,30,,2x15,,3,36.0,36.0,False,true,False,128
clq_n30_2x15.json,clique,30,,2x15,,4,39.0,39.0,False,true,False,128
clq_n30_2x15.json,clique,30,,2x15,,5,34.0,34.0,False,true,False,160
clq_n30_2x15.json,clique,30,,2x15,,6,39.0,39.0,False,true,False,103
clq_n30_2x15.json,clique,30,,2x15,,7,27.0,27.0,False,true,False,141
clq_n30_2x15.json,clique,30,,2x15,,8,38.0,38.0,False,true,False,134
clq_n30_2x15.json,clique,30,,2x15,,9,40.0,40.0,False,true,False,166
clq_n30_2x15.json,clique,30,,2x15,,10,44.0,44.0,False,true,False,176
clq_n30_2x15.json,clique,30,,2x15,,11,38.0,38.0,False,true,False,157
clq_n30_2x15.json,clique,30,,2x15,,12,44.0,44.0,False,true,False,184
clq_n30_2x15.json,clique,30,,2x15,,13,38.0,38.0,False,true,False,132
clq_n30_2x15.json,clique,30,,2x15,,14,32.0,32.0,False,true,False,83
clq_n30_2x15.json,clique,30,,2x15,,15,41.0,41.0,False,true,False,57
clq_n30_2x15.json,clique,30,,2x15,,16,46.0,46.0,False,true,False,181
clq_n30_2x15.json,clique,30,,2x15,,17,22.0,22.0,False,true,False,69
clq_n30_2x15.json,clique,30,,2x15,,18,34.0,34.0,False,true,False,131
clq_n30_2x15.json,clique,30,,2x15,,19,35.0,35.0,False,true,False,167
clq_n30_2x15.json,clique,30,,2x15,,20,37.0,37.0,False,true,False,179
clq_n30_2x15.json,clique,30,,2x15,,21,40.0,40.0,False,true,False,156
clq_n30_2x15.json,clique,30,,2x15,,22,32.0,32.0,False,true,False,189
clq_n30_2x15.json,clique,30,,2x15,,23,30.0,30.0,False,true,False,74
clq_n30_2x15.json,clique,30,,2x15,,24,29.0,29.0,False,true,False,141
clq_n30_2x15.json,clique,30,,2x15,,25,33.0,33.0,False,true,False,118
clq_n30_2x15.json,clique,30,,2x15,,26,31.0,31.0,False,true,False,59
clq_n30_2x15.json,clique,30,,2x15,,27,23.0,23.0,False,true,False,126
clq_n30_2x15.json,clique,30,,2x15,,28,36.0,36.0,False,true,False,146
clq_n30_2x15.json,clique,30,,2x15,,29,35.0,35.0,False,true,False,89
clq_n30_2x15.json,clique,30,,2x15,,30,46.0,46.0,False,true,False,78
clq_n30_2x15.json,clique,30,,2x15,,31,40.0,40.0,False,true,False,138
clq_n30_2x15.json,clique,30,,2x15,,32,37.0,37.0,False,true,False,150
clq_n30_2x15.json,clique,30,,2x15,,33,32.0,32.0,False,true,False,105
clq_n30_2x15.json,clique,30,,2x15,,34,36.0,36.0,False,true,False,85
clq_n30_2x15.json,clique,30,,2x15,,35,31.0,31.0,False,true,False,110
clq_n30_2x15.json,clique,30,,2x15,,36,36.0,36.0,False,true,False,142
clq_n30_2x15.json,clique,30,,2x15,,37,27.0,27.0,False,true,False,143
clq_n30_2x15.json,clique,30,,2x15,,38,34.0,34.0,False,true,False,121
clq_n30_2x15.json,clique,30,,2x15,,39,26.0,26.0,False,true,False,91
clq_n30_2x15.json,clique,30,,2x15,,40,39.0,39.0,False,true,False,172
clq_n30_2x15.json,clique,30,,2x15,,31,40.0,40.0,False,true,False,138
clq_n30_2x15.json,clique,30,,2x15,,32,37.0,37.0,False,true,False,150
clq_n30_2x15.json,clique,30,,2x15,,33,32.0,32.0,False,true,False,105
clq_n30_2x15.json,clique,30,,2x15,,34,36.0,36.0,False,true,False,85
clq_n30_2x15.json,clique,30,,2x15,,35,31.0,31.0,False,true,False,110
clq_n30_2x15.json,clique,30,,2x15,,36,36.0,36.0,False,true,False,142
clq_n30_2x15.json,clique,30,,2x15,,37,27.0,27.0,False,true,False,143
clq_n30_2x15.json,clique,30,,2x15,,38,34.0,34.0,False,true,False,121
clq_n30_2x15.json,clique,30,,2x15,,39,26.0,26.0,False,true,False,91
clq_n30_2x15.json,clique,30,,2x15,,40,39.0,39.0,False,true,False,172
clq_n30_2x15.json,clique,30,,2x15,,41,30.0,30.0,False,true,False,92
clq_n30_2x15.json,clique,30,,2x15,,42,36.0,36.0,False,true,False,131
clq_n30_2x15.json,clique,30,,2x15,,43,43.0,43.0,False,true,False,185
clq_n30_2x15.json,clique,30,,2x15,,44,43.0,43.0,False,true,False,178
clq_n30_2x15.json,clique,30,,2x15,,45,30.0,30.0,False,true,False,150
clq_n30_2x15.json,clique,30,,2x15,,46,35.0,35.0,False,true,False,176
clq_n30_2x15.json,clique,30,,2x15,,47,34.0,34.0,False,true,False,103
clq_n30_2x15.json,clique,30,,2x15,,48,23.0,23.0,False,true,False,111
clq_n30_2x15.json,clique,30,,2x15,,49,40.0,40.0,False,true,False,147
clq_n30_2x15.json,clique,30,,2x15,,50,36.0,36.0,False,true,False,133
clq_n30_20_5_5.json,clique,30,,20_5_5,,1,49.0,49.0,False,true,False,125
clq_n30_20_5_5.json,clique,30,,20_5_5,,2,25.0,25.0,False,true,False,66
clq_n30_20_5_5.json,clique,30,,20_5_5,,3,31.0,31.0,False,true,False,107
clq_n30_20_5_5.json,clique,30,,20_5_5,,4,39.0,39.0,False,true,False,106
clq_n30_20_5_5.json,clique,30,,20_5_5,,5,42.0,42.0,False,true,False,144
clq_n30_20_5_5.json,clique,30,,20_5_5,,6,33.0,33.0,False,true,False,126
clq_n30_20_5_5.json,clique,30,,20_5_5,,7,28.0,28.0,False,true,False,144
clq_n30_20_5_5.json,clique,30,,20_5_5,,8,28.0,28.0,False,true,False,90
clq_n30_20_5_5.json,clique,30,,20_5_5,,9,35.0,35.0,False,true,False,117
clq_n30_20_5_5.json,clique,30,,20_5_5,,10,41.0,41.0,False,true,False,150
clq_n30_20_5_5.json,clique,30,,20_5_5,,11,36.0,36.0,False,true,False,172
clq_n30_20_5_5.json,clique,30,,20_5_5,,12,47.0,47.0,False,true,False,220
clq_n30_20_5_5.json,clique,30,,20_5_5,,13,38.0,38.0,False,true,False,115
clq_n30_20_5_5.json,clique,30,,20_5_5,,14,34.0,34.0,False,true,False,92
clq_n30_20_5_5.json,clique,30,,20_5_5,,15,42.0,42.0,False,true,False,65
clq_n30_20_5_5.json,clique,30,,20_5_5,,16,39.0,39.0,False,false,True,159
clq_n30_20_5_5.json,clique,30,,20_5_5,,17,30.0,30.0,False,true,False,93
clq_n30_20_5_5.json,clique,30,,20_5_5,,18,33.0,33.0,False,true,False,91
clq_n30_20_5_5.json,clique,30,,20_5_5,,19,37.0,37.0,False,true,False,126
clq_n30_20_5_5.json,clique,30,,20_5_5,,20,37.0,37.0,False,true,False,130
clq_n30_20_5_5.json,clique,30,,20_5_5,,21,37.0,37.0,False,true,False,157
clq_n30_20_5_5.json,clique,30,,20_5_5,,22,27.0,27.0,False,true,False,127
clq_n30_20_5_5.json,clique,30,,20_5_5,,23,36.0,36.0,False,true,False,107
clq_n30_20_5_5.json,clique,30,,20_5_5,,24,29.0,29.0,False,true,False,125
clq_n30_20_5_5.json,clique,30,,20_5_5,,25,35.0,35.0,False,true,False,101
clq_n30_20_5_5.json,clique,30,,20_5_5,,26,33.0,33.0,False,true,False,77
clq_n30_20_5_5.json,clique,30,,20_5_5,,27,31.0,31.0,False,true,False,139
clq_n30_20_5_5.json,clique,30,,20_5_5,,28,40.0,40.0,False,true,False,149
clq_n30_20_5_5.json,clique,30,,20_5_5,,29,39.0,39.0,False,true,False,106
clq_n30_20_5_5.json,clique,30,,20_5_5,,30,44.0,44.0,False,true,False,97
clq_n30_20_5_5.json,clique,30,,20_5_5,,31,39.0,39.0,False,true,False,164
clq_n30_20_5_5.json,clique,30,,20_5_5,,32,40.0,40.0,False,true,False,133
clq_n30_20_5_5.json,clique,30,,20_5_5,,33,36.0,36.0,False,true,False,127
clq_n30_20_5_5.json,clique,30,,20_5_5,,34,34.0,34.0,False,true,False,79
clq_n30_20_5_5.json,clique,30,,20_5_5,,35,33.0,33.0,False,true,False,131
clq_n30_20_5_5.json,clique,30,,20_5_5,,36,34.0,34.0,False,true,False,134
clq_n30_20_5_5.json,clique,30,,20_5_5,,37,30.0,30.0,False,true,False,139
clq_n30_20_5_5.json,clique,30,,20_5_5,,38,32.0,32.0,False,true,False,160
clq_n30_20_5_5.json,clique,30,,20_5_5,,39,34.0,34.0,False,true,False,105
clq_n30_20_5_5.json,clique,30,,20_5_5,,40,40.0,40.0,False,true,False,175
clq_n30_20_5_5.json,clique,30,,20_5_5,,31,39.0,39.0,False,true,False,164
clq_n30_20_5_5.json,clique,30,,20_5_5,,32,40.0,40.0,False,true,False,133
clq_n30_20_5_5.json,clique,30,,20_5_5,,33,36.0,36.0,False,true,False,127
clq_n30_20_5_5.json,clique,30,,20_5_5,,34,34.0,34.0,False,true,False,79
clq_n30_20_5_5.json,clique,30,,20_5_5,,35,33.0,33.0,False,true,False,131
clq_n30_20_5_5.json,clique,30,,20_5_5,,36,34.0,34.0,False,true,False,134
clq_n30_20_5_5.json,clique,30,,20_5_5,,37,30.0,30.0,False,true,False,139
clq_n30_20_5_5.json,clique,30,,20_5_5,,38,32.0,32.0,False,true,False,160
clq_n30_20_5_5.json,clique,30,,20_5_5,,39,34.0,34.0,False,true,False,105
clq_n30_20_5_5.json,clique,30,,20_5_5,,40,40.0,40.0,False,true,False,175
clq_n30_20_5_5.json,clique,30,,20_5_5,,41,36.0,36.0,False,true,False,98
clq_n30_20_5_5.json,clique,30,,20_5_5,,42,37.0,37.0,False,true,False,111
clq_n30_20_5_5.json,clique,30,,20_5_5,,43,39.0,39.0,False,true,False,150
clq_n30_20_5_5.json,clique,30,,20_5_5,,44,40.0,40.0,False,true,False,148
clq_n30_20_5_5.json,clique,30,,20_5_5,,45,35.0,35.0,False,true,False,135
clq_n30_20_5_5.json,clique,30,,20_5_5,,46,34.0,34.0,False,true,False,163
clq_n30_20_5_5.json,clique,30,,20_5_5,,47,32.0,32.0,False,true,False,91
clq_n30_20_5_5.json,clique,30,,20_5_5,,48,31.0,31.0,False,true,False,168
clq_n30_20_5_5.json,clique,30,,20_5_5,,49,39.0,39.0,False,true,False,102
clq_n30_20_5_5.json,clique,30,,20_5_5,,50,47.0,47.0,False,true,False,147
clq_n20_4x5.json,clique,20,,4x5,,41,15.0,15.0,False,true,False,4
clq_n20_4x5.json,clique,20,,4x5,,42,14.0,14.0,False,true,False,5
clq_n20_4x5.json,clique,20,,4x5,,43,12.0,12.0,False,true,False,8
clq_n20_4x5.json,clique,20,,4x5,,44,13.0,13.0,False,true,False,2
clq_n20_4x5.json,clique,20,,4x5,,45,16.0,16.0,False,true,False,4
clq_n20_4x5.json,clique,20,,4x5,,46,15.0,15.0,False,true,False,11
clq_n20_4x5.json,clique,20,,4x5,,47,17.0,17.0,False,true,False,3
clq_n20_4x5.json,clique,20,,4x5,,48,16.0,16.0,False,true,False,8
clq_n20_4x5.json,clique,20,,4x5,,49,9.0,9.0,False,true,False,1
clq_n20_4x5.json,clique,20,,4x5,,50,19.0,19.0,False,true,False,11
clq_n20_7_7_6.json,clique,20,,7_6_7,,41,12.0,12.0,False,true,False,1
clq_n20_7_7_6.json,clique,20,,7_6_7,,42,16.0,16.0,False,true,False,11
clq_n20_7_7_6.json,clique,20,,7_6_7,,43,12.0,12.0,False,true,False,10
clq_n20_7_7_6.json,clique,20,,7_6_7,,44,11.0,11.0,False,true,False,3
clq_n20_7_7_6.json,clique,20,,7_6_7,,45,11.0,11.0,False,true,False,4
clq_n20_7_7_6.json,clique,20,,7_6_7,,46,16.0,16.0,False,true,False,11
clq_n20_7_7_6.json,clique,20,,7_6_7,,47,12.0,13.0,True,true,False,4
clq_n20_7_7_6.json,clique,20,,7_6_7,,48,16.0,16.0,False,true,False,11
clq_n20_7_7_6.json,clique,20,,7_6_7,,49,10.0,10.0,False,true,False,7
clq_n20_7_7_6.json,clique,20,,7_6_7,,50,18.0,18.0,False,true,False,17
clq_n20_2x10.json,clique,20,,2x10,,41,11.0,11.0,False,true,False,11
clq_n20_2x10.json,clique,20,,2x10,,42,18.0,18.0,False,true,False,26
clq_n20_2x10.json,clique,20,,2x10,,43,9.0,9.0,False,true,False,10
clq_n20_2x10.json,clique,20,,2x10,,44,15.0,15.0,False,true,False,6
clq_n20_2x10.json,clique,20,,2x10,,45,17.0,17.0,False,true,False,13
clq_n20_2x10.json,clique,20,,2x10,,46,14.0,14.0,False,true,False,25
clq_n20_2x10.json,clique,20,,2x10,,47,16.0,16.0,False,true,False,5
clq_n20_2x10.json,clique,20,,2x10,,48,23.0,23.0,False,true,False,37
clq_n20_2x10.json,clique,20,,2x10,,49,13.0,13.0,False,true,False,12
clq_n20_2x10.json,clique,20,,2x10,,50,17.0,17.0,False,true,False,30
clq_n10_2x5.json,clique,10,,2x5,,41,3.0,3.0,False,true,False,3
clq_n10_2x5.json,clique,10,,2x5,,42,3.0,3.0,False,true,False,0
clq_n10_2x5.json,clique,10,,2x5,,43,8.0,8.0,False,true,False,4
clq_n10_2x5.json,clique,10,,2x5,,44,2.0,2.0,False,true,False,0
clq_n10_2x5.json,clique,10,,2x5,,45,3.0,3.0,False,true,False,0
clq_n10_2x5.json,clique,10,,2x5,,46,2.0,2.0,False,true,False,1
clq_n10_2x5.json,clique,10,,2x5,,47,1.0,1.0,False,true,False,0
clq_n10_2x5.json,clique,10,,2x5,,48,4.0,4.0,False,true,False,1
clq_n10_2x5.json,clique,10,,2x5,,49,2.0,2.0,False,true,False,0
clq_n10_2x5.json,clique,10,,2x5,,50,2.0,2.0,False,true,False,0
clq_n10_4_3_3.json,clique,10,,3_3_4,,41,3.0,3.0,False,true,False,0
clq_n10_4_3_3.json,clique,10,,3_3_4,,42,1.0,1.0,False,true,False,0
clq_n10_4_3_3.json,clique,10,,3_3_4,,43,5.0,5.0,False,true,False,2
clq_n10_4_3_3.json,clique,10,,3_3_4,,44,2.0,2.0,False,true,False,0
clq_n10_4_3_3.json,clique,10,,3_3_4,,45,5.0,5.0,False,true,False,0
clq_n10_4_3_3.json,clique,10,,3_3_4,,46,3.0,3.0,False,true,False,0
clq_n10_4_3_3.json,clique,10,,3_3_4,,47,4.0,4.0,False,true,False,0
clq_n10_4_3_3.json,clique,10,,3_3_4,,48,5.0,5.0,False,true,False,1
clq_n10_4_3_3.json,clique,10,,3_3_4,,49,1.0,1.0,False,true,False,0
clq_n10_4_3_3.json,clique,10,,3_3_4,,50,5.0,5.0,False,true,False,0
clq_n10_5_3_2.json,clique,10,,3_2_5,,41,3.0,3.0,False,true,False,0
clq_n10_5_3_2.json,clique,10,,3_2_5,,42,2.0,2.0,False,true,False,0
clq_n10_5_3_2.json,clique,10,,3_2_5,,43,6.0,6.0,False,true,False,3
clq_n10_5_3_2.json,clique,10,,3_2_5,,44,1.0,1.0,False,true,False,0
clq_n10_5_3_2.json,clique,10,,3_2_5,,45,4.0,4.0,False,true,False,0
clq_n10_5_3_2.json,clique,10,,3_2_5,,46,3.0,3.0,False,true,False,1
clq_n10_5_3_2.json,clique,10,,3_2_5,,47,2.0,2.0,False,true,False,0
clq_n10_5_3_2.json,clique,10,,3_2_5,,48,3.0,3.0,False,true,False,1
clq_n10_5_3_2.json,clique,10,,3_2_5,,49,2.0,2.0,False,true,False,0
clq_n10_5_3_2.json,clique,10,,3_2_5,,50,3.0,3.0,False,true,False,0
clq_n100_60_25_10_5.json,clique,100,,60_25_10_5,,1,447.0,447.0,False,true,False,16807
clq_n100_60_25_10_5.json,clique,100,,60_25_10_5,,2,405.0,405.0,False,true,False,15020
clq_n100_60_25_10_5.json,clique,100,,60_25_10_5,,3,408.0,408.0,False,false,True,19037
clq_n100_60_25_10_5.json,clique,100,,60_25_10_5,,4,408.0,408.0,False,true,False,17210
clq_n100_60_25_10_5.json,clique,100,,60_25_10_5,,5,411.0,412.0,True,false,False,16610
clq_n100_60_25_10_5.json,clique,100,,60_25_10_5,,6,417.0,417.0,False,true,False,15278
clq_n100_60_25_10_5.json,clique,100,,60_25_10_5,,7,411.0,411.0,False,true,False,14245
clq_n100_60_25_10_5.json,clique,100,,60_25_10_5,,8,415.0,415.0,False,true,False,13500
clq_n100_60_25_10_5.json,clique,100,,60_25_10_5,,9,441.0,441.0,False,true,False,14991
clq_n100_60_25_10_5.json,clique,100,,60_25_10_5,,10,404.0,404.0,False,true,False,15201
clq_n100_60_25_10_5.json,clique,100,,60_25_10_5,,11,447.0,447.0,False,true,False,17380
clq_n100_60_25_10_5.json,clique,100,,60_25_10_5,,12,415.0,415.0,False,true,False,15361
clq_n100_60_25_10_5.json,clique,100,,60_25_10_5,,13,441.0,441.0,False,true,False,16577
clq_n100_60_25_10_5.json,clique,100,,60_25_10_5,,14,428.0,428.0,False,true,False,16737
clq_n100_60_25_10_5.json,clique,100,,60_25_10_5,,15,452.0,452.0,False,true,False,16398
clq_n100_60_25_10_5.json,clique,100,,60_25_10_5,,16,452.0,452.0,False,true,False,16180
clq_n100_60_25_10_5.json,clique,100,,60_25_10_5,,17,413.0,413.0,False,true,False,15621
clq_n100_60_25_10_5.json,clique,100,,60_25_10_5,,18,434.0,434.0,False,true,False,17090
clq_n100_60_25_10_5.json,clique,100,,60_25_10_5,,19,403.0,403.0,False,true,False,16940
clq_n100_60_25_10_5.json,clique,100,,60_25_10_5,,20,402.0,402.0,False,true,False,16001
clq_n100_60_25_10_5.json,clique,100,,60_25_10_5,,21,420.0,420.0,False,true,False,15849
clq_n100_60_25_10_5.json,clique,100,,60_25_10_5,,22,406.0,406.0,False,true,False,17413
clq_n100_60_25_10_5.json,clique,100,,60_25_10_5,,23,415.0,415.0,False,true,False,14870
clq_n100_60_25_10_5.json,clique,100,,60_25_10_5,,24,434.0,434.0,False,true,False,17855
clq_n100_60_25_10_5.json,clique,100,,60_25_10_5,,25,432.0,432.0,False,true,False,17159
clq_n100_60_25_10_5.json,clique,100,,60_25_10_5,,26,419.0,419.0,False,true,False,16066
clq_n100_60_25_10_5.json,clique,100,,60_25_10_5,,27,394.0,395.0,True,false,False,14398
clq_n100_60_25_10_5.json,clique,100,,60_25_10_5,,28,416.0,416.0,False,true,False,16423
clq_n100_60_25_10_5.json,clique,100,,60_25_10_5,,29,404.0,404.0,False,true,False,15789
clq_n100_60_25_10_5.json,clique,100,,60_25_10_5,,30,434.0,434.0,False,true,False,14008
clq_n100_60_25_10_5.json,clique,100,,60_25_10_5,,31,437.0,437.0,False,true,False,17198
clq_n100_60_25_10_5.json,clique,100,,60_25_10_5,,32,432.0,432.0,False,true,False,16577
clq_n100_60_25_10_5.json,clique,100,,60_25_10_5,,33,436.0,436.0,False,true,False,16281
clq_n100_60_25_10_5.json,clique,100,,60_25_10_5,,34,379.0,379.0,False,true,False,15798
clq_n100_60_25_10_5.json,clique,100,,60_25_10_5,,35,419.0,419.0,False,true,False,16489
clq_n100_60_25_10_5.json,clique,100,,60_25_10_5,,36,428.0,428.0,False,true,False,15297
clq_n100_60_25_10_5.json,clique,100,,60_25_10_5,,37,425.0,425.0,False,true,False,15729
clq_n100_60_25_10_5.json,clique,100,,60_25_10_5,,38,435.0,435.0,False,true,False,15089
clq_n100_60_25_10_5.json,clique,100,,60_25_10_5,,39,427.0,427.0,False,true,False,16733
clq_n100_60_25_10_5.json,clique,100,,60_25_10_5,,40,420.0,420.0,False,true,False,17547
clq_n100_60_25_10_5.json,clique,100,,60_25_10_5,,41,413.0,413.0,False,true,False,14251
clq_n100_60_25_10_5.json,clique,100,,60_25_10_5,,42,417.0,417.0,False,true,False,16508
clq_n100_60_25_10_5.json,clique,100,,60_25_10_5,,43,418.0,418.0,False,true,False,17405
clq_n100_60_25_10_5.json,clique,100,,60_25_10_5,,44,454.0,454.0,False,true,False,17379
clq_n100_60_25_10_5.json,clique,100,,60_25_10_5,,45,431.0,431.0,False,true,False,19105
clq_n100_60_25_10_5.json,clique,100,,60_25_10_5,,46,408.0,408.0,False,true,False,16255
clq_n100_60_25_10_5.json,clique,100,,60_25_10_5,,47,402.0,402.0,False,true,False,13761
clq_n100_60_25_10_5.json,clique,100,,60_25_10_5,,48,392.0,392.0,False,true,False,15420
clq_n100_60_25_10_5.json,clique,100,,60_25_10_5,,49,408.0,408.0,False,true,False,17560
clq_n100_60_25_10_5.json,clique,100,,60_25_10_5,,50,424.0,424.0,False,true,False,18097
clq_n100_10x10.json,clique,100,,10x10,,1,438.0,438.0,False,false,True,2322
clq_n100_10x10.json,clique,100,,10x10,,2,405.0,405.0,False,true,False,1914
clq_n100_10x10.json,clique,100,,10x10,,3,423.0,423.0,False,true,False,2665
clq_n100_10x10.json,clique,100,,10x10,,4,399.0,399.0,False,true,False,2372
clq_n100_10x10.json,clique,100,,10x10,,5,423.0,423.0,False,false,True,2192
clq_n100_10x10.json,clique,100,,10x10,,6,418.0,418.0,False,true,False,1938
clq_n100_10x10.json,clique,100,,10x10,,7,422.0,422.0,False,true,False,1905
clq_n100_10x10.json,clique,100,,10x10,,8,417.0,417.0,False,false,True,1470
clq_n100_10x10.json,clique,100,,10x10,,9,441.0,441.0,False,true,False,2012
clq_n100_10x10.json,clique,100,,10x10,,10,390.0,390.0,False,true,False,1751
clq_n100_10x10.json,clique,100,,10x10,,11,436.0,436.0,False,true,False,2195
clq_n100_10x10.json,clique,100,,10x10,,12,396.0,396.0,False,true,False,1858
clq_n100_10x10.json,clique,100,,10x10,,13,423.0,423.0,False,true,False,2255
clq_n100_10x10.json,clique,100,,10x10,,14,437.0,437.0,False,true,False,2296
clq_n100_10x10.json,clique,100,,10x10,,15,433.0,433.0,False,true,False,1993
clq_n100_10x10.json,clique,100,,10x10,,16,445.0,445.0,False,false,True,2277
clq_n100_10x10.json,clique,100,,10x10,,17,421.0,421.0,False,true,False,2228
clq_n100_10x10.json,clique,100,,10x10,,18,423.0,423.0,False,false,True,2031
clq_n100_10x10.json,clique,100,,10x10,,19,426.0,426.0,False,true,False,2348
clq_n100_10x10.json,clique,100,,10x10,,20,424.0,424.0,False,true,False,2166
clq_n100_10x10.json,clique,100,,10x10,,21,412.0,412.0,False,true,False,2099
clq_n100_10x10.json,clique,100,,10x10,,22,418.0,418.0,False,true,False,2392
clq_n100_10x10.json,clique,100,,10x10,,23,425.0,425.0,False,true,False,2054
clq_n100_10x10.json,clique,100,,10x10,,24,451.0,451.0,False,true,False,2464
clq_n100_10x10.json,clique,100,,10x10,,25,466.0,466.0,False,true,False,2615
clq_n100_10x10.json,clique,100,,10x10,,26,430.0,430.0,False,true,False,2116
clq_n100_10x10.json,clique,100,,10x10,,27,400.0,400.0,False,true,False,1859
clq_n100_10x10.json,clique,100,,10x10,,28,439.0,439.0,False,true,False,2405
clq_n100_10x10.json,clique,100,,10x10,,29,408.0,408.0,False,true,False,2120
clq_n100_10x10.json,clique,100,,10x10,,30,413.0,413.0,False,true,False,2146
clq_n100_10x10.json,clique,100,,10x10,,31,432.0,432.0,False,false,True,2362
clq_n100_10x10.json,clique,100,,10x10,,32,419.0,419.0,False,true,False,2027
clq_n100_10x10.json,clique,100,,10x10,,33,454.0,454.0,False,true,False,2573
clq_n100_10x10.json,clique,100,,10x10,,34,385.0,385.0,False,true,False,2059
clq_n100_10x10.json,clique,100,,10x10,,35,428.0,428.0,False,true,False,2134
clq_n100_10x10.json,clique,100,,10x10,,36,433.0,433.0,False,true,False,2183
clq_n100_10x10.json,clique,100,,10x10,,37,405.0,405.0,False,true,False,1882
clq_n100_10x10.json,clique,100,,10x10,,38,411.0,411.0,False,false,True,2041
clq_n100_10x10.json,clique,100,,10x10,,39,415.0,415.0,False,true,False,2138
clq_n100_10x10.json,clique,100,,10x10,,40,407.0,407.0,False,false,True,2337
clq_n100_10x10.json,clique,100,,10x10,,41,395.0,395.0,False,true,False,1871
clq_n100_10x10.json,clique,100,,10x10,,42,428.0,428.0,False,true,False,2326
clq_n100_10x10.json,clique,100,,10x10,,43,446.0,446.0,False,true,False,2663
clq_n100_10x10.json,clique,100,,10x10,,44,450.0,450.0,False,true,False,2216
clq_n100_10x10.json,clique,100,,10x10,,45,450.0,450.0,False,true,False,2729
clq_n100_10x10.json,clique,100,,10x10,,46,404.0,404.0,False,false,True,2091
clq_n100_10x10.json,clique,100,,10x10,,47,399.0,399.0,False,true,False,1985
clq_n100_10x10.json,clique,100,,10x10,,48,401.0,401.0,False,true,False,2174
clq_n100_10x10.json,clique,100,,10x10,,49,421.0,421.0,False,true,False,2156
clq_n100_10x10.json,clique,100,,10x10,,50,428.0,428.0,False,true,False,2282
clq_n100_4x25.json,clique,100,,4x25,,1,463.0,463.0,False,true,False,7661
clq_n100_4x25.json,clique,100,,4x25,,1,463.0,463.0,False,true,False,7661
clq_n100_4x25.json,clique,100,,4x25,,2,414.0,414.0,False,true,False,7479
clq_n100_4x25.json,clique,100,,4x25,,3,441.0,441.0,False,true,False,8972
clq_n100_4x25.json,clique,100,,4x25,,4,404.0,404.0,False,true,False,8430
clq_n100_4x25.json,clique,100,,4x25,,5,414.0,414.0,False,true,False,7466
clq_n100_4x25.json,clique,100,,4x25,,6,410.0,410.0,False,true,False,6916
clq_n100_4x25.json,clique,100,,4x25,,7,421.0,421.0,False,true,False,6702
clq_n100_4x25.json,clique,100,,4x25,,8,420.0,420.0,False,true,False,5548
clq_n100_4x25.json,clique,100,,4x25,,9,435.0,435.0,False,true,False,6759
clq_n100_4x25.json,clique,100,,4x25,,10,399.0,399.0,False,true,False,6802
clq_n100_4x25.json,clique,100,,4x25,,11,413.0,413.0,False,true,False,7104
clq_n100_4x25.json,clique,100,,4x25,,12,396.0,396.0,False,true,False,6859
clq_n100_4x25.json,clique,100,,4x25,,13,397.0,397.0,False,true,False,7172
clq_n100_4x25.json,clique,100,,4x25,,14,436.0,436.0,False,true,False,7932
clq_n100_4x25.json,clique,100,,4x25,,15,436.0,436.0,False,true,False,6996
clq_n100_4x25.json,clique,100,,4x25,,16,440.0,440.0,False,true,False,7484
clq_n100_4x25.json,clique,100,,4x25,,17,417.0,417.0,False,true,False,7340
clq_n100_4x25.json,clique,100,,4x25,,18,417.0,417.0,False,true,False,7211
clq_n100_4x25.json,clique,100,,4x25,,19,417.0,417.0,False,true,False,7957
clq_n100_4x25.json,clique,100,,4x25,,20,408.0,408.0,False,true,False,7404
clq_n100_4x25.json,clique,100,,4x25,,21,416.0,416.0,False,true,False,7432
clq_n100_4x25.json,clique,100,,4x25,,22,395.0,395.0,False,true,False,7890
clq_n100_4x25.json,clique,100,,4x25,,23,416.0,416.0,False,true,False,7318
clq_n100_4x25.json,clique,100,,4x25,,24,447.0,447.0,False,true,False,8301
clq_n100_4x25.json,clique,100,,4x25,,25,442.0,442.0,False,true,False,8398
clq_n100_4x25.json,clique,100,,4x25,,26,422.0,422.0,False,true,False,7237
clq_n100_4x25.json,clique,100,,4x25,,27,409.0,409.0,False,true,False,7366
clq_n100_4x25.json,clique,100,,4x25,,28,440.0,440.0,False,true,False,7906
clq_n100_4x25.json,clique,100,,4x25,,29,410.0,410.0,False,true,False,7589
clq_n100_4x25.json,clique,100,,4x25,,30,435.0,435.0,False,true,False,6952
clq_n100_4x25.json,clique,100,,4x25,,31,428.0,428.0,False,true,False,8017
clq_n100_4x25.json,clique,100,,4x25,,32,427.0,427.0,False,true,False,7938
clq_n100_4x25.json,clique,100,,4x25,,33,448.0,448.0,False,true,False,8259
clq_n100_4x25.json,clique,100,,4x25,,34,380.0,380.0,False,true,False,7233
clq_n100_4x25.json,clique,100,,4x25,,35,433.0,433.0,False,true,False,7472
clq_n100_4x25.json,clique,100,,4x25,,36,434.0,434.0,False,true,False,7813
clq_n100_4x25.json,clique,100,,4x25,,37,414.0,414.0,False,true,False,6347
clq_n100_4x25.json,clique,100,,4x25,,38,406.0,406.0,False,true,False,6737
clq_n100_4x25.json,clique,100,,4x25,,39,433.0,433.0,False,true,False,7175
clq_n100_4x25.json,clique,100,,4x25,,40,419.0,419.0,False,true,False,8008
clq_n100_4x25.json,clique,100,,4x25,,41,414.0,414.0,False,true,False,6469
clq_n100_4x25.json,clique,100,,4x25,,42,429.0,429.0,False,true,False,7825
clq_n100_4x25.json,clique,100,,4x25,,43,418.0,418.0,False,true,False,8393
clq_n100_4x25.json,clique,100,,4x25,,44,447.0,447.0,False,true,False,7563
clq_n100_4x25.json,clique,100,,4x25,,45,450.0,450.0,False,true,False,8587
clq_n100_4x25.json,clique,100,,4x25,,46,416.0,416.0,False,true,False,7218
clq_n100_4x25.json,clique,100,,4x25,,47,398.0,398.0,False,true,False,6652
clq_n100_4x25.json,clique,100,,4x25,,48,404.0,404.0,False,true,False,7409
clq_n100_4x25.json,clique,100,,4x25,,49,401.0,401.0,False,true,False,7805
clq_n100_4x25.json,clique,100,,4x25,,50,418.0,418.0,False,true,False,7433
