ego_id,n,seed,complete_pivot_best_cost,complete_pivot_average_cost,complete_ilp_cost,complete_lp_cost,p_delete,edge_pivot_best_cost,edge_pivot_average_cost,edge_all_pairs_ilp_cost,edge_all_pairs_lp_cost,complete_min_max_cc_computed,complete_min_max_cc_cluster_count,complete_min_max_cc_max_disagreement,complete_min_max_cc_d_hat,complete_min_max_cc_lambda,complete_min_max_cc_runtime_seconds,complete_min_max_lp_computed,complete_min_max_lp_cost,complete_min_max_lp_rounding_cost,complete_min_max_lp_max_disagreement_vertex,complete_min_max_lp_cluster_count,complete_min_max_lp_r,complete_min_max_lp_r2,complete_min_max_lp_method,complete_min_max_lp_norm,complete_min_max_lp_runtime_seconds,complete_min_max_lp_rounding_runtime_seconds,complete_min_max_lp_total_runtime_seconds,edge_min_max_cc_computed,edge_min_max_cc_cluster_count,edge_min_max_cc_max_disagreement,edge_min_max_cc_d_hat,edge_min_max_cc_lambda,edge_min_max_cc_runtime_seconds,edge_min_max_lp_computed,edge_min_max_lp_cost,edge_min_max_lp_rounding_cost,edge_min_max_lp_max_disagreement_vertex,edge_min_max_lp_cluster_count,edge_min_max_lp_r,edge_min_max_lp_r2,edge_min_max_lp_method,edge_min_max_lp_norm,edge_min_max_lp_runtime_seconds,edge_min_max_lp_rounding_runtime_seconds,edge_min_max_lp_total_runtime_seconds
0,333,1,2028,2388.16,,,0.05,1999,2287.86,,,True,273,60,8,5,0.022709,,,,,,,,,,,,,True,275,59,8,5,0.022952,,,,,,,,,,,,
0,333,2,2028,2388.16,,,0.05,1919,2248.51,,,True,273,60,8,5,0.022709,,,,,,,,,,,,,True,275,56,8,5,0.023892,,,,,,,,,,,,
0,333,3,2028,2388.16,,,0.05,1901,2222.9,,,True,273,60,8,5,0.022709,,,,,,,,,,,,,True,277,56,8,5,0.02257,,,,,,,,,,,,
0,333,4,2028,2388.16,,,0.05,1948,2259.51,,,True,273,60,8,5,0.022709,,,,,,,,,,,,,True,276,59,8,5,0.022775,,,,,,,,,,,,
0,333,5,2028,2388.16,,,0.05,1944,2254.9,,,True,273,60,8,5,0.022709,,,,,,,,,,,,,True,276,60,8,5,0.021775,,,,,,,,,,,,
0,333,6,2028,2388.16,,,0.05,1938,2256.75,,,True,273,60,8,5,0.022709,,,,,,,,,,,,,True,276,59,8,5,0.022521,,,,,,,,,,,,
0,333,7,2028,2388.16,,,0.05,1965,2272.36,,,True,273,60,8,5,0.022709,,,,,,,,,,,,,True,275,62,8,5,0.022049,,,,,,,,,,,,
0,333,8,2028,2388.16,,,0.05,1985,2260.42,,,True,273,60,8,5,0.022709,,,,,,,,,,,,,True,276,58,8,5,0.022303,,,,,,,,,,,,
0,333,9,2028,2388.16,,,0.05,1961,2248.91,,,True,273,60,8,5,0.022709,,,,,,,,,,,,,True,275,58,8,5,0.022161,,,,,,,,,,,,
0,333,10,2028,2388.16,,,0.05,1975,2297.44,,,True,273,60,8,5,0.022709,,,,,,,,,,,,,True,275,57,8,5,0.022846,,,,,,,,,,,,
0,333,11,2028,2388.16,,,0.05,1973,2230.8,,,True,273,60,8,5,0.022709,,,,,,,,,,,,,True,276,58,8,5,0.022051,,,,,,,,,,,,
0,333,12,2028,2388.16,,,0.05,1999,2280.51,,,True,273,60,8,5,0.022709,,,,,,,,,,,,,True,276,57,8,5,0.02311,,,,,,,,,,,,
0,333,13,2028,2388.16,,,0.05,1904,2256.22,,,True,273,60,8,5,0.022709,,,,,,,,,,,,,True,276,59,8,5,0.021999,,,,,,,,,,,,
0,333,14,2028,2388.16,,,0.05,1912,2232.66,,,True,273,60,8,5,0.022709,,,,,,,,,,,,,True,275,56,8,5,0.023299,,,,,,,,,,,,
0,333,15,2028,2388.16,,,0.05,1950,2273.08,,,True,273,60,8,5,0.022709,,,,,,,,,,,,,True,277,56,8,5,0.021898,,,,,,,,,,,,
0,333,16,2028,2388.16,,,0.05,1980,2298.99,,,True,273,60,8,5,0.022709,,,,,,,,,,,,,True,277,57,8,5,0.022452,,,,,,,,,,,,
0,333,17,2028,2388.16,,,0.05,1983,2283.36,,,True,273,60,8,5,0.022709,,,,,,,,,,,,,True,274,55,8,5,0.022,,,,,,,,,,,,
0,333,18,2028,2388.16,,,0.05,1939,2300.76,,,True,273,60,8,5,0.022709,,,,,,,,,,,,,True,274,56,8,5,0.022689,,,,,,,,,,,,
0,333,19,2028,2388.16,,,0.05,1931,2266.37,,,True,273,60,8,5,0.022709,,,,,,,,,,,,,True,274,59,8,5,0.022564,,,,,,,,,,,,
0,333,20,2028,2388.16,,,0.05,2006,2281.73,,,True,273,60,8,5,0.022709,,,,,,,,,,,,,True,276,59,8,5,0.022786,,,,,,,,,,,,
0,333,21,2028,2388.16,,,0.05,2002,2268.65,,,True,273,60,8,5,0.022709,,,,,,,,,,,,,True,276,56,8,5,0.022776,,,,,,,,,,,,
0,333,22,2028,2388.16,,,0.05,2001,2285.5,,,True,273,60,8,5,0.022709,,,,,,,,,,,,,True,275,60,8,5,0.023972,,,,,,,,,,,,
0,333,23,2028,2388.16,,,0.05,2024,2291.55,,,True,273,60,8,5,0.022709,,,,,,,,,,,,,True,274,61,8,5,0.02261,,,,,,,,,,,,
0,333,24,2028,2388.16,,,0.05,1907,2255.89,,,True,273,60,8,5,0.022709,,,,,,,,,,,,,True,275,58,8,5,0.02252,,,,,,,,,,,,
0,333,25,2028,2388.16,,,0.05,1980,2235.73,,,True,273,60,8,5,0.022709,,,,,,,,,,,,,True,273,55,8,5,0.022373,,,,,,,,,,,,
0,333,26,2028,2388.16,,,0.05,1972,2273.21,,,True,273,60,8,5,0.022709,,,,,,,,,,,,,True,277,59,8,5,0.021909,,,,,,,,,,,,
0,333,27,2028,2388.16,,,0.05,1942,2255.37,,,True,273,60,8,5,0.022709,,,,,,,,,,,,,True,274,56,8,5,0.022165,,,,,,,,,,,,
0,333,28,2028,2388.16,,,0.05,1959,2272.47,,,True,273,60,8,5,0.022709,,,,,,,,,,,,,True,273,58,8,5,0.023525,,,,,,,,,,,,
0,333,29,2028,2388.16,,,0.05,1947,2282.41,,,True,273,60,8,5,0.022709,,,,,,,,,,,,,True,275,56,8,5,0.021748,,,,,,,,,,,,
0,333,30,2028,2388.16,,,0.05,1945,2283.83,,,True,273,60,8,5,0.022709,,,,,,,,,,,,,True,274,57,8,5,0.022798,,,,,,,,,,,,
0,333,1,2028,2388.16,,,0.15,1819,2042.31,,,True,273,60,8,5,0.022709,,,,,,,,,,,,,True,284,53,8,5,0.021875,,,,,,,,,,,,
0,333,2,2028,2388.16,,,0.15,1757,1960.91,,,True,273,60,8,5,0.022709,,,,,,,,,,,,,True,280,49,8,5,0.02317,,,,,,,,,,,,
0,333,3,2028,2388.16,,,0.15,1729,2013.45,,,True,273,60,8,5,0.022709,,,,,,,,,,,,,True,286,48,8,5,0.022551,,,,,,,,,,,,
0,333,4,2028,2388.16,,,0.15,1753,1998.96,,,True,273,60,8,5,0.022709,,,,,,,,,,,,,True,282,50,8,5,0.023518,,,,,,,,,,,,
0,333,5,2028,2388.16,,,0.15,1772,2032.38,,,True,273,60,8,5,0.022709,,,,,,,,,,,,,True,284,55,8,5,0.022831,,,,,,,,,,,,
0,333,6,2028,2388.16,,,0.15,1745,2011.81,,,True,273,60,8,5,0.022709,,,,,,,,,,,,,True,286,47,8,5,0.02462,,,,,,,,,,,,
0,333,7,2028,2388.16,,,0.15,1761,2015.19,,,True,273,60,8,5,0.022709,,,,,,,,,,,,,True,284,50,8,5,0.02324,,,,,,,,,,,,
0,333,8,2028,2388.16,,,0.15,1769,2042.85,,,True,273,60,8,5,0.022709,,,,,,,,,,,,,True,281,45,8,5,0.022328,,,,,,,,,,,,
0,333,9,2028,2388.16,,,0.15,1793,2010.73,,,True,273,60,8,5,0.022709,,,,,,,,,,,,,True,285,48,8,5,0.023021,,,,,,,,,,,,
0,333,10,2028,2388.16,,,0.15,1770,1996.29,,,True,273,60,8,5,0.022709,,,,,,,,,,,,,True,284,48,8,5,0.022169,,,,,,,,,,,,
0,333,11,2028,2388.16,,,0.15,1749,2016.14,,,True,273,60,8,5,0.022709,,,,,,,,,,,,,True,284,52,8,5,0.022324,,,,,,,,,,,,
0,333,12,2028,2388.16,,,0.15,1748,2009.71,,,True,273,60,8,5,0.022709,,,,,,,,,,,,,True,285,46,8,5,0.021455,,,,,,,,,,,,
0,333,13,2028,2388.16,,,0.15,1751,2005.1,,,True,273,60,8,5,0.022709,,,,,,,,,,,,,True,284,47,8,5,0.022576,,,,,,,,,,,,
0,333,14,2028,2388.16,,,0.15,1806,2009.72,,,True,273,60,8,5,0.022709,,,,,,,,,,,,,True,286,45,8,5,0.022138,,,,,,,,,,,,
0,333,15,2028,2388.16,,,0.15,1761,1980.25,,,True,273,60,8,5,0.022709,,,,,,,,,,,,,True,282,45,8,5,0.021887,,,,,,,,,,,,
0,333,16,2028,2388.16,,,0.15,1737,2053.83,,,True,273,60,8,5,0.022709,,,,,,,,,,,,,True,284,47,8,5,0.021973,,,,,,,,,,,,
0,333,17,2028,2388.16,,,0.15,1780,2001.05,,,True,273,60,8,5,0.022709,,,,,,,,,,,,,True,285,46,8,5,0.022054,,,,,,,,,,,,
0,333,18,2028,2388.16,,,0.15,1745,1992.89,,,True,273,60,8,5,0.022709,,,,,,,,,,,,,True,283,45,8,5,0.022965,,,,,,,,,,,,
0,333,19,2028,2388.16,,,0.15,1707,2025.09,,,True,273,60,8,5,0.022709,,,,,,,,,,,,,True,280,56,8,5,0.022277,,,,,,,,,,,,
0,333,20,2028,2388.16,,,0.15,1820,2028.95,,,True,273,60,8,5,0.022709,,,,,,,,,,,,,True,283,49,8,5,0.022738,,,,,,,,,,,,
0,333,21,2028,2388.16,,,0.15,1824,2066.62,,,True,273,60,8,5,0.022709,,,,,,,,,,,,,True,285,48,8,5,0.021869,,,,,,,,,,,,
0,333,22,2028,2388.16,,,0.15,1760,1987.95,,,True,273,60,8,5,0.022709,,,,,,,,,,,,,True,284,50,8,5,0.022788,,,,,,,,,,,,
0,333,23,2028,2388.16,,,0.15,1809,2042.7,,,True,273,60,8,5,0.022709,,,,,,,,,,,,,True,283,49,8,5,0.022107,,,,,,,,,,,,
0,333,24,2028,2388.16,,,0.15,1790,2041.6,,,True,273,60,8,5,0.022709,,,,,,,,,,,,,True,279,53,8,5,0.021609,,,,,,,,,,,,
0,333,25,2028,2388.16,,,0.15,1700,1992.54,,,True,273,60,8,5,0.022709,,,,,,,,,,,,,True,287,45,8,5,0.02389,,,,,,,,,,,,
0,333,26,2028,2388.16,,,0.15,1818,2047.05,,,True,273,60,8,5,0.022709,,,,,,,,,,,,,True,283,51,8,5,0.022278,,,,,,,,,,,,
0,333,27,2028,2388.16,,,0.15,1749,1995.55,,,True,273,60,8,5,0.022709,,,,,,,,,,,,,True,285,47,8,5,0.022252,,,,,,,,,,,,
0,333,28,2028,2388.16,,,0.15,1725,2002.89,,,True,273,60,8,5,0.022709,,,,,,,,,,,,,True,286,53,8,5,0.021705,,,,,,,,,,,,
0,333,29,2028,2388.16,,,0.15,1771,2037.4,,,True,273,60,8,5,0.022709,,,,,,,,,,,,,True,285,45,8,5,0.022061,,,,,,,,,,,,
0,333,30,2028,2388.16,,,0.15,1782,2003.44,,,True,273,60,8,5,0.022709,,,,,,,,,,,,,True,284,50,8,5,0.021936,,,,,,,,,,,,
0,333,1,2028,2388.16,,,0.25,1581,1765.16,,,True,273,60,8,5,0.022709,,,,,,,,,,,,,True,296,41,8,5,0.022388,,,,,,,,,,,,
0,333,2,2028,2388.16,,,0.25,1561,1745.97,,,True,273,60,8,5,0.022709,,,,,,,,,,,,,True,290,39,8,5,0.021381,,,,,,,,,,,,
0,333,3,2028,2388.16,,,0.25,1592,1778.25,,,True,273,60,8,5,0.022709,,,,,,,,,,,,,True,295,42,8,5,0.021506,,,,,,,,,,,,
0,333,4,2028,2388.16,,,0.25,1562,1736.32,,,True,273,60,8,5,0.022709,,,,,,,,,,,,,True,297,39,8,5,0.022165,,,,,,,,,,,,
0,333,5,2028,2388.16,,,0.25,1563,1749.99,,,True,273,60,8,5,0.022709,,,,,,,,,,,,,True,294,39,8,5,0.022671,,,,,,,,,,,,
0,333,6,2028,2388.16,,,0.25,1550,1783.39,,,True,273,60,8,5,0.022709,,,,,,,,,,,,,True,293,39,8,5,0.022497,,,,,,,,,,,,
0,333,7,2028,2388.16,,,0.25,1543,1767.5,,,True,273,60,8,5,0.022709,,,,,,,,,,,,,True,296,41,8,5,0.022315,,,,,,,,,,,,
0,333,8,2028,2388.16,,,0.25,1601,1776.67,,,True,273,60,8,5,0.022709,,,,,,,,,,,,,True,295,42,8,5,0.021586,,,,,,,,,,,,
0,333,9,2028,2388.16,,,0.25,1578,1734.78,,,True,273,60,8,5,0.022709,,,,,,,,,,,,,True,295,42,8,5,0.021471,,,,,,,,,,,,
0,333,10,2028,2388.16,,,0.25,1536,1745.62,,,True,273,60,8,5,0.022709,,,,,,,,,,,,,True,296,41,8,5,0.022054,,,,,,,,,,,,
0,333,11,2028,2388.16,,,0.25,1560,1751.01,,,True,273,60,8,5,0.022709,,,,,,,,,,,,,True,295,36,8,5,0.02163,,,,,,,,,,,,
0,333,12,2028,2388.16,,,0.25,1545,1742.69,,,True,273,60,8,5,0.022709,,,,,,,,,,,,,True,292,45,8,5,0.021755,,,,,,,,,,,,
0,333,13,2028,2388.16,,,0.25,1548,1752.59,,,True,273,60,8,5,0.022709,,,,,,,,,,,,,True,293,47,8,5,0.021377,,,,,,,,,,,,
0,333,14,2028,2388.16,,,0.25,1541,1750.83,,,True,273,60,8,5,0.022709,,,,,,,,,,,,,True,299,43,8,5,0.021691,,,,,,,,,,,,
0,333,15,2028,2388.16,,,0.25,1588,1758.54,,,True,273,60,8,5,0.022709,,,,,,,,,,,,,True,295,40,8,5,0.021914,,,,,,,,,,,,
0,333,16,2028,2388.16,,,0.25,1554,1806.87,,,True,273,60,8,5,0.022709,,,,,,,,,,,,,True,296,46,8,5,0.02225,,,,,,,,,,,,
0,333,17,2028,2388.16,,,0.25,1585,1800.39,,,True,273,60,8,5,0.022709,,,,,,,,,,,,,True,292,39,8,5,0.022179,,,,,,,,,,,,
0,333,18,2028,2388.16,,,0.25,1578,1763.02,,,True,273,60,8,5,0.022709,,,,,,,,,,,,,True,293,40,8,5,0.022216,,,,,,,,,,,,
0,333,19,2028,2388.16,,,0.25,1573,1759.23,,,True,273,60,8,5,0.022709,,,,,,,,,,,,,True,293,47,8,5,0.021579,,,,,,,,,,,,
0,333,20,2028,2388.16,,,0.25,1530,1743.89,,,True,273,60,8,5,0.022709,,,,,,,,,,,,,True,301,38,8,5,0.021778,,,,,,,,,,,,
0,333,21,2028,2388.16,,,0.25,1606,1809.19,,,True,273,60,8,5,0.022709,,,,,,,,,,,,,True,289,42,8,5,0.022676,,,,,,,,,,,,
0,333,22,2028,2388.16,,,0.25,1543,1737.6,,,True,273,60,8,5,0.022709,,,,,,,,,,,,,True,294,44,8,5,0.021812,,,,,,,,,,,,
0,333,23,2028,2388.16,,,0.25,1617,1783.66,,,True,273,60,8,5,0.022709,,,,,,,,,,,,,True,294,39,8,5,0.022203,,,,,,,,,,,,
0,333,24,2028,2388.16,,,0.25,1563,1743.52,,,True,273,60,8,5,0.022709,,,,,,,,,,,,,True,289,45,8,5,0.021342,,,,,,,,,,,,
0,333,25,2028,2388.16,,,0.25,1501,1717.22,,,True,273,60,8,5,0.022709,,,,,,,,,,,,,True,297,41,8,5,0.022755,,,,,,,,,,,,
0,333,26,2028,2388.16,,,0.25,1555,1761.99,,,True,273,60,8,5,0.022709,,,,,,,,,,,,,True,296,41,8,5,0.021763,,,,,,,,,,,,
0,333,27,2028,2388.16,,,0.25,1564,1725.15,,,True,273,60,8,5,0.022709,,,,,,,,,,,,,True,298,40,8,5,0.021666,,,,,,,,,,,,
0,333,28,2028,2388.16,,,0.25,1543,1739.79,,,True,273,60,8,5,0.022709,,,,,,,,,,,,,True,294,42,8,5,0.021409,,,,,,,,,,,,
0,333,29,2028,2388.16,,,0.25,1619,1772.46,,,True,273,60,8,5,0.022709,,,,,,,,,,,,,True,292,39,8,5,0.021939,,,,,,,,,,,,
0,333,30,2028,2388.16,,,0.25,1567,1720.94,,,True,273,60,8,5,0.022709,,,,,,,,,,,,,True,294,40,8,5,0.022979,,,,,,,,,,,,
0,333,1,2028,2388.16,,,0.4,1248,1370.12,,,True,273,60,8,5,0.022709,,,,,,,,,,,,,True,314,39,8,5,0.021471,,,,,,,,,,,,
0,333,2,2028,2388.16,,,0.4,1262,1358.99,,,True,273,60,8,5,0.022709,,,,,,,,,,,,,True,311,42,8,5,0.023075,,,,,,,,,,,,
0,333,3,2028,2388.16,,,0.4,1257,1381.57,,,True,273,60,8,5,0.022709,,,,,,,,,,,,,True,323,39,8,5,0.021736,,,,,,,,,,,,
0,333,4,2028,2388.16,,,0.4,1230,1342.04,,,True,273,60,8,5,0.022709,,,,,,,,,,,,,True,316,35,8,5,0.022032,,,,,,,,,,,,
0,333,5,2028,2388.16,,,0.4,1266,1381.45,,,True,273,60,8,5,0.022709,,,,,,,,,,,,,True,313,37,8,5,0.021965,,,,,,,,,,,,
0,333,6,2028,2388.16,,,0.4,1240,1381.72,,,True,273,60,8,5,0.022709,,,,,,,,,,,,,True,317,41,8,5,0.022177,,,,,,,,,,,,
0,333,7,2028,2388.16,,,0.4,1229,1358.81,,,True,273,60,8,5,0.022709,,,,,,,,,,,,,True,322,45,8,5,0.021393,,,,,,,,,,,,
0,333,8,2028,2388.16,,,0.4,1284,1425.36,,,True,273,60,8,5,0.022709,,,,,,,,,,,,,True,310,35,8,5,0.02228,,,,,,,,,,,,
0,333,9,2028,2388.16,,,0.4,1215,1332.45,,,True,273,60,8,5,0.022709,,,,,,,,,,,,,True,315,35,8,5,0.022867,,,,,,,,,,,,
0,333,10,2028,2388.16,,,0.4,1229,1343.8,,,True,273,60,8,5,0.022709,,,,,,,,,,,,,True,314,36,8,5,0.02164,,,,,,,,,,,,
0,333,11,2028,2388.16,,,0.4,1246,1342.44,,,True,273,60,8,5,0.022709,,,,,,,,,,,,,True,316,37,8,5,0.021983,,,,,,,,,,,,
0,333,12,2028,2388.16,,,0.4,1191,1320.25,,,True,273,60,8,5,0.022709,,,,,,,,,,,,,True,325,45,8,5,0.021406,,,,,,,,,,,,
0,333,13,2028,2388.16,,,0.4,1203,1331.67,,,True,273,60,8,5,0.022709,,,,,,,,,,,,,True,322,45,8,5,0.022113,,,,,,,,,,,,
0,333,14,2028,2388.16,,,0.4,1238,1379.69,,,True,273,60,8,5,0.022709,,,,,,,,,,,,,True,327,47,8,5,0.022063,,,,,,,,,,,,
0,333,15,2028,2388.16,,,0.4,1256,1365.17,,,True,273,60,8,5,0.022709,,,,,,,,,,,,,True,317,39,8,5,0.021796,,,,,,,,,,,,
0,333,16,2028,2388.16,,,0.4,1266,1394.46,,,True,273,60,8,5,0.022709,,,,,,,,,,,,,True,318,43,8,5,0.021581,,,,,,,,,,,,
0,333,17,2028,2388.16,,,0.4,1270,1379.95,,,True,273,60,8,5,0.022709,,,,,,,,,,,,,True,315,36,8,5,0.022367,,,,,,,,,,,,
0,333,18,2028,2388.16,,,0.4,1229,1370.4,,,True,273,60,8,5,0.022709,,,,,,,,,,,,,True,318,44,8,5,0.022102,,,,,,,,,,,,
0,333,19,2028,2388.16,,,0.4,1290,1390.96,,,True,273,60,8,5,0.022709,,,,,,,,,,,,,True,317,43,8,5,0.022224,,,,,,,,,,,,
0,333,20,2028,2388.16,,,0.4,1306,1424.58,,,True,273,60,8,5,0.022709,,,,,,,,,,,,,True,317,40,8,5,0.022157,,,,,,,,,,,,
0,333,21,2028,2388.16,,,0.4,1312,1447.24,,,True,273,60,8,5,0.022709,,,,,,,,,,,,,True,310,38,8,5,0.0224,,,,,,,,,,,,
0,333,22,2028,2388.16,,,0.4,1242,1369.04,,,True,273,60,8,5,0.022709,,,,,,,,,,,,,True,323,44,8,5,0.021167,,,,,,,,,,,,
0,333,23,2028,2388.16,,,0.4,1258,1375.51,,,True,273,60,8,5,0.022709,,,,,,,,,,,,,True,315,37,8,5,0.022838,,,,,,,,,,,,
0,333,24,2028,2388.16,,,0.4,1244,1345.73,,,True,273,60,8,5,0.022709,,,,,,,,,,,,,True,313,37,8,5,0.021672,,,,,,,,,,,,
0,333,25,2028,2388.16,,,0.4,1224,1322.74,,,True,273,60,8,5,0.022709,,,,,,,,,,,,,True,315,40,8,5,0.022623,,,,,,,,,,,,
0,333,26,2028,2388.16,,,0.4,1263,1370.45,,,True,273,60,8,5,0.022709,,,,,,,,,,,,,True,319,41,8,5,0.0224,,,,,,,,,,,,
0,333,27,2028,2388.16,,,0.4,1235,1341.24,,,True,273,60,8,5,0.022709,,,,,,,,,,,,,True,320,36,8,5,0.02176,,,,,,,,,,,,
0,333,28,2028,2388.16,,,0.4,1231,1350.59,,,True,273,60,8,5,0.022709,,,,,,,,,,,,,True,316,41,8,5,0.022388,,,,,,,,,,,,
0,333,29,2028,2388.16,,,0.4,1247,1389.27,,,True,273,60,8,5,0.022709,,,,,,,,,,,,,True,313,42,8,5,0.021996,,,,,,,,,,,,
0,333,30,2028,2388.16,,,0.4,1246,1365.89,,,True,273,60,8,5,0.022709,,,,,,,,,,,,,True,315,39,8,5,0.021326,,,,,,,,,,,,
107,1034,1,,,,,0.05,,,,,True,355,663,8,5,0.677503,,,,,,,,,,,,,True,388,611,8,5,0.706726,,,,,,,,,,,,
107,1034,2,,,,,0.05,,,,,True,355,663,8,5,0.677503,,,,,,,,,,,,,True,393,611,8,5,0.670057,,,,,,,,,,,,
107,1034,3,,,,,0.05,,,,,True,355,663,8,5,0.677503,,,,,,,,,,,,,True,397,615,8,5,0.664927,,,,,,,,,,,,
107,1034,4,,,,,0.05,,,,,True,355,663,8,5,0.677503,,,,,,,,,,,,,True,375,611,8,5,0.671543,,,,,,,,,,,,
107,1034,5,,,,,0.05,,,,,True,355,663,8,5,0.677503,,,,,,,,,,,,,True,392,618,8,5,0.675494,,,,,,,,,,,,
107,1034,6,,,,,0.05,,,,,True,355,663,8,5,0.677503,,,,,,,,,,,,,True,390,616,8,5,0.673827,,,,,,,,,,,,
107,1034,7,,,,,0.05,,,,,True,355,663,8,5,0.677503,,,,,,,,,,,,,True,390,621,8,5,0.671844,,,,,,,,,,,,
107,1034,8,,,,,0.05,,,,,True,355,663,8,5,0.677503,,,,,,,,,,,,,True,393,618,8,5,0.667708,,,,,,,,,,,,
107,1034,9,,,,,0.05,,,,,True,355,663,8,5,0.677503,,,,,,,,,,,,,True,397,612,8,5,0.667057,,,,,,,,,,,,
107,1034,10,,,,,0.05,,,,,True,355,663,8,5,0.677503,,,,,,,,,,,,,True,375,618,8,5,0.667877,,,,,,,,,,,,
107,1034,11,,,,,0.05,,,,,True,355,663,8,5,0.677503,,,,,,,,,,,,,True,379,608,8,5,0.66425,,,,,,,,,,,,
107,1034,12,,,,,0.05,,,,,True,355,663,8,5,0.677503,,,,,,,,,,,,,True,394,615,8,5,0.66954,,,,,,,,,,,,
107,1034,13,,,,,0.05,,,,,True,355,663,8,5,0.677503,,,,,,,,,,,,,True,391,614,8,5,0.667162,,,,,,,,,,,,
107,1034,14,,,,,0.05,,,,,True,355,663,8,5,0.677503,,,,,,,,,,,,,True,375,611,8,5,0.663808,,,,,,,,,,,,
107,1034,15,,,,,0.05,,,,,True,355,663,8,5,0.677503,,,,,,,,,,,,,True,399,607,8,5,0.671053,,,,,,,,,,,,
107,1034,16,,,,,0.05,,,,,True,355,663,8,5,0.677503,,,,,,,,,,,,,True,370,611,8,5,0.670458,,,,,,,,,,,,
107,1034,17,,,,,0.05,,,,,True,355,663,8,5,0.677503,,,,,,,,,,,,,True,377,616,8,5,0.669023,,,,,,,,,,,,
107,1034,18,,,,,0.05,,,,,True,355,663,8,5,0.677503,,,,,,,,,,,,,True,399,611,8,5,0.669794,,,,,,,,,,,,
107,1034,19,,,,,0.05,,,,,True,355,663,8,5,0.677503,,,,,,,,,,,,,True,396,609,8,5,0.670147,,,,,,,,,,,,
107,1034,20,,,,,0.05,,,,,True,355,663,8,5,0.677503,,,,,,,,,,,,,True,392,617,8,5,0.672691,,,,,,,,,,,,
107,1034,21,,,,,0.05,,,,,True,355,663,8,5,0.677503,,,,,,,,,,,,,True,382,608,8,5,0.666937,,,,,,,,,,,,
107,1034,22,,,,,0.05,,,,,True,355,663,8,5,0.677503,,,,,,,,,,,,,True,392,611,8,5,0.673876,,,,,,,,,,,,
107,1034,23,,,,,0.05,,,,,True,355,663,8,5,0.677503,,,,,,,,,,,,,True,376,613,8,5,0.681726,,,,,,,,,,,,
107,1034,24,,,,,0.05,,,,,True,355,663,8,5,0.677503,,,,,,,,,,,,,True,374,620,8,5,0.671244,,,,,,,,,,,,
107,1034,25,,,,,0.05,,,,,True,355,663,8,5,0.677503,,,,,,,,,,,,,True,372,627,8,5,0.668934,,,,,,,,,,,,
107,1034,26,,,,,0.05,,,,,True,355,663,8,5,0.677503,,,,,,,,,,,,,True,396,613,8,5,0.670166,,,,,,,,,,,,
107,1034,27,,,,,0.05,,,,,True,355,663,8,5,0.677503,,,,,,,,,,,,,True,393,615,8,5,0.680622,,,,,,,,,,,,
107,1034,28,,,,,0.05,,,,,True,355,663,8,5,0.677503,,,,,,,,,,,,,True,388,614,8,5,0.669224,,,,,,,,,,,,
107,1034,29,,,,,0.05,,,,,True,355,663,8,5,0.677503,,,,,,,,,,,,,True,396,625,8,5,0.672269,,,,,,,,,,,,
107,1034,30,,,,,0.05,,,,,True,355,663,8,5,0.677503,,,,,,,,,,,,,True,398,608,8,5,0.66844,,,,,,,,,,,,
107,1034,1,,,,,0.15,,,,,True,355,663,8,5,0.677503,,,,,,,,,,,,,True,440,513,8,5,0.669518,,,,,,,,,,,,
107,1034,2,,,,,0.15,,,,,True,355,663,8,5,0.677503,,,,,,,,,,,,,True,444,514,8,5,0.66676,,,,,,,,,,,,
107,1034,3,,,,,0.15,,,,,True,355,663,8,5,0.677503,,,,,,,,,,,,,True,438,518,8,5,0.664047,,,,,,,,,,,,
107,1034,4,,,,,0.15,,,,,True,355,663,8,5,0.677503,,,,,,,,,,,,,True,435,518,8,5,0.665209,,,,,,,,,,,,
107,1034,5,,,,,0.15,,,,,True,355,663,8,5,0.677503,,,,,,,,,,,,,True,449,514,8,5,0.668133,,,,,,,,,,,,
107,1034,6,,,,,0.15,,,,,True,355,663,8,5,0.677503,,,,,,,,,,,,,True,449,507,8,5,0.664288,,,,,,,,,,,,
107,1034,7,,,,,0.15,,,,,True,355,663,8,5,0.677503,,,,,,,,,,,,,True,443,516,8,5,0.671446,,,,,,,,,,,,
107,1034,8,,,,,0.15,,,,,True,355,663,8,5,0.677503,,,,,,,,,,,,,True,444,515,8,5,0.660424,,,,,,,,,,,,
107,1034,9,,,,,0.15,,,,,True,355,663,8,5,0.677503,,,,,,,,,,,,,True,438,513,8,5,0.663377,,,,,,,,,,,,
107,1034,10,,,,,0.15,,,,,True,355,663,8,5,0.677503,,,,,,,,,,,,,True,441,510,8,5,0.659622,,,,,,,,,,,,
107,1034,11,,,,,0.15,,,,,True,355,663,8,5,0.677503,,,,,,,,,,,,,True,449,517,8,5,0.6583,,,,,,,,,,,,
107,1034,12,,,,,0.15,,,,,True,355,663,8,5,0.677503,,,,,,,,,,,,,True,441,510,8,5,0.666742,,,,,,,,,,,,
107,1034,13,,,,,0.15,,,,,True,355,663,8,5,0.677503,,,,,,,,,,,,,True,445,510,8,5,0.665262,,,,,,,,,,,,
107,1034,14,,,,,0.15,,,,,True,355,663,8,5,0.677503,,,,,,,,,,,,,True,439,513,8,5,0.664386,,,,,,,,,,,,
107,1034,15,,,,,0.15,,,,,True,355,663,8,5,0.677503,,,,,,,,,,,,,True,448,504,8,5,0.663289,,,,,,,,,,,,
107,1034,16,,,,,0.15,,,,,True,355,663,8,5,0.677503,,,,,,,,,,,,,True,451,504,8,5,0.668146,,,,,,,,,,,,
107,1034,17,,,,,0.15,,,,,True,355,663,8,5,0.677503,,,,,,,,,,,,,True,435,516,8,5,0.662165,,,,,,,,,,,,
107,1034,18,,,,,0.15,,,,,True,355,663,8,5,0.677503,,,,,,,,,,,,,True,452,513,8,5,0.662996,,,,,,,,,,,,
107,1034,19,,,,,0.15,,,,,True,355,663,8,5,0.677503,,,,,,,,,,,,,True,444,512,8,5,0.663122,,,,,,,,,,,,
107,1034,20,,,,,0.15,,,,,True,355,663,8,5,0.677503,,,,,,,,,,,,,True,435,519,8,5,0.66395,,,,,,,,,,,,
107,1034,21,,,,,0.15,,,,,True,355,663,8,5,0.677503,,,,,,,,,,,,,True,436,515,8,5,0.665351,,,,,,,,,,,,
107,1034,22,,,,,0.15,,,,,True,355,663,8,5,0.677503,,,,,,,,,,,,,True,447,515,8,5,0.657997,,,,,,,,,,,,
107,1034,23,,,,,0.15,,,,,True,355,663,8,5,0.677503,,,,,,,,,,,,,True,447,515,8,5,0.660537,,,,,,,,,,,,
107,1034,24,,,,,0.15,,,,,True,355,663,8,5,0.677503,,,,,,,,,,,,,True,446,519,8,5,0.663399,,,,,,,,,,,,
107,1034,25,,,,,0.15,,,,,True,355,663,8,5,0.677503,,,,,,,,,,,,,True,443,520,8,5,0.664574,,,,,,,,,,,,
107,1034,26,,,,,0.15,,,,,True,355,663,8,5,0.677503,,,,,,,,,,,,,True,448,518,8,5,0.665649,,,,,,,,,,,,
107,1034,27,,,,,0.15,,,,,True,355,663,8,5,0.677503,,,,,,,,,,,,,True,443,520,8,5,0.665171,,,,,,,,,,,,
107,1034,28,,,,,0.15,,,,,True,355,663,8,5,0.677503,,,,,,,,,,,,,True,443,510,8,5,0.662965,,,,,,,,,,,,
107,1034,29,,,,,0.15,,,,,True,355,663,8,5,0.677503,,,,,,,,,,,,,True,448,509,8,5,0.662849,,,,,,,,,,,,
107,1034,30,,,,,0.15,,,,,True,355,663,8,5,0.677503,,,,,,,,,,,,,True,441,513,8,5,0.662071,,,,,,,,,,,,
107,1034,1,,,,,0.25,,,,,True,355,663,8,5,0.677503,,,,,,,,,,,,,True,507,413,8,5,0.66237,,,,,,,,,,,,
107,1034,2,,,,,0.25,,,,,True,355,663,8,5,0.677503,,,,,,,,,,,,,True,500,420,8,5,0.658557,,,,,,,,,,,,
107,1034,3,,,,,0.25,,,,,True,355,663,8,5,0.677503,,,,,,,,,,,,,True,499,416,8,5,0.657707,,,,,,,,,,,,
107,1034,4,,,,,0.25,,,,,True,355,663,8,5,0.677503,,,,,,,,,,,,,True,497,237,8,5,0.660818,,,,,,,,,,,,
107,1034,5,,,,,0.25,,,,,True,355,663,8,5,0.677503,,,,,,,,,,,,,True,504,216,8,5,0.660655,,,,,,,,,,,,
107,1034,6,,,,,0.25,,,,,True,355,663,8,5,0.677503,,,,,,,,,,,,,True,508,222,8,5,0.664414,,,,,,,,,,,,
107,1034,7,,,,,0.25,,,,,True,355,663,8,5,0.677503,,,,,,,,,,,,,True,504,250,8,5,0.662474,,,,,,,,,,,,
107,1034,8,,,,,0.25,,,,,True,355,663,8,5,0.677503,,,,,,,,,,,,,True,497,422,8,5,0.692205,,,,,,,,,,,,
107,1034,9,,,,,0.25,,,,,True,355,663,8,5,0.677503,,,,,,,,,,,,,True,494,225,8,5,0.659941,,,,,,,,,,,,
107,1034,10,,,,,0.25,,,,,True,355,663,8,5,0.677503,,,,,,,,,,,,,True,495,218,8,5,0.665718,,,,,,,,,,,,
107,1034,11,,,,,0.25,,,,,True,355,663,8,5,0.677503,,,,,,,,,,,,,True,503,421,8,5,0.664997,,,,,,,,,,,,
107,1034,12,,,,,0.25,,,,,True,355,663,8,5,0.677503,,,,,,,,,,,,,True,504,225,8,5,0.663798,,,,,,,,,,,,
107,1034,13,,,,,0.25,,,,,True,355,663,8,5,0.677503,,,,,,,,,,,,,True,502,419,8,5,0.661619,,,,,,,,,,,,
107,1034,14,,,,,0.25,,,,,True,355,663,8,5,0.677503,,,,,,,,,,,,,True,491,429,8,5,0.683873,,,,,,,,,,,,
107,1034,15,,,,,0.25,,,,,True,355,663,8,5,0.677503,,,,,,,,,,,,,True,508,232,8,5,0.662126,,,,,,,,,,,,
107,1034,16,,,,,0.25,,,,,True,355,663,8,5,0.677503,,,,,,,,,,,,,True,505,219,8,5,0.666512,,,,,,,,,,,,
107,1034,17,,,,,0.25,,,,,True,355,663,8,5,0.677503,,,,,,,,,,,,,True,499,224,8,5,0.667988,,,,,,,,,,,,
107,1034,18,,,,,0.25,,,,,True,355,663,8,5,0.677503,,,,,,,,,,,,,True,507,415,8,5,0.663504,,,,,,,,,,,,
107,1034,19,,,,,0.25,,,,,True,355,663,8,5,0.677503,,,,,,,,,,,,,True,498,421,8,5,0.657222,,,,,,,,,,,,
107,1034,20,,,,,0.25,,,,,True,355,663,8,5,0.677503,,,,,,,,,,,,,True,498,223,8,5,0.659572,,,,,,,,,,,,
107,1034,21,,,,,0.25,,,,,True,355,663,8,5,0.677503,,,,,,,,,,,,,True,497,226,8,5,0.658764,,,,,,,,,,,,
107,1034,22,,,,,0.25,,,,,True,355,663,8,5,0.677503,,,,,,,,,,,,,True,501,420,8,5,0.658846,,,,,,,,,,,,
107,1034,23,,,,,0.25,,,,,True,355,663,8,5,0.677503,,,,,,,,,,,,,True,492,424,8,5,0.658136,,,,,,,,,,,,
107,1034,24,,,,,0.25,,,,,True,355,663,8,5,0.677503,,,,,,,,,,,,,True,508,240,8,5,0.653928,,,,,,,,,,,,
107,1034,25,,,,,0.25,,,,,True,355,663,8,5,0.677503,,,,,,,,,,,,,True,496,423,8,5,0.662579,,,,,,,,,,,,
107,1034,26,,,,,0.25,,,,,True,355,663,8,5,0.677503,,,,,,,,,,,,,True,505,422,8,5,0.668936,,,,,,,,,,,,
107,1034,27,,,,,0.25,,,,,True,355,663,8,5,0.677503,,,,,,,,,,,,,True,498,224,8,5,0.657088,,,,,,,,,,,,
107,1034,28,,,,,0.25,,,,,True,355,663,8,5,0.677503,,,,,,,,,,,,,True,503,431,8,5,0.665324,,,,,,,,,,,,
107,1034,29,,,,,0.25,,,,,True,355,663,8,5,0.677503,,,,,,,,,,,,,True,509,231,8,5,0.659341,,,,,,,,,,,,
107,1034,30,,,,,0.25,,,,,True,355,663,8,5,0.677503,,,,,,,,,,,,,True,499,418,8,5,0.658494,,,,,,,,,,,,
107,1034,1,,,,,0.4,,,,,True,355,663,8,5,0.677503,,,,,,,,,,,,,True,608,168,8,5,0.651769,,,,,,,,,,,,
107,1034,2,,,,,0.4,,,,,True,355,663,8,5,0.677503,,,,,,,,,,,,,True,605,162,8,5,0.651622,,,,,,,,,,,,
107,1034,3,,,,,0.4,,,,,True,355,663,8,5,0.677503,,,,,,,,,,,,,True,616,181,8,5,0.651588,,,,,,,,,,,,
107,1034,4,,,,,0.4,,,,,True,355,663,8,5,0.677503,,,,,,,,,,,,,True,605,175,8,5,0.646105,,,,,,,,,,,,
107,1034,5,,,,,0.4,,,,,True,355,663,8,5,0.677503,,,,,,,,,,,,,True,605,149,8,5,0.650614,,,,,,,,,,,,
107,1034,6,,,,,0.4,,,,,True,355,663,8,5,0.677503,,,,,,,,,,,,,True,631,144,8,5,0.649996,,,,,,,,,,,,
107,1034,7,,,,,0.4,,,,,True,355,663,8,5,0.677503,,,,,,,,,,,,,True,620,169,8,5,0.64782,,,,,,,,,,,,
107,1034,8,,,,,0.4,,,,,True,355,663,8,5,0.677503,,,,,,,,,,,,,True,604,176,8,5,0.651961,,,,,,,,,,,,
107,1034,9,,,,,0.4,,,,,True,355,663,8,5,0.677503,,,,,,,,,,,,,True,611,156,8,5,0.651456,,,,,,,,,,,,
107,1034,10,,,,,0.4,,,,,True,355,663,8,5,0.677503,,,,,,,,,,,,,True,621,174,8,5,0.649869,,,,,,,,,,,,
107,1034,11,,,,,0.4,,,,,True,355,663,8,5,0.677503,,,,,,,,,,,,,True,608,172,8,5,0.647409,,,,,,,,,,,,
107,1034,12,,,,,0.4,,,,,True,355,663,8,5,0.677503,,,,,,,,,,,,,True,615,159,8,5,0.65355,,,,,,,,,,,,
107,1034,13,,,,,0.4,,,,,True,355,663,8,5,0.677503,,,,,,,,,,,,,True,604,162,8,5,0.654204,,,,,,,,,,,,
107,1034,14,,,,,0.4,,,,,True,355,663,8,5,0.677503,,,,,,,,,,,,,True,619,153,8,5,0.651966,,,,,,,,,,,,
107,1034,15,,,,,0.4,,,,,True,355,663,8,5,0.677503,,,,,,,,,,,,,True,623,180,8,5,0.648646,,,,,,,,,,,,
107,1034,16,,,,,0.4,,,,,True,355,663,8,5,0.677503,,,,,,,,,,,,,True,605,163,8,5,0.652223,,,,,,,,,,,,
107,1034,17,,,,,0.4,,,,,True,355,663,8,5,0.677503,,,,,,,,,,,,,True,603,176,8,5,0.648393,,,,,,,,,,,,
107,1034,18,,,,,0.4,,,,,True,355,663,8,5,0.677503,,,,,,,,,,,,,True,620,163,8,5,0.653903,,,,,,,,,,,,
107,1034,19,,,,,0.4,,,,,True,355,663,8,5,0.677503,,,,,,,,,,,,,True,609,160,8,5,0.650678,,,,,,,,,,,,
107,1034,20,,,,,0.4,,,,,True,355,663,8,5,0.677503,,,,,,,,,,,,,True,612,153,8,5,0.654488,,,,,,,,,,,,
107,1034,21,,,,,0.4,,,,,True,355,663,8,5,0.677503,,,,,,,,,,,,,True,604,160,8,5,0.654418,,,,,,,,,,,,
107,1034,22,,,,,0.4,,,,,True,355,663,8,5,0.677503,,,,,,,,,,,,,True,626,154,8,5,0.65132,,,,,,,,,,,,
107,1034,23,,,,,0.4,,,,,True,355,663,8,5,0.677503,,,,,,,,,,,,,True,625,170,8,5,0.655696,,,,,,,,,,,,
107,1034,24,,,,,0.4,,,,,True,355,663,8,5,0.677503,,,,,,,,,,,,,True,622,155,8,5,0.653266,,,,,,,,,,,,
107,1034,25,,,,,0.4,,,,,True,355,663,8,5,0.677503,,,,,,,,,,,,,True,608,158,8,5,0.651105,,,,,,,,,,,,
107,1034,26,,,,,0.4,,,,,True,355,663,8,5,0.677503,,,,,,,,,,,,,True,615,156,8,5,0.657551,,,,,,,,,,,,
107,1034,27,,,,,0.4,,,,,True,355,663,8,5,0.677503,,,,,,,,,,,,,True,600,163,8,5,0.655745,,,,,,,,,,,,
107,1034,28,,,,,0.4,,,,,True,355,663,8,5,0.677503,,,,,,,,,,,,,True,624,166,8,5,0.65305,,,,,,,,,,,,
107,1034,29,,,,,0.4,,,,,True,355,663,8,5,0.677503,,,,,,,,,,,,,True,618,166,8,5,0.654507,,,,,,,,,,,,
107,1034,30,,,,,0.4,,,,,True,355,663,8,5,0.677503,,,,,,,,,,,,,True,615,165,8,5,0.652965,,,,,,,,,,,,
348,224,1,,,,,0.05,,,,,True,107,117,8,5,0.009387,,,,,,,,,,,,,True,116,103,8,5,0.008971,,,,,,,,,,,,
348,224,2,,,,,0.05,,,,,True,107,117,8,5,0.009387,,,,,,,,,,,,,True,115,102,8,5,0.008532,,,,,,,,,,,,
348,224,3,,,,,0.05,,,,,True,107,117,8,5,0.009387,,,,,,,,,,,,,True,116,107,8,5,0.008536,,,,,,,,,,,,
348,224,4,,,,,0.05,,,,,True,107,117,8,5,0.009387,,,,,,,,,,,,,True,113,110,8,5,0.008683,,,,,,,,,,,,
348,224,5,,,,,0.05,,,,,True,107,117,8,5,0.009387,,,,,,,,,,,,,True,114,104,8,5,0.008618,,,,,,,,,,,,
348,224,6,,,,,0.05,,,,,True,107,117,8,5,0.009387,,,,,,,,,,,,,True,113,107,8,5,0.008928,,,,,,,,,,,,
348,224,7,,,,,0.05,,,,,True,107,117,8,5,0.009387,,,,,,,,,,,,,True,115,105,8,5,0.008612,,,,,,,,,,,,
348,224,8,,,,,0.05,,,,,True,107,117,8,5,0.009387,,,,,,,,,,,,,True,111,111,8,5,0.008472,,,,,,,,,,,,
348,224,9,,,,,0.05,,,,,True,107,117,8,5,0.009387,,,,,,,,,,,,,True,112,109,8,5,0.008487,,,,,,,,,,,,
348,224,10,,,,,0.05,,,,,True,107,117,8,5,0.009387,,,,,,,,,,,,,True,114,105,8,5,0.00975,,,,,,,,,,,,
348,224,11,,,,,0.05,,,,,True,107,117,8,5,0.009387,,,,,,,,,,,,,True,115,105,8,5,0.008394,,,,,,,,,,,,
348,224,12,,,,,0.05,,,,,True,107,117,8,5,0.009387,,,,,,,,,,,,,True,112,107,8,5,0.0088,,,,,,,,,,,,
348,224,13,,,,,0.05,,,,,True,107,117,8,5,0.009387,,,,,,,,,,,,,True,110,105,8,5,0.010806,,,,,,,,,,,,
348,224,14,,,,,0.05,,,,,True,107,117,8,5,0.009387,,,,,,,,,,,,,True,115,105,8,5,0.008709,,,,,,,,,,,,
348,224,15,,,,,0.05,,,,,True,107,117,8,5,0.009387,,,,,,,,,,,,,True,111,112,8,5,0.008498,,,,,,,,,,,,
348,224,16,,,,,0.05,,,,,True,107,117,8,5,0.009387,,,,,,,,,,,,,True,115,108,8,5,0.0086,,,,,,,,,,,,
348,224,17,,,,,0.05,,,,,True,107,117,8,5,0.009387,,,,,,,,,,,,,True,118,106,8,5,0.008527,,,,,,,,,,,,
348,224,18,,,,,0.05,,,,,True,107,117,8,5,0.009387,,,,,,,,,,,,,True,113,103,8,5,0.00874,,,,,,,,,,,,
348,224,19,,,,,0.05,,,,,True,107,117,8,5,0.009387,,,,,,,,,,,,,True,115,106,8,5,0.008915,,,,,,,,,,,,
348,224,20,,,,,0.05,,,,,True,107,117,8,5,0.009387,,,,,,,,,,,,,True,112,108,8,5,0.008816,,,,,,,,,,,,
348,224,21,,,,,0.05,,,,,True,107,117,8,5,0.009387,,,,,,,,,,,,,True,112,113,8,5,0.008904,,,,,,,,,,,,
348,224,22,,,,,0.05,,,,,True,107,117,8,5,0.009387,,,,,,,,,,,,,True,113,103,8,5,0.008851,,,,,,,,,,,,
348,224,23,,,,,0.05,,,,,True,107,117,8,5,0.009387,,,,,,,,,,,,,True,116,104,8,5,0.008432,,,,,,,,,,,,
348,224,24,,,,,0.05,,,,,True,107,117,8,5,0.009387,,,,,,,,,,,,,True,112,108,8,5,0.008764,,,,,,,,,,,,
348,224,25,,,,,0.05,,,,,True,107,117,8,5,0.009387,,,,,,,,,,,,,True,112,102,8,5,0.008635,,,,,,,,,,,,
348,224,26,,,,,0.05,,,,,True,107,117,8,5,0.009387,,,,,,,,,,,,,True,113,106,8,5,0.008577,,,,,,,,,,,,
348,224,27,,,,,0.05,,,,,True,107,117,8,5,0.009387,,,,,,,,,,,,,True,113,105,8,5,0.008548,,,,,,,,,,,,
348,224,28,,,,,0.05,,,,,True,107,117,8,5,0.009387,,,,,,,,,,,,,True,116,107,8,5,0.009456,,,,,,,,,,,,
348,224,29,,,,,0.05,,,,,True,107,117,8,5,0.009387,,,,,,,,,,,,,True,115,102,8,5,0.008916,,,,,,,,,,,,
348,224,30,,,,,0.05,,,,,True,107,117,8,5,0.009387,,,,,,,,,,,,,True,115,103,8,5,0.008568,,,,,,,,,,,,
348,224,1,,,,,0.15,,,,,True,107,117,8,5,0.009387,,,,,,,,,,,,,True,132,93,8,5,0.00796,,,,,,,,,,,,
348,224,2,,,,,0.15,,,,,True,107,117,8,5,0.009387,,,,,,,,,,,,,True,123,89,8,5,0.008323,,,,,,,,,,,,
348,224,3,,,,,0.15,,,,,True,107,117,8,5,0.009387,,,,,,,,,,,,,True,131,84,8,5,0.007983,,,,,,,,,,,,
348,224,4,,,,,0.15,,,,,True,107,117,8,5,0.009387,,,,,,,,,,,,,True,120,94,8,5,0.008343,,,,,,,,,,,,
348,224,5,,,,,0.15,,,,,True,107,117,8,5,0.009387,,,,,,,,,,,,,True,132,83,8,5,0.007939,,,,,,,,,,,,
348,224,6,,,,,0.15,,,,,True,107,117,8,5,0.009387,,,,,,,,,,,,,True,127,89,8,5,0.009056,,,,,,,,,,,,
348,224,7,,,,,0.15,,,,,True,107,117,8,5,0.009387,,,,,,,,,,,,,True,133,88,8,5,0.008995,,,,,,,,,,,,
348,224,8,,,,,0.15,,,,,True,107,117,8,5,0.009387,,,,,,,,,,,,,True,127,86,8,5,0.008062,,,,,,,,,,,,
348,224,9,,,,,0.15,,,,,True,107,117,8,5,0.009387,,,,,,,,,,,,,True,126,85,8,5,0.008222,,,,,,,,,,,,
348,224,10,,,,,0.15,,,,,True,107,117,8,5,0.009387,,,,,,,,,,,,,True,125,89,8,5,0.007957,,,,,,,,,,,,
348,224,11,,,,,0.15,,,,,True,107,117,8,5,0.009387,,,,,,,,,,,,,True,130,90,8,5,0.008139,,,,,,,,,,,,
348,224,12,,,,,0.15,,,,,True,107,117,8,5,0.009387,,,,,,,,,,,,,True,122,94,8,5,0.008685,,,,,,,,,,,,
348,224,13,,,,,0.15,,,,,True,107,117,8,5,0.009387,,,,,,,,,,,,,True,127,87,8,5,0.008285,,,,,,,,,,,,
348,224,14,,,,,0.15,,,,,True,107,117,8,5,0.009387,,,,,,,,,,,,,True,128,94,8,5,0.00791,,,,,,,,,,,,
348,224,15,,,,,0.15,,,,,True,107,117,8,5,0.009387,,,,,,,,,,,,,True,128,89,8,5,0.008213,,,,,,,,,,,,
348,224,16,,,,,0.15,,,,,True,107,117,8,5,0.009387,,,,,,,,,,,,,True,126,93,8,5,0.008449,,,,,,,,,,,,
348,224,17,,,,,0.15,,,,,True,107,117,8,5,0.009387,,,,,,,,,,,,,True,131,83,8,5,0.008414,,,,,,,,,,,,
348,224,18,,,,,0.15,,,,,True,107,117,8,5,0.009387,,,,,,,,,,,,,True,125,88,8,5,0.008622,,,,,,,,,,,,
348,224,19,,,,,0.15,,,,,True,107,117,8,5,0.009387,,,,,,,,,,,,,True,126,89,8,5,0.008236,,,,,,,,,,,,
348,224,20,,,,,0.15,,,,,True,107,117,8,5,0.009387,,,,,,,,,,,,,True,127,87,8,5,0.008668,,,,,,,,,,,,
348,224,21,,,,,0.15,,,,,True,107,117,8,5,0.009387,,,,,,,,,,,,,True,130,84,8,5,0.008201,,,,,,,,,,,,
348,224,22,,,,,0.15,,,,,True,107,117,8,5,0.009387,,,,,,,,,,,,,True,128,88,8,5,0.007933,,,,,,,,,,,,
348,224,23,,,,,0.15,,,,,True,107,117,8,5,0.009387,,,,,,,,,,,,,True,125,89,8,5,0.008234,,,,,,,,,,,,
348,224,24,,,,,0.15,,,,,True,107,117,8,5,0.009387,,,,,,,,,,,,,True,126,89,8,5,0.008112,,,,,,,,,,,,
348,224,25,,,,,0.15,,,,,True,107,117,8,5,0.009387,,,,,,,,,,,,,True,126,90,8,5,0.008526,,,,,,,,,,,,
348,224,26,,,,,0.15,,,,,True,107,117,8,5,0.009387,,,,,,,,,,,,,True,125,96,8,5,0.008013,,,,,,,,,,,,
348,224,27,,,,,0.15,,,,,True,107,117,8,5,0.009387,,,,,,,,,,,,,True,127,87,8,5,0.008039,,,,,,,,,,,,
348,224,28,,,,,0.15,,,,,True,107,117,8,5,0.009387,,,,,,,,,,,,,True,131,88,8,5,0.008171,,,,,,,,,,,,
348,224,29,,,,,0.15,,,,,True,107,117,8,5,0.009387,,,,,,,,,,,,,True,126,89,8,5,0.008177,,,,,,,,,,,,
348,224,30,,,,,0.15,,,,,True,107,117,8,5,0.009387,,,,,,,,,,,,,True,126,94,8,5,0.008433,,,,,,,,,,,,
348,224,1,,,,,0.25,,,,,True,107,117,8,5,0.009387,,,,,,,,,,,,,True,149,62,8,5,0.007632,,,,,,,,,,,,
348,224,2,,,,,0.25,,,,,True,107,117,8,5,0.009387,,,,,,,,,,,,,True,144,66,8,5,0.007772,,,,,,,,,,,,
348,224,3,,,,,0.25,,,,,True,107,117,8,5,0.009387,,,,,,,,,,,,,True,141,72,8,5,0.007602,,,,,,,,,,,,
348,224,4,,,,,0.25,,,,,True,107,117,8,5,0.009387,,,,,,,,,,,,,True,142,72,8,5,0.007611,,,,,,,,,,,,
348,224,5,,,,,0.25,,,,,True,107,117,8,5,0.009387,,,,,,,,,,,,,True,146,69,8,5,0.007511,,,,,,,,,,,,
348,224,6,,,,,0.25,,,,,True,107,117,8,5,0.009387,,,,,,,,,,,,,True,145,84,8,5,0.008218,,,,,,,,,,,,
348,224,7,,,,,0.25,,,,,True,107,117,8,5,0.009387,,,,,,,,,,,,,True,146,69,8,5,0.007708,,,,,,,,,,,,
348,224,8,,,,,0.25,,,,,True,107,117,8,5,0.009387,,,,,,,,,,,,,True,147,67,8,5,0.00859,,,,,,,,,,,,
348,224,9,,,,,0.25,,,,,True,107,117,8,5,0.009387,,,,,,,,,,,,,True,143,72,8,5,0.007766,,,,,,,,,,,,
348,224,10,,,,,0.25,,,,,True,107,117,8,5,0.009387,,,,,,,,,,,,,True,140,71,8,5,0.007828,,,,,,,,,,,,
348,224,11,,,,,0.25,,,,,True,107,117,8,5,0.009387,,,,,,,,,,,,,True,145,71,8,5,0.007545,,,,,,,,,,,,
348,224,12,,,,,0.25,,,,,True,107,117,8,5,0.009387,,,,,,,,,,,,,True,144,67,8,5,0.00787,,,,,,,,,,,,
348,224,13,,,,,0.25,,,,,True,107,117,8,5,0.009387,,,,,,,,,,,,,True,145,68,8,5,0.007616,,,,,,,,,,,,
348,224,14,,,,,0.25,,,,,True,107,117,8,5,0.009387,,,,,,,,,,,,,True,141,66,8,5,0.007615,,,,,,,,,,,,
348,224,15,,,,,0.25,,,,,True,107,117,8,5,0.009387,,,,,,,,,,,,,True,143,68,8,5,0.008175,,,,,,,,,,,,
348,224,16,,,,,0.25,,,,,True,107,117,8,5,0.009387,,,,,,,,,,,,,True,141,76,8,5,0.007657,,,,,,,,,,,,
348,224,17,,,,,0.25,,,,,True,107,117,8,5,0.009387,,,,,,,,,,,,,True,146,66,8,5,0.0076,,,,,,,,,,,,
348,224,18,,,,,0.25,,,,,True,107,117,8,5,0.009387,,,,,,,,,,,,,True,139,73,8,5,0.008134,,,,,,,,,,,,
348,224,19,,,,,0.25,,,,,True,107,117,8,5,0.009387,,,,,,,,,,,,,True,145,74,8,5,0.007689,,,,,,,,,,,,
348,224,20,,,,,0.25,,,,,True,107,117,8,5,0.009387,,,,,,,,,,,,,True,137,72,8,5,0.007704,,,,,,,,,,,,
348,224,21,,,,,0.25,,,,,True,107,117,8,5,0.009387,,,,,,,,,,,,,True,140,76,8,5,0.007889,,,,,,,,,,,,
348,224,22,,,,,0.25,,,,,True,107,117,8,5,0.009387,,,,,,,,,,,,,True,147,65,8,5,0.00765,,,,,,,,,,,,
348,224,23,,,,,0.25,,,,,True,107,117,8,5,0.009387,,,,,,,,,,,,,True,145,70,8,5,0.007776,,,,,,,,,,,,
348,224,24,,,,,0.25,,,,,True,107,117,8,5,0.009387,,,,,,,,,,,,,True,145,66,8,5,0.008458,,,,,,,,,,,,
348,224,25,,,,,0.25,,,,,True,107,117,8,5,0.009387,,,,,,,,,,,,,True,150,67,8,5,0.007599,,,,,,,,,,,,
348,224,26,,,,,0.25,,,,,True,107,117,8,5,0.009387,,,,,,,,,,,,,True,136,82,8,5,0.007829,,,,,,,,,,,,
348,224,27,,,,,0.25,,,,,True,107,117,8,5,0.009387,,,,,,,,,,,,,True,145,71,8,5,0.007584,,,,,,,,,,,,
348,224,28,,,,,0.25,,,,,True,107,117,8,5,0.009387,,,,,,,,,,,,,True,141,69,8,5,0.008452,,,,,,,,,,,,
348,224,29,,,,,0.25,,,,,True,107,117,8,5,0.009387,,,,,,,,,,,,,True,140,74,8,5,0.007503,,,,,,,,,,,,
348,224,30,,,,,0.25,,,,,True,107,117,8,5,0.009387,,,,,,,,,,,,,True,144,71,8,5,0.007504,,,,,,,,,,,,
348,224,1,,,,,0.4,,,,,True,107,117,8,5,0.009387,,,,,,,,,,,,,True,177,44,8,5,0.007318,,,,,,,,,,,,
348,224,2,,,,,0.4,,,,,True,107,117,8,5,0.009387,,,,,,,,,,,,,True,172,46,8,5,0.007448,,,,,,,,,,,,
348,224,3,,,,,0.4,,,,,True,107,117,8,5,0.009387,,,,,,,,,,,,,True,177,43,8,5,0.007141,,,,,,,,,,,,
348,224,4,,,,,0.4,,,,,True,107,117,8,5,0.009387,,,,,,,,,,,,,True,177,47,8,5,0.007042,,,,,,,,,,,,
348,224,5,,,,,0.4,,,,,True,107,117,8,5,0.009387,,,,,,,,,,,,,True,177,40,8,5,0.007129,,,,,,,,,,,,
348,224,6,,,,,0.4,,,,,True,107,117,8,5,0.009387,,,,,,,,,,,,,True,183,42,8,5,0.006921,,,,,,,,,,,,
348,224,7,,,,,0.4,,,,,True,107,117,8,5,0.009387,,,,,,,,,,,,,True,184,41,8,5,0.006926,,,,,,,,,,,,
348,224,8,,,,,0.4,,,,,True,107,117,8,5,0.009387,,,,,,,,,,,,,True,173,41,8,5,0.007437,,,,,,,,,,,,
348,224,9,,,,,0.4,,,,,True,107,117,8,5,0.009387,,,,,,,,,,,,,True,173,47,8,5,0.007119,,,,,,,,,,,,
348,224,10,,,,,0.4,,,,,True,107,117,8,5,0.009387,,,,,,,,,,,,,True,177,44,8,5,0.007207,,,,,,,,,,,,
348,224,11,,,,,0.4,,,,,True,107,117,8,5,0.009387,,,,,,,,,,,,,True,184,43,8,5,0.007613,,,,,,,,,,,,
348,224,12,,,,,0.4,,,,,True,107,117,8,5,0.009387,,,,,,,,,,,,,True,176,41,8,5,0.00709,,,,,,,,,,,,
348,224,13,,,,,0.4,,,,,True,107,117,8,5,0.009387,,,,,,,,,,,,,True,186,40,8,5,0.007048,,,,,,,,,,,,
348,224,14,,,,,0.4,,,,,True,107,117,8,5,0.009387,,,,,,,,,,,,,True,173,41,8,5,0.007252,,,,,,,,,,,,
348,224,15,,,,,0.4,,,,,True,107,117,8,5,0.009387,,,,,,,,,,,,,True,179,42,8,5,0.00741,,,,,,,,,,,,
348,224,16,,,,,0.4,,,,,True,107,117,8,5,0.009387,,,,,,,,,,,,,True,178,39,8,5,0.009339,,,,,,,,,,,,
348,224,17,,,,,0.4,,,,,True,107,117,8,5,0.009387,,,,,,,,,,,,,True,176,44,8,5,0.006988,,,,,,,,,,,,
348,224,18,,,,,0.4,,,,,True,107,117,8,5,0.009387,,,,,,,,,,,,,True,179,42,8,5,0.0074,,,,,,,,,,,,
348,224,19,,,,,0.4,,,,,True,107,117,8,5,0.009387,,,,,,,,,,,,,True,172,39,8,5,0.007142,,,,,,,,,,,,
348,224,20,,,,,0.4,,,,,True,107,117,8,5,0.009387,,,,,,,,,,,,,True,181,37,8,5,0.006905,,,,,,,,,,,,
348,224,21,,,,,0.4,,,,,True,107,117,8,5,0.009387,,,,,,,,,,,,,True,169,44,8,5,0.007033,,,,,,,,,,,,
348,224,22,,,,,0.4,,,,,True,107,117,8,5,0.009387,,,,,,,,,,,,,True,171,47,8,5,0.006993,,,,,,,,,,,,
348,224,23,,,,,0.4,,,,,True,107,117,8,5,0.009387,,,,,,,,,,,,,True,180,44,8,5,0.007121,,,,,,,,,,,,
348,224,24,,,,,0.4,,,,,True,107,117,8,5,0.009387,,,,,,,,,,,,,True,177,43,8,5,0.007855,,,,,,,,,,,,
348,224,25,,,,,0.4,,,,,True,107,117,8,5,0.009387,,,,,,,,,,,,,True,181,43,8,5,0.007106,,,,,,,,,,,,
348,224,26,,,,,0.4,,,,,True,107,117,8,5,0.009387,,,,,,,,,,,,,True,168,49,8,5,0.007,,,,,,,,,,,,
348,224,27,,,,,0.4,,,,,True,107,117,8,5,0.009387,,,,,,,,,,,,,True,180,47,8,5,0.006964,,,,,,,,,,,,
348,224,28,,,,,0.4,,,,,True,107,117,8,5,0.009387,,,,,,,,,,,,,True,173,40,8,5,0.007116,,,,,,,,,,,,
348,224,29,,,,,0.4,,,,,True,107,117,8,5,0.009387,,,,,,,,,,,,,True,175,46,8,5,0.007348,,,,,,,,,,,,
348,224,30,,,,,0.4,,,,,True,107,117,8,5,0.009387,,,,,,,,,,,,,True,171,47,8,5,0.007196,,,,,,,,,,,,
414,150,1,1024,1209.48,797.0,739.0,0.05,985,1171.23,758.0,704.0,True,102,40,8,5,0.002495,True,19.660679661786347,40.0,64,84,0.4,0.4,2,inf,77.018743,0.002863,77.514314,True,103,37,8,5,0.002392,True,18.91164903472748,32.0,15,88,0.4,0.4,2,inf,227.007541,0.002712,227.549926
414,150,2,1024,1209.48,797.0,739.0,0.05,1014,1177.36,758.0,708.5000000000036,True,102,40,8,5,0.002495,True,19.660679661786347,40.0,64,84,0.4,0.4,2,inf,77.018743,0.002863,77.514314,True,102,38,8,5,0.002386,True,18.46433034174959,38.0,64,106,0.4,0.4,2,inf,176.947898,0.002973,177.483825
414,150,3,1024,1209.48,797.0,739.0,0.05,972,1163.66,758.0,699.5000000000036,True,102,40,8,5,0.002495,True,19.660679661786347,40.0,64,84,0.4,0.4,2,inf,77.018743,0.002863,77.514314,True,102,38,8,5,0.002359,True,18.343074123709417,36.0,64,82,0.4,0.4,2,inf,153.520725,0.00294,154.059096
414,150,4,1024,1209.48,797.0,739.0,0.05,967,1170.77,758.0,704.0000000000036,True,102,40,8,5,0.002495,True,19.660679661786347,40.0,64,84,0.4,0.4,2,inf,77.018743,0.002863,77.514314,True,102,38,8,5,0.002429,True,18.629777337648267,29.0,46,88,0.4,0.4,2,inf,181.460566,0.002878,182.004023
414,150,5,1024,1209.48,797.0,739.0,0.05,1005,1184.96,758.0,704.5000000000018,True,102,40,8,5,0.002495,True,19.660679661786347,40.0,64,84,0.4,0.4,2,inf,77.018743,0.002863,77.514314,True,102,37,8,5,0.002512,True,18.317939598882283,38.0,99,93,0.4,0.4,2,inf,109.802164,0.002888,110.394421
414,150,6,1024,1209.48,797.0,739.0,0.05,985,1169.27,758.0,707.0,True,102,40,8,5,0.002495,True,19.660679661786347,40.0,64,84,0.4,0.4,2,inf,77.018743,0.002863,77.514314,True,102,39,8,5,0.002714,True,18.786365797538977,36.0,99,97,0.4,0.4,2,inf,114.368165,0.002858,115.030605
414,150,7,1024,1209.48,797.0,739.0,0.05,896,1168.07,758.0,699.0,True,102,40,8,5,0.002495,True,19.660679661786347,40.0,64,84,0.4,0.4,2,inf,77.018743,0.002863,77.514314,True,102,39,8,5,0.002727,True,18.95266207090057,37.0,52,101,0.4,0.4,2,inf,135.442143,0.002893,135.929721
414,150,8,1024,1209.48,797.0,739.0,0.05,900,1171.21,758.0,708.9999999999927,True,102,40,8,5,0.002495,True,19.660679661786347,40.0,64,84,0.4,0.4,2,inf,77.018743,0.002863,77.514314,True,102,39,8,5,0.002437,True,19.205791232850377,37.0,64,88,0.4,0.4,2,inf,139.761672,0.002869,140.312162
414,150,9,1024,1209.48,797.0,739.0,0.05,902,1168.18,758.0,695.0000000000018,True,102,40,8,5,0.002495,True,19.660679661786347,40.0,64,84,0.4,0.4,2,inf,77.018743,0.002863,77.514314,True,102,37,8,5,0.002662,True,18.83614396506134,36.0,52,95,0.4,0.4,2,inf,114.59083,0.00287,115.141578
414,150,10,1024,1209.48,797.0,739.0,0.05,914,1162.81,758.0,703.3333333333358,True,102,40,8,5,0.002495,True,19.660679661786347,40.0,64,84,0.4,0.4,2,inf,77.018743,0.002863,77.514314,True,102,38,8,5,0.002397,True,18.66802551055449,38.0,64,106,0.4,0.4,2,inf,124.637432,0.002937,125.149446
414,150,11,1024,1209.48,797.0,739.0,0.05,894,1174.42,758.0,696.9999999999982,True,102,40,8,5,0.002495,True,19.660679661786347,40.0,64,84,0.4,0.4,2,inf,77.018743,0.002863,77.514314,True,102,39,8,5,0.002488,True,18.802041253782075,36.0,52,100,0.4,0.4,2,inf,91.09571,0.002932,91.612878
414,150,12,1024,1209.48,797.0,739.0,0.05,958,1170.34,758.0,696.9999999999982,True,102,40,8,5,0.002495,True,19.660679661786347,40.0,64,84,0.4,0.4,2,inf,77.018743,0.002863,77.514314,True,102,39,8,5,0.002683,True,18.76881724892432,38.0,64,103,0.4,0.4,2,inf,101.153877,0.002893,101.692132
414,150,13,1024,1209.48,797.0,739.0,0.05,995,1166.67,758.0,699.5,True,102,40,8,5,0.002495,True,19.660679661786347,40.0,64,84,0.4,0.4,2,inf,77.018743,0.002863,77.514314,True,102,39,8,5,0.002449,True,18.96709540962434,38.0,64,95,0.4,0.4,2,inf,109.811227,0.002883,110.324941
414,150,14,1024,1209.48,797.0,739.0,0.05,996,1179.3,758.0,707.7500000000018,True,102,40,8,5,0.002495,True,19.660679661786347,40.0,64,84,0.4,0.4,2,inf,77.018743,0.002863,77.514314,True,102,40,8,5,0.002466,True,18.871866903572357,37.0,64,94,0.4,0.4,2,inf,132.950083,0.00293,133.52621
414,150,15,1024,1209.48,797.0,739.0,0.05,916,1162.02,758.0,693.5,True,102,40,8,5,0.002495,True,19.660679661786347,40.0,64,84,0.4,0.4,2,inf,77.018743,0.002863,77.514314,True,102,38,8,5,0.002429,True,18.62253359654594,36.0,64,82,0.4,0.4,2,inf,118.258728,0.00287,118.803847
414,150,16,1024,1209.48,797.0,739.0,0.05,925,1174.11,758.0,701.9999999999964,True,102,40,8,5,0.002495,True,19.660679661786347,40.0,64,84,0.4,0.4,2,inf,77.018743,0.002863,77.514314,True,102,38,8,5,0.002408,True,18.779308115393487,38.0,64,104,0.4,0.4,2,inf,110.961386,0.002916,111.499284
414,150,17,1024,1209.48,797.0,739.0,0.05,942,1170.19,758.0,703.9999999999945,True,102,40,8,5,0.002495,True,19.660679661786347,40.0,64,84,0.4,0.4,2,inf,77.018743,0.002863,77.514314,True,102,38,8,5,0.00248,True,18.923695847841064,39.0,64,91,0.4,0.4,2,inf,105.612792,0.002859,106.161145
414,150,18,1024,1209.48,797.0,739.0,0.05,933,1167.07,758.0,703.5,True,102,40,8,5,0.002495,True,19.660679661786347,40.0,64,84,0.4,0.4,2,inf,77.018743,0.002863,77.514314,True,102,40,8,5,0.0024,True,18.766262362199488,37.0,52,89,0.4,0.4,2,inf,109.287826,0.002903,109.824996
414,150,19,1024,1209.48,797.0,739.0,0.05,968,1168.21,758.0,701.0,True,102,40,8,5,0.002495,True,19.660679661786347,40.0,64,84,0.4,0.4,2,inf,77.018743,0.002863,77.514314,True,102,38,8,5,0.002407,True,18.727998253570263,31.0,15,94,0.4,0.4,2,inf,191.69996,0.002879,192.243532
414,150,20,1024,1209.48,797.0,739.0,0.05,989,1158.86,758.0,696.0,True,102,40,8,5,0.002495,True,19.660679661786347,40.0,64,84,0.4,0.4,2,inf,77.018743,0.002863,77.514314,True,102,38,8,5,0.002348,True,18.75959096705179,37.0,64,96,0.4,0.4,2,inf,132.745429,0.002894,133.279862
414,150,21,1024,1209.48,797.0,739.0,0.05,1011,1166.54,758.0,703.5,True,102,40,8,5,0.002495,True,19.660679661786347,40.0,64,84,0.4,0.4,2,inf,77.018743,0.002863,77.514314,True,102,38,8,5,0.002529,True,18.83274810204472,39.0,64,105,0.4,0.4,2,inf,110.187866,0.002938,110.694716
414,150,22,1024,1209.48,797.0,739.0,0.05,911,1154.26,758.0,691.4999999999818,True,102,40,8,5,0.002495,True,19.660679661786347,40.0,64,84,0.4,0.4,2,inf,77.018743,0.002863,77.514314,True,102,40,8,5,0.002385,True,18.520134778579447,32.0,123,89,0.4,0.4,2,inf,166.763779,0.00289,167.299917
414,150,23,1024,1209.48,797.0,739.0,0.05,977,1180.32,758.0,711.0000000000073,True,102,40,8,5,0.002495,True,19.660679661786347,40.0,64,84,0.4,0.4,2,inf,77.018743,0.002863,77.514314,True,102,38,8,5,0.002405,True,18.587190125474716,37.0,64,96,0.4,0.4,2,inf,147.834959,0.00287,148.379467
414,150,24,1024,1209.48,797.0,739.0,0.05,972,1175.53,758.0,692.5,True,102,40,8,5,0.002495,True,19.660679661786347,40.0,64,84,0.4,0.4,2,inf,77.018743,0.002863,77.514314,True,102,39,8,5,0.002402,True,18.922118613340693,29.0,53,97,0.4,0.4,2,inf,126.022415,0.002945,126.54443
414,150,25,1024,1209.48,797.0,739.0,0.05,885,1156.88,758.0,694.5000000000073,True,102,40,8,5,0.002495,True,19.660679661786347,40.0,64,84,0.4,0.4,2,inf,77.018743,0.002863,77.514314,True,102,40,8,5,0.00246,True,18.6216069324455,38.0,99,101,0.4,0.4,2,inf,115.156354,0.002866,115.67291
414,150,26,1024,1209.48,797.0,739.0,0.05,974,1190.29,758.0,696.9999999999982,True,102,40,8,5,0.002495,True,19.660679661786347,40.0,64,84,0.4,0.4,2,inf,77.018743,0.002863,77.514314,True,104,37,8,5,0.002473,True,18.616991321962463,35.0,64,91,0.4,0.4,2,inf,115.574934,0.002908,116.116
414,150,27,1024,1209.48,797.0,739.0,0.05,915,1180.7,758.0,698.4999999999982,True,102,40,8,5,0.002495,True,19.660679661786347,40.0,64,84,0.4,0.4,2,inf,77.018743,0.002863,77.514314,True,102,37,8,5,0.002411,True,18.6872123646372,36.0,64,86,0.4,0.4,2,inf,99.306019,0.002911,99.830144
414,150,28,1024,1209.48,797.0,739.0,0.05,979,1183.7,758.0,709.7500000000018,True,102,40,8,5,0.002495,True,19.660679661786347,40.0,64,84,0.4,0.4,2,inf,77.018743,0.002863,77.514314,True,102,38,8,5,0.002385,True,18.490423025728603,30.0,46,83,0.4,0.4,2,inf,200.026852,0.002884,200.575343
414,150,29,1024,1209.48,797.0,739.0,0.05,919,1170.45,758.0,704.1666666666715,True,102,40,8,5,0.002495,True,19.660679661786347,40.0,64,84,0.4,0.4,2,inf,77.018743,0.002863,77.514314,True,102,39,8,5,0.002423,True,18.75422536288577,36.0,99,100,0.4,0.4,2,inf,102.189508,0.002922,102.739482
414,150,30,1024,1209.48,797.0,739.0,0.05,987,1171.56,758.0,693.5,True,102,40,8,5,0.002495,True,19.660679661786347,40.0,64,84,0.4,0.4,2,inf,77.018743,0.002863,77.514314,True,102,39,8,5,0.00247,True,18.745549223968997,37.0,64,93,0.4,0.4,2,inf,192.181939,0.002883,192.712665
414,150,1,1024,1209.48,797.0,739.0,0.15,914,1091.63,670.0,639.2499999999955,True,102,40,8,5,0.002495,True,19.660679661786347,40.0,64,84,0.4,0.4,2,inf,77.018743,0.002863,77.514314,True,106,35,8,5,0.002277,True,16.981108427245385,34.0,52,96,0.4,0.4,2,inf,147.735447,0.002915,148.278314
414,150,2,1024,1209.48,797.0,739.0,0.15,916,1086.14,670.0,629.5,True,102,40,8,5,0.002495,True,19.660679661786347,40.0,64,84,0.4,0.4,2,inf,77.018743,0.002863,77.514314,True,108,37,8,5,0.002428,True,16.614769163928997,32.0,99,107,0.4,0.4,2,inf,112.066963,0.002864,112.605639
414,150,3,1024,1209.48,797.0,739.0,0.15,933,1091.21,670.0,632.5,True,102,40,8,5,0.002495,True,19.660679661786347,40.0,64,84,0.4,0.4,2,inf,77.018743,0.002863,77.514314,True,105,35,8,5,0.002539,True,16.57015515600159,29.0,16,106,0.4,0.4,2,inf,125.716969,0.002888,126.264315
414,150,4,1024,1209.48,797.0,739.0,0.15,900,1087.04,670.0,614.0,True,102,40,8,5,0.002495,True,19.660679661786347,40.0,64,84,0.4,0.4,2,inf,77.018743,0.002863,77.514314,True,105,34,8,5,0.002412,True,16.346010630124848,30.0,52,82,0.4,0.4,2,inf,109.780467,0.002899,110.31901
414,150,5,1024,1209.48,797.0,739.0,0.15,948,1095.51,670.0,630.0,True,102,40,8,5,0.002495,True,19.660679661786347,40.0,64,84,0.4,0.4,2,inf,77.018743,0.002863,77.514314,True,106,35,8,5,0.002198,True,16.377892594860977,31.0,64,87,0.4,0.4,2,inf,131.316529,0.002845,131.859215
414,150,6,1024,1209.48,797.0,739.0,0.15,951,1095.58,670.0,628.5,True,102,40,8,5,0.002495,True,19.660679661786347,40.0,64,84,0.4,0.4,2,inf,77.018743,0.002863,77.514314,True,105,36,8,5,0.002632,True,16.84521430196163,34.0,64,99,0.4,0.4,2,inf,140.850941,0.002937,141.396471
414,150,7,1024,1209.48,797.0,739.0,0.15,828,1083.83,670.0,621.4999999999991,True,102,40,8,5,0.002495,True,19.660679661786347,40.0,64,84,0.4,0.4,2,inf,77.018743,0.002863,77.514314,True,105,35,8,5,0.002444,True,17.135438432524467,34.0,52,113,0.4,0.4,2,inf,170.073088,0.002877,170.614624
414,150,8,1024,1209.48,797.0,739.0,0.15,892,1107.1,670.0,643.0000000000009,True,102,40,8,5,0.002495,True,19.660679661786347,40.0,64,84,0.4,0.4,2,inf,77.018743,0.002863,77.514314,True,105,38,8,5,0.002256,True,16.79276755993245,29.0,7,87,0.4,0.4,2,inf,150.016327,0.002903,150.546228
414,150,9,1024,1209.48,797.0,739.0,0.15,857,1072.84,670.0,613.5000000000009,True,102,40,8,5,0.002495,True,19.660679661786347,40.0,64,84,0.4,0.4,2,inf,77.018743,0.002863,77.514314,True,104,34,8,5,0.002228,True,16.63901149907257,34.0,52,104,0.4,0.4,2,inf,105.457918,0.002923,105.996291
414,150,10,1024,1209.48,797.0,739.0,0.15,937,1083.41,670.0,631.5,True,102,40,8,5,0.002495,True,19.660679661786347,40.0,64,84,0.4,0.4,2,inf,77.018743,0.002863,77.514314,True,105,36,8,5,0.002544,True,16.665686163456996,34.0,64,106,0.4,0.4,2,inf,141.212677,0.002851,141.744254
414,150,11,1024,1209.48,797.0,739.0,0.15,923,1096.1,670.0,620.4999999999991,True,102,40,8,5,0.002495,True,19.660679661786347,40.0,64,84,0.4,0.4,2,inf,77.018743,0.002863,77.514314,True,104,37,8,5,0.002197,True,16.842091856374495,30.0,99,101,0.4,0.4,2,inf,169.655085,0.003006,170.191382
414,150,12,1024,1209.48,797.0,739.0,0.15,887,1097.46,670.0,632.5,True,102,40,8,5,0.002495,True,19.660679661786347,40.0,64,84,0.4,0.4,2,inf,77.018743,0.002863,77.514314,True,105,36,8,5,0.002272,True,17.331302321211968,37.0,28,107,0.4,0.4,2,inf,97.502352,0.002859,98.03367
414,150,13,1024,1209.48,797.0,739.0,0.15,906,1083.33,670.0,628.4999999999982,True,102,40,8,5,0.002495,True,19.660679661786347,40.0,64,84,0.4,0.4,2,inf,77.018743,0.002863,77.514314,True,102,34,8,5,0.002177,True,17.058296776291847,31.0,64,81,0.4,0.4,2,inf,116.170034,0.002861,116.713977
414,150,14,1024,1209.48,797.0,739.0,0.15,935,1097.06,670.0,632.5,True,102,40,8,5,0.002495,True,19.660679661786347,40.0,64,84,0.4,0.4,2,inf,77.018743,0.002863,77.514314,True,106,34,8,5,0.002225,True,16.815345581972522,36.0,28,96,0.4,0.4,2,inf,146.65911,0.002891,147.187727
414,150,15,1024,1209.48,797.0,739.0,0.15,889,1086.53,670.0,621.5,True,102,40,8,5,0.002495,True,19.660679661786347,40.0,64,84,0.4,0.4,2,inf,77.018743,0.002863,77.514314,True,104,36,8,5,0.002369,True,16.607013533569123,33.0,64,80,0.4,0.4,2,inf,101.926232,0.002859,102.450341
414,150,16,1024,1209.48,797.0,739.0,0.15,874,1084.41,670.0,617.0,True,102,40,8,5,0.002495,True,19.660679661786347,40.0,64,84,0.4,0.4,2,inf,77.018743,0.002863,77.514314,True,106,34,8,5,0.002246,True,16.517330069502222,29.0,76,96,0.4,0.4,2,inf,168.798607,0.002889,169.330719
414,150,17,1024,1209.48,797.0,739.0,0.15,895,1089.48,670.0,626.5,True,102,40,8,5,0.002495,True,19.660679661786347,40.0,64,84,0.4,0.4,2,inf,77.018743,0.002863,77.514314,True,105,35,8,5,0.002366,True,17.08091806953841,33.0,52,104,0.4,0.4,2,inf,96.489894,0.002939,97.027181
414,150,18,1024,1209.48,797.0,739.0,0.15,899,1081.25,670.0,625.4999999999982,True,102,40,8,5,0.002495,True,19.660679661786347,40.0,64,84,0.4,0.4,2,inf,77.018743,0.002863,77.514314,True,104,37,8,5,0.002642,True,16.571434379419863,25.0,33,89,0.4,0.4,2,inf,159.237917,0.002891,159.774522
414,150,19,1024,1209.48,797.0,739.0,0.15,947,1087.98,670.0,624.5,True,102,40,8,5,0.002495,True,19.660679661786347,40.0,64,84,0.4,0.4,2,inf,77.018743,0.002863,77.514314,True,104,37,8,5,0.002404,True,16.736012644356123,28.0,15,95,0.4,0.4,2,inf,194.587953,0.004876,195.133805
414,150,20,1024,1209.48,797.0,739.0,0.15,968,1091.53,670.0,627.9999999999973,True,102,40,8,5,0.002495,True,19.660679661786347,40.0,64,84,0.4,0.4,2,inf,77.018743,0.002863,77.514314,True,105,35,8,5,0.002543,True,17.134549746309233,34.0,64,91,0.4,0.4,2,inf,137.90469,0.00289,138.440564
414,150,21,1024,1209.48,797.0,739.0,0.15,910,1076.02,670.0,622.5,True,102,40,8,5,0.002495,True,19.660679661786347,40.0,64,84,0.4,0.4,2,inf,77.018743,0.002863,77.514314,True,104,35,8,5,0.002346,True,17.14226610914312,34.0,64,99,0.4,0.4,2,inf,152.11346,0.002887,152.619864
414,150,22,1024,1209.48,797.0,739.0,0.15,885,1058.72,670.0,610.0,True,102,40,8,5,0.002495,True,19.660679661786347,40.0,64,84,0.4,0.4,2,inf,77.018743,0.002863,77.514314,True,104,37,8,5,0.00221,True,16.432535872240226,34.0,64,98,0.4,0.4,2,inf,127.438857,0.002919,127.951491
414,150,23,1024,1209.48,797.0,739.0,0.15,930,1100.77,670.0,636.0000000000027,True,102,40,8,5,0.002495,True,19.660679661786347,40.0,64,84,0.4,0.4,2,inf,77.018743,0.002863,77.514314,True,104,36,8,5,0.00257,True,16.621240455103372,35.0,64,103,0.4,0.4,2,inf,106.605809,0.002782,107.110397
414,150,24,1024,1209.48,797.0,739.0,0.15,909,1069.31,670.0,619.0,True,102,40,8,5,0.002495,True,19.660679661786347,40.0,64,84,0.4,0.4,2,inf,77.018743,0.002863,77.514314,True,106,34,8,5,0.002216,True,16.65619761086738,33.0,52,99,0.4,0.4,2,inf,131.625305,0.002823,132.135907
414,150,25,1024,1209.48,797.0,739.0,0.15,882,1085.14,670.0,617.0,True,102,40,8,5,0.002495,True,19.660679661786347,40.0,64,84,0.4,0.4,2,inf,77.018743,0.002863,77.514314,True,105,37,8,5,0.002333,True,16.611815824147524,33.0,64,96,0.4,0.4,2,inf,135.157666,0.002857,135.684548
414,150,26,1024,1209.48,797.0,739.0,0.15,874,1091.57,670.0,615.0000000000064,True,102,40,8,5,0.002495,True,19.660679661786347,40.0,64,84,0.4,0.4,2,inf,77.018743,0.002863,77.514314,True,106,34,8,5,0.00241,True,17.06524886748021,34.0,52,84,0.4,0.4,2,inf,140.697592,0.00287,141.207636
414,150,27,1024,1209.48,797.0,739.0,0.15,868,1093.35,670.0,635.0000000000018,True,102,40,8,5,0.002495,True,19.660679661786347,40.0,64,84,0.4,0.4,2,inf,77.018743,0.002863,77.514314,True,104,33,8,5,0.002372,True,16.846799456090753,36.0,64,100,0.4,0.4,2,inf,111.478336,0.002973,111.9961
414,150,28,1024,1209.48,797.0,739.0,0.15,916,1091.78,670.0,620.4999999999927,True,102,40,8,5,0.002495,True,19.660679661786347,40.0,64,84,0.4,0.4,2,inf,77.018743,0.002863,77.514314,True,105,35,8,5,0.00226,True,16.579665217694117,30.0,123,98,0.4,0.4,2,inf,127.749005,0.002926,128.257083
414,150,29,1024,1209.48,797.0,739.0,0.15,878,1108.35,670.0,642.5000000000045,True,102,40,8,5,0.002495,True,19.660679661786347,40.0,64,84,0.4,0.4,2,inf,77.018743,0.002863,77.514314,True,104,36,8,5,0.002511,True,16.987862671159373,36.0,64,95,0.4,0.4,2,inf,175.66745,0.002875,176.196532
414,150,30,1024,1209.48,797.0,739.0,0.15,910,1098.6,670.0,630.9999999999964,True,102,40,8,5,0.002495,True,19.660679661786347,40.0,64,84,0.4,0.4,2,inf,77.018743,0.002863,77.514314,True,107,38,8,5,0.002547,True,16.447141691607044,30.0,64,101,0.4,0.4,2,inf,152.716015,0.00288,153.249303
414,150,1,1024,1209.48,797.0,739.0,0.25,899,1003.7,591.0,566.7499999999973,True,102,40,8,5,0.002495,True,19.660679661786347,40.0,64,84,0.4,0.4,2,inf,77.018743,0.002863,77.514314,True,150,40,8,5,0.002455,True,15.036199592368067,30.0,52,98,0.4,0.4,2,inf,94.772871,0.002892,95.298607
414,150,2,1024,1209.48,797.0,739.0,0.25,873,1002.1,591.0,558.5,True,102,40,8,5,0.002495,True,19.660679661786347,40.0,64,84,0.4,0.4,2,inf,77.018743,0.002863,77.514314,True,115,34,8,5,0.002517,True,14.648362967161992,28.0,64,103,0.4,0.4,2,inf,117.613726,0.002939,118.148538
414,150,3,1024,1209.48,797.0,739.0,0.25,835,974.92,591.0,544.9999999999991,True,102,40,8,5,0.002495,True,19.660679661786347,40.0,64,84,0.4,0.4,2,inf,77.018743,0.002863,77.514314,True,150,40,8,5,0.002264,True,14.6510402234931,25.0,99,93,0.4,0.4,2,inf,164.633792,0.002894,165.157319
414,150,4,1024,1209.48,797.0,739.0,0.25,880,991.65,591.0,547.0,True,102,40,8,5,0.002495,True,19.660679661786347,40.0,64,84,0.4,0.4,2,inf,77.018743,0.002863,77.514314,True,123,32,8,5,0.002134,True,14.750638939455529,26.0,64,101,0.4,0.4,2,inf,123.378575,0.002898,123.910223
414,150,5,1024,1209.48,797.0,739.0,0.25,823,984.37,591.0,546.5,True,102,40,8,5,0.002495,True,19.660679661786347,40.0,64,84,0.4,0.4,2,inf,77.018743,0.002863,77.514314,True,112,30,8,5,0.002309,True,14.537216920870108,28.0,64,97,0.4,0.4,2,inf,116.827428,0.002882,117.350657
414,150,6,1024,1209.48,797.0,739.0,0.25,879,1018.58,591.0,562.0000000000009,True,102,40,8,5,0.002495,True,19.660679661786347,40.0,64,84,0.4,0.4,2,inf,77.018743,0.002863,77.514314,True,113,30,8,5,0.002342,True,15.058167441493714,32.0,99,105,0.4,0.4,2,inf,110.970266,0.00291,111.483976
414,150,7,1024,1209.48,797.0,739.0,0.25,835,1004.32,591.0,556.5,True,102,40,8,5,0.002495,True,19.660679661786347,40.0,64,84,0.4,0.4,2,inf,77.018743,0.002863,77.514314,True,110,34,8,5,0.002355,True,15.285196977410054,31.0,64,106,0.4,0.4,2,inf,150.676417,0.002958,151.205455
414,150,8,1024,1209.48,797.0,739.0,0.25,900,1009.71,591.0,575.0000000000055,True,102,40,8,5,0.002495,True,19.660679661786347,40.0,64,84,0.4,0.4,2,inf,77.018743,0.002863,77.514314,True,118,35,8,5,0.00228,True,14.920780735202898,28.0,37,96,0.4,0.4,2,inf,100.009304,0.002895,100.547193
414,150,9,1024,1209.48,797.0,739.0,0.25,840,974.84,591.0,536.9999999999991,True,102,40,8,5,0.002495,True,19.660679661786347,40.0,64,84,0.4,0.4,2,inf,77.018743,0.002863,77.514314,True,150,39,8,5,0.002108,True,14.606780672402198,31.0,52,107,0.4,0.4,2,inf,140.338157,0.002957,140.875951
414,150,10,1024,1209.48,797.0,739.0,0.25,855,987.44,591.0,540.5,True,102,40,8,5,0.002495,True,19.660679661786347,40.0,64,84,0.4,0.4,2,inf,77.018743,0.002863,77.514314,True,150,39,8,5,0.002205,True,15.20139840388148,29.0,99,96,0.4,0.4,2,inf,140.70923,0.002893,141.242319
414,150,11,1024,1209.48,797.0,739.0,0.25,855,981.32,591.0,533.0000000000009,True,102,40,8,5,0.002495,True,19.660679661786347,40.0,64,84,0.4,0.4,2,inf,77.018743,0.002863,77.514314,True,121,35,8,5,0.002411,True,15.492272499029951,29.0,99,97,0.4,0.4,2,inf,113.987609,0.002967,114.532513
414,150,12,1024,1209.48,797.0,739.0,0.25,794,1002.63,591.0,555.4999999999982,True,102,40,8,5,0.002495,True,19.660679661786347,40.0,64,84,0.4,0.4,2,inf,77.018743,0.002863,77.514314,True,112,31,8,5,0.002447,True,15.431529346712033,27.0,46,112,0.4,0.4,2,inf,135.338705,0.002904,135.853131
414,150,13,1024,1209.48,797.0,739.0,0.25,819,985.69,591.0,552.25,True,102,40,8,5,0.002495,True,19.660679661786347,40.0,64,84,0.4,0.4,2,inf,77.018743,0.002863,77.514314,True,110,31,8,5,0.002217,True,14.860156823528074,28.0,99,106,0.4,0.4,2,inf,120.953444,0.002915,121.457748
414,150,14,1024,1209.48,797.0,739.0,0.25,851,980.61,591.0,554.5,True,102,40,8,5,0.002495,True,19.660679661786347,40.0,64,84,0.4,0.4,2,inf,77.018743,0.002863,77.514314,True,117,33,8,5,0.002304,True,14.973565805439035,31.0,14,89,0.4,0.4,2,inf,158.84796,0.002931,159.368111
414,150,15,1024,1209.48,797.0,739.0,0.25,792,988.25,591.0,547.0000000000009,True,102,40,8,5,0.002495,True,19.660679661786347,40.0,64,84,0.4,0.4,2,inf,77.018743,0.002863,77.514314,True,112,32,8,5,0.002284,True,14.679903999739905,28.0,99,103,0.4,0.4,2,inf,137.274117,0.002911,137.791879
414,150,16,1024,1209.48,797.0,739.0,0.25,821,997.72,591.0,544.5,True,102,40,8,5,0.002495,True,19.660679661786347,40.0,64,84,0.4,0.4,2,inf,77.018743,0.002863,77.514314,True,114,31,8,5,0.002221,True,14.627001945075229,24.0,7,94,0.4,0.4,2,inf,157.529259,0.002932,158.03359
414,150,17,1024,1209.48,797.0,739.0,0.25,828,994.85,591.0,556.5,True,102,40,8,5,0.002495,True,19.660679661786347,40.0,64,84,0.4,0.4,2,inf,77.018743,0.002863,77.514314,True,113,31,8,5,0.002427,True,14.700702660117695,30.0,13,102,0.4,0.4,2,inf,120.650685,0.002948,121.14913
414,150,18,1024,1209.48,797.0,739.0,0.25,836,991.66,591.0,557.4999999999973,True,102,40,8,5,0.002495,True,19.660679661786347,40.0,64,84,0.4,0.4,2,inf,77.018743,0.002863,77.514314,True,108,33,8,5,0.00222,True,13.993740346976798,28.0,64,104,0.4,0.4,2,inf,148.474183,0.002879,148.98866
414,150,19,1024,1209.48,797.0,739.0,0.25,888,993.91,591.0,554.0,True,102,40,8,5,0.002495,True,19.660679661786347,40.0,64,84,0.4,0.4,2,inf,77.018743,0.002863,77.514314,True,111,31,8,5,0.002222,True,15.062423119189798,32.0,52,107,0.4,0.4,2,inf,119.499555,0.002805,120.024295
414,150,20,1024,1209.48,797.0,739.0,0.25,901,994.84,591.0,552.0,True,102,40,8,5,0.002495,True,19.660679661786347,40.0,64,84,0.4,0.4,2,inf,77.018743,0.002863,77.514314,True,113,30,8,5,0.002185,True,14.971503873017038,30.0,64,93,0.4,0.4,2,inf,118.995519,0.002753,119.520952
414,150,21,1024,1209.48,797.0,739.0,0.25,833,993.9,591.0,557.0,True,102,40,8,5,0.002495,True,19.660679661786347,40.0,64,84,0.4,0.4,2,inf,77.018743,0.002863,77.514314,True,111,30,8,5,0.002154,True,15.327476532044098,29.0,64,106,0.4,0.4,2,inf,108.716557,0.002817,109.248822
414,150,22,1024,1209.48,797.0,739.0,0.25,845,954.07,591.0,522.0,True,102,40,8,5,0.002495,True,19.660679661786347,40.0,64,84,0.4,0.4,2,inf,77.018743,0.002863,77.514314,True,120,33,8,5,0.002245,True,14.672533803700786,31.0,64,96,0.4,0.4,2,inf,100.835116,0.002803,101.354089
414,150,23,1024,1209.48,797.0,739.0,0.25,865,1001.29,591.0,557.25,True,102,40,8,5,0.002495,True,19.660679661786347,40.0,64,84,0.4,0.4,2,inf,77.018743,0.002863,77.514314,True,114,33,8,5,0.002133,True,14.61708174121824,29.0,52,86,0.4,0.4,2,inf,105.009977,0.002951,105.545544
414,150,24,1024,1209.48,797.0,739.0,0.25,804,977.41,591.0,537.5000000000009,True,102,40,8,5,0.002495,True,19.660679661786347,40.0,64,84,0.4,0.4,2,inf,77.018743,0.002863,77.514314,True,113,29,8,5,0.002468,True,15.020179697977104,31.0,52,100,0.4,0.4,2,inf,176.5134,0.002898,177.048318
414,150,25,1024,1209.48,797.0,739.0,0.25,796,974.94,591.0,533.0,True,102,40,8,5,0.002495,True,19.660679661786347,40.0,64,84,0.4,0.4,2,inf,77.018743,0.002863,77.514314,True,112,34,8,5,0.002279,True,14.563196171586164,30.0,64,113,0.4,0.4,2,inf,118.378163,0.002852,118.917707
414,150,26,1024,1209.48,797.0,739.0,0.25,845,982.65,591.0,536.0,True,102,40,8,5,0.002495,True,19.660679661786347,40.0,64,84,0.4,0.4,2,inf,77.018743,0.002863,77.514314,True,119,31,8,5,0.002464,True,15.56548389809148,33.0,27,103,0.4,0.4,2,inf,150.285419,0.002942,150.825809
414,150,27,1024,1209.48,797.0,739.0,0.25,870,1005.25,591.0,564.5,True,102,40,8,5,0.002495,True,19.660679661786347,40.0,64,84,0.4,0.4,2,inf,77.018743,0.002863,77.514314,True,118,31,8,5,0.002159,True,14.93765004487751,30.0,64,88,0.4,0.4,2,inf,122.541472,0.002873,123.080927
414,150,28,1024,1209.48,797.0,739.0,0.25,869,986.77,591.0,547.7499999999991,True,102,40,8,5,0.002495,True,19.660679661786347,40.0,64,84,0.4,0.4,2,inf,77.018743,0.002863,77.514314,True,113,32,8,5,0.002215,True,14.667036458738435,32.0,64,93,0.4,0.4,2,inf,117.491854,0.00292,118.026311
414,150,29,1024,1209.48,797.0,739.0,0.25,881,997.97,591.0,567.5000000000036,True,102,40,8,5,0.002495,True,19.660679661786347,40.0,64,84,0.4,0.4,2,inf,77.018743,0.002863,77.514314,True,110,33,8,5,0.002392,True,15.184241764100614,25.0,7,88,0.4,0.4,2,inf,134.785968,0.002875,135.312765
414,150,30,1024,1209.48,797.0,739.0,0.25,877,1007.58,591.0,553.0,True,102,40,8,5,0.002495,True,19.660679661786347,40.0,64,84,0.4,0.4,2,inf,77.018743,0.002863,77.514314,True,114,33,8,5,0.002637,True,14.715916412493264,28.0,99,105,0.4,0.4,2,inf,109.203679,0.002915,109.741176
414,150,1,1024,1209.48,797.0,739.0,0.4,771,839.07,465.0,450.5,True,102,40,8,5,0.002495,True,19.660679661786347,40.0,64,84,0.4,0.4,2,inf,77.018743,0.002863,77.514314,True,150,37,8,5,0.002191,True,11.9508426141056,24.0,52,109,0.4,0.4,2,inf,107.597179,0.00285,108.127259
414,150,2,1024,1209.48,797.0,739.0,0.4,746,822.55,465.0,442.16666666666606,True,102,40,8,5,0.002495,True,19.660679661786347,40.0,64,84,0.4,0.4,2,inf,77.018743,0.002863,77.514314,True,150,36,8,5,0.002197,True,11.561211921462096,21.0,99,83,0.4,0.4,2,inf,101.211183,0.002925,101.739127
414,150,3,1024,1209.48,797.0,739.0,0.4,715,793.11,465.0,423.625,True,102,40,8,5,0.002495,True,19.660679661786347,40.0,64,84,0.4,0.4,2,inf,77.018743,0.002863,77.514314,True,150,32,8,5,0.002373,True,11.699780365432291,20.0,99,84,0.4,0.4,2,inf,105.522402,0.002879,106.061475
414,150,4,1024,1209.48,797.0,739.0,0.4,730,806.5,465.0,422.25,True,102,40,8,5,0.002495,True,19.660679661786347,40.0,64,84,0.4,0.4,2,inf,77.018743,0.002863,77.514314,True,150,35,8,5,0.002205,True,11.72664831878268,23.0,64,92,0.4,0.4,2,inf,95.287609,0.002869,95.803167
414,150,5,1024,1209.48,797.0,739.0,0.4,717,805.41,465.0,428.5,True,102,40,8,5,0.002495,True,19.660679661786347,40.0,64,84,0.4,0.4,2,inf,77.018743,0.002863,77.514314,True,150,37,8,5,0.002122,True,11.642314964300914,25.0,99,93,0.4,0.4,2,inf,148.42165,0.002934,148.951723
414,150,6,1024,1209.48,797.0,739.0,0.4,703,831.02,465.0,443.2499999999991,True,102,40,8,5,0.002495,True,19.660679661786347,40.0,64,84,0.4,0.4,2,inf,77.018743,0.002863,77.514314,True,150,37,8,5,0.002116,True,11.849292329470778,20.0,64,97,0.4,0.4,2,inf,127.039938,0.00288,127.57292
414,150,7,1024,1209.48,797.0,739.0,0.4,743,838.06,465.0,439.8982300884936,True,102,40,8,5,0.002495,True,19.660679661786347,40.0,64,84,0.4,0.4,2,inf,77.018743,0.002863,77.514314,True,150,34,8,5,0.002289,True,11.66374511078563,24.0,52,83,0.4,0.4,2,inf,130.765505,0.002917,131.29876
414,150,8,1024,1209.48,797.0,739.0,0.4,764,843.11,465.0,456.25,True,102,40,8,5,0.002495,True,19.660679661786347,40.0,64,84,0.4,0.4,2,inf,77.018743,0.002863,77.514314,True,150,37,8,5,0.002315,True,12.019637258269752,23.0,37,92,0.4,0.4,2,inf,127.894313,0.002947,128.424981
414,150,9,1024,1209.48,797.0,739.0,0.4,702,808.72,465.0,433.0,True,102,40,8,5,0.002495,True,19.660679661786347,40.0,64,84,0.4,0.4,2,inf,77.018743,0.002863,77.514314,True,150,34,8,5,0.002386,True,11.44747109146564,22.0,99,92,0.4,0.4,2,inf,125.839477,0.002918,126.369353
414,150,10,1024,1209.48,797.0,739.0,0.4,705,816.22,465.0,424.5,True,102,40,8,5,0.002495,True,19.660679661786347,40.0,64,84,0.4,0.4,2,inf,77.018743,0.002863,77.514314,True,150,33,8,5,0.00212,True,12.39067837295642,20.0,56,95,0.4,0.4,2,inf,116.773711,0.00287,117.325742
414,150,11,1024,1209.48,797.0,739.0,0.4,742,804.25,465.0,424.0,True,102,40,8,5,0.002495,True,19.660679661786347,40.0,64,84,0.4,0.4,2,inf,77.018743,0.002863,77.514314,True,150,33,8,5,0.002242,True,11.93158841850257,20.0,99,91,0.4,0.4,2,inf,117.091043,0.002894,117.621895
414,150,12,1024,1209.48,797.0,739.0,0.4,735,822.3,465.0,431.5,True,102,40,8,5,0.002495,True,19.660679661786347,40.0,64,84,0.4,0.4,2,inf,77.018743,0.002863,77.514314,True,150,39,8,5,0.002112,True,12.928625537852794,21.0,7,98,0.4,0.4,2,inf,113.577607,0.002891,114.113094
414,150,13,1024,1209.48,797.0,739.0,0.4,738,794.16,465.0,423.0,True,102,40,8,5,0.002495,True,19.660679661786347,40.0,64,84,0.4,0.4,2,inf,77.018743,0.002863,77.514314,True,130,28,8,5,0.002131,True,11.776823605901884,21.0,53,98,0.4,0.4,2,inf,129.990321,0.002875,130.523551
414,150,14,1024,1209.48,797.0,739.0,0.4,722,791.33,465.0,426.74999999999727,True,102,40,8,5,0.002495,True,19.660679661786347,40.0,64,84,0.4,0.4,2,inf,77.018743,0.002863,77.514314,True,150,36,8,5,0.002208,True,12.05800504458012,23.0,9,89,0.4,0.4,2,inf,124.305634,0.002865,124.837015
414,150,15,1024,1209.48,797.0,739.0,0.4,721,843.98,465.0,447.25,True,102,40,8,5,0.002495,True,19.660679661786347,40.0,64,84,0.4,0.4,2,inf,77.018743,0.002863,77.514314,True,150,36,8,5,0.002127,True,11.401102162287854,23.0,64,91,0.4,0.4,2,inf,110.099739,0.002922,110.641582
414,150,16,1024,1209.48,797.0,739.0,0.4,714,813.03,465.0,423.5,True,102,40,8,5,0.002495,True,19.660679661786347,40.0,64,84,0.4,0.4,2,inf,77.018743,0.002863,77.514314,True,150,36,8,5,0.002196,True,11.771017100957245,19.0,34,93,0.4,0.4,2,inf,147.332429,0.002977,147.870656
414,150,17,1024,1209.48,797.0,739.0,0.4,716,809.54,465.0,435.5,True,102,40,8,5,0.002495,True,19.660679661786347,40.0,64,84,0.4,0.4,2,inf,77.018743,0.002863,77.514314,True,150,34,8,5,0.002185,True,11.900728205520004,21.0,123,91,0.4,0.4,2,inf,137.511693,0.002901,138.040199
414,150,18,1024,1209.48,797.0,739.0,0.4,742,813.82,465.0,437.75,True,102,40,8,5,0.002495,True,19.660679661786347,40.0,64,84,0.4,0.4,2,inf,77.018743,0.002863,77.514314,True,150,39,8,5,0.002151,True,11.19593991121053,18.0,72,89,0.4,0.4,2,inf,132.792331,0.002923,133.336172
414,150,19,1024,1209.48,797.0,739.0,0.4,732,836.76,465.0,446.25,True,102,40,8,5,0.002495,True,19.660679661786347,40.0,64,84,0.4,0.4,2,inf,77.018743,0.002863,77.514314,True,150,38,8,5,0.002115,True,11.9746709920564,25.0,46,96,0.4,0.4,2,inf,131.11404,0.002901,131.641329
414,150,20,1024,1209.48,797.0,739.0,0.4,759,830.45,465.0,435.0,True,102,40,8,5,0.002495,True,19.660679661786347,40.0,64,84,0.4,0.4,2,inf,77.018743,0.002863,77.514314,True,150,38,8,5,0.002448,True,11.970874037014545,26.0,64,91,0.4,0.4,2,inf,112.050502,0.002872,112.593913
414,150,21,1024,1209.48,797.0,739.0,0.4,686,819.59,465.0,439.75,True,102,40,8,5,0.002495,True,19.660679661786347,40.0,64,84,0.4,0.4,2,inf,77.018743,0.002863,77.514314,True,150,38,8,5,0.00218,True,12.175047195780172,22.0,99,88,0.4,0.4,2,inf,111.22669,0.002945,111.765572
414,150,22,1024,1209.48,797.0,739.0,0.4,691,792.23,465.0,405.0,True,102,40,8,5,0.002495,True,19.660679661786347,40.0,64,84,0.4,0.4,2,inf,77.018743,0.002863,77.514314,True,150,37,8,5,0.002157,True,12.058891311025857,25.0,52,99,0.4,0.4,2,inf,131.989216,0.002876,132.523847
414,150,23,1024,1209.48,797.0,739.0,0.4,736,811.73,465.0,434.5,True,102,40,8,5,0.002495,True,19.660679661786347,40.0,64,84,0.4,0.4,2,inf,77.018743,0.002863,77.514314,True,150,35,8,5,0.002453,True,12.224306033492851,19.0,5,91,0.4,0.4,2,inf,133.828585,0.002937,134.353791
414,150,24,1024,1209.48,797.0,739.0,0.4,722,800.43,465.0,429.0,True,102,40,8,5,0.002495,True,19.660679661786347,40.0,64,84,0.4,0.4,2,inf,77.018743,0.002863,77.514314,True,150,35,8,5,0.002136,True,12.442672997690927,21.0,52,79,0.4,0.4,2,inf,121.722677,0.002906,122.236116
414,150,25,1024,1209.48,797.0,739.0,0.4,695,807.89,465.0,427.5,True,102,40,8,5,0.002495,True,19.660679661786347,40.0,64,84,0.4,0.4,2,inf,77.018743,0.002863,77.514314,True,150,38,8,5,0.002225,True,11.501557442800676,24.0,52,95,0.4,0.4,2,inf,89.611724,0.002856,90.133979
414,150,26,1024,1209.48,797.0,739.0,0.4,705,789.8,465.0,418.5,True,102,40,8,5,0.002495,True,19.660679661786347,40.0,64,84,0.4,0.4,2,inf,77.018743,0.002863,77.514314,True,150,34,8,5,0.00226,True,12.501845306880876,25.0,64,101,0.4,0.4,2,inf,107.364792,0.002928,107.892931
414,150,27,1024,1209.48,797.0,739.0,0.4,755,838.02,465.0,460.0,True,102,40,8,5,0.002495,True,19.660679661786347,40.0,64,84,0.4,0.4,2,inf,77.018743,0.002863,77.514314,True,150,33,8,5,0.002178,True,11.828198024557016,24.0,64,96,0.4,0.4,2,inf,132.262387,0.002876,132.800893
414,150,28,1024,1209.48,797.0,739.0,0.4,734,806.86,465.0,432.0,True,102,40,8,5,0.002495,True,19.660679661786347,40.0,64,84,0.4,0.4,2,inf,77.018743,0.002863,77.514314,True,150,34,8,5,0.002215,True,11.954285505821945,24.0,64,97,0.4,0.4,2,inf,135.307384,0.002892,135.845499
414,150,29,1024,1209.48,797.0,739.0,0.4,747,823.54,465.0,454.5,True,102,40,8,5,0.002495,True,19.660679661786347,40.0,64,84,0.4,0.4,2,inf,77.018743,0.002863,77.514314,True,150,36,8,5,0.002346,True,12.224931086149786,20.0,44,92,0.4,0.4,2,inf,90.050124,0.002892,90.589633
414,150,30,1024,1209.48,797.0,739.0,0.4,747,835.7,465.0,437.9999999999982,True,102,40,8,5,0.002495,True,19.660679661786347,40.0,64,84,0.4,0.4,2,inf,77.018743,0.002863,77.514314,True,150,39,8,5,0.002424,True,12.476071898105172,24.0,64,102,0.4,0.4,2,inf,124.551888,0.002879,125.085188
686,168,1,1338,1649.13,,826.5,0.05,1233,1522.15,,775.0,True,107,58,8,5,0.003366,True,30.47983592048129,69.0,162,102,0.4,0.4,2,inf,143.783828,0.003355,144.483067,True,115,52,8,5,0.003448,True,28.802888659817864,64.0,18,121,0.4,0.4,2,inf,153.921239,0.003437,154.620083
686,168,2,1338,1649.13,,826.5,0.05,1301,1530.89,,779.0,True,107,58,8,5,0.003366,True,30.47983592048129,69.0,162,102,0.4,0.4,2,inf,143.783828,0.003355,144.483067,True,115,51,8,5,0.003253,True,29.33907598856418,62.0,77,105,0.4,0.4,2,inf,181.626772,0.003351,182.323331
686,168,3,1338,1649.13,,826.5,0.05,1302,1554.32,,780.0,True,107,58,8,5,0.003366,True,30.47983592048129,69.0,162,102,0.4,0.4,2,inf,143.783828,0.003355,144.483067,True,115,53,8,5,0.00321,True,27.911111892054652,59.0,18,108,0.4,0.4,2,inf,150.172519,0.003273,150.872999
686,168,4,1338,1649.13,,826.5,0.05,1282,1550.63,,784.5,True,107,58,8,5,0.003366,True,30.47983592048129,69.0,162,102,0.4,0.4,2,inf,143.783828,0.003355,144.483067,True,116,49,8,5,0.003208,True,28.610517320106258,58.0,73,111,0.4,0.4,2,inf,133.766646,0.003379,134.474507
686,168,5,1338,1649.13,,826.5,0.05,1270,1551.6,,783.0,True,107,58,8,5,0.003366,True,30.47983592048129,69.0,162,102,0.4,0.4,2,inf,143.783828,0.003355,144.483067,True,113,55,8,5,0.003189,True,28.9915402104459,66.0,18,103,0.4,0.4,2,inf,146.88641,0.003381,147.591159
686,168,6,1338,1649.13,,826.5,0.05,1299,1563.68,,786.5,True,107,58,8,5,0.003366,True,30.47983592048129,69.0,162,102,0.4,0.4,2,inf,143.783828,0.003355,144.483067,True,113,56,8,5,0.003221,True,28.910374744728987,67.0,18,108,0.4,0.4,2,inf,123.332904,0.00338,124.041734
686,168,7,1338,1649.13,,826.5,0.05,1271,1557.74,,788.5,True,107,58,8,5,0.003366,True,30.47983592048129,69.0,162,102,0.4,0.4,2,inf,143.783828,0.003355,144.483067,True,111,53,8,5,0.003659,True,28.702571285925565,66.0,18,118,0.4,0.4,2,inf,172.027532,0.003383,172.74204
686,168,8,1338,1649.13,,826.5,0.05,1270,1554.02,,790.5,True,107,58,8,5,0.003366,True,30.47983592048129,69.0,162,102,0.4,0.4,2,inf,143.783828,0.003355,144.483067,True,113,51,8,5,0.003288,True,29.37348431010254,66.0,26,117,0.4,0.4,2,inf,142.657718,0.003434,143.35288
686,168,9,1338,1649.13,,826.5,0.05,1320,1568.75,,786.0,True,107,58,8,5,0.003366,True,30.47983592048129,69.0,162,102,0.4,0.4,2,inf,143.783828,0.003355,144.483067,True,113,50,8,5,0.003223,True,29.440226269756018,66.0,26,115,0.4,0.4,2,inf,169.361613,0.003475,170.075189
686,168,10,1338,1649.13,,826.5,0.05,1287,1556.71,,783.5,True,107,58,8,5,0.003366,True,30.47983592048129,69.0,162,102,0.4,0.4,2,inf,143.783828,0.003355,144.483067,True,111,50,8,5,0.003204,True,28.64337449652635,65.0,26,117,0.4,0.4,2,inf,130.023193,0.003393,130.729765
686,168,11,1338,1649.13,,826.5,0.05,1308,1538.47,,775.0,True,107,58,8,5,0.003366,True,30.47983592048129,69.0,162,102,0.4,0.4,2,inf,143.783828,0.003355,144.483067,True,113,52,8,5,0.003362,True,29.198662044806724,66.0,18,101,0.4,0.4,2,inf,138.336421,0.003322,139.043884
686,168,12,1338,1649.13,,826.5,0.05,1285,1528.99,,778.0,True,107,58,8,5,0.003366,True,30.47983592048129,69.0,162,102,0.4,0.4,2,inf,143.783828,0.003355,144.483067,True,114,52,8,5,0.003208,True,28.624447066032527,58.0,18,113,0.4,0.4,2,inf,117.292753,0.003446,118.00013
686,168,13,1338,1649.13,,826.5,0.05,1282,1536.63,,776.0,True,107,58,8,5,0.003366,True,30.47983592048129,69.0,162,102,0.4,0.4,2,inf,143.783828,0.003355,144.483067,True,115,54,8,5,0.003412,True,28.72156501030072,65.0,18,104,0.4,0.4,2,inf,122.374507,0.00339,123.077112
686,168,14,1338,1649.13,,826.5,0.05,1297,1566.91,,784.0,True,107,58,8,5,0.003366,True,30.47983592048129,69.0,162,102,0.4,0.4,2,inf,143.783828,0.003355,144.483067,True,113,52,8,5,0.003259,True,28.888960349941417,65.0,18,102,0.4,0.4,2,inf,140.732197,0.003354,141.43006
686,168,15,1338,1649.13,,826.5,0.05,1276,1540.03,,780.5,True,107,58,8,5,0.003366,True,30.47983592048129,69.0,162,102,0.4,0.4,2,inf,143.783828,0.003355,144.483067,True,112,52,8,5,0.003281,True,29.1210645252114,68.0,26,117,0.4,0.4,2,inf,192.60013,0.00344,193.293697
686,168,16,1338,1649.13,,826.5,0.05,1291,1563.2,,785.5,True,107,58,8,5,0.003366,True,30.47983592048129,69.0,162,102,0.4,0.4,2,inf,143.783828,0.003355,144.483067,True,115,54,8,5,0.003256,True,28.488372035824767,58.0,18,115,0.4,0.4,2,inf,144.251722,0.003383,144.947676
686,168,17,1338,1649.13,,826.5,0.05,1287,1547.94,,779.0,True,107,58,8,5,0.003366,True,30.47983592048129,69.0,162,102,0.4,0.4,2,inf,143.783828,0.003355,144.483067,True,114,50,8,5,0.003299,True,29.274797874663445,61.0,142,108,0.4,0.4,2,inf,136.215203,0.003366,136.907984
686,168,18,1338,1649.13,,826.5,0.05,1306,1565.38,,790.5,True,107,58,8,5,0.003366,True,30.47983592048129,69.0,162,102,0.4,0.4,2,inf,143.783828,0.003355,144.483067,True,110,54,8,5,0.003387,True,28.64029566215106,60.0,77,117,0.4,0.4,2,inf,136.784787,0.003407,137.482803
686,168,19,1338,1649.13,,826.5,0.05,1286,1543.71,,779.0,True,107,58,8,5,0.003366,True,30.47983592048129,69.0,162,102,0.4,0.4,2,inf,143.783828,0.003355,144.483067,True,115,51,8,5,0.003219,True,29.027821350940577,60.0,18,106,0.4,0.4,2,inf,162.991321,0.003326,163.687006
686,168,20,1338,1649.13,,826.5,0.05,1314,1566.72,,791.5,True,107,58,8,5,0.003366,True,30.47983592048129,69.0,162,102,0.4,0.4,2,inf,143.783828,0.003355,144.483067,True,112,53,8,5,0.00324,True,29.18602441292932,59.0,26,114,0.4,0.4,2,inf,113.800599,0.003452,114.496611
686,168,21,1338,1649.13,,826.5,0.05,1267,1551.38,,785.5,True,107,58,8,5,0.003366,True,30.47983592048129,69.0,162,102,0.4,0.4,2,inf,143.783828,0.003355,144.483067,True,113,54,8,5,0.003562,True,28.72328763444682,57.0,130,111,0.4,0.4,2,inf,126.607566,0.003394,127.304158
686,168,22,1338,1649.13,,826.5,0.05,1283,1527.31,,772.5,True,107,58,8,5,0.003366,True,30.47983592048129,69.0,162,102,0.4,0.4,2,inf,143.783828,0.003355,144.483067,True,114,50,8,5,0.003214,True,28.918467709221765,64.0,26,117,0.4,0.4,2,inf,158.060986,0.003422,158.760072
686,168,23,1338,1649.13,,826.5,0.05,1270,1552.65,,794.0,True,107,58,8,5,0.003366,True,30.47983592048129,69.0,162,102,0.4,0.4,2,inf,143.783828,0.003355,144.483067,True,110,53,8,5,0.003378,True,29.13847644129821,60.0,162,107,0.4,0.4,2,inf,134.723606,0.003376,135.424014
686,168,24,1338,1649.13,,826.5,0.05,1250,1545.77,,779.0,True,107,58,8,5,0.003366,True,30.47983592048129,69.0,162,102,0.4,0.4,2,inf,143.783828,0.003355,144.483067,True,111,56,8,5,0.003355,True,28.957787956198064,67.0,26,120,0.4,0.4,2,inf,155.710087,0.003418,156.409047
686,168,25,1338,1649.13,,826.5,0.05,1284,1525.11,,779.0,True,107,58,8,5,0.003366,True,30.47983592048129,69.0,162,102,0.4,0.4,2,inf,143.783828,0.003355,144.483067,True,112,53,8,5,0.011995,True,28.89553099456787,61.0,18,114,0.4,0.4,2,inf,127.439281,0.003374,128.139419
686,168,26,1338,1649.13,,826.5,0.05,1339,1547.33,,785.0,True,107,58,8,5,0.003366,True,30.47983592048129,69.0,162,102,0.4,0.4,2,inf,143.783828,0.003355,144.483067,True,112,52,8,5,0.003806,True,28.67550489977525,59.0,83,103,0.4,0.4,2,inf,174.737612,0.003372,175.435736
686,168,27,1338,1649.13,,826.5,0.05,1269,1548.11,,779.5,True,107,58,8,5,0.003366,True,30.47983592048129,69.0,162,102,0.4,0.4,2,inf,143.783828,0.003355,144.483067,True,111,54,8,5,0.003687,True,28.653214239244623,62.0,77,117,0.4,0.4,2,inf,142.16792,0.003433,142.875964
686,168,28,1338,1649.13,,826.5,0.05,1321,1555.59,,784.0,True,107,58,8,5,0.003366,True,30.47983592048129,69.0,162,102,0.4,0.4,2,inf,143.783828,0.003355,144.483067,True,112,54,8,5,0.003428,True,29.67336535975874,67.0,18,100,0.4,0.4,2,inf,149.998376,0.003342,150.69911
686,168,29,1338,1649.13,,826.5,0.05,1279,1540.37,,782.5,True,107,58,8,5,0.003366,True,30.47983592048129,69.0,162,102,0.4,0.4,2,inf,143.783828,0.003355,144.483067,True,115,53,8,5,0.00336,True,28.66045021358138,65.0,26,105,0.4,0.4,2,inf,152.641481,0.003385,153.341226
686,168,30,1338,1649.13,,826.5,0.05,1300,1560.35,,788.0,True,107,58,8,5,0.003366,True,30.47983592048129,69.0,162,102,0.4,0.4,2,inf,143.783828,0.003355,144.483067,True,111,51,8,5,0.003232,True,29.368483470935217,66.0,31,98,0.4,0.4,2,inf,142.183863,0.003373,142.886295
686,168,1,1338,1649.13,,826.5,0.15,1173,1331.57,,687.5,True,107,58,8,5,0.003366,True,30.47983592048129,69.0,162,102,0.4,0.4,2,inf,143.783828,0.003355,144.483067,True,126,46,8,5,0.003149,True,25.74861098893522,54.0,18,126,0.4,0.4,2,inf,182.537077,0.003419,183.242032
686,168,2,1338,1649.13,,826.5,0.15,1176,1333.65,,689.5,True,107,58,8,5,0.003366,True,30.47983592048129,69.0,162,102,0.4,0.4,2,inf,143.783828,0.003355,144.483067,True,127,48,8,5,0.0031,True,25.79868378600786,52.0,18,105,0.4,0.4,2,inf,136.42815,0.00331,137.125535
686,168,3,1338,1649.13,,826.5,0.15,1175,1368.64,,701.5,True,107,58,8,5,0.003366,True,30.47983592048129,69.0,162,102,0.4,0.4,2,inf,143.783828,0.003355,144.483067,True,126,43,8,5,0.003092,True,24.958359877440575,52.0,26,117,0.4,0.4,2,inf,178.292581,0.003445,178.996052
686,168,4,1338,1649.13,,826.5,0.15,1178,1354.26,,693.0,True,107,58,8,5,0.003366,True,30.47983592048129,69.0,162,102,0.4,0.4,2,inf,143.783828,0.003355,144.483067,True,125,42,8,5,0.003205,True,25.08127161409992,54.0,26,107,0.4,0.4,2,inf,176.588688,0.003422,177.29075
686,168,5,1338,1649.13,,826.5,0.15,1167,1412.14,,715.0,True,107,58,8,5,0.003366,True,30.47983592048129,69.0,162,102,0.4,0.4,2,inf,143.783828,0.003355,144.483067,True,122,45,8,5,0.003126,True,26.468718336992563,52.0,18,102,0.4,0.4,2,inf,120.221798,0.003369,120.922523
686,168,6,1338,1649.13,,826.5,0.15,1171,1374.34,,699.5,True,107,58,8,5,0.003366,True,30.47983592048129,69.0,162,102,0.4,0.4,2,inf,143.783828,0.003355,144.483067,True,124,45,8,5,0.003465,True,25.87696167392803,53.0,141,120,0.4,0.4,2,inf,245.36474,0.003396,246.069166
686,168,7,1338,1649.13,,826.5,0.15,1177,1395.1,,709.0,True,107,58,8,5,0.003366,True,30.47983592048129,69.0,162,102,0.4,0.4,2,inf,143.783828,0.003355,144.483067,True,123,43,8,5,0.003241,True,25.444186146081595,51.0,26,106,0.4,0.4,2,inf,139.196682,0.003385,139.904667
686,168,8,1338,1649.13,,826.5,0.15,1169,1400.77,,715.5,True,107,58,8,5,0.003366,True,30.47983592048129,69.0,162,102,0.4,0.4,2,inf,143.783828,0.003355,144.483067,True,121,48,8,5,0.003131,True,25.807714904145396,52.0,26,103,0.4,0.4,2,inf,160.060474,0.003404,160.766255
686,168,9,1338,1649.13,,826.5,0.15,1181,1386.37,,704.5,True,107,58,8,5,0.003366,True,30.47983592048129,69.0,162,102,0.4,0.4,2,inf,143.783828,0.003355,144.483067,True,126,41,8,5,0.003468,True,25.74508816379886,51.0,26,102,0.4,0.4,2,inf,169.448215,0.003331,170.14738
686,168,10,1338,1649.13,,826.5,0.15,1206,1357.18,,693.5,True,107,58,8,5,0.003366,True,30.47983592048129,69.0,162,102,0.4,0.4,2,inf,143.783828,0.003355,144.483067,True,124,45,8,5,0.003163,True,25.817563100351062,57.0,141,117,0.4,0.4,2,inf,141.690263,0.003456,142.390744
686,168,11,1338,1649.13,,826.5,0.15,1197,1352.79,,687.5,True,107,58,8,5,0.003366,True,30.47983592048129,69.0,162,102,0.4,0.4,2,inf,143.783828,0.003355,144.483067,True,128,45,8,5,0.003222,True,25.692189876525116,52.0,141,122,0.4,0.4,2,inf,132.353058,0.003438,133.052934
686,168,12,1338,1649.13,,826.5,0.15,1175,1363.17,,705.0,True,107,58,8,5,0.003366,True,30.47983592048129,69.0,162,102,0.4,0.4,2,inf,143.783828,0.003355,144.483067,True,124,45,8,5,0.003115,True,25.56757195586172,58.0,110,115,0.4,0.4,2,inf,166.677098,0.0034,167.375323
686,168,13,1338,1649.13,,826.5,0.15,1172,1364.24,,702.0,True,107,58,8,5,0.003366,True,30.47983592048129,69.0,162,102,0.4,0.4,2,inf,143.783828,0.003355,144.483067,True,127,40,8,5,0.003182,True,25.836622977078505,61.0,26,116,0.4,0.4,2,inf,134.771194,0.003415,135.46833
686,168,14,1338,1649.13,,826.5,0.15,1165,1335.71,,687.5,True,107,58,8,5,0.003366,True,30.47983592048129,69.0,162,102,0.4,0.4,2,inf,143.783828,0.003355,144.483067,True,124,46,8,5,0.003145,True,26.256412683487667,56.0,18,107,0.4,0.4,2,inf,143.290183,0.003388,143.98479
686,168,15,1338,1649.13,,826.5,0.15,1220,1387.01,,705.5,True,107,58,8,5,0.003366,True,30.47983592048129,69.0,162,102,0.4,0.4,2,inf,143.783828,0.003355,144.483067,True,122,46,8,5,0.003119,True,25.936607502403188,54.0,32,106,0.4,0.4,2,inf,147.592128,0.003393,148.298541
686,168,16,1338,1649.13,,826.5,0.15,1130,1382.86,,696.5,True,107,58,8,5,0.003366,True,30.47983592048129,69.0,162,102,0.4,0.4,2,inf,143.783828,0.003355,144.483067,True,124,49,8,5,0.003326,True,25.961683084080825,53.0,18,119,0.4,0.4,2,inf,129.534615,0.003436,130.240159
686,168,17,1338,1649.13,,826.5,0.15,1174,1347.84,,685.0,True,107,58,8,5,0.003366,True,30.47983592048129,69.0,162,102,0.4,0.4,2,inf,143.783828,0.003355,144.483067,True,128,45,8,5,0.003382,True,26.389353417577823,58.0,141,109,0.4,0.4,2,inf,192.44676,0.003406,193.143518
686,168,18,1338,1649.13,,826.5,0.15,1173,1382.93,,702.5,True,107,58,8,5,0.003366,True,30.47983592048129,69.0,162,102,0.4,0.4,2,inf,143.783828,0.003355,144.483067,True,126,45,8,5,0.003173,True,25.707665868854104,55.0,26,106,0.4,0.4,2,inf,172.006087,0.00336,172.703507
686,168,19,1338,1649.13,,826.5,0.15,1216,1375.89,,705.0,True,107,58,8,5,0.003366,True,30.47983592048129,69.0,162,102,0.4,0.4,2,inf,143.783828,0.003355,144.483067,True,125,45,8,5,0.003589,True,25.780150486454367,51.0,18,111,0.4,0.4,2,inf,154.156464,0.003329,154.866047
686,168,20,1338,1649.13,,826.5,0.15,1205,1361.93,,703.5,True,107,58,8,5,0.003366,True,30.47983592048129,69.0,162,102,0.4,0.4,2,inf,143.783828,0.003355,144.483067,True,126,43,8,5,0.003355,True,25.134346055064057,52.0,31,112,0.4,0.4,2,inf,157.139319,0.003421,157.836761
686,168,21,1338,1649.13,,826.5,0.15,1185,1386.51,,708.0,True,107,58,8,5,0.003366,True,30.47983592048129,69.0,162,102,0.4,0.4,2,inf,143.783828,0.003355,144.483067,True,123,43,8,5,0.003282,True,25.2928651063126,53.0,118,117,0.4,0.4,2,inf,186.624085,0.003467,187.321878
686,168,22,1338,1649.13,,826.5,0.15,1149,1347.78,,684.0,True,107,58,8,5,0.003366,True,30.47983592048129,69.0,162,102,0.4,0.4,2,inf,143.783828,0.003355,144.483067,True,128,43,8,5,0.003156,True,26.027948376961795,58.0,26,96,0.4,0.4,2,inf,170.622228,0.003384,171.320063
686,168,23,1338,1649.13,,826.5,0.15,1160,1361.93,,705.5,True,107,58,8,5,0.003366,True,30.47983592048129,69.0,162,102,0.4,0.4,2,inf,143.783828,0.003355,144.483067,True,121,47,8,5,0.003139,True,26.792095947132832,58.0,18,114,0.4,0.4,2,inf,113.432243,0.003349,114.131412
686,168,24,1338,1649.13,,826.5,0.15,1142,1376.28,,700.0,True,107,58,8,5,0.003366,True,30.47983592048129,69.0,162,102,0.4,0.4,2,inf,143.783828,0.003355,144.483067,True,127,44,8,5,0.003121,True,25.76578544447465,54.0,9,98,0.4,0.4,2,inf,121.81588,0.003364,122.510154
686,168,25,1338,1649.13,,826.5,0.15,1173,1341.86,,697.5,True,107,58,8,5,0.003366,True,30.47983592048129,69.0,162,102,0.4,0.4,2,inf,143.783828,0.003355,144.483067,True,125,44,8,5,0.003523,True,25.42348772276367,56.0,26,101,0.4,0.4,2,inf,154.571597,0.003368,155.267398
686,168,26,1338,1649.13,,826.5,0.15,1199,1394.67,,719.0,True,107,58,8,5,0.003366,True,30.47983592048129,69.0,162,102,0.4,0.4,2,inf,143.783828,0.003355,144.483067,True,118,44,8,5,0.003408,True,25.479507124386284,49.0,26,103,0.4,0.4,2,inf,146.251279,0.003331,146.952434
686,168,27,1338,1649.13,,826.5,0.15,1222,1381.58,,702.0,True,107,58,8,5,0.003366,True,30.47983592048129,69.0,162,102,0.4,0.4,2,inf,143.783828,0.003355,144.483067,True,128,42,8,5,0.003074,True,25.880136087646136,54.0,18,116,0.4,0.4,2,inf,155.320586,0.003407,156.015773
686,168,28,1338,1649.13,,826.5,0.15,1201,1374.48,,700.0,True,107,58,8,5,0.003366,True,30.47983592048129,69.0,162,102,0.4,0.4,2,inf,143.783828,0.003355,144.483067,True,125,45,8,5,0.003235,True,26.91413283428012,57.0,18,112,0.4,0.4,2,inf,158.669462,0.003391,159.368596
686,168,29,1338,1649.13,,826.5,0.15,1166,1367.79,,703.5,True,107,58,8,5,0.003366,True,30.47983592048129,69.0,162,102,0.4,0.4,2,inf,143.783828,0.003355,144.483067,True,127,42,8,5,0.003431,True,24.952560730121057,52.0,26,102,0.4,0.4,2,inf,155.990424,0.003399,156.689506
686,168,30,1338,1649.13,,826.5,0.15,1230,1383.56,,709.5,True,107,58,8,5,0.003366,True,30.47983592048129,69.0,162,102,0.4,0.4,2,inf,143.783828,0.003355,144.483067,True,121,38,8,5,0.003266,True,26.0658467829275,59.0,26,105,0.4,0.4,2,inf,174.175578,0.003322,174.878269
686,168,1,1338,1649.13,,826.5,0.25,1017,1171.75,,612.0,True,107,58,8,5,0.003366,True,30.47983592048129,69.0,162,102,0.4,0.4,2,inf,143.783828,0.003355,144.483067,True,135,44,8,5,0.003043,True,22.71318860617709,46.0,18,93,0.4,0.4,2,inf,145.629526,0.003336,146.328353
686,168,2,1338,1649.13,,826.5,0.25,1048,1169.67,,603.5,True,107,58,8,5,0.003366,True,30.47983592048129,69.0,162,102,0.4,0.4,2,inf,143.783828,0.003355,144.483067,True,141,37,8,5,0.003043,True,21.868831806586357,47.0,18,120,0.4,0.4,2,inf,159.959043,0.003386,160.658668
686,168,3,1338,1649.13,,826.5,0.25,1068,1179.35,,610.0,True,107,58,8,5,0.003366,True,30.47983592048129,69.0,162,102,0.4,0.4,2,inf,143.783828,0.003355,144.483067,True,135,39,8,5,0.003129,True,21.818382035033313,46.0,83,108,0.4,0.4,2,inf,118.011535,0.00334,118.704198
686,168,4,1338,1649.13,,826.5,0.25,1028,1174.66,,617.0,True,107,58,8,5,0.003366,True,30.47983592048129,69.0,162,102,0.4,0.4,2,inf,143.783828,0.003355,144.483067,True,139,42,8,5,0.00313,True,21.481772891357114,43.0,118,123,0.4,0.4,2,inf,130.780401,0.003426,131.479676
686,168,5,1338,1649.13,,826.5,0.25,1038,1203.78,,623.5,True,107,58,8,5,0.003366,True,30.47983592048129,69.0,162,102,0.4,0.4,2,inf,143.783828,0.003355,144.483067,True,137,38,8,5,0.003032,True,22.850496066493672,44.0,26,104,0.4,0.4,2,inf,160.009224,0.003393,160.70973
686,168,6,1338,1649.13,,826.5,0.25,1063,1210.08,,625.5,True,107,58,8,5,0.003366,True,30.47983592048129,69.0,162,102,0.4,0.4,2,inf,143.783828,0.003355,144.483067,True,136,39,8,5,0.003059,True,22.665883315534163,49.0,18,101,0.4,0.4,2,inf,170.09348,0.003424,170.790754
686,168,7,1338,1649.13,,826.5,0.25,1085,1203.28,,626.5,True,107,58,8,5,0.003366,True,30.47983592048129,69.0,162,102,0.4,0.4,2,inf,143.783828,0.003355,144.483067,True,134,41,8,5,0.003277,True,22.398125061541737,49.0,26,116,0.4,0.4,2,inf,129.386542,0.003453,130.084924
686,168,8,1338,1649.13,,826.5,0.25,1043,1233.76,,638.0,True,107,58,8,5,0.003366,True,30.47983592048129,69.0,162,102,0.4,0.4,2,inf,143.783828,0.003355,144.483067,True,137,41,8,5,0.003245,True,22.853186155880135,48.0,137,104,0.4,0.4,2,inf,149.780876,0.00343,150.476319
686,168,9,1338,1649.13,,826.5,0.25,1031,1163.04,,615.0,True,107,58,8,5,0.003366,True,30.47983592048129,69.0,162,102,0.4,0.4,2,inf,143.783828,0.003355,144.483067,True,136,37,8,5,0.003125,True,22.429519254743816,46.0,18,113,0.4,0.4,2,inf,143.885131,0.00336,144.581416
686,168,10,1338,1649.13,,826.5,0.25,1007,1177.9,,609.0,True,107,58,8,5,0.003366,True,30.47983592048129,69.0,162,102,0.4,0.4,2,inf,143.783828,0.003355,144.483067,True,142,40,8,5,0.003148,True,22.74341805437675,46.0,9,101,0.4,0.4,2,inf,156.341079,0.003344,157.043366
686,168,11,1338,1649.13,,826.5,0.25,1042,1168.74,,604.5,True,107,58,8,5,0.003366,True,30.47983592048129,69.0,162,102,0.4,0.4,2,inf,143.783828,0.003355,144.483067,True,138,38,8,5,0.003051,True,21.753617692687808,44.0,26,127,0.4,0.4,2,inf,131.935931,0.003449,132.633695
686,168,12,1338,1649.13,,826.5,0.25,1029,1183.53,,620.5,True,107,58,8,5,0.003366,True,30.47983592048129,69.0,162,102,0.4,0.4,2,inf,143.783828,0.003355,144.483067,True,135,35,8,5,0.003455,True,22.424244408246693,45.0,110,105,0.4,0.4,2,inf,154.430212,0.00341,155.129594
686,168,13,1338,1649.13,,826.5,0.25,1007,1196.19,,622.0,True,107,58,8,5,0.003366,True,30.47983592048129,69.0,162,102,0.4,0.4,2,inf,143.783828,0.003355,144.483067,True,135,38,8,5,0.003028,True,23.211738199760937,49.0,18,114,0.4,0.4,2,inf,143.406885,0.003455,144.104676
686,168,14,1338,1649.13,,826.5,0.25,998,1153.73,,603.0,True,107,58,8,5,0.003366,True,30.47983592048129,69.0,162,102,0.4,0.4,2,inf,143.783828,0.003355,144.483067,True,137,42,8,5,0.003073,True,23.4404892813565,53.0,141,94,0.4,0.4,2,inf,157.898984,0.003382,158.597528
686,168,15,1338,1649.13,,826.5,0.25,1094,1226.51,,630.0,True,107,58,8,5,0.003366,True,30.47983592048129,69.0,162,102,0.4,0.4,2,inf,143.783828,0.003355,144.483067,True,138,37,8,5,0.003168,True,22.9239250301902,50.0,26,118,0.4,0.4,2,inf,129.211153,0.003444,129.906781
686,168,16,1338,1649.13,,826.5,0.25,1002,1171.09,,607.0,True,107,58,8,5,0.003366,True,30.47983592048129,69.0,162,102,0.4,0.4,2,inf,143.783828,0.003355,144.483067,True,131,40,8,5,0.003375,True,21.45136691096154,45.0,118,120,0.4,0.4,2,inf,133.904761,0.003447,134.599555
686,168,17,1338,1649.13,,826.5,0.25,1025,1155.25,,601.0,True,107,58,8,5,0.003366,True,30.47983592048129,69.0,162,102,0.4,0.4,2,inf,143.783828,0.003355,144.483067,True,140,41,8,5,0.003213,True,22.81825656415809,53.0,18,114,0.4,0.4,2,inf,121.597647,0.004929,122.304592
686,168,18,1338,1649.13,,826.5,0.25,1000,1197.55,,616.0,True,107,58,8,5,0.003366,True,30.47983592048129,69.0,162,102,0.4,0.4,2,inf,143.783828,0.003355,144.483067,True,142,39,8,5,0.003165,True,22.02001192701464,43.0,118,97,0.4,0.4,2,inf,143.597528,0.00333,144.297348
686,168,19,1338,1649.13,,826.5,0.25,1067,1195.53,,621.0,True,107,58,8,5,0.003366,True,30.47983592048129,69.0,162,102,0.4,0.4,2,inf,143.783828,0.003355,144.483067,True,140,39,8,5,0.003325,True,21.9844655263838,42.0,26,123,0.4,0.4,2,inf,163.61555,0.003387,164.315936
686,168,20,1338,1649.13,,826.5,0.25,1073,1204.92,,622.0,True,107,58,8,5,0.003366,True,30.47983592048129,69.0,162,102,0.4,0.4,2,inf,143.783828,0.003355,144.483067,True,137,39,8,5,0.003021,True,21.987409456821897,45.0,77,107,0.4,0.4,2,inf,146.339151,0.00338,147.035996
686,168,21,1338,1649.13,,826.5,0.25,1057,1193.35,,628.5,True,107,58,8,5,0.003366,True,30.47983592048129,69.0,162,102,0.4,0.4,2,inf,143.783828,0.003355,144.483067,True,134,36,8,5,0.003291,True,22.674698679473355,44.0,18,117,0.4,0.4,2,inf,131.968415,0.003363,132.66503
686,168,22,1338,1649.13,,826.5,0.25,1003,1180.82,,611.5,True,107,58,8,5,0.003366,True,30.47983592048129,69.0,162,102,0.4,0.4,2,inf,143.783828,0.003355,144.483067,True,137,39,8,5,0.003036,True,23.618365721425747,50.0,26,96,0.4,0.4,2,inf,107.783898,0.003349,108.484819
686,168,23,1338,1649.13,,826.5,0.25,1061,1195.05,,621.5,True,107,58,8,5,0.003366,True,30.47983592048129,69.0,162,102,0.4,0.4,2,inf,143.783828,0.003355,144.483067,True,132,42,8,5,0.00299,True,23.51606904889271,52.0,18,113,0.4,0.4,2,inf,131.395423,0.003457,132.091802
686,168,24,1338,1649.13,,826.5,0.25,1036,1188.78,,607.0,True,107,58,8,5,0.003366,True,30.47983592048129,69.0,162,102,0.4,0.4,2,inf,143.783828,0.003355,144.483067,True,140,43,8,5,0.003119,True,22.89036124277144,50.0,32,88,0.4,0.4,2,inf,134.964471,0.00332,135.66657
686,168,25,1338,1649.13,,826.5,0.25,1040,1175.75,,615.0,True,107,58,8,5,0.003366,True,30.47983592048129,69.0,162,102,0.4,0.4,2,inf,143.783828,0.003355,144.483067,True,138,38,8,5,0.003097,True,22.75306683535991,48.0,18,95,0.4,0.4,2,inf,161.226867,0.003351,161.932797
686,168,26,1338,1649.13,,826.5,0.25,1085,1226.62,,638.5,True,107,58,8,5,0.003366,True,30.47983592048129,69.0,162,102,0.4,0.4,2,inf,143.783828,0.003355,144.483067,True,133,43,8,5,0.003483,True,22.588451211021074,47.0,26,103,0.4,0.4,2,inf,168.626681,0.003377,169.3265
686,168,27,1338,1649.13,,826.5,0.25,1078,1203.28,,620.5,True,107,58,8,5,0.003366,True,30.47983592048129,69.0,162,102,0.4,0.4,2,inf,143.783828,0.003355,144.483067,True,134,38,8,5,0.003024,True,22.88188438409651,47.0,18,114,0.4,0.4,2,inf,166.598759,0.003406,167.294442
686,168,28,1338,1649.13,,826.5,0.25,1076,1194.83,,618.5,True,107,58,8,5,0.003366,True,30.47983592048129,69.0,162,102,0.4,0.4,2,inf,143.783828,0.003355,144.483067,True,136,43,8,5,0.003139,True,23.054302537408947,48.0,58,104,0.4,0.4,2,inf,145.415925,0.003427,146.117788
686,168,29,1338,1649.13,,826.5,0.25,1053,1175.49,,614.5,True,107,58,8,5,0.003366,True,30.47983592048129,69.0,162,102,0.4,0.4,2,inf,143.783828,0.003355,144.483067,True,141,40,8,5,0.003006,True,22.260965407839812,46.0,26,101,0.4,0.4,2,inf,165.576292,0.003405,166.271954
686,168,30,1338,1649.13,,826.5,0.25,1064,1174.84,,619.0,True,107,58,8,5,0.003366,True,30.47983592048129,69.0,162,102,0.4,0.4,2,inf,143.783828,0.003355,144.483067,True,133,36,8,5,0.003604,True,22.728229289469375,48.0,26,94,0.4,0.4,2,inf,137.442463,0.003348,138.139657
686,168,1,1338,1649.13,,826.5,0.4,823,903.22,,486.75,True,107,58,8,5,0.003366,True,30.47983592048129,69.0,162,102,0.4,0.4,2,inf,143.783828,0.003355,144.483067,True,163,45,8,5,0.003051,True,18.985587958474955,38.0,18,118,0.4,0.4,2,inf,157.545759,0.003401,158.243128
686,168,2,1338,1649.13,,826.5,0.4,831,897.61,,486.0,True,107,58,8,5,0.003366,True,30.47983592048129,69.0,162,102,0.4,0.4,2,inf,143.783828,0.003355,144.483067,True,158,39,8,5,0.002975,True,16.543405805527218,36.0,26,109,0.4,0.4,2,inf,141.042626,0.003372,141.739978
686,168,3,1338,1649.13,,826.5,0.4,836,938.71,,494.5,True,107,58,8,5,0.003366,True,30.47983592048129,69.0,162,102,0.4,0.4,2,inf,143.783828,0.003355,144.483067,True,158,38,8,5,0.003186,True,17.727341833827417,34.0,18,92,0.4,0.4,2,inf,135.252176,0.003328,135.955986
686,168,4,1338,1649.13,,826.5,0.4,842,916.04,,488.5,True,107,58,8,5,0.003366,True,30.47983592048129,69.0,162,102,0.4,0.4,2,inf,143.783828,0.003355,144.483067,True,160,44,8,5,0.003083,True,16.616197816263078,34.0,137,115,0.4,0.4,2,inf,138.839671,0.003372,139.534721
686,168,5,1338,1649.13,,826.5,0.4,829,932.75,,499.5,True,107,58,8,5,0.003366,True,30.47983592048129,69.0,162,102,0.4,0.4,2,inf,143.783828,0.003355,144.483067,True,158,40,8,5,0.002948,True,17.2912038448897,34.0,32,93,0.4,0.4,2,inf,130.215109,0.003353,130.918174
686,168,6,1338,1649.13,,826.5,0.4,858,939.02,,496.7500000000009,True,107,58,8,5,0.003366,True,30.47983592048129,69.0,162,102,0.4,0.4,2,inf,143.783828,0.003355,144.483067,True,164,46,8,5,0.00318,True,17.578313692748164,39.0,118,107,0.4,0.4,2,inf,137.936633,0.003354,138.628831
686,168,7,1338,1649.13,,826.5,0.4,847,936.05,,502.609375,True,107,58,8,5,0.003366,True,30.47983592048129,69.0,162,102,0.4,0.4,2,inf,143.783828,0.003355,144.483067,True,157,43,8,5,0.002987,True,18.20184495680853,36.0,32,114,0.4,0.4,2,inf,141.221736,0.003382,141.923004
686,168,8,1338,1649.13,,826.5,0.4,859,975.38,,517.5,True,107,58,8,5,0.003366,True,30.47983592048129,69.0,162,102,0.4,0.4,2,inf,143.783828,0.003355,144.483067,True,160,43,8,5,0.003383,True,18.145699310935044,42.0,118,105,0.4,0.4,2,inf,142.016045,0.003373,142.713824
686,168,9,1338,1649.13,,826.5,0.4,818,898.49,,485.6071428571431,True,107,58,8,5,0.003366,True,30.47983592048129,69.0,162,102,0.4,0.4,2,inf,143.783828,0.003355,144.483067,True,159,42,8,5,0.002926,True,18.476785084226073,36.0,18,99,0.4,0.4,2,inf,167.406041,0.003348,168.100727
686,168,10,1338,1649.13,,826.5,0.4,810,890.51,,473.83333333333303,True,107,58,8,5,0.003366,True,30.47983592048129,69.0,162,102,0.4,0.4,2,inf,143.783828,0.003355,144.483067,True,160,37,8,5,0.002947,True,18.04531617003888,38.0,118,100,0.4,0.4,2,inf,157.616314,0.003356,158.322467
686,168,11,1338,1649.13,,826.5,0.4,823,909.57,,488.0,True,107,58,8,5,0.003366,True,30.47983592048129,69.0,162,102,0.4,0.4,2,inf,143.783828,0.003355,144.483067,True,157,38,8,5,0.003096,True,17.195951468741608,35.0,32,105,0.4,0.4,2,inf,137.888236,0.003361,138.593012
686,168,12,1338,1649.13,,826.5,0.4,840,932.46,,497.5,True,107,58,8,5,0.003366,True,30.47983592048129,69.0,162,102,0.4,0.4,2,inf,143.783828,0.003355,144.483067,True,154,36,8,5,0.002975,True,17.25579608332179,41.0,32,119,0.4,0.4,2,inf,155.472895,0.003424,156.183463
686,168,13,1338,1649.13,,826.5,0.4,811,911.18,,488.0,True,107,58,8,5,0.003366,True,30.47983592048129,69.0,162,102,0.4,0.4,2,inf,143.783828,0.003355,144.483067,True,161,41,8,5,0.003404,True,19.28179946571557,40.0,26,111,0.4,0.4,2,inf,128.771769,0.003451,129.472351
686,168,14,1338,1649.13,,826.5,0.4,845,918.54,,494.5,True,107,58,8,5,0.003366,True,30.47983592048129,69.0,162,102,0.4,0.4,2,inf,143.783828,0.003355,144.483067,True,157,46,8,5,0.003358,True,18.695879111347264,40.0,118,98,0.4,0.4,2,inf,142.280645,0.003278,142.983305
686,168,15,1338,1649.13,,826.5,0.4,867,967.83,,517.75,True,107,58,8,5,0.003366,True,30.47983592048129,69.0,162,102,0.4,0.4,2,inf,143.783828,0.003355,144.483067,True,157,42,8,5,0.002936,True,17.757750984772812,40.0,26,113,0.4,0.4,2,inf,153.275651,0.004121,153.978439
686,168,16,1338,1649.13,,826.5,0.4,802,904.96,,481.5,True,107,58,8,5,0.003366,True,30.47983592048129,69.0,162,102,0.4,0.4,2,inf,143.783828,0.003355,144.483067,True,159,46,8,5,0.002913,True,17.26244188495751,41.0,141,102,0.4,0.4,2,inf,139.169063,0.003327,139.86686
686,168,17,1338,1649.13,,826.5,0.4,819,882.29,,472.5,True,107,58,8,5,0.003366,True,30.47983592048129,69.0,162,102,0.4,0.4,2,inf,143.783828,0.003355,144.483067,True,162,42,8,5,0.002956,True,17.75807391993707,39.0,118,107,0.4,0.4,2,inf,144.946086,0.003365,145.646253
686,168,18,1338,1649.13,,826.5,0.4,806,907.42,,483.0,True,107,58,8,5,0.003366,True,30.47983592048129,69.0,162,102,0.4,0.4,2,inf,143.783828,0.003355,144.483067,True,165,41,8,5,0.00302,True,17.774182716771822,33.0,7,100,0.4,0.4,2,inf,175.855158,0.003379,176.563172
686,168,19,1338,1649.13,,826.5,0.4,866,939.98,,500.83333333333485,True,107,58,8,5,0.003366,True,30.47983592048129,69.0,162,102,0.4,0.4,2,inf,143.783828,0.003355,144.483067,True,156,41,8,5,0.003115,True,18.12027038194081,39.0,32,92,0.4,0.4,2,inf,144.371237,0.003252,145.073215
686,168,20,1338,1649.13,,826.5,0.4,844,918.77,,489.0,True,107,58,8,5,0.003366,True,30.47983592048129,69.0,162,102,0.4,0.4,2,inf,143.783828,0.003355,144.483067,True,157,37,8,5,0.0032,True,16.98320071800887,38.0,26,107,0.4,0.4,2,inf,187.106156,0.003368,187.812627
686,168,21,1338,1649.13,,826.5,0.4,865,942.46,,502.5,True,107,58,8,5,0.003366,True,30.47983592048129,69.0,162,102,0.4,0.4,2,inf,143.783828,0.003355,144.483067,True,160,45,8,5,0.003158,True,17.317302634456013,34.0,136,120,0.4,0.4,2,inf,170.85796,0.003393,171.559332
686,168,22,1338,1649.13,,826.5,0.4,801,899.03,,484.75,True,107,58,8,5,0.003366,True,30.47983592048129,69.0,162,102,0.4,0.4,2,inf,143.783828,0.003355,144.483067,True,164,44,8,5,0.003016,True,17.74032134623503,39.0,118,93,0.4,0.4,2,inf,138.747785,0.003305,139.446033
686,168,23,1338,1649.13,,826.5,0.4,814,907.69,,487.5,True,107,58,8,5,0.003366,True,30.47983592048129,69.0,162,102,0.4,0.4,2,inf,143.783828,0.003355,144.483067,True,161,46,8,5,0.003279,True,19.043938685176656,40.0,18,117,0.4,0.4,2,inf,153.295004,0.003454,153.990604
686,168,24,1338,1649.13,,826.5,0.4,814,903.45,,475.25,True,107,58,8,5,0.003366,True,30.47983592048129,69.0,162,102,0.4,0.4,2,inf,143.783828,0.003355,144.483067,True,157,43,8,5,0.00308,True,17.70007952306173,40.0,18,116,0.4,0.4,2,inf,130.480869,0.003468,131.18926
686,168,25,1338,1649.13,,826.5,0.4,827,916.9,,494.25,True,107,58,8,5,0.003366,True,30.47983592048129,69.0,162,102,0.4,0.4,2,inf,143.783828,0.003355,144.483067,True,162,43,8,5,0.002942,True,17.36767072156317,35.0,18,112,0.4,0.4,2,inf,118.900544,0.00345,119.594711
686,168,26,1338,1649.13,,826.5,0.4,847,938.77,,506.0000000000009,True,107,58,8,5,0.003366,True,30.47983592048129,69.0,162,102,0.4,0.4,2,inf,143.783828,0.003355,144.483067,True,160,48,8,5,0.002923,True,17.42896739056513,37.0,32,119,0.4,0.4,2,inf,130.845885,0.003444,131.542567
686,168,27,1338,1649.13,,826.5,0.4,848,937.83,,500.66666666666697,True,107,58,8,5,0.003366,True,30.47983592048129,69.0,162,102,0.4,0.4,2,inf,143.783828,0.003355,144.483067,True,157,42,8,5,0.003034,True,17.724837381426866,39.0,118,104,0.4,0.4,2,inf,160.09274,0.003372,160.789006
686,168,28,1338,1649.13,,826.5,0.4,854,957.86,,509.10000000000036,True,107,58,8,5,0.003366,True,30.47983592048129,69.0,162,102,0.4,0.4,2,inf,143.783828,0.003355,144.483067,True,161,40,8,5,0.003407,True,17.619175027071734,37.0,26,103,0.4,0.4,2,inf,162.661266,0.003358,163.363685
686,168,29,1338,1649.13,,826.5,0.4,817,911.49,,483.66666666666697,True,107,58,8,5,0.003366,True,30.47983592048129,69.0,162,102,0.4,0.4,2,inf,143.783828,0.003355,144.483067,True,160,43,8,5,0.003062,True,17.852919678458427,35.0,10,85,0.4,0.4,2,inf,142.312299,0.003285,143.019092
686,168,30,1338,1649.13,,826.5,0.4,863,945.72,,505.5,True,107,58,8,5,0.003366,True,30.47983592048129,69.0,162,102,0.4,0.4,2,inf,143.783828,0.003355,144.483067,True,162,45,8,5,0.003061,True,17.312657253369903,42.0,137,104,0.4,0.4,2,inf,137.47705,0.003272,138.179269
698,61,1,109,148.42,97.0,94.0,0.05,119,150.47,94.0,91.0,True,61,29,8,5,0.000184,True,10.640256103375632,18.0,26,38,0.4,0.4,2,inf,3.04125,0.000817,3.09992,True,61,29,8,5,0.000176,True,10.430018350137953,17.0,10,40,0.4,0.4,2,inf,3.572359,0.001168,3.632258
698,61,2,109,148.42,97.0,94.0,0.05,116,154.91,94.0,92.5,True,61,29,8,5,0.000184,True,10.640256103375632,18.0,26,38,0.4,0.4,2,inf,3.04125,0.000817,3.09992,True,61,28,8,5,0.000176,True,10.247029807433584,16.0,4,41,0.4,0.4,2,inf,4.430228,0.00103,4.499376
698,61,3,109,148.42,97.0,94.0,0.05,113,151.96,94.0,92.5,True,61,29,8,5,0.000184,True,10.640256103375632,18.0,26,38,0.4,0.4,2,inf,3.04125,0.000817,3.09992,True,61,28,8,5,0.000185,True,10.454878605332247,20.0,26,43,0.4,0.4,2,inf,4.395615,0.000897,4.454341
698,61,4,109,148.42,97.0,94.0,0.05,109,149.37,94.0,91.5,True,61,29,8,5,0.000184,True,10.640256103375632,18.0,26,38,0.4,0.4,2,inf,3.04125,0.000817,3.09992,True,61,29,8,5,0.000157,True,9.10473201349988,15.0,4,39,0.4,0.4,2,inf,2.979733,0.000856,3.04024
698,61,5,109,148.42,97.0,94.0,0.05,103,140.53,94.0,84.5,True,61,29,8,5,0.000184,True,10.640256103375632,18.0,26,38,0.4,0.4,2,inf,3.04125,0.000817,3.09992,True,61,26,8,5,0.00018,True,10.21768523621484,16.0,10,38,0.4,0.4,2,inf,3.507734,0.000821,3.565246
698,61,6,109,148.42,97.0,94.0,0.05,102,145.58,94.0,90.0,True,61,29,8,5,0.000184,True,10.640256103375632,18.0,26,38,0.4,0.4,2,inf,3.04125,0.000817,3.09992,True,61,27,8,5,0.000153,True,10.113657493023338,18.0,26,42,0.4,0.4,2,inf,3.36587,0.000748,3.419689
698,61,7,109,148.42,97.0,94.0,0.05,117,152.3,94.0,91.0,True,61,29,8,5,0.000184,True,10.640256103375632,18.0,26,38,0.4,0.4,2,inf,3.04125,0.000817,3.09992,True,61,28,8,5,0.000161,True,10.251203874001654,20.0,26,43,0.4,0.4,2,inf,2.542294,0.000875,2.595077
698,61,8,109,148.42,97.0,94.0,0.05,102,143.69,94.0,88.0,True,61,29,8,5,0.000184,True,10.640256103375632,18.0,26,38,0.4,0.4,2,inf,3.04125,0.000817,3.09992,True,61,26,8,5,0.000158,True,10.26204070020866,19.0,26,43,0.4,0.4,2,inf,3.047526,0.000662,3.10193
698,61,9,109,148.42,97.0,94.0,0.05,97,138.58,94.0,85.5,True,61,29,8,5,0.000184,True,10.640256103375632,18.0,26,38,0.4,0.4,2,inf,3.04125,0.000817,3.09992,True,61,27,8,5,0.000156,True,10.18175783307365,18.0,26,44,0.4,0.4,2,inf,3.250466,0.001206,3.314808
698,61,10,109,148.42,97.0,94.0,0.05,102,144.83,94.0,86.5,True,61,29,8,5,0.000184,True,10.640256103375632,18.0,26,38,0.4,0.4,2,inf,3.04125,0.000817,3.09992,True,61,28,8,5,0.000179,True,10.453633448479351,17.0,19,39,0.4,0.4,2,inf,3.568422,0.000888,3.633094
698,61,11,109,148.42,97.0,94.0,0.05,110,146.22,94.0,89.0,True,61,29,8,5,0.000184,True,10.640256103375632,18.0,26,38,0.4,0.4,2,inf,3.04125,0.000817,3.09992,True,61,24,8,5,0.000183,True,10.046210281321295,16.0,8,39,0.4,0.4,2,inf,4.453673,0.000956,4.509905
698,61,12,109,148.42,97.0,94.0,0.05,103,143.68,94.0,88.0,True,61,29,8,5,0.000184,True,10.640256103375632,18.0,26,38,0.4,0.4,2,inf,3.04125,0.000817,3.09992,True,61,27,8,5,0.000158,True,9.994830040623532,17.0,26,43,0.4,0.4,2,inf,3.439693,0.000889,3.494329
698,61,13,109,148.42,97.0,94.0,0.05,92,138.69,94.0,85.5,True,61,29,8,5,0.000184,True,10.640256103375632,18.0,26,38,0.4,0.4,2,inf,3.04125,0.000817,3.09992,True,61,25,8,5,0.000199,True,10.229380701707177,24.0,24,40,0.4,0.4,2,inf,4.553976,0.000778,4.609376
698,61,14,109,148.42,97.0,94.0,0.05,109,148.89,94.0,90.5,True,61,29,8,5,0.000184,True,10.640256103375632,18.0,26,38,0.4,0.4,2,inf,3.04125,0.000817,3.09992,True,61,26,8,5,0.000184,True,9.564462058767589,16.0,26,42,0.4,0.4,2,inf,3.244977,0.000874,3.299977
698,61,15,109,148.42,97.0,94.0,0.05,104,147.54,94.0,88.5,True,61,29,8,5,0.000184,True,10.640256103375632,18.0,26,38,0.4,0.4,2,inf,3.04125,0.000817,3.09992,True,61,27,8,5,0.000277,True,9.917456786019915,16.0,17,41,0.4,0.4,2,inf,3.194463,0.000914,3.253109
698,61,16,109,148.42,97.0,94.0,0.05,109,150.78,94.0,90.5,True,61,29,8,5,0.000184,True,10.640256103375632,18.0,26,38,0.4,0.4,2,inf,3.04125,0.000817,3.09992,True,61,29,8,5,0.000179,True,9.627565741287286,15.0,4,44,0.4,0.4,2,inf,4.204695,0.000849,4.267244
698,61,17,109,148.42,97.0,94.0,0.05,102,141.55,94.0,84.0,True,61,29,8,5,0.000184,True,10.640256103375632,18.0,26,38,0.4,0.4,2,inf,3.04125,0.000817,3.09992,True,61,27,8,5,0.000155,True,10.345810670883257,16.0,10,42,0.4,0.4,2,inf,4.224953,0.000865,4.281642
698,61,18,109,148.42,97.0,94.0,0.05,104,143.88,94.0,90.5,True,61,29,8,5,0.000184,True,10.640256103375632,18.0,26,38,0.4,0.4,2,inf,3.04125,0.000817,3.09992,True,61,28,8,5,0.000182,True,10.297696679082454,24.0,24,39,0.4,0.4,2,inf,4.081955,0.000949,4.159281
698,61,19,109,148.42,97.0,94.0,0.05,104,142.41,94.0,87.0,True,61,29,8,5,0.000184,True,10.640256103375632,18.0,26,38,0.4,0.4,2,inf,3.04125,0.000817,3.09992,True,61,25,8,5,0.00018,True,9.82110149820688,16.0,4,44,0.4,0.4,2,inf,2.945897,0.000837,3.004313
698,61,20,109,148.42,97.0,94.0,0.05,105,143.21,94.0,87.5,True,61,29,8,5,0.000184,True,10.640256103375632,18.0,26,38,0.4,0.4,2,inf,3.04125,0.000817,3.09992,True,61,27,8,5,0.00018,True,9.464493798095283,16.0,39,37,0.4,0.4,2,inf,3.768858,0.000725,3.822595
698,61,21,109,148.42,97.0,94.0,0.05,106,142.37,94.0,85.0,True,61,29,8,5,0.000184,True,10.640256103375632,18.0,26,38,0.4,0.4,2,inf,3.04125,0.000817,3.09992,True,61,28,8,5,0.000152,True,9.851363084744294,17.0,26,41,0.4,0.4,2,inf,3.012673,0.001094,3.071922
698,61,22,109,148.42,97.0,94.0,0.05,111,143.83,94.0,88.0,True,61,29,8,5,0.000184,True,10.640256103375632,18.0,26,38,0.4,0.4,2,inf,3.04125,0.000817,3.09992,True,61,27,8,5,0.000156,True,9.605516898797609,15.0,39,37,0.4,0.4,2,inf,3.473887,0.000773,3.529448
698,61,23,109,148.42,97.0,94.0,0.05,106,151.2,94.0,91.0,True,61,29,8,5,0.000184,True,10.640256103375632,18.0,26,38,0.4,0.4,2,inf,3.04125,0.000817,3.09992,True,61,27,8,5,0.000165,True,9.340538415626565,15.0,26,42,0.4,0.4,2,inf,2.869089,0.000706,2.924858
698,61,24,109,148.42,97.0,94.0,0.05,108,143.4,94.0,90.0,True,61,29,8,5,0.000184,True,10.640256103375632,18.0,26,38,0.4,0.4,2,inf,3.04125,0.000817,3.09992,True,61,29,8,5,0.000155,True,9.803514916132404,16.0,4,40,0.4,0.4,2,inf,3.094377,0.000819,3.150375
698,61,25,109,148.42,97.0,94.0,0.05,114,145.75,94.0,89.0,True,61,29,8,5,0.000184,True,10.640256103375632,18.0,26,38,0.4,0.4,2,inf,3.04125,0.000817,3.09992,True,61,27,8,5,0.000179,True,10.234523212446687,20.0,26,44,0.4,0.4,2,inf,3.1502,0.000724,3.203707
698,61,26,109,148.42,97.0,94.0,0.05,104,151.02,94.0,90.5,True,61,29,8,5,0.000184,True,10.640256103375632,18.0,26,38,0.4,0.4,2,inf,3.04125,0.000817,3.09992,True,61,26,8,5,0.000155,True,10.429628881815963,25.0,24,41,0.4,0.4,2,inf,3.513865,0.000801,3.564968
698,61,27,109,148.42,97.0,94.0,0.05,105,146.41,94.0,90.0,True,61,29,8,5,0.000184,True,10.640256103375632,18.0,26,38,0.4,0.4,2,inf,3.04125,0.000817,3.09992,True,61,27,8,5,0.000158,True,10.261074209622306,18.0,10,39,0.4,0.4,2,inf,2.696058,0.00074,2.748948
698,61,28,109,148.42,97.0,94.0,0.05,114,150.81,94.0,91.5,True,61,29,8,5,0.000184,True,10.640256103375632,18.0,26,38,0.4,0.4,2,inf,3.04125,0.000817,3.09992,True,61,28,8,5,0.00016,True,10.27135196921416,18.0,26,41,0.4,0.4,2,inf,2.592583,0.000741,2.651193
698,61,29,109,148.42,97.0,94.0,0.05,105,145.94,94.0,91.0,True,61,29,8,5,0.000184,True,10.640256103375632,18.0,26,38,0.4,0.4,2,inf,3.04125,0.000817,3.09992,True,61,29,8,5,0.000161,True,9.755161721130426,17.0,39,36,0.4,0.4,2,inf,4.529381,0.00075,4.585692
698,61,30,109,148.42,97.0,94.0,0.05,116,145.13,94.0,88.5,True,61,29,8,5,0.000184,True,10.640256103375632,18.0,26,38,0.4,0.4,2,inf,3.04125,0.000817,3.09992,True,61,28,8,5,0.000155,True,9.801248146441363,16.0,19,37,0.4,0.4,2,inf,3.750695,0.000738,3.805959
698,61,1,109,148.42,97.0,94.0,0.15,107,145.83,82.0,84.5,True,61,29,8,5,0.000184,True,10.640256103375632,18.0,26,38,0.4,0.4,2,inf,3.04125,0.000817,3.09992,True,61,28,8,5,0.000185,True,9.012972974544224,16.0,26,43,0.4,0.4,2,inf,2.555366,0.00073,2.612804
698,61,2,109,148.42,97.0,94.0,0.15,116,143.66,82.0,84.5,True,61,29,8,5,0.000184,True,10.640256103375632,18.0,26,38,0.4,0.4,2,inf,3.04125,0.000817,3.09992,True,61,25,8,5,0.000156,True,9.305260251702082,16.0,26,43,0.4,0.4,2,inf,3.121974,0.000744,3.176492
698,61,3,109,148.42,97.0,94.0,0.15,103,146.23,82.0,83.0,True,61,29,8,5,0.000184,True,10.640256103375632,18.0,26,38,0.4,0.4,2,inf,3.04125,0.000817,3.09992,True,61,25,8,5,0.000151,True,9.420390368775111,20.0,24,35,0.4,0.4,2,inf,3.810162,0.001004,3.872068
698,61,4,109,148.42,97.0,94.0,0.15,113,142.98,82.0,82.5,True,61,29,8,5,0.000184,True,10.640256103375632,18.0,26,38,0.4,0.4,2,inf,3.04125,0.000817,3.09992,True,61,27,8,5,0.000181,True,8.04350666879743,14.0,3,47,0.4,0.4,2,inf,3.211754,0.000749,3.265396
698,61,5,109,148.42,97.0,94.0,0.15,99,132.85,82.0,78.0,True,61,29,8,5,0.000184,True,10.640256103375632,18.0,26,38,0.4,0.4,2,inf,3.04125,0.000817,3.09992,True,61,23,8,5,0.000182,True,8.287559831926696,13.0,4,39,0.4,0.4,2,inf,2.785754,0.000956,2.847995
698,61,6,109,148.42,97.0,94.0,0.15,109,144.17,82.0,84.5,True,61,29,8,5,0.000184,True,10.640256103375632,18.0,26,38,0.4,0.4,2,inf,3.04125,0.000817,3.09992,True,61,26,8,5,0.000152,True,9.220035193212796,18.0,26,44,0.4,0.4,2,inf,3.800624,0.000778,3.859337
698,61,7,109,148.42,97.0,94.0,0.15,112,144.24,82.0,82.0,True,61,29,8,5,0.000184,True,10.640256103375632,18.0,26,38,0.4,0.4,2,inf,3.04125,0.000817,3.09992,True,61,24,8,5,0.000168,True,9.230958928978271,16.0,26,43,0.4,0.4,2,inf,2.600887,0.000693,2.655153
698,61,8,109,148.42,97.0,94.0,0.15,96,132.06,82.0,71.5,True,61,29,8,5,0.000184,True,10.640256103375632,18.0,26,38,0.4,0.4,2,inf,3.04125,0.000817,3.09992,True,61,23,8,5,0.000178,True,8.760720681368161,13.0,10,40,0.4,0.4,2,inf,2.722007,0.000724,2.773206
698,61,9,109,148.42,97.0,94.0,0.15,104,134.16,82.0,77.5,True,61,29,8,5,0.000184,True,10.640256103375632,18.0,26,38,0.4,0.4,2,inf,3.04125,0.000817,3.09992,True,61,22,8,5,0.000165,True,9.17490915904382,16.0,26,46,0.4,0.4,2,inf,2.386905,0.000786,2.440502
698,61,10,109,148.42,97.0,94.0,0.15,115,139.64,82.0,78.0,True,61,29,8,5,0.000184,True,10.640256103375632,18.0,26,38,0.4,0.4,2,inf,3.04125,0.000817,3.09992,True,61,26,8,5,0.000182,True,9.159083952967483,15.0,26,42,0.4,0.4,2,inf,2.816349,0.000735,2.872003
698,61,11,109,148.42,97.0,94.0,0.15,98,130.26,82.0,74.0,True,61,29,8,5,0.000184,True,10.640256103375632,18.0,26,38,0.4,0.4,2,inf,3.04125,0.000817,3.09992,True,61,22,8,5,0.000153,True,8.654559041954649,13.0,4,38,0.4,0.4,2,inf,3.065434,0.000684,3.118292
698,61,12,109,148.42,97.0,94.0,0.15,105,137.35,82.0,78.5,True,61,29,8,5,0.000184,True,10.640256103375632,18.0,26,38,0.4,0.4,2,inf,3.04125,0.000817,3.09992,True,61,24,8,5,0.000153,True,9.118429131027256,15.0,26,41,0.4,0.4,2,inf,3.050365,0.000913,3.131297
698,61,13,109,148.42,97.0,94.0,0.15,87,132.35,82.0,72.5,True,61,29,8,5,0.000184,True,10.640256103375632,18.0,26,38,0.4,0.4,2,inf,3.04125,0.000817,3.09992,True,61,19,8,5,0.000154,True,9.342860993265369,16.0,26,39,0.4,0.4,2,inf,3.734353,0.000813,3.79153
698,61,14,109,148.42,97.0,94.0,0.15,105,138.93,82.0,80.0,True,61,29,8,5,0.000184,True,10.640256103375632,18.0,26,38,0.4,0.4,2,inf,3.04125,0.000817,3.09992,True,61,23,8,5,0.000152,True,8.37489925781334,18.0,26,45,0.4,0.4,2,inf,3.104028,0.000721,3.178271
698,61,15,109,148.42,97.0,94.0,0.15,92,133.27,82.0,74.5,True,61,29,8,5,0.000184,True,10.640256103375632,18.0,26,38,0.4,0.4,2,inf,3.04125,0.000817,3.09992,True,61,22,8,5,0.000159,True,9.37621210191427,23.0,24,38,0.4,0.4,2,inf,4.350788,0.000693,4.405091
698,61,16,109,148.42,97.0,94.0,0.15,111,135.7,82.0,76.0,True,61,29,8,5,0.000184,True,10.640256103375632,18.0,26,38,0.4,0.4,2,inf,3.04125,0.000817,3.09992,True,61,24,8,5,0.000155,True,8.264667585354793,12.0,26,38,0.4,0.4,2,inf,4.392046,0.000725,4.446308
698,61,17,109,148.42,97.0,94.0,0.15,105,135.69,82.0,76.5,True,61,29,8,5,0.000184,True,10.640256103375632,18.0,26,38,0.4,0.4,2,inf,3.04125,0.000817,3.09992,True,61,26,8,5,0.000178,True,9.017949098170876,15.0,17,42,0.4,0.4,2,inf,3.489564,0.00079,3.541964
698,61,18,109,148.42,97.0,94.0,0.15,102,138.61,82.0,79.25,True,61,29,8,5,0.000184,True,10.640256103375632,18.0,26,38,0.4,0.4,2,inf,3.04125,0.000817,3.09992,True,61,24,8,5,0.00018,True,8.845749344683409,16.0,19,34,0.4,0.4,2,inf,3.168773,0.000782,3.225519
698,61,19,109,148.42,97.0,94.0,0.15,107,132.89,82.0,73.5,True,61,29,8,5,0.000184,True,10.640256103375632,18.0,26,38,0.4,0.4,2,inf,3.04125,0.000817,3.09992,True,61,24,8,5,0.000177,True,8.445641816191637,13.0,26,43,0.4,0.4,2,inf,2.659279,0.000871,2.714639
698,61,20,109,148.42,97.0,94.0,0.15,99,133.2,82.0,78.5,True,61,29,8,5,0.000184,True,10.640256103375632,18.0,26,38,0.4,0.4,2,inf,3.04125,0.000817,3.09992,True,61,25,8,5,0.000151,True,8.100272567475814,14.0,17,36,0.4,0.4,2,inf,3.672729,0.000957,3.73367
698,61,21,109,148.42,97.0,94.0,0.15,98,132.59,82.0,75.0,True,61,29,8,5,0.000184,True,10.640256103375632,18.0,26,38,0.4,0.4,2,inf,3.04125,0.000817,3.09992,True,61,25,8,5,0.000162,True,9.05232545347849,18.0,26,41,0.4,0.4,2,inf,3.028896,0.000787,3.08624
698,61,22,109,148.42,97.0,94.0,0.15,108,136.13,82.0,77.0,True,61,29,8,5,0.000184,True,10.640256103375632,18.0,26,38,0.4,0.4,2,inf,3.04125,0.000817,3.09992,True,61,24,8,5,0.000158,True,8.432987640082088,12.0,26,37,0.4,0.4,2,inf,4.771235,0.00085,4.844333
698,61,23,109,148.42,97.0,94.0,0.15,109,143.84,82.0,85.5,True,61,29,8,5,0.000184,True,10.640256103375632,18.0,26,38,0.4,0.4,2,inf,3.04125,0.000817,3.09992,True,61,24,8,5,0.000157,True,8.369905788974863,14.0,26,45,0.4,0.4,2,inf,3.239967,0.000889,3.298264
698,61,24,109,148.42,97.0,94.0,0.15,117,145.19,82.0,85.5,True,61,29,8,5,0.000184,True,10.640256103375632,18.0,26,38,0.4,0.4,2,inf,3.04125,0.000817,3.09992,True,61,26,8,5,0.000152,True,8.553619341799171,17.0,26,43,0.4,0.4,2,inf,2.96644,0.000811,3.022415
698,61,25,109,148.42,97.0,94.0,0.15,94,133.53,82.0,76.5,True,61,29,8,5,0.000184,True,10.640256103375632,18.0,26,38,0.4,0.4,2,inf,3.04125,0.000817,3.09992,True,61,25,8,5,0.000158,True,8.81463441506932,16.0,26,40,0.4,0.4,2,inf,2.778341,0.000772,2.837031
698,61,26,109,148.42,97.0,94.0,0.15,107,140.12,82.0,77.5,True,61,29,8,5,0.000184,True,10.640256103375632,18.0,26,38,0.4,0.4,2,inf,3.04125,0.000817,3.09992,True,61,24,8,5,0.000166,True,9.382972400972504,15.0,17,41,0.4,0.4,2,inf,2.828448,0.000738,2.884551
698,61,27,109,148.42,97.0,94.0,0.15,114,146.11,82.0,86.5,True,61,29,8,5,0.000184,True,10.640256103375632,18.0,26,38,0.4,0.4,2,inf,3.04125,0.000817,3.09992,True,61,26,8,5,0.00019,True,9.140008720793285,15.0,10,35,0.4,0.4,2,inf,3.163469,0.000764,3.220046
698,61,28,109,148.42,97.0,94.0,0.15,114,139.61,82.0,81.0,True,61,29,8,5,0.000184,True,10.640256103375632,18.0,26,38,0.4,0.4,2,inf,3.04125,0.000817,3.09992,True,61,24,8,5,0.000159,True,9.599778179359332,18.0,26,39,0.4,0.4,2,inf,3.391792,0.00088,3.447196
698,61,29,109,148.42,97.0,94.0,0.15,101,139.57,82.0,80.5,True,61,29,8,5,0.000184,True,10.640256103375632,18.0,26,38,0.4,0.4,2,inf,3.04125,0.000817,3.09992,True,61,27,8,5,0.000155,True,8.590852418067634,12.0,26,35,0.4,0.4,2,inf,3.740917,0.000724,3.79701
698,61,30,109,148.42,97.0,94.0,0.15,108,135.75,82.0,78.0,True,61,29,8,5,0.000184,True,10.640256103375632,18.0,26,38,0.4,0.4,2,inf,3.04125,0.000817,3.09992,True,61,22,8,5,0.000152,True,8.558409875249009,14.0,19,37,0.4,0.4,2,inf,4.187703,0.000793,4.246803
698,61,1,109,148.42,97.0,94.0,0.25,101,132.58,72.0,74.0,True,61,29,8,5,0.000184,True,10.640256103375632,18.0,26,38,0.4,0.4,2,inf,3.04125,0.000817,3.09992,True,61,26,8,5,0.000172,True,7.818353599006367,12.0,26,45,0.4,0.4,2,inf,2.472326,0.000734,2.529215
698,61,2,109,148.42,97.0,94.0,0.25,102,129.8,72.0,73.5,True,61,29,8,5,0.000184,True,10.640256103375632,18.0,26,38,0.4,0.4,2,inf,3.04125,0.000817,3.09992,True,61,24,8,5,0.00015,True,8.018246506199628,12.0,3,40,0.4,0.4,2,inf,2.970513,0.00077,3.022356
698,61,3,109,148.42,97.0,94.0,0.25,96,130.65,72.0,71.5,True,61,29,8,5,0.000184,True,10.640256103375632,18.0,26,38,0.4,0.4,2,inf,3.04125,0.000817,3.09992,True,61,23,8,5,0.000156,True,7.926539711773647,13.0,3,39,0.4,0.4,2,inf,2.989993,0.00073,3.040796
698,61,4,109,148.42,97.0,94.0,0.25,98,131.36,72.0,71.5,True,61,29,8,5,0.000184,True,10.640256103375632,18.0,26,38,0.4,0.4,2,inf,3.04125,0.000817,3.09992,True,61,25,8,5,0.000155,True,7.199391754098897,15.0,17,39,0.4,0.4,2,inf,3.015462,0.000755,3.069146
698,61,5,109,148.42,97.0,94.0,0.25,95,119.64,72.0,63.5,True,61,29,8,5,0.000184,True,10.640256103375632,18.0,26,38,0.4,0.4,2,inf,3.04125,0.000817,3.09992,True,61,20,8,5,0.000184,True,6.640645912854969,17.0,24,41,0.4,0.4,2,inf,2.740946,0.000723,2.792857
698,61,6,109,148.42,97.0,94.0,0.25,103,131.52,72.0,73.5,True,61,29,8,5,0.000184,True,10.640256103375632,18.0,26,38,0.4,0.4,2,inf,3.04125,0.000817,3.09992,True,61,22,8,5,0.000156,True,7.968223744385232,12.0,19,39,0.4,0.4,2,inf,2.506423,0.000734,2.560812
698,61,7,109,148.42,97.0,94.0,0.25,110,131.1,72.0,70.5,True,61,29,8,5,0.000184,True,10.640256103375632,18.0,26,38,0.4,0.4,2,inf,3.04125,0.000817,3.09992,True,61,22,8,5,0.000182,True,8.34365763766294,13.0,26,42,0.4,0.4,2,inf,2.37468,0.000774,2.430622
698,61,8,109,148.42,97.0,94.0,0.25,91,117.08,72.0,58.0,True,61,29,8,5,0.000184,True,10.640256103375632,18.0,26,38,0.4,0.4,2,inf,3.04125,0.000817,3.09992,True,61,17,8,5,0.000152,True,8.01728314938235,13.0,39,36,0.4,0.4,2,inf,2.867934,0.000757,2.922026
698,61,9,109,148.42,97.0,94.0,0.25,97,121.21,72.0,69.5,True,61,29,8,5,0.000184,True,10.640256103375632,18.0,26,38,0.4,0.4,2,inf,3.04125,0.000817,3.09992,True,61,20,8,5,0.000181,True,8.276402983978032,16.0,26,41,0.4,0.4,2,inf,2.719112,0.000766,2.773088
698,61,10,109,148.42,97.0,94.0,0.25,101,121.63,72.0,67.5,True,61,29,8,5,0.000184,True,10.640256103375632,18.0,26,38,0.4,0.4,2,inf,3.04125,0.000817,3.09992,True,61,23,8,5,0.000182,True,7.932262206738653,13.0,4,41,0.4,0.4,2,inf,3.342233,0.000981,3.40542
698,61,11,109,148.42,97.0,94.0,0.25,91,118.94,72.0,59.5,True,61,29,8,5,0.000184,True,10.640256103375632,18.0,26,38,0.4,0.4,2,inf,3.04125,0.000817,3.09992,True,61,21,8,5,0.000178,True,7.761057704909101,13.0,0,36,0.4,0.4,2,inf,3.601464,0.001089,3.655926
698,61,12,109,148.42,97.0,94.0,0.25,94,125.92,72.0,67.0,True,61,29,8,5,0.000184,True,10.640256103375632,18.0,26,38,0.4,0.4,2,inf,3.04125,0.000817,3.09992,True,61,24,8,5,0.00015,True,7.728328392906067,14.0,26,45,0.4,0.4,2,inf,3.073753,0.000729,3.126149
698,61,13,109,148.42,97.0,94.0,0.25,79,119.46,72.0,64.5,True,61,29,8,5,0.000184,True,10.640256103375632,18.0,26,38,0.4,0.4,2,inf,3.04125,0.000817,3.09992,True,61,17,8,5,0.000154,True,8.52761116485071,19.0,25,38,0.4,0.4,2,inf,3.02631,0.002377,3.099192
698,61,14,109,148.42,97.0,94.0,0.25,104,127.08,72.0,71.0,True,61,29,8,5,0.000184,True,10.640256103375632,18.0,26,38,0.4,0.4,2,inf,3.04125,0.000817,3.09992,True,61,21,8,5,0.000152,True,7.548526126688592,14.0,0,39,0.4,0.4,2,inf,3.676657,0.000852,3.735176
698,61,15,109,148.42,97.0,94.0,0.25,96,122.9,72.0,68.5,True,61,29,8,5,0.000184,True,10.640256103375632,18.0,26,38,0.4,0.4,2,inf,3.04125,0.000817,3.09992,True,61,20,8,5,0.00016,True,7.355345401085942,12.0,3,39,0.4,0.4,2,inf,4.48636,0.000745,4.540962
698,61,16,109,148.42,97.0,94.0,0.25,100,123.97,72.0,67.5,True,61,29,8,5,0.000184,True,10.640256103375632,18.0,26,38,0.4,0.4,2,inf,3.04125,0.000817,3.09992,True,61,23,8,5,0.000151,True,7.547678630497354,14.0,9,38,0.4,0.4,2,inf,3.005673,0.000722,3.059977
698,61,17,109,148.42,97.0,94.0,0.25,99,125.01,72.0,67.5,True,61,29,8,5,0.000184,True,10.640256103375632,18.0,26,38,0.4,0.4,2,inf,3.04125,0.000817,3.09992,True,61,24,8,5,0.000182,True,7.478037138541662,11.0,9,39,0.4,0.4,2,inf,4.19014,0.000983,4.249592
698,61,18,109,148.42,97.0,94.0,0.25,103,125.86,72.0,67.0,True,61,29,8,5,0.000184,True,10.640256103375632,18.0,26,38,0.4,0.4,2,inf,3.04125,0.000817,3.09992,True,61,23,8,5,0.000153,True,7.424029830478265,13.0,3,38,0.4,0.4,2,inf,3.426331,0.000762,3.48787
698,61,19,109,148.42,97.0,94.0,0.25,100,123.72,72.0,66.75,True,61,29,8,5,0.000184,True,10.640256103375632,18.0,26,38,0.4,0.4,2,inf,3.04125,0.000817,3.09992,True,61,21,8,5,0.000162,True,7.156167102962011,12.0,17,36,0.4,0.4,2,inf,4.859537,0.000754,4.914191
698,61,20,109,148.42,97.0,94.0,0.25,95,122.41,72.0,63.5,True,61,29,8,5,0.000184,True,10.640256103375632,18.0,26,38,0.4,0.4,2,inf,3.04125,0.000817,3.09992,True,61,23,8,5,0.000179,True,6.99958783712023,10.0,26,37,0.4,0.4,2,inf,3.438245,0.000873,3.492876
698,61,21,109,148.42,97.0,94.0,0.25,97,126.34,72.0,66.0,True,61,29,8,5,0.000184,True,10.640256103375632,18.0,26,38,0.4,0.4,2,inf,3.04125,0.000817,3.09992,True,61,23,8,5,0.000154,True,7.886469299367861,12.0,39,37,0.4,0.4,2,inf,3.792001,0.000731,3.850122
698,61,22,109,148.42,97.0,94.0,0.25,109,129.91,72.0,69.0,True,61,29,8,5,0.000184,True,10.640256103375632,18.0,26,38,0.4,0.4,2,inf,3.04125,0.000817,3.09992,True,61,23,8,5,0.000152,True,6.136967157832661,9.0,2,35,0.4,0.4,2,inf,3.84592,0.000752,3.902901
698,61,23,109,148.42,97.0,94.0,0.25,99,131.38,72.0,71.5,True,61,29,8,5,0.000184,True,10.640256103375632,18.0,26,38,0.4,0.4,2,inf,3.04125,0.000817,3.09992,True,61,21,8,5,0.000154,True,7.29308187271861,12.0,3,44,0.4,0.4,2,inf,3.895775,0.00068,3.956933
698,61,24,109,148.42,97.0,94.0,0.25,104,132.53,72.0,72.0,True,61,29,8,5,0.000184,True,10.640256103375632,18.0,26,38,0.4,0.4,2,inf,3.04125,0.000817,3.09992,True,61,25,8,5,0.000179,True,7.259800696754977,15.0,14,37,0.4,0.4,2,inf,3.267617,0.000759,3.319758
698,61,25,109,148.42,97.0,94.0,0.25,95,120.43,72.0,68.5,True,61,29,8,5,0.000184,True,10.640256103375632,18.0,26,38,0.4,0.4,2,inf,3.04125,0.000817,3.09992,True,61,24,8,5,0.000188,True,7.563205970445471,14.0,26,40,0.4,0.4,2,inf,2.423976,0.000847,2.47696
698,61,26,109,148.42,97.0,94.0,0.25,94,124.51,72.0,64.0,True,61,29,8,5,0.000184,True,10.640256103375632,18.0,26,38,0.4,0.4,2,inf,3.04125,0.000817,3.09992,True,61,18,8,5,0.000183,True,7.9991830224305644,13.0,17,37,0.4,0.4,2,inf,2.884464,0.000768,2.949181
698,61,27,109,148.42,97.0,94.0,0.25,110,138.3,72.0,76.5,True,61,29,8,5,0.000184,True,10.640256103375632,18.0,26,38,0.4,0.4,2,inf,3.04125,0.000817,3.09992,True,61,25,8,5,0.000203,True,8.11754025082802,14.0,39,37,0.4,0.4,2,inf,3.116639,0.000731,3.177925
698,61,28,109,148.42,97.0,94.0,0.25,105,128.01,72.0,78.0,True,61,29,8,5,0.000184,True,10.640256103375632,18.0,26,38,0.4,0.4,2,inf,3.04125,0.000817,3.09992,True,61,24,8,5,0.000156,True,7.58872420014017,13.0,10,37,0.4,0.4,2,inf,3.34427,0.000729,3.400079
698,61,29,109,148.42,97.0,94.0,0.25,93,131.07,72.0,72.83333333333303,True,61,29,8,5,0.000184,True,10.640256103375632,18.0,26,38,0.4,0.4,2,inf,3.04125,0.000817,3.09992,True,61,24,8,5,0.000181,True,7.135782029338204,10.0,5,38,0.4,0.4,2,inf,3.867119,0.000878,3.921685
698,61,30,109,148.42,97.0,94.0,0.25,98,119,72.0,68.0,True,61,29,8,5,0.000184,True,10.640256103375632,18.0,26,38,0.4,0.4,2,inf,3.04125,0.000817,3.09992,True,61,19,8,5,0.000181,True,7.408053383809265,17.0,25,42,0.4,0.4,2,inf,2.985614,0.000734,3.04552
698,61,1,109,148.42,97.0,94.0,0.4,87,106.85,53.0,56.0,True,61,29,8,5,0.000184,True,10.640256103375632,18.0,26,38,0.4,0.4,2,inf,3.04125,0.000817,3.09992,True,61,23,8,5,0.000181,True,6.214016452082516,9.0,26,42,0.4,0.4,2,inf,3.449673,0.000731,3.536142
698,61,2,109,148.42,97.0,94.0,0.4,90,104.98,53.0,60.0,True,61,29,8,5,0.000184,True,10.640256103375632,18.0,26,38,0.4,0.4,2,inf,3.04125,0.000817,3.09992,True,61,22,8,5,0.000182,True,6.1215043303952195,13.0,26,43,0.4,0.4,2,inf,3.260866,0.000787,3.31774
698,61,3,109,148.42,97.0,94.0,0.4,86,102.58,53.0,48.5,True,61,29,8,5,0.000184,True,10.640256103375632,18.0,26,38,0.4,0.4,2,inf,3.04125,0.000817,3.09992,True,61,17,8,5,0.000156,True,5.664481168752389,11.0,26,41,0.4,0.4,2,inf,4.838657,0.000878,4.89754
698,61,4,109,148.42,97.0,94.0,0.4,81,103.04,53.0,58.5,True,61,29,8,5,0.000184,True,10.640256103375632,18.0,26,38,0.4,0.4,2,inf,3.04125,0.000817,3.09992,True,61,20,8,5,0.000179,True,5.700943801877789,11.0,0,43,0.4,0.4,2,inf,5.503311,0.000755,5.560193
698,61,5,109,148.42,97.0,94.0,0.4,88,102.59,53.0,52.5,True,61,29,8,5,0.000184,True,10.640256103375632,18.0,26,38,0.4,0.4,2,inf,3.04125,0.000817,3.09992,True,61,16,8,5,0.000154,True,5.795420211811827,11.0,26,48,0.4,0.4,2,inf,4.420587,0.000758,4.472044
698,61,6,109,148.42,97.0,94.0,0.4,89,106.13,53.0,55.0,True,61,29,8,5,0.000184,True,10.640256103375632,18.0,26,38,0.4,0.4,2,inf,3.04125,0.000817,3.09992,True,61,20,8,5,0.000154,True,6.2515214295983705,13.0,5,36,0.4,0.4,2,inf,2.937044,0.000894,2.997863
698,61,7,109,148.42,97.0,94.0,0.4,96,110.96,53.0,57.0,True,61,29,8,5,0.000184,True,10.640256103375632,18.0,26,38,0.4,0.4,2,inf,3.04125,0.000817,3.09992,True,61,19,8,5,0.000191,True,6.421446119337892,8.0,26,40,0.4,0.4,2,inf,2.7873,0.000653,2.841336
698,61,8,109,148.42,97.0,94.0,0.4,75,94.67,53.0,41.5,True,61,29,8,5,0.000184,True,10.640256103375632,18.0,26,38,0.4,0.4,2,inf,3.04125,0.000817,3.09992,True,61,16,8,5,0.000182,True,5.687489620766998,9.0,18,38,0.4,0.4,2,inf,2.485652,0.000733,2.54008
698,61,9,109,148.42,97.0,94.0,0.4,77,101.99,53.0,57.5,True,61,29,8,5,0.000184,True,10.640256103375632,18.0,26,38,0.4,0.4,2,inf,3.04125,0.000817,3.09992,True,61,17,8,5,0.000154,True,6.03009956566358,10.0,26,43,0.4,0.4,2,inf,3.037295,0.000833,3.091793
698,61,10,109,148.42,97.0,94.0,0.4,83,95.94,53.0,49.5,True,61,29,8,5,0.000184,True,10.640256103375632,18.0,26,38,0.4,0.4,2,inf,3.04125,0.000817,3.09992,True,61,15,8,5,0.000191,True,5.641473250024637,10.0,0,44,0.4,0.4,2,inf,2.942668,0.000768,2.998915
698,61,11,109,148.42,97.0,94.0,0.4,69,97.46,53.0,44.5,True,61,29,8,5,0.000184,True,10.640256103375632,18.0,26,38,0.4,0.4,2,inf,3.04125,0.000817,3.09992,True,61,16,8,5,0.000154,True,5.3027371853517735,8.0,18,37,0.4,0.4,2,inf,2.537857,0.000663,2.591141
698,61,12,109,148.42,97.0,94.0,0.4,90,104.4,53.0,51.5,True,61,29,8,5,0.000184,True,10.640256103375632,18.0,26,38,0.4,0.4,2,inf,3.04125,0.000817,3.09992,True,61,18,8,5,0.000158,True,5.2421536751259445,10.0,4,42,0.4,0.4,2,inf,2.272902,0.000732,2.326156
698,61,13,109,148.42,97.0,94.0,0.4,83,102.36,53.0,52.0,True,61,29,8,5,0.000184,True,10.640256103375632,18.0,26,38,0.4,0.4,2,inf,3.04125,0.000817,3.09992,True,61,15,8,5,0.000159,True,7.357815067679,13.0,26,40,0.4,0.4,2,inf,2.988697,0.00077,3.045582
698,61,14,109,148.42,97.0,94.0,0.4,87,101.48,53.0,54.0,True,61,29,8,5,0.000184,True,10.640256103375632,18.0,26,38,0.4,0.4,2,inf,3.04125,0.000817,3.09992,True,61,17,8,5,0.000162,True,6.50902528514358,13.0,20,38,0.4,0.4,2,inf,2.391523,0.000703,2.446559
698,61,15,109,148.42,97.0,94.0,0.4,90,107.17,53.0,54.0,True,61,29,8,5,0.000184,True,10.640256103375632,18.0,26,38,0.4,0.4,2,inf,3.04125,0.000817,3.09992,True,61,18,8,5,0.000159,True,5.924566376112444,12.0,3,43,0.4,0.4,2,inf,2.475019,0.000772,2.536423
698,61,16,109,148.42,97.0,94.0,0.4,81,99.73,53.0,49.5,True,61,29,8,5,0.000184,True,10.640256103375632,18.0,26,38,0.4,0.4,2,inf,3.04125,0.000817,3.09992,True,61,16,8,5,0.000172,True,5.850360181614323,11.0,9,39,0.4,0.4,2,inf,2.711798,0.000643,2.770929
698,61,17,109,148.42,97.0,94.0,0.4,79,101.06,53.0,52.5,True,61,29,8,5,0.000184,True,10.640256103375632,18.0,26,38,0.4,0.4,2,inf,3.04125,0.000817,3.09992,True,61,20,8,5,0.000164,True,5.127657278942845,10.0,0,41,0.4,0.4,2,inf,2.76301,0.000748,2.816535
698,61,18,109,148.42,97.0,94.0,0.4,91,108.66,53.0,55.5,True,61,29,8,5,0.000184,True,10.640256103375632,18.0,26,38,0.4,0.4,2,inf,3.04125,0.000817,3.09992,True,61,19,8,5,0.000222,True,5.716728742020641,10.0,16,37,0.4,0.4,2,inf,2.405276,0.000742,2.462497
698,61,19,109,148.42,97.0,94.0,0.4,87,105.89,53.0,54.5,True,61,29,8,5,0.000184,True,10.640256103375632,18.0,26,38,0.4,0.4,2,inf,3.04125,0.000817,3.09992,True,61,16,8,5,0.000164,True,5.212099221774203,8.0,17,44,0.4,0.4,2,inf,2.739298,0.000656,2.798169
698,61,20,109,148.42,97.0,94.0,0.4,80,96.81,53.0,44.5,True,61,29,8,5,0.000184,True,10.640256103375632,18.0,26,38,0.4,0.4,2,inf,3.04125,0.000817,3.09992,True,61,18,8,5,0.000161,True,5.458560496791989,10.0,26,43,0.4,0.4,2,inf,2.652309,0.000781,2.714013
698,61,21,109,148.42,97.0,94.0,0.4,85,105.35,53.0,51.0,True,61,29,8,5,0.000184,True,10.640256103375632,18.0,26,38,0.4,0.4,2,inf,3.04125,0.000817,3.09992,True,61,19,8,5,0.000181,True,5.910379384781467,14.0,24,39,0.4,0.4,2,inf,2.379772,0.000746,2.439656
698,61,22,109,148.42,97.0,94.0,0.4,91,108.9,53.0,57.5,True,61,29,8,5,0.000184,True,10.640256103375632,18.0,26,38,0.4,0.4,2,inf,3.04125,0.000817,3.09992,True,61,19,8,5,0.000179,True,4.682195889318416,7.0,2,38,0.4,0.4,2,inf,2.509942,0.000873,2.567821
698,61,23,109,148.42,97.0,94.0,0.4,79,100.1,53.0,52.0,True,61,29,8,5,0.000184,True,10.640256103375632,18.0,26,38,0.4,0.4,2,inf,3.04125,0.000817,3.09992,True,61,15,8,5,0.000186,True,5.4762112942826295,11.0,23,43,0.4,0.4,2,inf,2.640425,0.000637,2.701472
698,61,24,109,148.42,97.0,94.0,0.4,96,112.15,53.0,60.0,True,61,29,8,5,0.000184,True,10.640256103375632,18.0,26,38,0.4,0.4,2,inf,3.04125,0.000817,3.09992,True,61,20,8,5,0.000183,True,5.531008029257424,12.0,5,40,0.4,0.4,2,inf,2.758659,0.000735,2.814252
698,61,25,109,148.42,97.0,94.0,0.4,89,102.93,53.0,54.5,True,61,29,8,5,0.000184,True,10.640256103375632,18.0,26,38,0.4,0.4,2,inf,3.04125,0.000817,3.09992,True,61,20,8,5,0.000183,True,5.338569743615618,9.0,26,43,0.4,0.4,2,inf,2.490944,0.000662,2.551864
698,61,26,109,148.42,97.0,94.0,0.4,77,100.29,53.0,47.0,True,61,29,8,5,0.000184,True,10.640256103375632,18.0,26,38,0.4,0.4,2,inf,3.04125,0.000817,3.09992,True,61,14,8,5,0.000157,True,5.798517504232621,16.0,21,35,0.4,0.4,2,inf,2.977377,0.00073,3.033567
698,61,27,109,148.42,97.0,94.0,0.4,94,111.51,53.0,60.25,True,61,29,8,5,0.000184,True,10.640256103375632,18.0,26,38,0.4,0.4,2,inf,3.04125,0.000817,3.09992,True,61,18,8,5,0.000184,True,6.415634111189061,11.0,2,39,0.4,0.4,2,inf,2.298967,0.000743,2.355371
698,61,28,109,148.42,97.0,94.0,0.4,87,102.63,53.0,57.625000000000114,True,61,29,8,5,0.000184,True,10.640256103375632,18.0,26,38,0.4,0.4,2,inf,3.04125,0.000817,3.09992,True,61,18,8,5,0.000156,True,4.691776872037248,7.0,0,36,0.4,0.4,2,inf,2.663719,0.000762,2.727739
698,61,29,109,148.42,97.0,94.0,0.4,81,108.23,53.0,55.0,True,61,29,8,5,0.000184,True,10.640256103375632,18.0,26,38,0.4,0.4,2,inf,3.04125,0.000817,3.09992,True,61,22,8,5,0.000162,True,4.589356596911721,8.0,5,33,0.4,0.4,2,inf,2.458305,0.000719,2.513923
698,61,30,109,148.42,97.0,94.0,0.4,82,94.63,53.0,46.5,True,61,29,8,5,0.000184,True,10.640256103375632,18.0,26,38,0.4,0.4,2,inf,3.04125,0.000817,3.09992,True,61,14,8,5,0.000159,True,5.660958203513952,12.0,26,46,0.4,0.4,2,inf,2.793619,0.000752,2.851493
1684,786,1,,,,,0.05,,,,,True,382,239,8,5,0.291831,,,,,,,,,,,,,True,401,218,8,5,0.293931,,,,,,,,,,,,
1684,786,2,,,,,0.05,,,,,True,382,239,8,5,0.291831,,,,,,,,,,,,,True,396,214,8,5,0.294427,,,,,,,,,,,,
1684,786,3,,,,,0.05,,,,,True,382,239,8,5,0.291831,,,,,,,,,,,,,True,395,220,8,5,0.290816,,,,,,,,,,,,
1684,786,4,,,,,0.05,,,,,True,382,239,8,5,0.291831,,,,,,,,,,,,,True,397,218,8,5,0.290455,,,,,,,,,,,,
1684,786,5,,,,,0.05,,,,,True,382,239,8,5,0.291831,,,,,,,,,,,,,True,395,218,8,5,0.293723,,,,,,,,,,,,
1684,786,6,,,,,0.05,,,,,True,382,239,8,5,0.291831,,,,,,,,,,,,,True,395,225,8,5,0.295374,,,,,,,,,,,,
1684,786,7,,,,,0.05,,,,,True,382,239,8,5,0.291831,,,,,,,,,,,,,True,397,219,8,5,0.290717,,,,,,,,,,,,
1684,786,8,,,,,0.05,,,,,True,382,239,8,5,0.291831,,,,,,,,,,,,,True,398,218,8,5,0.290031,,,,,,,,,,,,
1684,786,9,,,,,0.05,,,,,True,382,239,8,5,0.291831,,,,,,,,,,,,,True,393,223,8,5,0.290034,,,,,,,,,,,,
1684,786,10,,,,,0.05,,,,,True,382,239,8,5,0.291831,,,,,,,,,,,,,True,395,220,8,5,0.287456,,,,,,,,,,,,
1684,786,11,,,,,0.05,,,,,True,382,239,8,5,0.291831,,,,,,,,,,,,,True,405,218,8,5,0.289403,,,,,,,,,,,,
1684,786,12,,,,,0.05,,,,,True,382,239,8,5,0.291831,,,,,,,,,,,,,True,399,217,8,5,0.291189,,,,,,,,,,,,
1684,786,13,,,,,0.05,,,,,True,382,239,8,5,0.291831,,,,,,,,,,,,,True,395,215,8,5,0.29321,,,,,,,,,,,,
1684,786,14,,,,,0.05,,,,,True,382,239,8,5,0.291831,,,,,,,,,,,,,True,401,209,8,5,0.292327,,,,,,,,,,,,
1684,786,15,,,,,0.05,,,,,True,382,239,8,5,0.291831,,,,,,,,,,,,,True,392,224,8,5,0.292542,,,,,,,,,,,,
1684,786,16,,,,,0.05,,,,,True,382,239,8,5,0.291831,,,,,,,,,,,,,True,395,219,8,5,0.293853,,,,,,,,,,,,
1684,786,17,,,,,0.05,,,,,True,382,239,8,5,0.291831,,,,,,,,,,,,,True,397,218,8,5,0.293519,,,,,,,,,,,,
1684,786,18,,,,,0.05,,,,,True,382,239,8,5,0.291831,,,,,,,,,,,,,True,396,220,8,5,0.292223,,,,,,,,,,,,
1684,786,19,,,,,0.05,,,,,True,382,239,8,5,0.291831,,,,,,,,,,,,,True,397,215,8,5,0.292928,,,,,,,,,,,,
1684,786,20,,,,,0.05,,,,,True,382,239,8,5,0.291831,,,,,,,,,,,,,True,393,218,8,5,0.403453,,,,,,,,,,,,
1684,786,21,,,,,0.05,,,,,True,382,239,8,5,0.291831,,,,,,,,,,,,,True,398,218,8,5,0.293151,,,,,,,,,,,,
1684,786,22,,,,,0.05,,,,,True,382,239,8,5,0.291831,,,,,,,,,,,,,True,393,219,8,5,0.29239,,,,,,,,,,,,
1684,786,23,,,,,0.05,,,,,True,382,239,8,5,0.291831,,,,,,,,,,,,,True,400,217,8,5,0.291986,,,,,,,,,,,,
1684,786,24,,,,,0.05,,,,,True,382,239,8,5,0.291831,,,,,,,,,,,,,True,397,224,8,5,0.315231,,,,,,,,,,,,
1684,786,25,,,,,0.05,,,,,True,382,239,8,5,0.291831,,,,,,,,,,,,,True,402,212,8,5,0.299681,,,,,,,,,,,,
1684,786,26,,,,,0.05,,,,,True,382,239,8,5,0.291831,,,,,,,,,,,,,True,402,217,8,5,0.29872,,,,,,,,,,,,
1684,786,27,,,,,0.05,,,,,True,382,239,8,5,0.291831,,,,,,,,,,,,,True,395,222,8,5,0.322599,,,,,,,,,,,,
1684,786,28,,,,,0.05,,,,,True,382,239,8,5,0.291831,,,,,,,,,,,,,True,397,223,8,5,0.30087,,,,,,,,,,,,
1684,786,29,,,,,0.05,,,,,True,382,239,8,5,0.291831,,,,,,,,,,,,,True,401,210,8,5,0.292946,,,,,,,,,,,,
1684,786,30,,,,,0.05,,,,,True,382,239,8,5,0.291831,,,,,,,,,,,,,True,396,217,8,5,0.292791,,,,,,,,,,,,
1684,786,1,,,,,0.15,,,,,True,382,239,8,5,0.291831,,,,,,,,,,,,,True,434,178,8,5,0.289855,,,,,,,,,,,,
1684,786,2,,,,,0.15,,,,,True,382,239,8,5,0.291831,,,,,,,,,,,,,True,437,175,8,5,0.291171,,,,,,,,,,,,
1684,786,3,,,,,0.15,,,,,True,382,239,8,5,0.291831,,,,,,,,,,,,,True,430,180,8,5,0.289932,,,,,,,,,,,,
1684,786,4,,,,,0.15,,,,,True,382,239,8,5,0.291831,,,,,,,,,,,,,True,444,172,8,5,0.321889,,,,,,,,,,,,
1684,786,5,,,,,0.15,,,,,True,382,239,8,5,0.291831,,,,,,,,,,,,,True,441,174,8,5,0.289917,,,,,,,,,,,,
1684,786,6,,,,,0.15,,,,,True,382,239,8,5,0.291831,,,,,,,,,,,,,True,435,178,8,5,0.289577,,,,,,,,,,,,
1684,786,7,,,,,0.15,,,,,True,382,239,8,5,0.291831,,,,,,,,,,,,,True,432,181,8,5,0.300877,,,,,,,,,,,,
1684,786,8,,,,,0.15,,,,,True,382,239,8,5,0.291831,,,,,,,,,,,,,True,440,172,8,5,0.291768,,,,,,,,,,,,
1684,786,9,,,,,0.15,,,,,True,382,239,8,5,0.291831,,,,,,,,,,,,,True,439,180,8,5,0.291173,,,,,,,,,,,,
1684,786,10,,,,,0.15,,,,,True,382,239,8,5,0.291831,,,,,,,,,,,,,True,443,166,8,5,0.300274,,,,,,,,,,,,
1684,786,11,,,,,0.15,,,,,True,382,239,8,5,0.291831,,,,,,,,,,,,,True,440,174,8,5,0.292049,,,,,,,,,,,,
1684,786,12,,,,,0.15,,,,,True,382,239,8,5,0.291831,,,,,,,,,,,,,True,439,171,8,5,0.34937,,,,,,,,,,,,
1684,786,13,,,,,0.15,,,,,True,382,239,8,5,0.291831,,,,,,,,,,,,,True,444,168,8,5,0.290252,,,,,,,,,,,,
1684,786,14,,,,,0.15,,,,,True,382,239,8,5,0.291831,,,,,,,,,,,,,True,444,167,8,5,0.291432,,,,,,,,,,,,
1684,786,15,,,,,0.15,,,,,True,382,239,8,5,0.291831,,,,,,,,,,,,,True,438,178,8,5,0.291533,,,,,,,,,,,,
1684,786,16,,,,,0.15,,,,,True,382,239,8,5,0.291831,,,,,,,,,,,,,True,433,174,8,5,0.292863,,,,,,,,,,,,
1684,786,17,,,,,0.15,,,,,True,382,239,8,5,0.291831,,,,,,,,,,,,,True,438,184,8,5,0.325569,,,,,,,,,,,,
1684,786,18,,,,,0.15,,,,,True,382,239,8,5,0.291831,,,,,,,,,,,,,True,439,179,8,5,0.29209,,,,,,,,,,,,
1684,786,19,,,,,0.15,,,,,True,382,239,8,5,0.291831,,,,,,,,,,,,,True,443,165,8,5,0.304033,,,,,,,,,,,,
1684,786,20,,,,,0.15,,,,,True,382,239,8,5,0.291831,,,,,,,,,,,,,True,439,174,8,5,0.383305,,,,,,,,,,,,
1684,786,21,,,,,0.15,,,,,True,382,239,8,5,0.291831,,,,,,,,,,,,,True,442,171,8,5,0.301604,,,,,,,,,,,,
1684,786,22,,,,,0.15,,,,,True,382,239,8,5,0.291831,,,,,,,,,,,,,True,437,172,8,5,0.288396,,,,,,,,,,,,
1684,786,23,,,,,0.15,,,,,True,382,239,8,5,0.291831,,,,,,,,,,,,,True,434,180,8,5,0.304728,,,,,,,,,,,,
1684,786,24,,,,,0.15,,,,,True,382,239,8,5,0.291831,,,,,,,,,,,,,True,434,183,8,5,0.298234,,,,,,,,,,,,
1684,786,25,,,,,0.15,,,,,True,382,239,8,5,0.291831,,,,,,,,,,,,,True,432,176,8,5,0.302725,,,,,,,,,,,,
1684,786,26,,,,,0.15,,,,,True,382,239,8,5,0.291831,,,,,,,,,,,,,True,429,182,8,5,0.293075,,,,,,,,,,,,
1684,786,27,,,,,0.15,,,,,True,382,239,8,5,0.291831,,,,,,,,,,,,,True,440,176,8,5,0.298695,,,,,,,,,,,,
1684,786,28,,,,,0.15,,,,,True,382,239,8,5,0.291831,,,,,,,,,,,,,True,437,175,8,5,0.400363,,,,,,,,,,,,
1684,786,29,,,,,0.15,,,,,True,382,239,8,5,0.291831,,,,,,,,,,,,,True,436,179,8,5,0.294316,,,,,,,,,,,,
1684,786,30,,,,,0.15,,,,,True,382,239,8,5,0.291831,,,,,,,,,,,,,True,437,188,8,5,0.303809,,,,,,,,,,,,
1684,786,1,,,,,0.25,,,,,True,382,239,8,5,0.291831,,,,,,,,,,,,,True,479,143,8,5,0.290173,,,,,,,,,,,,
1684,786,2,,,,,0.25,,,,,True,382,239,8,5,0.291831,,,,,,,,,,,,,True,486,139,8,5,0.292008,,,,,,,,,,,,
1684,786,3,,,,,0.25,,,,,True,382,239,8,5,0.291831,,,,,,,,,,,,,True,483,142,8,5,0.295314,,,,,,,,,,,,
1684,786,4,,,,,0.25,,,,,True,382,239,8,5,0.291831,,,,,,,,,,,,,True,488,135,8,5,0.377481,,,,,,,,,,,,
1684,786,5,,,,,0.25,,,,,True,382,239,8,5,0.291831,,,,,,,,,,,,,True,481,141,8,5,0.29452,,,,,,,,,,,,
1684,786,6,,,,,0.25,,,,,True,382,239,8,5,0.291831,,,,,,,,,,,,,True,485,142,8,5,0.290128,,,,,,,,,,,,
1684,786,7,,,,,0.25,,,,,True,382,239,8,5,0.291831,,,,,,,,,,,,,True,487,144,8,5,0.301936,,,,,,,,,,,,
1684,786,8,,,,,0.25,,,,,True,382,239,8,5,0.291831,,,,,,,,,,,,,True,485,148,8,5,0.315778,,,,,,,,,,,,
1684,786,9,,,,,0.25,,,,,True,382,239,8,5,0.291831,,,,,,,,,,,,,True,492,147,8,5,0.316768,,,,,,,,,,,,
1684,786,10,,,,,0.25,,,,,True,382,239,8,5,0.291831,,,,,,,,,,,,,True,498,138,8,5,0.292824,,,,,,,,,,,,
1684,786,11,,,,,0.25,,,,,True,382,239,8,5,0.291831,,,,,,,,,,,,,True,490,138,8,5,0.286642,,,,,,,,,,,,
1684,786,12,,,,,0.25,,,,,True,382,239,8,5,0.291831,,,,,,,,,,,,,True,488,134,8,5,0.285592,,,,,,,,,,,,
1684,786,13,,,,,0.25,,,,,True,382,239,8,5,0.291831,,,,,,,,,,,,,True,486,137,8,5,0.384306,,,,,,,,,,,,
1684,786,14,,,,,0.25,,,,,True,382,239,8,5,0.291831,,,,,,,,,,,,,True,496,133,8,5,0.324345,,,,,,,,,,,,
1684,786,15,,,,,0.25,,,,,True,382,239,8,5,0.291831,,,,,,,,,,,,,True,483,147,8,5,0.287999,,,,,,,,,,,,
1684,786,16,,,,,0.25,,,,,True,382,239,8,5,0.291831,,,,,,,,,,,,,True,486,142,8,5,0.29043,,,,,,,,,,,,
1684,786,17,,,,,0.25,,,,,True,382,239,8,5,0.291831,,,,,,,,,,,,,True,495,151,8,5,0.284817,,,,,,,,,,,,
1684,786,18,,,,,0.25,,,,,True,382,239,8,5,0.291831,,,,,,,,,,,,,True,494,136,8,5,0.287672,,,,,,,,,,,,
1684,786,19,,,,,0.25,,,,,True,382,239,8,5,0.291831,,,,,,,,,,,,,True,489,135,8,5,0.290476,,,,,,,,,,,,
1684,786,20,,,,,0.25,,,,,True,382,239,8,5,0.291831,,,,,,,,,,,,,True,487,137,8,5,0.298956,,,,,,,,,,,,
1684,786,21,,,,,0.25,,,,,True,382,239,8,5,0.291831,,,,,,,,,,,,,True,476,141,8,5,0.369715,,,,,,,,,,,,
1684,786,22,,,,,0.25,,,,,True,382,239,8,5,0.291831,,,,,,,,,,,,,True,488,143,8,5,0.290463,,,,,,,,,,,,
1684,786,23,,,,,0.25,,,,,True,382,239,8,5,0.291831,,,,,,,,,,,,,True,490,142,8,5,0.334443,,,,,,,,,,,,
1684,786,24,,,,,0.25,,,,,True,382,239,8,5,0.291831,,,,,,,,,,,,,True,482,148,8,5,0.301081,,,,,,,,,,,,
1684,786,25,,,,,0.25,,,,,True,382,239,8,5,0.291831,,,,,,,,,,,,,True,482,142,8,5,0.29465,,,,,,,,,,,,
1684,786,26,,,,,0.25,,,,,True,382,239,8,5,0.291831,,,,,,,,,,,,,True,480,142,8,5,0.289354,,,,,,,,,,,,
1684,786,27,,,,,0.25,,,,,True,382,239,8,5,0.291831,,,,,,,,,,,,,True,494,135,8,5,0.287909,,,,,,,,,,,,
1684,786,28,,,,,0.25,,,,,True,382,239,8,5,0.291831,,,,,,,,,,,,,True,480,147,8,5,0.29257,,,,,,,,,,,,
1684,786,29,,,,,0.25,,,,,True,382,239,8,5,0.291831,,,,,,,,,,,,,True,485,137,8,5,0.293109,,,,,,,,,,,,
1684,786,30,,,,,0.25,,,,,True,382,239,8,5,0.291831,,,,,,,,,,,,,True,488,141,8,5,0.288655,,,,,,,,,,,,
1684,786,1,,,,,0.4,,,,,True,382,239,8,5,0.291831,,,,,,,,,,,,,True,564,74,8,5,0.285025,,,,,,,,,,,,
1684,786,2,,,,,0.4,,,,,True,382,239,8,5,0.291831,,,,,,,,,,,,,True,576,96,8,5,0.284671,,,,,,,,,,,,
1684,786,3,,,,,0.4,,,,,True,382,239,8,5,0.291831,,,,,,,,,,,,,True,563,94,8,5,0.369924,,,,,,,,,,,,
1684,786,4,,,,,0.4,,,,,True,382,239,8,5,0.291831,,,,,,,,,,,,,True,565,90,8,5,0.287467,,,,,,,,,,,,
1684,786,5,,,,,0.4,,,,,True,382,239,8,5,0.291831,,,,,,,,,,,,,True,567,79,8,5,0.283577,,,,,,,,,,,,
1684,786,6,,,,,0.4,,,,,True,382,239,8,5,0.291831,,,,,,,,,,,,,True,574,96,8,5,0.2844,,,,,,,,,,,,
1684,786,7,,,,,0.4,,,,,True,382,239,8,5,0.291831,,,,,,,,,,,,,True,560,79,8,5,0.293419,,,,,,,,,,,,
1684,786,8,,,,,0.4,,,,,True,382,239,8,5,0.291831,,,,,,,,,,,,,True,558,93,8,5,0.28584,,,,,,,,,,,,
1684,786,9,,,,,0.4,,,,,True,382,239,8,5,0.291831,,,,,,,,,,,,,True,565,98,8,5,0.285281,,,,,,,,,,,,
1684,786,10,,,,,0.4,,,,,True,382,239,8,5,0.291831,,,,,,,,,,,,,True,580,78,8,5,0.285932,,,,,,,,,,,,
1684,786,11,,,,,0.4,,,,,True,382,239,8,5,0.291831,,,,,,,,,,,,,True,574,73,8,5,0.283677,,,,,,,,,,,,
1684,786,12,,,,,0.4,,,,,True,382,239,8,5,0.291831,,,,,,,,,,,,,True,565,75,8,5,0.287339,,,,,,,,,,,,
1684,786,13,,,,,0.4,,,,,True,382,239,8,5,0.291831,,,,,,,,,,,,,True,568,110,8,5,0.285766,,,,,,,,,,,,
1684,786,14,,,,,0.4,,,,,True,382,239,8,5,0.291831,,,,,,,,,,,,,True,566,102,8,5,0.326485,,,,,,,,,,,,
1684,786,15,,,,,0.4,,,,,True,382,239,8,5,0.291831,,,,,,,,,,,,,True,566,79,8,5,0.286901,,,,,,,,,,,,
1684,786,16,,,,,0.4,,,,,True,382,239,8,5,0.291831,,,,,,,,,,,,,True,559,99,8,5,0.284936,,,,,,,,,,,,
1684,786,17,,,,,0.4,,,,,True,382,239,8,5,0.291831,,,,,,,,,,,,,True,574,99,8,5,0.291144,,,,,,,,,,,,
1684,786,18,,,,,0.4,,,,,True,382,239,8,5,0.291831,,,,,,,,,,,,,True,567,77,8,5,0.366439,,,,,,,,,,,,
1684,786,19,,,,,0.4,,,,,True,382,239,8,5,0.291831,,,,,,,,,,,,,True,559,96,8,5,0.284207,,,,,,,,,,,,
1684,786,20,,,,,0.4,,,,,True,382,239,8,5,0.291831,,,,,,,,,,,,,True,569,93,8,5,0.285318,,,,,,,,,,,,
1684,786,21,,,,,0.4,,,,,True,382,239,8,5,0.291831,,,,,,,,,,,,,True,564,72,8,5,0.283719,,,,,,,,,,,,
1684,786,22,,,,,0.4,,,,,True,382,239,8,5,0.291831,,,,,,,,,,,,,True,564,101,8,5,0.283602,,,,,,,,,,,,
1684,786,23,,,,,0.4,,,,,True,382,239,8,5,0.291831,,,,,,,,,,,,,True,564,89,8,5,0.338942,,,,,,,,,,,,
1684,786,24,,,,,0.4,,,,,True,382,239,8,5,0.291831,,,,,,,,,,,,,True,577,77,8,5,0.334535,,,,,,,,,,,,
1684,786,25,,,,,0.4,,,,,True,382,239,8,5,0.291831,,,,,,,,,,,,,True,564,79,8,5,0.284806,,,,,,,,,,,,
1684,786,26,,,,,0.4,,,,,True,382,239,8,5,0.291831,,,,,,,,,,,,,True,570,78,8,5,0.286565,,,,,,,,,,,,
1684,786,27,,,,,0.4,,,,,True,382,239,8,5,0.291831,,,,,,,,,,,,,True,574,73,8,5,0.284939,,,,,,,,,,,,
1684,786,28,,,,,0.4,,,,,True,382,239,8,5,0.291831,,,,,,,,,,,,,True,565,90,8,5,0.295571,,,,,,,,,,,,
1684,786,29,,,,,0.4,,,,,True,382,239,8,5,0.291831,,,,,,,,,,,,,True,578,86,8,5,0.286485,,,,,,,,,,,,
1684,786,30,,,,,0.4,,,,,True,382,239,8,5,0.291831,,,,,,,,,,,,,True,569,69,8,5,0.284648,,,,,,,,,,,,
1912,747,1,,,,,0.05,,,,,True,185,579,8,5,0.275939,,,,,,,,,,,,,True,191,549,8,5,0.27522,,,,,,,,,,,,
1912,747,2,,,,,0.05,,,,,True,185,579,8,5,0.275939,,,,,,,,,,,,,True,193,543,8,5,0.295205,,,,,,,,,,,,
1912,747,3,,,,,0.05,,,,,True,185,579,8,5,0.275939,,,,,,,,,,,,,True,196,537,8,5,0.373082,,,,,,,,,,,,
1912,747,4,,,,,0.05,,,,,True,185,579,8,5,0.275939,,,,,,,,,,,,,True,194,538,8,5,0.280322,,,,,,,,,,,,
1912,747,5,,,,,0.05,,,,,True,185,579,8,5,0.275939,,,,,,,,,,,,,True,193,544,8,5,0.284244,,,,,,,,,,,,
1912,747,6,,,,,0.05,,,,,True,185,579,8,5,0.275939,,,,,,,,,,,,,True,196,541,8,5,0.27858,,,,,,,,,,,,
1912,747,7,,,,,0.05,,,,,True,185,579,8,5,0.275939,,,,,,,,,,,,,True,190,553,8,5,0.313904,,,,,,,,,,,,
1912,747,8,,,,,0.05,,,,,True,185,579,8,5,0.275939,,,,,,,,,,,,,True,190,551,8,5,0.280083,,,,,,,,,,,,
1912,747,9,,,,,0.05,,,,,True,185,579,8,5,0.275939,,,,,,,,,,,,,True,190,545,8,5,0.287915,,,,,,,,,,,,
1912,747,10,,,,,0.05,,,,,True,185,579,8,5,0.275939,,,,,,,,,,,,,True,196,546,8,5,0.279308,,,,,,,,,,,,
1912,747,11,,,,,0.05,,,,,True,185,579,8,5,0.275939,,,,,,,,,,,,,True,193,552,8,5,0.340009,,,,,,,,,,,,
1912,747,12,,,,,0.05,,,,,True,185,579,8,5,0.275939,,,,,,,,,,,,,True,191,556,8,5,0.352576,,,,,,,,,,,,
1912,747,13,,,,,0.05,,,,,True,185,579,8,5,0.275939,,,,,,,,,,,,,True,196,552,8,5,0.30533,,,,,,,,,,,,
1912,747,14,,,,,0.05,,,,,True,185,579,8,5,0.275939,,,,,,,,,,,,,True,188,546,8,5,0.279079,,,,,,,,,,,,
1912,747,15,,,,,0.05,,,,,True,185,579,8,5,0.275939,,,,,,,,,,,,,True,194,542,8,5,0.276517,,,,,,,,,,,,
1912,747,16,,,,,0.05,,,,,True,185,579,8,5,0.275939,,,,,,,,,,,,,True,193,548,8,5,0.275469,,,,,,,,,,,,
1912,747,17,,,,,0.05,,,,,True,185,579,8,5,0.275939,,,,,,,,,,,,,True,194,546,8,5,0.287585,,,,,,,,,,,,
1912,747,18,,,,,0.05,,,,,True,185,579,8,5,0.275939,,,,,,,,,,,,,True,194,547,8,5,0.306659,,,,,,,,,,,,
1912,747,19,,,,,0.05,,,,,True,185,579,8,5,0.275939,,,,,,,,,,,,,True,192,549,8,5,0.308823,,,,,,,,,,,,
1912,747,20,,,,,0.05,,,,,True,185,579,8,5,0.275939,,,,,,,,,,,,,True,194,537,8,5,0.294391,,,,,,,,,,,,
1912,747,21,,,,,0.05,,,,,True,185,579,8,5,0.275939,,,,,,,,,,,,,True,194,543,8,5,0.275198,,,,,,,,,,,,
1912,747,22,,,,,0.05,,,,,True,185,579,8,5,0.275939,,,,,,,,,,,,,True,189,554,8,5,0.274661,,,,,,,,,,,,
1912,747,23,,,,,0.05,,,,,True,185,579,8,5,0.275939,,,,,,,,,,,,,True,196,540,8,5,0.376853,,,,,,,,,,,,
1912,747,24,,,,,0.05,,,,,True,185,579,8,5,0.275939,,,,,,,,,,,,,True,194,539,8,5,0.27626,,,,,,,,,,,,
1912,747,25,,,,,0.05,,,,,True,185,579,8,5,0.275939,,,,,,,,,,,,,True,197,534,8,5,0.276613,,,,,,,,,,,,
1912,747,26,,,,,0.05,,,,,True,185,579,8,5,0.275939,,,,,,,,,,,,,True,195,536,8,5,0.313578,,,,,,,,,,,,
1912,747,27,,,,,0.05,,,,,True,185,579,8,5,0.275939,,,,,,,,,,,,,True,193,549,8,5,0.287819,,,,,,,,,,,,
1912,747,28,,,,,0.05,,,,,True,185,579,8,5,0.275939,,,,,,,,,,,,,True,193,542,8,5,0.279809,,,,,,,,,,,,
1912,747,29,,,,,0.05,,,,,True,185,579,8,5,0.275939,,,,,,,,,,,,,True,190,541,8,5,0.345266,,,,,,,,,,,,
1912,747,30,,,,,0.05,,,,,True,185,579,8,5,0.275939,,,,,,,,,,,,,True,196,540,8,5,0.282398,,,,,,,,,,,,
1912,747,1,,,,,0.15,,,,,True,185,579,8,5,0.275939,,,,,,,,,,,,,True,222,471,8,5,0.293672,,,,,,,,,,,,
1912,747,2,,,,,0.15,,,,,True,185,579,8,5,0.275939,,,,,,,,,,,,,True,223,482,8,5,0.272047,,,,,,,,,,,,
1912,747,3,,,,,0.15,,,,,True,185,579,8,5,0.275939,,,,,,,,,,,,,True,221,477,8,5,0.328951,,,,,,,,,,,,
1912,747,4,,,,,0.15,,,,,True,185,579,8,5,0.275939,,,,,,,,,,,,,True,216,473,8,5,0.293083,,,,,,,,,,,,
1912,747,5,,,,,0.15,,,,,True,185,579,8,5,0.275939,,,,,,,,,,,,,True,223,478,8,5,0.273133,,,,,,,,,,,,
1912,747,6,,,,,0.15,,,,,True,185,579,8,5,0.275939,,,,,,,,,,,,,True,217,482,8,5,0.269025,,,,,,,,,,,,
1912,747,7,,,,,0.15,,,,,True,185,579,8,5,0.275939,,,,,,,,,,,,,True,221,488,8,5,0.272009,,,,,,,,,,,,
1912,747,8,,,,,0.15,,,,,True,185,579,8,5,0.275939,,,,,,,,,,,,,True,227,474,8,5,0.270424,,,,,,,,,,,,
1912,747,9,,,,,0.15,,,,,True,185,579,8,5,0.275939,,,,,,,,,,,,,True,224,474,8,5,0.272261,,,,,,,,,,,,
1912,747,10,,,,,0.15,,,,,True,185,579,8,5,0.275939,,,,,,,,,,,,,True,227,472,8,5,0.269772,,,,,,,,,,,,
1912,747,11,,,,,0.15,,,,,True,185,579,8,5,0.275939,,,,,,,,,,,,,True,221,481,8,5,0.291988,,,,,,,,,,,,
1912,747,12,,,,,0.15,,,,,True,185,579,8,5,0.275939,,,,,,,,,,,,,True,219,482,8,5,0.283241,,,,,,,,,,,,
1912,747,13,,,,,0.15,,,,,True,185,579,8,5,0.275939,,,,,,,,,,,,,True,216,486,8,5,0.295258,,,,,,,,,,,,
1912,747,14,,,,,0.15,,,,,True,185,579,8,5,0.275939,,,,,,,,,,,,,True,212,478,8,5,0.359658,,,,,,,,,,,,
1912,747,15,,,,,0.15,,,,,True,185,579,8,5,0.275939,,,,,,,,,,,,,True,228,473,8,5,0.299932,,,,,,,,,,,,
1912,747,16,,,,,0.15,,,,,True,185,579,8,5,0.275939,,,,,,,,,,,,,True,221,480,8,5,0.274398,,,,,,,,,,,,
1912,747,17,,,,,0.15,,,,,True,185,579,8,5,0.275939,,,,,,,,,,,,,True,216,466,8,5,0.272391,,,,,,,,,,,,
1912,747,18,,,,,0.15,,,,,True,185,579,8,5,0.275939,,,,,,,,,,,,,True,222,480,8,5,0.300322,,,,,,,,,,,,
1912,747,19,,,,,0.15,,,,,True,185,579,8,5,0.275939,,,,,,,,,,,,,True,217,479,8,5,0.272938,,,,,,,,,,,,
1912,747,20,,,,,0.15,,,,,True,185,579,8,5,0.275939,,,,,,,,,,,,,True,216,468,8,5,0.280717,,,,,,,,,,,,
1912,747,21,,,,,0.15,,,,,True,185,579,8,5,0.275939,,,,,,,,,,,,,True,220,479,8,5,0.273441,,,,,,,,,,,,
1912,747,22,,,,,0.15,,,,,True,185,579,8,5,0.275939,,,,,,,,,,,,,True,219,473,8,5,0.28553,,,,,,,,,,,,
1912,747,23,,,,,0.15,,,,,True,185,579,8,5,0.275939,,,,,,,,,,,,,True,228,469,8,5,0.275641,,,,,,,,,,,,
1912,747,24,,,,,0.15,,,,,True,185,579,8,5,0.275939,,,,,,,,,,,,,True,221,480,8,5,0.353014,,,,,,,,,,,,
1912,747,25,,,,,0.15,,,,,True,185,579,8,5,0.275939,,,,,,,,,,,,,True,220,469,8,5,0.292637,,,,,,,,,,,,
1912,747,26,,,,,0.15,,,,,True,185,579,8,5,0.275939,,,,,,,,,,,,,True,220,465,8,5,0.269465,,,,,,,,,,,,
1912,747,27,,,,,0.15,,,,,True,185,579,8,5,0.275939,,,,,,,,,,,,,True,222,474,8,5,0.270366,,,,,,,,,,,,
1912,747,28,,,,,0.15,,,,,True,185,579,8,5,0.275939,,,,,,,,,,,,,True,220,468,8,5,0.270604,,,,,,,,,,,,
1912,747,29,,,,,0.15,,,,,True,185,579,8,5,0.275939,,,,,,,,,,,,,True,215,473,8,5,0.274443,,,,,,,,,,,,
1912,747,30,,,,,0.15,,,,,True,185,579,8,5,0.275939,,,,,,,,,,,,,True,217,472,8,5,0.272396,,,,,,,,,,,,
1912,747,1,,,,,0.25,,,,,True,185,579,8,5,0.275939,,,,,,,,,,,,,True,252,375,8,5,0.312028,,,,,,,,,,,,
1912,747,2,,,,,0.25,,,,,True,185,579,8,5,0.275939,,,,,,,,,,,,,True,252,419,8,5,0.28053,,,,,,,,,,,,
1912,747,3,,,,,0.25,,,,,True,185,579,8,5,0.275939,,,,,,,,,,,,,True,254,380,8,5,0.267405,,,,,,,,,,,,
1912,747,4,,,,,0.25,,,,,True,185,579,8,5,0.275939,,,,,,,,,,,,,True,252,398,8,5,0.311175,,,,,,,,,,,,
1912,747,5,,,,,0.25,,,,,True,185,579,8,5,0.275939,,,,,,,,,,,,,True,254,413,8,5,0.270237,,,,,,,,,,,,
1912,747,6,,,,,0.25,,,,,True,185,579,8,5,0.275939,,,,,,,,,,,,,True,251,438,8,5,0.290008,,,,,,,,,,,,
1912,747,7,,,,,0.25,,,,,True,185,579,8,5,0.275939,,,,,,,,,,,,,True,252,406,8,5,0.345352,,,,,,,,,,,,
1912,747,8,,,,,0.25,,,,,True,185,579,8,5,0.275939,,,,,,,,,,,,,True,253,375,8,5,0.27891,,,,,,,,,,,,
1912,747,9,,,,,0.25,,,,,True,185,579,8,5,0.275939,,,,,,,,,,,,,True,255,369,8,5,0.27027,,,,,,,,,,,,
1912,747,10,,,,,0.25,,,,,True,185,579,8,5,0.275939,,,,,,,,,,,,,True,253,376,8,5,0.268519,,,,,,,,,,,,
1912,747,11,,,,,0.25,,,,,True,185,579,8,5,0.275939,,,,,,,,,,,,,True,246,411,8,5,0.272332,,,,,,,,,,,,
1912,747,12,,,,,0.25,,,,,True,185,579,8,5,0.275939,,,,,,,,,,,,,True,246,419,8,5,0.2792,,,,,,,,,,,,
1912,747,13,,,,,0.25,,,,,True,185,579,8,5,0.275939,,,,,,,,,,,,,True,243,420,8,5,0.356798,,,,,,,,,,,,
1912,747,14,,,,,0.25,,,,,True,185,579,8,5,0.275939,,,,,,,,,,,,,True,248,422,8,5,0.274159,,,,,,,,,,,,
1912,747,15,,,,,0.25,,,,,True,185,579,8,5,0.275939,,,,,,,,,,,,,True,256,340,8,5,0.271203,,,,,,,,,,,,
1912,747,16,,,,,0.25,,,,,True,185,579,8,5,0.275939,,,,,,,,,,,,,True,251,412,8,5,0.271571,,,,,,,,,,,,
1912,747,17,,,,,0.25,,,,,True,185,579,8,5,0.275939,,,,,,,,,,,,,True,247,399,8,5,0.28384,,,,,,,,,,,,
1912,747,18,,,,,0.25,,,,,True,185,579,8,5,0.275939,,,,,,,,,,,,,True,253,375,8,5,0.290495,,,,,,,,,,,,
1912,747,19,,,,,0.25,,,,,True,185,579,8,5,0.275939,,,,,,,,,,,,,True,253,381,8,5,0.268562,,,,,,,,,,,,
1912,747,20,,,,,0.25,,,,,True,185,579,8,5,0.275939,,,,,,,,,,,,,True,253,421,8,5,0.304789,,,,,,,,,,,,
1912,747,21,,,,,0.25,,,,,True,185,579,8,5,0.275939,,,,,,,,,,,,,True,253,406,8,5,0.363237,,,,,,,,,,,,
1912,747,22,,,,,0.25,,,,,True,185,579,8,5,0.275939,,,,,,,,,,,,,True,252,391,8,5,0.314957,,,,,,,,,,,,
1912,747,23,,,,,0.25,,,,,True,185,579,8,5,0.275939,,,,,,,,,,,,,True,258,380,8,5,0.26863,,,,,,,,,,,,
1912,747,24,,,,,0.25,,,,,True,185,579,8,5,0.275939,,,,,,,,,,,,,True,251,401,8,5,0.280919,,,,,,,,,,,,
1912,747,25,,,,,0.25,,,,,True,185,579,8,5,0.275939,,,,,,,,,,,,,True,250,408,8,5,0.284719,,,,,,,,,,,,
1912,747,26,,,,,0.25,,,,,True,185,579,8,5,0.275939,,,,,,,,,,,,,True,257,376,8,5,0.298713,,,,,,,,,,,,
1912,747,27,,,,,0.25,,,,,True,185,579,8,5,0.275939,,,,,,,,,,,,,True,253,381,8,5,0.270644,,,,,,,,,,,,
1912,747,28,,,,,0.25,,,,,True,185,579,8,5,0.275939,,,,,,,,,,,,,True,257,397,8,5,0.398259,,,,,,,,,,,,
1912,747,29,,,,,0.25,,,,,True,185,579,8,5,0.275939,,,,,,,,,,,,,True,251,417,8,5,0.277093,,,,,,,,,,,,
1912,747,30,,,,,0.25,,,,,True,185,579,8,5,0.275939,,,,,,,,,,,,,True,251,400,8,5,0.27213,,,,,,,,,,,,
1912,747,1,,,,,0.4,,,,,True,185,579,8,5,0.275939,,,,,,,,,,,,,True,319,264,8,5,0.268434,,,,,,,,,,,,
1912,747,2,,,,,0.4,,,,,True,185,579,8,5,0.275939,,,,,,,,,,,,,True,315,259,8,5,0.273059,,,,,,,,,,,,
1912,747,3,,,,,0.4,,,,,True,185,579,8,5,0.275939,,,,,,,,,,,,,True,320,254,8,5,0.295901,,,,,,,,,,,,
1912,747,4,,,,,0.4,,,,,True,185,579,8,5,0.275939,,,,,,,,,,,,,True,303,276,8,5,0.261759,,,,,,,,,,,,
1912,747,5,,,,,0.4,,,,,True,185,579,8,5,0.275939,,,,,,,,,,,,,True,315,267,8,5,0.350538,,,,,,,,,,,,
1912,747,6,,,,,0.4,,,,,True,185,579,8,5,0.275939,,,,,,,,,,,,,True,310,253,8,5,0.264033,,,,,,,,,,,,
1912,747,7,,,,,0.4,,,,,True,185,579,8,5,0.275939,,,,,,,,,,,,,True,325,263,8,5,0.267935,,,,,,,,,,,,
1912,747,8,,,,,0.4,,,,,True,185,579,8,5,0.275939,,,,,,,,,,,,,True,314,283,8,5,0.336633,,,,,,,,,,,,
1912,747,9,,,,,0.4,,,,,True,185,579,8,5,0.275939,,,,,,,,,,,,,True,315,276,8,5,0.26894,,,,,,,,,,,,
1912,747,10,,,,,0.4,,,,,True,185,579,8,5,0.275939,,,,,,,,,,,,,True,322,279,8,5,0.305461,,,,,,,,,,,,
1912,747,11,,,,,0.4,,,,,True,185,579,8,5,0.275939,,,,,,,,,,,,,True,315,248,8,5,0.344467,,,,,,,,,,,,
1912,747,12,,,,,0.4,,,,,True,185,579,8,5,0.275939,,,,,,,,,,,,,True,305,288,8,5,0.27172,,,,,,,,,,,,
1912,747,13,,,,,0.4,,,,,True,185,579,8,5,0.275939,,,,,,,,,,,,,True,307,292,8,5,0.288266,,,,,,,,,,,,
1912,747,14,,,,,0.4,,,,,True,185,579,8,5,0.275939,,,,,,,,,,,,,True,313,254,8,5,0.270366,,,,,,,,,,,,
1912,747,15,,,,,0.4,,,,,True,185,579,8,5,0.275939,,,,,,,,,,,,,True,328,260,8,5,0.273415,,,,,,,,,,,,
1912,747,16,,,,,0.4,,,,,True,185,579,8,5,0.275939,,,,,,,,,,,,,True,349,278,8,5,0.265803,,,,,,,,,,,,
1912,747,17,,,,,0.4,,,,,True,185,579,8,5,0.275939,,,,,,,,,,,,,True,312,255,8,5,0.263889,,,,,,,,,,,,
1912,747,18,,,,,0.4,,,,,True,185,579,8,5,0.275939,,,,,,,,,,,,,True,344,253,8,5,0.27375,,,,,,,,,,,,
1912,747,19,,,,,0.4,,,,,True,185,579,8,5,0.275939,,,,,,,,,,,,,True,318,254,8,5,0.36221,,,,,,,,,,,,
1912,747,20,,,,,0.4,,,,,True,185,579,8,5,0.275939,,,,,,,,,,,,,True,339,259,8,5,0.267064,,,,,,,,,,,,
1912,747,21,,,,,0.4,,,,,True,185,579,8,5,0.275939,,,,,,,,,,,,,True,320,257,8,5,0.291735,,,,,,,,,,,,
1912,747,22,,,,,0.4,,,,,True,185,579,8,5,0.275939,,,,,,,,,,,,,True,321,266,8,5,0.273362,,,,,,,,,,,,
1912,747,23,,,,,0.4,,,,,True,185,579,8,5,0.275939,,,,,,,,,,,,,True,335,256,8,5,0.278585,,,,,,,,,,,,
1912,747,24,,,,,0.4,,,,,True,185,579,8,5,0.275939,,,,,,,,,,,,,True,329,262,8,5,0.265149,,,,,,,,,,,,
1912,747,25,,,,,0.4,,,,,True,185,579,8,5,0.275939,,,,,,,,,,,,,True,331,252,8,5,0.264804,,,,,,,,,,,,
1912,747,26,,,,,0.4,,,,,True,185,579,8,5,0.275939,,,,,,,,,,,,,True,308,251,8,5,0.450822,,,,,,,,,,,,
1912,747,27,,,,,0.4,,,,,True,185,579,8,5,0.275939,,,,,,,,,,,,,True,312,249,8,5,0.277025,,,,,,,,,,,,
1912,747,28,,,,,0.4,,,,,True,185,579,8,5,0.275939,,,,,,,,,,,,,True,334,249,8,5,0.515929,,,,,,,,,,,,
1912,747,29,,,,,0.4,,,,,True,185,579,8,5,0.275939,,,,,,,,,,,,,True,324,275,8,5,0.340661,,,,,,,,,,,,
1912,747,30,,,,,0.4,,,,,True,185,579,8,5,0.275939,,,,,,,,,,,,,True,321,252,8,5,0.299635,,,,,,,,,,,,
3437,534,1,,,,,0.05,,,,,True,394,83,8,5,0.135671,,,,,,,,,,,,,True,409,74,8,5,0.103561,,,,,,,,,,,,
3437,534,2,,,,,0.05,,,,,True,394,83,8,5,0.135671,,,,,,,,,,,,,True,411,77,8,5,0.093936,,,,,,,,,,,,
3437,534,3,,,,,0.05,,,,,True,394,83,8,5,0.135671,,,,,,,,,,,,,True,407,74,8,5,0.106482,,,,,,,,,,,,
3437,534,4,,,,,0.05,,,,,True,394,83,8,5,0.135671,,,,,,,,,,,,,True,410,70,8,5,0.100398,,,,,,,,,,,,
3437,534,5,,,,,0.05,,,,,True,394,83,8,5,0.135671,,,,,,,,,,,,,True,410,70,8,5,0.089336,,,,,,,,,,,,
3437,534,6,,,,,0.05,,,,,True,394,83,8,5,0.135671,,,,,,,,,,,,,True,405,79,8,5,0.161986,,,,,,,,,,,,
3437,534,7,,,,,0.05,,,,,True,394,83,8,5,0.135671,,,,,,,,,,,,,True,408,80,8,5,0.105068,,,,,,,,,,,,
3437,534,8,,,,,0.05,,,,,True,394,83,8,5,0.135671,,,,,,,,,,,,,True,406,75,8,5,0.089985,,,,,,,,,,,,
3437,534,9,,,,,0.05,,,,,True,394,83,8,5,0.135671,,,,,,,,,,,,,True,402,81,8,5,0.109897,,,,,,,,,,,,
3437,534,10,,,,,0.05,,,,,True,394,83,8,5,0.135671,,,,,,,,,,,,,True,408,75,8,5,0.105454,,,,,,,,,,,,
3437,534,11,,,,,0.05,,,,,True,394,83,8,5,0.135671,,,,,,,,,,,,,True,407,80,8,5,0.090405,,,,,,,,,,,,
3437,534,12,,,,,0.05,,,,,True,394,83,8,5,0.135671,,,,,,,,,,,,,True,405,74,8,5,0.093655,,,,,,,,,,,,
3437,534,13,,,,,0.05,,,,,True,394,83,8,5,0.135671,,,,,,,,,,,,,True,407,76,8,5,0.093903,,,,,,,,,,,,
3437,534,14,,,,,0.05,,,,,True,394,83,8,5,0.135671,,,,,,,,,,,,,True,410,70,8,5,0.149254,,,,,,,,,,,,
3437,534,15,,,,,0.05,,,,,True,394,83,8,5,0.135671,,,,,,,,,,,,,True,405,79,8,5,0.106075,,,,,,,,,,,,
3437,534,16,,,,,0.05,,,,,True,394,83,8,5,0.135671,,,,,,,,,,,,,True,403,75,8,5,0.089764,,,,,,,,,,,,
3437,534,17,,,,,0.05,,,,,True,394,83,8,5,0.135671,,,,,,,,,,,,,True,404,79,8,5,0.091282,,,,,,,,,,,,
3437,534,18,,,,,0.05,,,,,True,394,83,8,5,0.135671,,,,,,,,,,,,,True,406,75,8,5,0.09012,,,,,,,,,,,,
3437,534,19,,,,,0.05,,,,,True,394,83,8,5,0.135671,,,,,,,,,,,,,True,412,74,8,5,0.092384,,,,,,,,,,,,
3437,534,20,,,,,0.05,,,,,True,394,83,8,5,0.135671,,,,,,,,,,,,,True,407,77,8,5,0.134882,,,,,,,,,,,,
3437,534,21,,,,,0.05,,,,,True,394,83,8,5,0.135671,,,,,,,,,,,,,True,402,78,8,5,0.106142,,,,,,,,,,,,
3437,534,22,,,,,0.05,,,,,True,394,83,8,5,0.135671,,,,,,,,,,,,,True,405,78,8,5,0.105459,,,,,,,,,,,,
3437,534,23,,,,,0.05,,,,,True,394,83,8,5,0.135671,,,,,,,,,,,,,True,409,72,8,5,0.09889,,,,,,,,,,,,
3437,534,24,,,,,0.05,,,,,True,394,83,8,5,0.135671,,,,,,,,,,,,,True,407,79,8,5,0.091883,,,,,,,,,,,,
3437,534,25,,,,,0.05,,,,,True,394,83,8,5,0.135671,,,,,,,,,,,,,True,404,76,8,5,0.090748,,,,,,,,,,,,
3437,534,26,,,,,0.05,,,,,True,394,83,8,5,0.135671,,,,,,,,,,,,,True,410,77,8,5,0.105363,,,,,,,,,,,,
3437,534,27,,,,,0.05,,,,,True,394,83,8,5,0.135671,,,,,,,,,,,,,True,405,75,8,5,0.104122,,,,,,,,,,,,
3437,534,28,,,,,0.05,,,,,True,394,83,8,5,0.135671,,,,,,,,,,,,,True,408,76,8,5,0.100694,,,,,,,,,,,,
3437,534,29,,,,,0.05,,,,,True,394,83,8,5,0.135671,,,,,,,,,,,,,True,408,76,8,5,0.130979,,,,,,,,,,,,
3437,534,30,,,,,0.05,,,,,True,394,83,8,5,0.135671,,,,,,,,,,,,,True,406,78,8,5,0.106454,,,,,,,,,,,,
3437,534,1,,,,,0.15,,,,,True,394,83,8,5,0.135671,,,,,,,,,,,,,True,444,63,8,5,0.127695,,,,,,,,,,,,
3437,534,2,,,,,0.15,,,,,True,394,83,8,5,0.135671,,,,,,,,,,,,,True,452,63,8,5,0.105546,,,,,,,,,,,,
3437,534,3,,,,,0.15,,,,,True,394,83,8,5,0.135671,,,,,,,,,,,,,True,446,65,8,5,0.105675,,,,,,,,,,,,
3437,534,4,,,,,0.15,,,,,True,394,83,8,5,0.135671,,,,,,,,,,,,,True,440,58,8,5,0.089263,,,,,,,,,,,,
3437,534,5,,,,,0.15,,,,,True,394,83,8,5,0.135671,,,,,,,,,,,,,True,449,60,8,5,0.091269,,,,,,,,,,,,
3437,534,6,,,,,0.15,,,,,True,394,83,8,5,0.135671,,,,,,,,,,,,,True,448,63,8,5,0.093005,,,,,,,,,,,,
3437,534,7,,,,,0.15,,,,,True,394,83,8,5,0.135671,,,,,,,,,,,,,True,443,62,8,5,0.090038,,,,,,,,,,,,
3437,534,8,,,,,0.15,,,,,True,394,83,8,5,0.135671,,,,,,,,,,,,,True,438,59,8,5,0.091418,,,,,,,,,,,,
3437,534,9,,,,,0.15,,,,,True,394,83,8,5,0.135671,,,,,,,,,,,,,True,445,69,8,5,0.096892,,,,,,,,,,,,
3437,534,10,,,,,0.15,,,,,True,394,83,8,5,0.135671,,,,,,,,,,,,,True,441,63,8,5,0.131324,,,,,,,,,,,,
3437,534,11,,,,,0.15,,,,,True,394,83,8,5,0.135671,,,,,,,,,,,,,True,441,66,8,5,0.104017,,,,,,,,,,,,
3437,534,12,,,,,0.15,,,,,True,394,83,8,5,0.135671,,,,,,,,,,,,,True,441,59,8,5,0.106679,,,,,,,,,,,,
3437,534,13,,,,,0.15,,,,,True,394,83,8,5,0.135671,,,,,,,,,,,,,True,435,61,8,5,0.091325,,,,,,,,,,,,
3437,534,14,,,,,0.15,,,,,True,394,83,8,5,0.135671,,,,,,,,,,,,,True,443,61,8,5,0.09075,,,,,,,,,,,,
3437,534,15,,,,,0.15,,,,,True,394,83,8,5,0.135671,,,,,,,,,,,,,True,443,60,8,5,0.091934,,,,,,,,,,,,
3437,534,16,,,,,0.15,,,,,True,394,83,8,5,0.135671,,,,,,,,,,,,,True,433,61,8,5,0.089954,,,,,,,,,,,,
3437,534,17,,,,,0.15,,,,,True,394,83,8,5,0.135671,,,,,,,,,,,,,True,444,62,8,5,0.092826,,,,,,,,,,,,
3437,534,18,,,,,0.15,,,,,True,394,83,8,5,0.135671,,,,,,,,,,,,,True,440,67,8,5,0.090312,,,,,,,,,,,,
3437,534,19,,,,,0.15,,,,,True,394,83,8,5,0.135671,,,,,,,,,,,,,True,442,60,8,5,0.132522,,,,,,,,,,,,
3437,534,20,,,,,0.15,,,,,True,394,83,8,5,0.135671,,,,,,,,,,,,,True,443,58,8,5,0.148935,,,,,,,,,,,,
3437,534,21,,,,,0.15,,,,,True,394,83,8,5,0.135671,,,,,,,,,,,,,True,441,61,8,5,0.104442,,,,,,,,,,,,
3437,534,22,,,,,0.15,,,,,True,394,83,8,5,0.135671,,,,,,,,,,,,,True,442,65,8,5,0.089346,,,,,,,,,,,,
3437,534,23,,,,,0.15,,,,,True,394,83,8,5,0.135671,,,,,,,,,,,,,True,448,59,8,5,0.092789,,,,,,,,,,,,
3437,534,24,,,,,0.15,,,,,True,394,83,8,5,0.135671,,,,,,,,,,,,,True,446,61,8,5,0.092905,,,,,,,,,,,,
3437,534,25,,,,,0.15,,,,,True,394,83,8,5,0.135671,,,,,,,,,,,,,True,444,67,8,5,0.091871,,,,,,,,,,,,
3437,534,26,,,,,0.15,,,,,True,394,83,8,5,0.135671,,,,,,,,,,,,,True,437,62,8,5,0.094471,,,,,,,,,,,,
3437,534,27,,,,,0.15,,,,,True,394,83,8,5,0.135671,,,,,,,,,,,,,True,449,66,8,5,0.093161,,,,,,,,,,,,
3437,534,28,,,,,0.15,,,,,True,394,83,8,5,0.135671,,,,,,,,,,,,,True,442,62,8,5,0.104395,,,,,,,,,,,,
3437,534,29,,,,,0.15,,,,,True,394,83,8,5,0.135671,,,,,,,,,,,,,True,448,62,8,5,0.089915,,,,,,,,,,,,
3437,534,30,,,,,0.15,,,,,True,394,83,8,5,0.135671,,,,,,,,,,,,,True,441,64,8,5,0.097279,,,,,,,,,,,,
3437,534,1,,,,,0.25,,,,,True,394,83,8,5,0.135671,,,,,,,,,,,,,True,479,58,8,5,0.20575,,,,,,,,,,,,
3437,534,2,,,,,0.25,,,,,True,394,83,8,5,0.135671,,,,,,,,,,,,,True,477,59,8,5,0.102333,,,,,,,,,,,,
3437,534,3,,,,,0.25,,,,,True,394,83,8,5,0.135671,,,,,,,,,,,,,True,475,56,8,5,0.088296,,,,,,,,,,,,
3437,534,4,,,,,0.25,,,,,True,394,83,8,5,0.135671,,,,,,,,,,,,,True,470,49,8,5,0.09171,,,,,,,,,,,,
3437,534,5,,,,,0.25,,,,,True,394,83,8,5,0.135671,,,,,,,,,,,,,True,478,57,8,5,0.096465,,,,,,,,,,,,
3437,534,6,,,,,0.25,,,,,True,394,83,8,5,0.135671,,,,,,,,,,,,,True,480,61,8,5,0.104617,,,,,,,,,,,,
3437,534,7,,,,,0.25,,,,,True,394,83,8,5,0.135671,,,,,,,,,,,,,True,480,58,8,5,0.102389,,,,,,,,,,,,
3437,534,8,,,,,0.25,,,,,True,394,83,8,5,0.135671,,,,,,,,,,,,,True,478,57,8,5,0.094667,,,,,,,,,,,,
3437,534,9,,,,,0.25,,,,,True,394,83,8,5,0.135671,,,,,,,,,,,,,True,474,58,8,5,0.092055,,,,,,,,,,,,
3437,534,10,,,,,0.25,,,,,True,394,83,8,5,0.135671,,,,,,,,,,,,,True,477,60,8,5,0.092113,,,,,,,,,,,,
3437,534,11,,,,,0.25,,,,,True,394,83,8,5,0.135671,,,,,,,,,,,,,True,472,53,8,5,0.142341,,,,,,,,,,,,
3437,534,12,,,,,0.25,,,,,True,394,83,8,5,0.135671,,,,,,,,,,,,,True,472,53,8,5,0.103713,,,,,,,,,,,,
3437,534,13,,,,,0.25,,,,,True,394,83,8,5,0.135671,,,,,,,,,,,,,True,485,60,8,5,0.090542,,,,,,,,,,,,
3437,534,14,,,,,0.25,,,,,True,394,83,8,5,0.135671,,,,,,,,,,,,,True,471,57,8,5,0.091288,,,,,,,,,,,,
3437,534,15,,,,,0.25,,,,,True,394,83,8,5,0.135671,,,,,,,,,,,,,True,478,57,8,5,0.090346,,,,,,,,,,,,
3437,534,16,,,,,0.25,,,,,True,394,83,8,5,0.135671,,,,,,,,,,,,,True,478,62,8,5,0.0902,,,,,,,,,,,,
3437,534,17,,,,,0.25,,,,,True,394,83,8,5,0.135671,,,,,,,,,,,,,True,478,61,8,5,0.094551,,,,,,,,,,,,
3437,534,18,,,,,0.25,,,,,True,394,83,8,5,0.135671,,,,,,,,,,,,,True,470,55,8,5,0.134582,,,,,,,,,,,,
3437,534,19,,,,,0.25,,,,,True,394,83,8,5,0.135671,,,,,,,,,,,,,True,468,51,8,5,0.105097,,,,,,,,,,,,
3437,534,20,,,,,0.25,,,,,True,394,83,8,5,0.135671,,,,,,,,,,,,,True,476,55,8,5,0.10417,,,,,,,,,,,,
3437,534,21,,,,,0.25,,,,,True,394,83,8,5,0.135671,,,,,,,,,,,,,True,475,56,8,5,0.091767,,,,,,,,,,,,
3437,534,22,,,,,0.25,,,,,True,394,83,8,5,0.135671,,,,,,,,,,,,,True,474,61,8,5,0.132737,,,,,,,,,,,,
3437,534,23,,,,,0.25,,,,,True,394,83,8,5,0.135671,,,,,,,,,,,,,True,477,57,8,5,0.104136,,,,,,,,,,,,
3437,534,24,,,,,0.25,,,,,True,394,83,8,5,0.135671,,,,,,,,,,,,,True,484,56,8,5,0.088974,,,,,,,,,,,,
3437,534,25,,,,,0.25,,,,,True,394,83,8,5,0.135671,,,,,,,,,,,,,True,471,64,8,5,0.092368,,,,,,,,,,,,
3437,534,26,,,,,0.25,,,,,True,394,83,8,5,0.135671,,,,,,,,,,,,,True,468,57,8,5,0.091232,,,,,,,,,,,,
3437,534,27,,,,,0.25,,,,,True,394,83,8,5,0.135671,,,,,,,,,,,,,True,473,58,8,5,0.091628,,,,,,,,,,,,
3437,534,28,,,,,0.25,,,,,True,394,83,8,5,0.135671,,,,,,,,,,,,,True,486,60,8,5,0.089351,,,,,,,,,,,,
3437,534,29,,,,,0.25,,,,,True,394,83,8,5,0.135671,,,,,,,,,,,,,True,476,62,8,5,0.091091,,,,,,,,,,,,
3437,534,30,,,,,0.25,,,,,True,394,83,8,5,0.135671,,,,,,,,,,,,,True,480,59,8,5,0.090269,,,,,,,,,,,,
3437,534,1,,,,,0.4,,,,,True,394,83,8,5,0.135671,,,,,,,,,,,,,True,517,66,8,5,0.093241,,,,,,,,,,,,
3437,534,2,,,,,0.4,,,,,True,394,83,8,5,0.135671,,,,,,,,,,,,,True,520,58,8,5,0.1413,,,,,,,,,,,,
3437,534,3,,,,,0.4,,,,,True,394,83,8,5,0.135671,,,,,,,,,,,,,True,515,59,8,5,0.106537,,,,,,,,,,,,
3437,534,4,,,,,0.4,,,,,True,394,83,8,5,0.135671,,,,,,,,,,,,,True,512,49,8,5,0.128684,,,,,,,,,,,,
3437,534,5,,,,,0.4,,,,,True,394,83,8,5,0.135671,,,,,,,,,,,,,True,516,62,8,5,0.105017,,,,,,,,,,,,
3437,534,6,,,,,0.4,,,,,True,394,83,8,5,0.135671,,,,,,,,,,,,,True,523,57,8,5,0.103516,,,,,,,,,,,,
3437,534,7,,,,,0.4,,,,,True,394,83,8,5,0.135671,,,,,,,,,,,,,True,518,52,8,5,0.090367,,,,,,,,,,,,
3437,534,8,,,,,0.4,,,,,True,394,83,8,5,0.135671,,,,,,,,,,,,,True,515,61,8,5,0.103261,,,,,,,,,,,,
3437,534,9,,,,,0.4,,,,,True,394,83,8,5,0.135671,,,,,,,,,,,,,True,516,61,8,5,0.10016,,,,,,,,,,,,
3437,534,10,,,,,0.4,,,,,True,394,83,8,5,0.135671,,,,,,,,,,,,,True,521,60,8,5,0.104196,,,,,,,,,,,,
3437,534,11,,,,,0.4,,,,,True,394,83,8,5,0.135671,,,,,,,,,,,,,True,508,45,8,5,0.103017,,,,,,,,,,,,
3437,534,12,,,,,0.4,,,,,True,394,83,8,5,0.135671,,,,,,,,,,,,,True,519,59,8,5,0.091177,,,,,,,,,,,,
3437,534,13,,,,,0.4,,,,,True,394,83,8,5,0.135671,,,,,,,,,,,,,True,514,61,8,5,0.128214,,,,,,,,,,,,
3437,534,14,,,,,0.4,,,,,True,394,83,8,5,0.135671,,,,,,,,,,,,,True,512,57,8,5,0.104624,,,,,,,,,,,,
3437,534,15,,,,,0.4,,,,,True,394,83,8,5,0.135671,,,,,,,,,,,,,True,524,53,8,5,0.091658,,,,,,,,,,,,
3437,534,16,,,,,0.4,,,,,True,394,83,8,5,0.135671,,,,,,,,,,,,,True,521,58,8,5,0.091792,,,,,,,,,,,,
3437,534,17,,,,,0.4,,,,,True,394,83,8,5,0.135671,,,,,,,,,,,,,True,522,56,8,5,0.090552,,,,,,,,,,,,
3437,534,18,,,,,0.4,,,,,True,394,83,8,5,0.135671,,,,,,,,,,,,,True,515,56,8,5,0.105102,,,,,,,,,,,,
3437,534,19,,,,,0.4,,,,,True,394,83,8,5,0.135671,,,,,,,,,,,,,True,516,53,8,5,0.102976,,,,,,,,,,,,
3437,534,20,,,,,0.4,,,,,True,394,83,8,5,0.135671,,,,,,,,,,,,,True,515,57,8,5,0.091058,,,,,,,,,,,,
3437,534,21,,,,,0.4,,,,,True,394,83,8,5,0.135671,,,,,,,,,,,,,True,514,52,8,5,0.09079,,,,,,,,,,,,
3437,534,22,,,,,0.4,,,,,True,394,83,8,5,0.135671,,,,,,,,,,,,,True,518,72,8,5,0.094657,,,,,,,,,,,,
3437,534,23,,,,,0.4,,,,,True,394,83,8,5,0.135671,,,,,,,,,,,,,True,514,65,8,5,0.13442,,,,,,,,,,,,
3437,534,24,,,,,0.4,,,,,True,394,83,8,5,0.135671,,,,,,,,,,,,,True,513,57,8,5,0.104813,,,,,,,,,,,,
3437,534,25,,,,,0.4,,,,,True,394,83,8,5,0.135671,,,,,,,,,,,,,True,516,58,8,5,0.115462,,,,,,,,,,,,
3437,534,26,,,,,0.4,,,,,True,394,83,8,5,0.135671,,,,,,,,,,,,,True,510,61,8,5,0.090615,,,,,,,,,,,,
3437,534,27,,,,,0.4,,,,,True,394,83,8,5,0.135671,,,,,,,,,,,,,True,513,59,8,5,0.090561,,,,,,,,,,,,
3437,534,28,,,,,0.4,,,,,True,394,83,8,5,0.135671,,,,,,,,,,,,,True,523,61,8,5,0.092652,,,,,,,,,,,,
3437,534,29,,,,,0.4,,,,,True,394,83,8,5,0.135671,,,,,,,,,,,,,True,516,59,8,5,0.104789,,,,,,,,,,,,
3437,534,30,,,,,0.4,,,,,True,394,83,8,5,0.135671,,,,,,,,,,,,,True,518,58,8,5,0.106516,,,,,,,,,,,,
3980,52,1,,,75.0,68.5,0.05,,,74.0,66.5,True,52,18,8,5,0.000157,True,7.342016808328906,13.0,2,28,0.4,0.4,2,inf,1.398605,0.000463,1.42522,True,52,18,8,5,0.000122,True,7.110462087169016,13.0,2,40,0.4,0.4,2,inf,1.680262,0.000441,1.705888
3980,52,2,,,75.0,68.5,0.05,,,74.0,65.5,True,52,18,8,5,0.000157,True,7.342016808328906,13.0,2,28,0.4,0.4,2,inf,1.398605,0.000463,1.42522,True,52,17,8,5,0.000134,True,6.961907477161838,12.0,49,50,0.4,0.4,2,inf,1.460164,0.000464,1.485299
3980,52,3,,,75.0,68.5,0.05,,,74.0,65.0,True,52,18,8,5,0.000157,True,7.342016808328906,13.0,2,28,0.4,0.4,2,inf,1.398605,0.000463,1.42522,True,52,18,8,5,0.000126,True,6.83740515093669,13.0,42,42,0.4,0.4,2,inf,1.695501,0.00044,1.720468
3980,52,4,,,75.0,68.5,0.05,,,74.0,67.0,True,52,18,8,5,0.000157,True,7.342016808328906,13.0,2,28,0.4,0.4,2,inf,1.398605,0.000463,1.42522,True,52,18,8,5,0.000145,True,7.201622760202462,12.0,2,41,0.4,0.4,2,inf,1.583652,0.000444,1.609601
3980,52,5,,,75.0,68.5,0.05,,,74.0,63.0,True,52,18,8,5,0.000157,True,7.342016808328906,13.0,2,28,0.4,0.4,2,inf,1.398605,0.000463,1.42522,True,52,17,8,5,0.000121,True,6.444065624935779,10.0,8,42,0.4,0.4,2,inf,1.713281,0.000448,1.737974
3980,52,6,,,75.0,68.5,0.05,,,74.0,66.5,True,52,18,8,5,0.000157,True,7.342016808328906,13.0,2,28,0.4,0.4,2,inf,1.398605,0.000463,1.42522,True,52,17,8,5,0.000128,True,6.895255013102777,13.0,39,42,0.4,0.4,2,inf,1.631096,0.000446,1.655976
3980,52,7,,,75.0,68.5,0.05,,,74.0,62.5,True,52,18,8,5,0.000157,True,7.342016808328906,13.0,2,28,0.4,0.4,2,inf,1.398605,0.000463,1.42522,True,52,17,8,5,0.000147,True,7.271321556896013,13.0,40,43,0.4,0.4,2,inf,1.999016,0.000614,2.039857
3980,52,8,,,75.0,68.5,0.05,,,74.0,66.0,True,52,18,8,5,0.000157,True,7.342016808328906,13.0,2,28,0.4,0.4,2,inf,1.398605,0.000463,1.42522,True,52,17,8,5,0.000152,True,6.502845516861747,14.0,17,42,0.4,0.4,2,inf,2.077706,0.000782,2.132547
3980,52,9,,,75.0,68.5,0.05,,,74.0,65.0,True,52,18,8,5,0.000157,True,7.342016808328906,13.0,2,28,0.4,0.4,2,inf,1.398605,0.000463,1.42522,True,52,17,8,5,0.000126,True,7.277825267933537,13.0,2,41,0.4,0.4,2,inf,2.442575,0.000767,2.499212
3980,52,10,,,75.0,68.5,0.05,,,74.0,66.0,True,52,18,8,5,0.000157,True,7.342016808328906,13.0,2,28,0.4,0.4,2,inf,1.398605,0.000463,1.42522,True,52,17,8,5,0.000127,True,6.845204973604128,12.0,2,42,0.4,0.4,2,inf,2.28634,0.000842,2.337328
3980,52,11,,,75.0,68.5,0.05,,,74.0,62.0,True,52,18,8,5,0.000157,True,7.342016808328906,13.0,2,28,0.4,0.4,2,inf,1.398605,0.000463,1.42522,True,52,16,8,5,0.000124,True,6.710236502478624,11.0,42,46,0.4,0.4,2,inf,2.458653,0.000676,2.506077
3980,52,12,,,75.0,68.5,0.05,,,74.0,63.0,True,52,18,8,5,0.000157,True,7.342016808328906,13.0,2,28,0.4,0.4,2,inf,1.398605,0.000463,1.42522,True,52,16,8,5,0.000129,True,6.791875500782993,14.0,42,49,0.4,0.4,2,inf,2.229796,0.000819,2.283528
3980,52,13,,,75.0,68.5,0.05,,,74.0,62.0,True,52,18,8,5,0.000157,True,7.342016808328906,13.0,2,28,0.4,0.4,2,inf,1.398605,0.000463,1.42522,True,52,16,8,5,0.000124,True,6.841910984189792,13.0,40,39,0.4,0.4,2,inf,2.055296,0.000789,2.104196
3980,52,14,,,75.0,68.5,0.05,,,74.0,63.5,True,52,18,8,5,0.000157,True,7.342016808328906,13.0,2,28,0.4,0.4,2,inf,1.398605,0.000463,1.42522,True,52,17,8,5,0.000139,True,6.93108173650715,12.0,18,39,0.4,0.4,2,inf,2.616998,0.000747,2.650863
3980,52,15,,,75.0,68.5,0.05,,,74.0,63.0,True,52,18,8,5,0.000157,True,7.342016808328906,13.0,2,28,0.4,0.4,2,inf,1.398605,0.000463,1.42522,True,52,17,8,5,0.000123,True,6.96510490172747,13.0,40,41,0.4,0.4,2,inf,2.077755,0.00072,2.119157
3980,52,16,,,75.0,68.5,0.05,,,74.0,65.0,True,52,18,8,5,0.000157,True,7.342016808328906,13.0,2,28,0.4,0.4,2,inf,1.398605,0.000463,1.42522,True,52,18,8,5,0.000142,True,6.935217985906098,13.0,42,42,0.4,0.4,2,inf,2.089144,0.000767,2.132628
3980,52,17,,,75.0,68.5,0.05,,,74.0,65.5,True,52,18,8,5,0.000157,True,7.342016808328906,13.0,2,28,0.4,0.4,2,inf,1.398605,0.000463,1.42522,True,52,16,8,5,0.000128,True,6.910456842677162,12.0,2,43,0.4,0.4,2,inf,2.221241,0.000741,2.26623
3980,52,18,,,75.0,68.5,0.05,,,74.0,66.0,True,52,18,8,5,0.000157,True,7.342016808328906,13.0,2,28,0.4,0.4,2,inf,1.398605,0.000463,1.42522,True,52,17,8,5,0.000122,True,6.701344547917472,15.0,13,36,0.4,0.4,2,inf,2.380779,0.000784,2.424766
3980,52,19,,,75.0,68.5,0.05,,,74.0,64.0,True,52,18,8,5,0.000157,True,7.342016808328906,13.0,2,28,0.4,0.4,2,inf,1.398605,0.000463,1.42522,True,52,16,8,5,0.000111,True,6.799952769725455,13.0,2,42,0.4,0.4,2,inf,1.903243,0.000737,1.943049
3980,52,20,,,75.0,68.5,0.05,,,74.0,64.5,True,52,18,8,5,0.000157,True,7.342016808328906,13.0,2,28,0.4,0.4,2,inf,1.398605,0.000463,1.42522,True,52,17,8,5,0.000106,True,7.017274137600328,12.0,18,41,0.4,0.4,2,inf,1.817496,0.000675,1.858587
3980,52,21,,,75.0,68.5,0.05,,,74.0,61.5,True,52,18,8,5,0.000157,True,7.342016808328906,13.0,2,28,0.4,0.4,2,inf,1.398605,0.000463,1.42522,True,52,17,8,5,0.000109,True,6.659630119483328,12.0,13,43,0.4,0.4,2,inf,1.866135,0.000781,1.908635
3980,52,22,,,75.0,68.5,0.05,,,74.0,64.0,True,52,18,8,5,0.000157,True,7.342016808328906,13.0,2,28,0.4,0.4,2,inf,1.398605,0.000463,1.42522,True,52,17,8,5,0.00011,True,6.917794078457494,14.0,22,39,0.4,0.4,2,inf,2.319763,0.000662,2.361006
3980,52,23,,,75.0,68.5,0.05,,,74.0,64.0,True,52,18,8,5,0.000157,True,7.342016808328906,13.0,2,28,0.4,0.4,2,inf,1.398605,0.000463,1.42522,True,52,18,8,5,0.000106,True,6.951097867905225,14.0,40,41,0.4,0.4,2,inf,1.955089,0.000737,1.997007
3980,52,24,,,75.0,68.5,0.05,,,74.0,65.5,True,52,18,8,5,0.000157,True,7.342016808328906,13.0,2,28,0.4,0.4,2,inf,1.398605,0.000463,1.42522,True,52,17,8,5,0.00011,True,7.206359323122703,14.0,40,38,0.4,0.4,2,inf,1.973127,0.000792,2.014385
3980,52,25,,,75.0,68.5,0.05,,,74.0,65.0,True,52,18,8,5,0.000157,True,7.342016808328906,13.0,2,28,0.4,0.4,2,inf,1.398605,0.000463,1.42522,True,52,17,8,5,0.000113,True,6.916906313220906,13.0,18,41,0.4,0.4,2,inf,2.429874,0.000837,2.477273
3980,52,26,,,75.0,68.5,0.05,,,74.0,65.5,True,52,18,8,5,0.000157,True,7.342016808328906,13.0,2,28,0.4,0.4,2,inf,1.398605,0.000463,1.42522,True,52,17,8,5,0.000122,True,6.388897503190471,12.0,18,42,0.4,0.4,2,inf,2.385491,0.000535,2.423733
3980,52,27,,,75.0,68.5,0.05,,,74.0,64.0,True,52,18,8,5,0.000157,True,7.342016808328906,13.0,2,28,0.4,0.4,2,inf,1.398605,0.000463,1.42522,True,52,16,8,5,0.000115,True,6.765613682658255,13.0,22,40,0.4,0.4,2,inf,1.794909,0.000733,1.835945
3980,52,28,,,75.0,68.5,0.05,,,74.0,65.0,True,52,18,8,5,0.000157,True,7.342016808328906,13.0,2,28,0.4,0.4,2,inf,1.398605,0.000463,1.42522,True,52,17,8,5,0.000109,True,6.635833508320634,13.0,2,49,0.4,0.4,2,inf,1.626257,0.000642,1.668664
3980,52,29,,,75.0,68.5,0.05,,,74.0,66.0,True,52,18,8,5,0.000157,True,7.342016808328906,13.0,2,28,0.4,0.4,2,inf,1.398605,0.000463,1.42522,True,52,18,8,5,0.000109,True,6.999268692912957,13.0,49,45,0.4,0.4,2,inf,1.629543,0.000851,1.673794
3980,52,30,,,75.0,68.5,0.05,,,74.0,62.0,True,52,18,8,5,0.000157,True,7.342016808328906,13.0,2,28,0.4,0.4,2,inf,1.398605,0.000463,1.42522,True,52,17,8,5,0.00011,True,6.931954876313574,12.0,17,38,0.4,0.4,2,inf,1.82432,0.000587,1.864702
3980,52,1,,,75.0,68.5,0.15,,,67.0,57.5,True,52,18,8,5,0.000157,True,7.342016808328906,13.0,2,28,0.4,0.4,2,inf,1.398605,0.000463,1.42522,True,52,17,8,5,0.000106,True,6.4196272019717355,13.0,2,40,0.4,0.4,2,inf,1.927113,0.000794,1.969563
3980,52,2,,,75.0,68.5,0.15,,,67.0,56.5,True,52,18,8,5,0.000157,True,7.342016808328906,13.0,2,28,0.4,0.4,2,inf,1.398605,0.000463,1.42522,True,52,17,8,5,0.000109,True,6.1198715280811555,9.0,49,46,0.4,0.4,2,inf,1.829158,0.000611,1.870972
3980,52,3,,,75.0,68.5,0.15,,,67.0,55.0,True,52,18,8,5,0.000157,True,7.342016808328906,13.0,2,28,0.4,0.4,2,inf,1.398605,0.000463,1.42522,True,52,16,8,5,0.000143,True,6.113790603762783,12.0,18,42,0.4,0.4,2,inf,1.648024,0.000901,1.693151
3980,52,4,,,75.0,68.5,0.15,,,67.0,56.0,True,52,18,8,5,0.000157,True,7.342016808328906,13.0,2,28,0.4,0.4,2,inf,1.398605,0.000463,1.42522,True,52,15,8,5,0.000104,True,6.332199298771671,11.0,15,41,0.4,0.4,2,inf,2.429343,0.000819,2.478379
3980,52,5,,,75.0,68.5,0.15,,,67.0,57.75,True,52,18,8,5,0.000157,True,7.342016808328906,13.0,2,28,0.4,0.4,2,inf,1.398605,0.000463,1.42522,True,52,16,8,5,0.000195,True,5.974203694802337,9.0,2,41,0.4,0.4,2,inf,2.295613,0.000759,2.337411
3980,52,6,,,75.0,68.5,0.15,,,67.0,58.0,True,52,18,8,5,0.000157,True,7.342016808328906,13.0,2,28,0.4,0.4,2,inf,1.398605,0.000463,1.42522,True,52,14,8,5,0.000136,True,6.4842150243891465,12.0,18,48,0.4,0.4,2,inf,2.343311,0.000754,2.386254
3980,52,7,,,75.0,68.5,0.15,,,67.0,55.750000000000114,True,52,18,8,5,0.000157,True,7.342016808328906,13.0,2,28,0.4,0.4,2,inf,1.398605,0.000463,1.42522,True,52,14,8,5,0.000156,True,6.108711597735355,11.0,40,44,0.4,0.4,2,inf,2.787301,0.000707,2.831436
3980,52,8,,,75.0,68.5,0.15,,,67.0,58.0,True,52,18,8,5,0.000157,True,7.342016808328906,13.0,2,28,0.4,0.4,2,inf,1.398605,0.000463,1.42522,True,52,17,8,5,0.000154,True,5.741237623986593,12.0,17,41,0.4,0.4,2,inf,2.158874,0.000552,2.193039
3980,52,9,,,75.0,68.5,0.15,,,67.0,58.75,True,52,18,8,5,0.000157,True,7.342016808328906,13.0,2,28,0.4,0.4,2,inf,1.398605,0.000463,1.42522,True,52,16,8,5,0.000159,True,6.603568421829973,10.0,15,40,0.4,0.4,2,inf,1.901676,0.000787,1.942999
3980,52,10,,,75.0,68.5,0.15,,,67.0,58.0,True,52,18,8,5,0.000157,True,7.342016808328906,13.0,2,28,0.4,0.4,2,inf,1.398605,0.000463,1.42522,True,52,15,8,5,0.000201,True,6.064122728395715,12.0,40,39,0.4,0.4,2,inf,1.927715,0.000648,1.969687
3980,52,11,,,75.0,68.5,0.15,,,67.0,53.0,True,52,18,8,5,0.000157,True,7.342016808328906,13.0,2,28,0.4,0.4,2,inf,1.398605,0.000463,1.42522,True,52,16,8,5,0.000165,True,6.275679133215828,11.0,49,49,0.4,0.4,2,inf,1.75031,0.000785,1.792728
3980,52,12,,,75.0,68.5,0.15,,,67.0,53.249999999999886,True,52,18,8,5,0.000157,True,7.342016808328906,13.0,2,28,0.4,0.4,2,inf,1.398605,0.000463,1.42522,True,52,14,8,5,0.00021,True,5.991277770645822,11.0,2,40,0.4,0.4,2,inf,1.915425,0.000778,1.962211
3980,52,13,,,75.0,68.5,0.15,,,67.0,54.0,True,52,18,8,5,0.000157,True,7.342016808328906,13.0,2,28,0.4,0.4,2,inf,1.398605,0.000463,1.42522,True,52,14,8,5,0.000199,True,6.28158898873413,12.0,2,42,0.4,0.4,2,inf,1.689933,0.000757,1.733008
3980,52,14,,,75.0,68.5,0.15,,,67.0,56.5,True,52,18,8,5,0.000157,True,7.342016808328906,13.0,2,28,0.4,0.4,2,inf,1.398605,0.000463,1.42522,True,52,16,8,5,0.000131,True,6.0174206325343285,10.0,18,43,0.4,0.4,2,inf,1.924509,0.00076,1.96902
3980,52,15,,,75.0,68.5,0.15,,,67.0,57.5,True,52,18,8,5,0.000157,True,7.342016808328906,13.0,2,28,0.4,0.4,2,inf,1.398605,0.000463,1.42522,True,52,15,8,5,0.000159,True,6.281067297547909,12.0,2,43,0.4,0.4,2,inf,1.870002,0.00074,1.910292
3980,52,16,,,75.0,68.5,0.15,,,67.0,59.5,True,52,18,8,5,0.000157,True,7.342016808328906,13.0,2,28,0.4,0.4,2,inf,1.398605,0.000463,1.42522,True,52,16,8,5,0.000201,True,6.546528703945901,10.0,18,39,0.4,0.4,2,inf,1.739137,0.000765,1.783356
3980,52,17,,,75.0,68.5,0.15,,,67.0,60.0,True,52,18,8,5,0.000157,True,7.342016808328906,13.0,2,28,0.4,0.4,2,inf,1.398605,0.000463,1.42522,True,52,15,8,5,0.000215,True,5.545312798599044,11.0,2,46,0.4,0.4,2,inf,1.702341,0.000647,1.745199
3980,52,18,,,75.0,68.5,0.15,,,67.0,59.0,True,52,18,8,5,0.000157,True,7.342016808328906,13.0,2,28,0.4,0.4,2,inf,1.398605,0.000463,1.42522,True,52,16,8,5,0.000161,True,6.093539721549711,12.0,13,36,0.4,0.4,2,inf,1.929394,0.000757,1.971678
3980,52,19,,,75.0,68.5,0.15,,,67.0,52.5,True,52,18,8,5,0.000157,True,7.342016808328906,13.0,2,28,0.4,0.4,2,inf,1.398605,0.000463,1.42522,True,52,13,8,5,0.000163,True,6.03026367047951,11.0,2,42,0.4,0.4,2,inf,1.542658,0.000735,1.584978
3980,52,20,,,75.0,68.5,0.15,,,67.0,55.16666666666674,True,52,18,8,5,0.000157,True,7.342016808328906,13.0,2,28,0.4,0.4,2,inf,1.398605,0.000463,1.42522,True,52,16,8,5,0.000162,True,6.275629303307851,11.0,17,45,0.4,0.4,2,inf,1.807251,0.000567,1.846664
3980,52,21,,,75.0,68.5,0.15,,,67.0,54.5,True,52,18,8,5,0.000157,True,7.342016808328906,13.0,2,28,0.4,0.4,2,inf,1.398605,0.000463,1.42522,True,52,14,8,5,0.000161,True,6.127878674067257,13.0,42,44,0.4,0.4,2,inf,1.528852,0.00075,1.571979
3980,52,22,,,75.0,68.5,0.15,,,67.0,56.5,True,52,18,8,5,0.000157,True,7.342016808328906,13.0,2,28,0.4,0.4,2,inf,1.398605,0.000463,1.42522,True,52,16,8,5,0.000195,True,6.419405084716754,12.0,33,35,0.4,0.4,2,inf,1.795796,0.000726,1.839001
3980,52,23,,,75.0,68.5,0.15,,,67.0,54.0,True,52,18,8,5,0.000157,True,7.342016808328906,13.0,2,28,0.4,0.4,2,inf,1.398605,0.000463,1.42522,True,52,17,8,5,0.000193,True,6.484847274738273,11.0,40,41,0.4,0.4,2,inf,2.049653,0.000859,2.09189
3980,52,24,,,75.0,68.5,0.15,,,67.0,57.5,True,52,18,8,5,0.000157,True,7.342016808328906,13.0,2,28,0.4,0.4,2,inf,1.398605,0.000463,1.42522,True,52,15,8,5,0.000221,True,6.334581409038038,12.0,57,38,0.4,0.4,2,inf,1.875804,0.000763,1.918196
3980,52,25,,,75.0,68.5,0.15,,,67.0,54.0,True,52,18,8,5,0.000157,True,7.342016808328906,13.0,2,28,0.4,0.4,2,inf,1.398605,0.000463,1.42522,True,52,15,8,5,0.000201,True,6.169049340032233,13.0,18,46,0.4,0.4,2,inf,1.622346,0.000816,1.663292
3980,52,26,,,75.0,68.5,0.15,,,67.0,60.5,True,52,18,8,5,0.000157,True,7.342016808328906,13.0,2,28,0.4,0.4,2,inf,1.398605,0.000463,1.42522,True,52,17,8,5,0.000188,True,5.962628772655302,10.0,15,40,0.4,0.4,2,inf,1.729378,0.000615,1.772761
3980,52,27,,,75.0,68.5,0.15,,,67.0,53.5,True,52,18,8,5,0.000157,True,7.342016808328906,13.0,2,28,0.4,0.4,2,inf,1.398605,0.000463,1.42522,True,52,16,8,5,0.000187,True,5.4922447850595395,11.0,24,36,0.4,0.4,2,inf,1.591908,0.000643,1.632379
3980,52,28,,,75.0,68.5,0.15,,,67.0,56.0,True,52,18,8,5,0.000157,True,7.342016808328906,13.0,2,28,0.4,0.4,2,inf,1.398605,0.000463,1.42522,True,52,16,8,5,0.000167,True,6.086600478628188,12.0,18,48,0.4,0.4,2,inf,1.585719,0.000627,1.626428
3980,52,29,,,75.0,68.5,0.15,,,67.0,60.5,True,52,18,8,5,0.000157,True,7.342016808328906,13.0,2,28,0.4,0.4,2,inf,1.398605,0.000463,1.42522,True,52,18,8,5,0.000261,True,6.041325380539201,12.0,2,37,0.4,0.4,2,inf,1.771467,0.000714,1.813102
3980,52,30,,,75.0,68.5,0.15,,,67.0,55.0,True,52,18,8,5,0.000157,True,7.342016808328906,13.0,2,28,0.4,0.4,2,inf,1.398605,0.000463,1.42522,True,52,15,8,5,0.000158,True,6.123067658116664,11.0,1,36,0.4,0.4,2,inf,1.821335,0.000637,1.862431
3980,52,1,,,75.0,68.5,0.25,,,58.0,50.5,True,52,18,8,5,0.000157,True,7.342016808328906,13.0,2,28,0.4,0.4,2,inf,1.398605,0.000463,1.42522,True,52,14,8,5,0.000202,True,5.917246145922657,13.0,14,38,0.4,0.4,2,inf,1.540598,0.00058,1.580798
3980,52,2,,,75.0,68.5,0.25,,,58.0,50.5,True,52,18,8,5,0.000157,True,7.342016808328906,13.0,2,28,0.4,0.4,2,inf,1.398605,0.000463,1.42522,True,52,13,8,5,0.000188,True,5.101924043049695,8.0,18,45,0.4,0.4,2,inf,1.725993,0.000502,1.758275
3980,52,3,,,75.0,68.5,0.25,,,58.0,48.0,True,52,18,8,5,0.000157,True,7.342016808328906,13.0,2,28,0.4,0.4,2,inf,1.398605,0.000463,1.42522,True,52,14,8,5,0.000223,True,5.494614190391445,8.0,17,34,0.4,0.4,2,inf,1.495477,0.000506,1.524367
3980,52,4,,,75.0,68.5,0.25,,,58.0,49.5,True,52,18,8,5,0.000157,True,7.342016808328906,13.0,2,28,0.4,0.4,2,inf,1.398605,0.000463,1.42522,True,52,15,8,5,0.00016,True,5.808315416200985,10.0,34,42,0.4,0.4,2,inf,1.618997,0.000676,1.662304
3980,52,5,,,75.0,68.5,0.25,,,58.0,49.75,True,52,18,8,5,0.000157,True,7.342016808328906,13.0,2,28,0.4,0.4,2,inf,1.398605,0.000463,1.42522,True,52,14,8,5,0.000174,True,5.163539408648718,9.0,2,41,0.4,0.4,2,inf,1.590645,0.000625,1.630629
3980,52,6,,,75.0,68.5,0.25,,,58.0,49.5,True,52,18,8,5,0.000157,True,7.342016808328906,13.0,2,28,0.4,0.4,2,inf,1.398605,0.000463,1.42522,True,52,13,8,5,0.000155,True,5.245135337015432,9.0,17,40,0.4,0.4,2,inf,1.752635,0.000642,1.794901
3980,52,7,,,75.0,68.5,0.25,,,58.0,49.83333333333337,True,52,18,8,5,0.000157,True,7.342016808328906,13.0,2,28,0.4,0.4,2,inf,1.398605,0.000463,1.42522,True,52,14,8,5,0.00019,True,4.993487750549676,9.0,40,44,0.4,0.4,2,inf,1.672612,0.000741,1.715596
3980,52,8,,,75.0,68.5,0.25,,,58.0,50.0,True,52,18,8,5,0.000157,True,7.342016808328906,13.0,2,28,0.4,0.4,2,inf,1.398605,0.000463,1.42522,True,52,16,8,5,0.000224,True,4.648385282269128,9.0,24,37,0.4,0.4,2,inf,1.679157,0.000634,1.719855
3980,52,9,,,75.0,68.5,0.25,,,58.0,50.5,True,52,18,8,5,0.000157,True,7.342016808328906,13.0,2,28,0.4,0.4,2,inf,1.398605,0.000463,1.42522,True,52,14,8,5,0.000218,True,5.5040413824316445,10.0,2,44,0.4,0.4,2,inf,1.697371,0.000744,1.739139
3980,52,10,,,75.0,68.5,0.25,,,58.0,51.5,True,52,18,8,5,0.000157,True,7.342016808328906,13.0,2,28,0.4,0.4,2,inf,1.398605,0.000463,1.42522,True,52,15,8,5,0.000343,True,5.319244558148097,11.0,15,38,0.4,0.4,2,inf,1.628328,0.000588,1.667942
3980,52,11,,,75.0,68.5,0.25,,,58.0,44.0,True,52,18,8,5,0.000157,True,7.342016808328906,13.0,2,28,0.4,0.4,2,inf,1.398605,0.000463,1.42522,True,52,14,8,5,0.00023,True,5.3781268469510515,8.0,34,45,0.4,0.4,2,inf,1.602668,0.000766,1.642843
3980,52,12,,,75.0,68.5,0.25,,,58.0,43.25,True,52,18,8,5,0.000157,True,7.342016808328906,13.0,2,28,0.4,0.4,2,inf,1.398605,0.000463,1.42522,True,52,13,8,5,0.000184,True,5.27075327314875,10.0,24,37,0.4,0.4,2,inf,1.546283,0.000497,1.578288
3980,52,13,,,75.0,68.5,0.25,,,58.0,48.25,True,52,18,8,5,0.000157,True,7.342016808328906,13.0,2,28,0.4,0.4,2,inf,1.398605,0.000463,1.42522,True,52,12,8,5,0.000205,True,5.385992277687164,9.0,18,40,0.4,0.4,2,inf,1.568365,0.000608,1.605014
3980,52,14,,,75.0,68.5,0.25,,,58.0,49.0,True,52,18,8,5,0.000157,True,7.342016808328906,13.0,2,28,0.4,0.4,2,inf,1.398605,0.000463,1.42522,True,52,16,8,5,0.000187,True,5.120518368717684,9.0,29,41,0.4,0.4,2,inf,1.658434,0.000521,1.695891
3980,52,15,,,75.0,68.5,0.25,,,58.0,50.5,True,52,18,8,5,0.000157,True,7.342016808328906,13.0,2,28,0.4,0.4,2,inf,1.398605,0.000463,1.42522,True,52,12,8,5,0.000223,True,5.759144751049329,10.0,49,48,0.4,0.4,2,inf,1.594013,0.000853,1.637911
3980,52,16,,,75.0,68.5,0.25,,,58.0,54.0,True,52,18,8,5,0.000157,True,7.342016808328906,13.0,2,28,0.4,0.4,2,inf,1.398605,0.000463,1.42522,True,52,14,8,5,0.000358,True,6.082753720196156,12.0,49,44,0.4,0.4,2,inf,1.5962,0.0006,1.635595
3980,52,17,,,75.0,68.5,0.25,,,58.0,52.5,True,52,18,8,5,0.000157,True,7.342016808328906,13.0,2,28,0.4,0.4,2,inf,1.398605,0.000463,1.42522,True,52,14,8,5,0.000189,True,5.103755318799224,10.0,2,41,0.4,0.4,2,inf,1.57093,0.000508,1.599393
3980,52,18,,,75.0,68.5,0.25,,,58.0,50.375,True,52,18,8,5,0.000157,True,7.342016808328906,13.0,2,28,0.4,0.4,2,inf,1.398605,0.000463,1.42522,True,52,15,8,5,0.000241,True,5.017239483457082,8.0,13,38,0.4,0.4,2,inf,1.616311,0.000603,1.655962
3980,52,19,,,75.0,68.5,0.25,,,58.0,42.5,True,52,18,8,5,0.000157,True,7.342016808328906,13.0,2,28,0.4,0.4,2,inf,1.398605,0.000463,1.42522,True,52,12,8,5,0.001193,True,4.847498058179313,9.0,50,38,0.4,0.4,2,inf,1.687237,0.000622,1.727308
3980,52,20,,,75.0,68.5,0.25,,,58.0,46.5,True,52,18,8,5,0.000157,True,7.342016808328906,13.0,2,28,0.4,0.4,2,inf,1.398605,0.000463,1.42522,True,52,14,8,5,0.000203,True,5.121462825993435,9.0,34,46,0.4,0.4,2,inf,1.669489,0.000647,1.710459
3980,52,21,,,75.0,68.5,0.25,,,58.0,47.25,True,52,18,8,5,0.000157,True,7.342016808328906,13.0,2,28,0.4,0.4,2,inf,1.398605,0.000463,1.42522,True,52,13,8,5,0.000204,True,5.438467527232122,10.0,24,43,0.4,0.4,2,inf,1.555686,0.000501,1.589078
3980,52,22,,,75.0,68.5,0.25,,,58.0,47.75,True,52,18,8,5,0.000157,True,7.342016808328906,13.0,2,28,0.4,0.4,2,inf,1.398605,0.000463,1.42522,True,52,14,8,5,0.00028,True,5.731965004991424,12.0,33,36,0.4,0.4,2,inf,1.576787,0.000491,1.606099
3980,52,23,,,75.0,68.5,0.25,,,58.0,48.33333333333337,True,52,18,8,5,0.000157,True,7.342016808328906,13.0,2,28,0.4,0.4,2,inf,1.398605,0.000463,1.42522,True,52,16,8,5,0.000226,True,5.65935615062138,12.0,49,42,0.4,0.4,2,inf,1.565876,0.000596,1.607976
3980,52,24,,,75.0,68.5,0.25,,,58.0,50.0,True,52,18,8,5,0.000157,True,7.342016808328906,13.0,2,28,0.4,0.4,2,inf,1.398605,0.000463,1.42522,True,52,13,8,5,0.000187,True,5.294379011337719,9.0,34,47,0.4,0.4,2,inf,1.525476,0.000614,1.559718
3980,52,25,,,75.0,68.5,0.25,,,58.0,46.25,True,52,18,8,5,0.000157,True,7.342016808328906,13.0,2,28,0.4,0.4,2,inf,1.398605,0.000463,1.42522,True,52,13,8,5,0.000209,True,5.868937109253165,12.0,18,42,0.4,0.4,2,inf,1.507389,0.000507,1.53591
3980,52,26,,,75.0,68.5,0.25,,,58.0,49.5,True,52,18,8,5,0.000157,True,7.342016808328906,13.0,2,28,0.4,0.4,2,inf,1.398605,0.000463,1.42522,True,52,13,8,5,0.00019,True,5.447596937683238,10.0,18,42,0.4,0.4,2,inf,1.549626,0.000512,1.578287
3980,52,27,,,75.0,68.5,0.25,,,58.0,48.0,True,52,18,8,5,0.000157,True,7.342016808328906,13.0,2,28,0.4,0.4,2,inf,1.398605,0.000463,1.42522,True,52,14,8,5,0.000208,True,4.3641121473559235,8.0,20,40,0.4,0.4,2,inf,1.624512,0.000511,1.653173
3980,52,28,,,75.0,68.5,0.25,,,58.0,47.5,True,52,18,8,5,0.000157,True,7.342016808328906,13.0,2,28,0.4,0.4,2,inf,1.398605,0.000463,1.42522,True,52,14,8,5,0.000176,True,5.113360944590342,11.0,15,39,0.4,0.4,2,inf,1.635723,0.000607,1.672495
3980,52,29,,,75.0,68.5,0.25,,,58.0,52.5,True,52,18,8,5,0.000157,True,7.342016808328906,13.0,2,28,0.4,0.4,2,inf,1.398605,0.000463,1.42522,True,52,15,8,5,0.000169,True,5.221872125998678,10.0,49,41,0.4,0.4,2,inf,2.181061,0.000674,2.223108
3980,52,30,,,75.0,68.5,0.25,,,58.0,50.5,True,52,18,8,5,0.000157,True,7.342016808328906,13.0,2,28,0.4,0.4,2,inf,1.398605,0.000463,1.42522,True,52,14,8,5,0.000146,True,5.656338328560361,10.0,1,34,0.4,0.4,2,inf,2.367619,0.00105,2.43189
3980,52,1,,,75.0,68.5,0.4,,,37.0,33.4375,True,52,18,8,5,0.000157,True,7.342016808328906,13.0,2,28,0.4,0.4,2,inf,1.398605,0.000463,1.42522,True,52,11,8,5,0.000135,True,3.575662887881273,6.0,8,35,0.4,0.4,2,inf,2.101399,0.00074,2.141664
3980,52,2,,,75.0,68.5,0.4,,,37.0,39.5,True,52,18,8,5,0.000157,True,7.342016808328906,13.0,2,28,0.4,0.4,2,inf,1.398605,0.000463,1.42522,True,52,13,8,5,0.000148,True,3.7745424292881142,6.0,50,44,0.4,0.4,2,inf,2.06184,0.000791,2.140502
3980,52,3,,,75.0,68.5,0.4,,,37.0,33.25,True,52,18,8,5,0.000157,True,7.342016808328906,13.0,2,28,0.4,0.4,2,inf,1.398605,0.000463,1.42522,True,52,12,8,5,0.000128,True,3.788478466192823,6.0,20,36,0.4,0.4,2,inf,3.055943,0.002148,3.125545
3980,52,4,,,75.0,68.5,0.4,,,37.0,35.857142857143,True,52,18,8,5,0.000157,True,7.342016808328906,13.0,2,28,0.4,0.4,2,inf,1.398605,0.000463,1.42522,True,52,12,8,5,0.000124,True,4.338466494858486,9.0,37,39,0.4,0.4,2,inf,2.138252,0.001142,2.182531
3980,52,5,,,75.0,68.5,0.4,,,37.0,36.0,True,52,18,8,5,0.000157,True,7.342016808328906,13.0,2,28,0.4,0.4,2,inf,1.398605,0.000463,1.42522,True,52,12,8,5,0.000128,True,3.922600037880376,7.0,8,37,0.4,0.4,2,inf,2.219898,0.000734,2.261688
3980,52,6,,,75.0,68.5,0.4,,,37.0,35.5,True,52,18,8,5,0.000157,True,7.342016808328906,13.0,2,28,0.4,0.4,2,inf,1.398605,0.000463,1.42522,True,52,11,8,5,0.000124,True,3.955969054351727,6.0,18,44,0.4,0.4,2,inf,2.036099,0.00061,2.075619
3980,52,7,,,75.0,68.5,0.4,,,37.0,41.0,True,52,18,8,5,0.000157,True,7.342016808328906,13.0,2,28,0.4,0.4,2,inf,1.398605,0.000463,1.42522,True,52,13,8,5,0.000129,True,3.6119189988544833,7.0,49,44,0.4,0.4,2,inf,1.609525,0.000772,1.659342
3980,52,8,,,75.0,68.5,0.4,,,37.0,35.875,True,52,18,8,5,0.000157,True,7.342016808328906,13.0,2,28,0.4,0.4,2,inf,1.398605,0.000463,1.42522,True,52,13,8,5,0.000175,True,3.594171704726961,7.0,24,42,0.4,0.4,2,inf,2.271939,0.000518,2.308734
3980,52,9,,,75.0,68.5,0.4,,,37.0,37.5,True,52,18,8,5,0.000157,True,7.342016808328906,13.0,2,28,0.4,0.4,2,inf,1.398605,0.000463,1.42522,True,52,11,8,5,0.000134,True,4.065560257510444,8.0,2,42,0.4,0.4,2,inf,2.736779,0.000793,2.79191
3980,52,10,,,75.0,68.5,0.4,,,37.0,34.25,True,52,18,8,5,0.000157,True,7.342016808328906,13.0,2,28,0.4,0.4,2,inf,1.398605,0.000463,1.42522,True,52,11,8,5,0.00016,True,4.363303246484156,8.0,15,39,0.4,0.4,2,inf,2.023717,0.000773,2.07759
3980,52,11,,,75.0,68.5,0.4,,,37.0,32.5,True,52,18,8,5,0.000157,True,7.342016808328906,13.0,2,28,0.4,0.4,2,inf,1.398605,0.000463,1.42522,True,52,12,8,5,0.000129,True,3.8480681085652497,7.0,42,41,0.4,0.4,2,inf,2.896147,0.000737,2.938518
3980,52,12,,,75.0,68.5,0.4,,,37.0,35.5,True,52,18,8,5,0.000157,True,7.342016808328906,13.0,2,28,0.4,0.4,2,inf,1.398605,0.000463,1.42522,True,52,12,8,5,0.000129,True,4.321736133543133,8.0,56,37,0.4,0.4,2,inf,2.205883,0.001209,2.252675
3980,52,13,,,75.0,68.5,0.4,,,37.0,33.5,True,52,18,8,5,0.000157,True,7.342016808328906,13.0,2,28,0.4,0.4,2,inf,1.398605,0.000463,1.42522,True,52,10,8,5,0.000134,True,4.087548500413151,8.0,49,44,0.4,0.4,2,inf,2.290488,0.00133,2.380112
3980,52,14,,,75.0,68.5,0.4,,,37.0,36.49999999999977,True,52,18,8,5,0.000157,True,7.342016808328906,13.0,2,28,0.4,0.4,2,inf,1.398605,0.000463,1.42522,True,52,15,8,5,0.000136,True,3.9234351052291543,7.0,37,41,0.4,0.4,2,inf,1.920342,0.001,1.966662
3980,52,15,,,75.0,68.5,0.4,,,37.0,36.5,True,52,18,8,5,0.000157,True,7.342016808328906,13.0,2,28,0.4,0.4,2,inf,1.398605,0.000463,1.42522,True,52,9,8,5,0.000133,True,4.664862069495385,10.0,49,38,0.4,0.4,2,inf,2.076663,0.000634,2.119644
3980,52,16,,,75.0,68.5,0.4,,,37.0,40.625,True,52,18,8,5,0.000157,True,7.342016808328906,13.0,2,28,0.4,0.4,2,inf,1.398605,0.000463,1.42522,True,52,13,8,5,0.000221,True,4.328423757936556,6.0,18,38,0.4,0.4,2,inf,2.17159,0.000872,2.217037
3980,52,17,,,75.0,68.5,0.4,,,37.0,38.5,True,52,18,8,5,0.000157,True,7.342016808328906,13.0,2,28,0.4,0.4,2,inf,1.398605,0.000463,1.42522,True,52,11,8,5,0.000137,True,3.304384230755928,5.0,40,42,0.4,0.4,2,inf,2.004157,0.001062,2.083654
3980,52,18,,,75.0,68.5,0.4,,,37.0,41.0,True,52,18,8,5,0.000157,True,7.342016808328906,13.0,2,28,0.4,0.4,2,inf,1.398605,0.000463,1.42522,True,52,13,8,5,0.000129,True,3.879301223953115,7.0,42,39,0.4,0.4,2,inf,2.569066,0.000809,2.612134
3980,52,19,,,75.0,68.5,0.4,,,37.0,31.375,True,52,18,8,5,0.000157,True,7.342016808328906,13.0,2,28,0.4,0.4,2,inf,1.398605,0.000463,1.42522,True,52,10,8,5,0.000125,True,3.661766456107752,6.0,2,43,0.4,0.4,2,inf,1.772715,0.000768,1.813233
3980,52,20,,,75.0,68.5,0.4,,,37.0,37.5,True,52,18,8,5,0.000157,True,7.342016808328906,13.0,2,28,0.4,0.4,2,inf,1.398605,0.000463,1.42522,True,52,12,8,5,0.000126,True,3.730434774735836,6.0,14,42,0.4,0.4,2,inf,1.776382,0.00058,1.81275
3980,52,21,,,75.0,68.5,0.4,,,37.0,31.75,True,52,18,8,5,0.000157,True,7.342016808328906,13.0,2,28,0.4,0.4,2,inf,1.398605,0.000463,1.42522,True,52,10,8,5,0.000129,True,4.350261159758504,6.0,15,43,0.4,0.4,2,inf,1.690464,0.000765,1.734958
3980,52,22,,,75.0,68.5,0.4,,,37.0,36.33333333333337,True,52,18,8,5,0.000157,True,7.342016808328906,13.0,2,28,0.4,0.4,2,inf,1.398605,0.000463,1.42522,True,52,11,8,5,0.000144,True,4.731828698954507,8.0,33,36,0.4,0.4,2,inf,2.583294,0.000773,2.627033
3980,52,23,,,75.0,68.5,0.4,,,37.0,37.5,True,52,18,8,5,0.000157,True,7.342016808328906,13.0,2,28,0.4,0.4,2,inf,1.398605,0.000463,1.42522,True,52,15,8,5,0.000124,True,4.518338138814282,6.0,2,37,0.4,0.4,2,inf,1.851065,0.000744,1.892571
3980,52,24,,,75.0,68.5,0.4,,,37.0,38.083333333333485,True,52,18,8,5,0.000157,True,7.342016808328906,13.0,2,28,0.4,0.4,2,inf,1.398605,0.000463,1.42522,True,52,10,8,5,0.000126,True,4.213457415719082,6.0,34,44,0.4,0.4,2,inf,1.656187,0.000738,1.698987
3980,52,25,,,75.0,68.5,0.4,,,37.0,38.21428571428601,True,52,18,8,5,0.000157,True,7.342016808328906,13.0,2,28,0.4,0.4,2,inf,1.398605,0.000463,1.42522,True,52,12,8,5,0.000127,True,4.422559807897634,9.0,22,41,0.4,0.4,2,inf,1.686541,0.000685,1.731203
3980,52,26,,,75.0,68.5,0.4,,,37.0,37.499999999999886,True,52,18,8,5,0.000157,True,7.342016808328906,13.0,2,28,0.4,0.4,2,inf,1.398605,0.000463,1.42522,True,52,10,8,5,0.000122,True,3.805025279066167,7.0,34,35,0.4,0.4,2,inf,2.24696,0.000745,2.288786
3980,52,27,,,75.0,68.5,0.4,,,37.0,34.5,True,52,18,8,5,0.000157,True,7.342016808328906,13.0,2,28,0.4,0.4,2,inf,1.398605,0.000463,1.42522,True,52,12,8,5,0.000145,True,3.812241441761686,6.0,42,39,0.4,0.4,2,inf,2.122772,0.000724,2.165466
3980,52,28,,,75.0,68.5,0.4,,,37.0,35.0,True,52,18,8,5,0.000157,True,7.342016808328906,13.0,2,28,0.4,0.4,2,inf,1.398605,0.000463,1.42522,True,52,11,8,5,0.000145,True,3.824633544356152,9.0,42,39,0.4,0.4,2,inf,2.237351,0.000749,2.282246
3980,52,29,,,75.0,68.5,0.4,,,37.0,41.0,True,52,18,8,5,0.000157,True,7.342016808328906,13.0,2,28,0.4,0.4,2,inf,1.398605,0.000463,1.42522,True,52,14,8,5,0.000131,True,3.962298909863884,9.0,42,45,0.4,0.4,2,inf,2.483809,0.000784,2.526636
3980,52,30,,,75.0,68.5,0.4,,,37.0,36.41666666666663,True,52,18,8,5,0.000157,True,7.342016808328906,13.0,2,28,0.4,0.4,2,inf,1.398605,0.000463,1.42522,True,52,10,8,5,0.000149,True,4.903634579576076,10.0,49,44,0.4,0.4,2,inf,1.960203,0.000751,2.002903
