ego_id,n,seed,complete_pivot_best_cost,complete_pivot_average_cost,complete_ilp_cost,complete_lp_cost,p_delete,edge_pivot_best_cost,edge_pivot_average_cost,edge_all_pairs_ilp_cost,edge_all_pairs_lp_cost,complete_min_max_cc_computed,complete_min_max_cc_cluster_count,complete_min_max_cc_max_disagreement,complete_min_max_cc_d_hat,complete_min_max_cc_lambda,complete_min_max_cc_runtime_seconds,complete_min_max_lp_computed,complete_min_max_lp_cost,complete_min_max_lp_rounding_cost,complete_min_max_lp_max_disagreement_vertex,complete_min_max_lp_cluster_count,complete_min_max_lp_r,complete_min_max_lp_r2,complete_min_max_lp_method,complete_min_max_lp_norm,complete_min_max_lp_runtime_seconds,complete_min_max_lp_rounding_runtime_seconds,complete_min_max_lp_total_runtime_seconds,edge_min_max_cc_computed,edge_min_max_cc_cluster_count,edge_min_max_cc_max_disagreement,edge_min_max_cc_d_hat,edge_min_max_cc_lambda,edge_min_max_cc_runtime_seconds,edge_min_max_lp_computed,edge_min_max_lp_cost,edge_min_max_lp_rounding_cost,edge_min_max_lp_max_disagreement_vertex,edge_min_max_lp_cluster_count,edge_min_max_lp_r,edge_min_max_lp_r2,edge_min_max_lp_method,edge_min_max_lp_norm,edge_min_max_lp_runtime_seconds,edge_min_max_lp_rounding_runtime_seconds,edge_min_max_lp_total_runtime_seconds,complete_min_max_lp_clustering_json,edge_min_max_lp_clustering_json
0,333,1,2028,2388.16,,,0.05,1999,2287.86,,,True,273,60,8,5,0.022709,,,,,,,,,,,,,True,275,59,8,5,0.022952,,,,,,,,,,,,,,
0,333,2,2028,2388.16,,,0.05,1919,2248.51,,,True,273,60,8,5,0.022709,,,,,,,,,,,,,True,275,56,8,5,0.023892,,,,,,,,,,,,,,
0,333,3,2028,2388.16,,,0.05,1901,2222.9,,,True,273,60,8,5,0.022709,,,,,,,,,,,,,True,277,56,8,5,0.02257,,,,,,,,,,,,,,
0,333,4,2028,2388.16,,,0.05,1948,2259.51,,,True,273,60,8,5,0.022709,,,,,,,,,,,,,True,276,59,8,5,0.022775,,,,,,,,,,,,,,
0,333,5,2028,2388.16,,,0.05,1944,2254.9,,,True,273,60,8,5,0.022709,,,,,,,,,,,,,True,276,60,8,5,0.021775,,,,,,,,,,,,,,
0,333,6,2028,2388.16,,,0.05,1938,2256.75,,,True,273,60,8,5,0.022709,,,,,,,,,,,,,True,276,59,8,5,0.022521,,,,,,,,,,,,,,
0,333,7,2028,2388.16,,,0.05,1965,2272.36,,,True,273,60,8,5,0.022709,,,,,,,,,,,,,True,275,62,8,5,0.022049,,,,,,,,,,,,,,
0,333,8,2028,2388.16,,,0.05,1985,2260.42,,,True,273,60,8,5,0.022709,,,,,,,,,,,,,True,276,58,8,5,0.022303,,,,,,,,,,,,,,
0,333,9,2028,2388.16,,,0.05,1961,2248.91,,,True,273,60,8,5,0.022709,,,,,,,,,,,,,True,275,58,8,5,0.022161,,,,,,,,,,,,,,
0,333,10,2028,2388.16,,,0.05,1975,2297.44,,,True,273,60,8,5,0.022709,,,,,,,,,,,,,True,275,57,8,5,0.022846,,,,,,,,,,,,,,
0,333,11,2028,2388.16,,,0.05,1973,2230.8,,,True,273,60,8,5,0.022709,,,,,,,,,,,,,True,276,58,8,5,0.022051,,,,,,,,,,,,,,
0,333,12,2028,2388.16,,,0.05,1999,2280.51,,,True,273,60,8,5,0.022709,,,,,,,,,,,,,True,276,57,8,5,0.02311,,,,,,,,,,,,,,
0,333,13,2028,2388.16,,,0.05,1904,2256.22,,,True,273,60,8,5,0.022709,,,,,,,,,,,,,True,276,59,8,5,0.021999,,,,,,,,,,,,,,
0,333,14,2028,2388.16,,,0.05,1912,2232.66,,,True,273,60,8,5,0.022709,,,,,,,,,,,,,True,275,56,8,5,0.023299,,,,,,,,,,,,,,
0,333,15,2028,2388.16,,,0.05,1950,2273.08,,,True,273,60,8,5,0.022709,,,,,,,,,,,,,True,277,56,8,5,0.021898,,,,,,,,,,,,,,
0,333,16,2028,2388.16,,,0.05,1980,2298.99,,,True,273,60,8,5,0.022709,,,,,,,,,,,,,True,277,57,8,5,0.022452,,,,,,,,,,,,,,
0,333,17,2028,2388.16,,,0.05,1983,2283.36,,,True,273,60,8,5,0.022709,,,,,,,,,,,,,True,274,55,8,5,0.022,,,,,,,,,,,,,,
0,333,18,2028,2388.16,,,0.05,1939,2300.76,,,True,273,60,8,5,0.022709,,,,,,,,,,,,,True,274,56,8,5,0.022689,,,,,,,,,,,,,,
0,333,19,2028,2388.16,,,0.05,1931,2266.37,,,True,273,60,8,5,0.022709,,,,,,,,,,,,,True,274,59,8,5,0.022564,,,,,,,,,,,,,,
0,333,20,2028,2388.16,,,0.05,2006,2281.73,,,True,273,60,8,5,0.022709,,,,,,,,,,,,,True,276,59,8,5,0.022786,,,,,,,,,,,,,,
0,333,21,2028,2388.16,,,0.05,2002,2268.65,,,True,273,60,8,5,0.022709,,,,,,,,,,,,,True,276,56,8,5,0.022776,,,,,,,,,,,,,,
0,333,22,2028,2388.16,,,0.05,2001,2285.5,,,True,273,60,8,5,0.022709,,,,,,,,,,,,,True,275,60,8,5,0.023972,,,,,,,,,,,,,,
0,333,23,2028,2388.16,,,0.05,2024,2291.55,,,True,273,60,8,5,0.022709,,,,,,,,,,,,,True,274,61,8,5,0.02261,,,,,,,,,,,,,,
0,333,24,2028,2388.16,,,0.05,1907,2255.89,,,True,273,60,8,5,0.022709,,,,,,,,,,,,,True,275,58,8,5,0.02252,,,,,,,,,,,,,,
0,333,25,2028,2388.16,,,0.05,1980,2235.73,,,True,273,60,8,5,0.022709,,,,,,,,,,,,,True,273,55,8,5,0.022373,,,,,,,,,,,,,,
0,333,26,2028,2388.16,,,0.05,1972,2273.21,,,True,273,60,8,5,0.022709,,,,,,,,,,,,,True,277,59,8,5,0.021909,,,,,,,,,,,,,,
0,333,27,2028,2388.16,,,0.05,1942,2255.37,,,True,273,60,8,5,0.022709,,,,,,,,,,,,,True,274,56,8,5,0.022165,,,,,,,,,,,,,,
0,333,28,2028,2388.16,,,0.05,1959,2272.47,,,True,273,60,8,5,0.022709,,,,,,,,,,,,,True,273,58,8,5,0.023525,,,,,,,,,,,,,,
0,333,29,2028,2388.16,,,0.05,1947,2282.41,,,True,273,60,8,5,0.022709,,,,,,,,,,,,,True,275,56,8,5,0.021748,,,,,,,,,,,,,,
0,333,30,2028,2388.16,,,0.05,1945,2283.83,,,True,273,60,8,5,0.022709,,,,,,,,,,,,,True,274,57,8,5,0.022798,,,,,,,,,,,,,,
0,333,1,2028,2388.16,,,0.15,1819,2042.31,,,True,273,60,8,5,0.022709,,,,,,,,,,,,,True,284,53,8,5,0.021875,,,,,,,,,,,,,,
0,333,2,2028,2388.16,,,0.15,1757,1960.91,,,True,273,60,8,5,0.022709,,,,,,,,,,,,,True,280,49,8,5,0.02317,,,,,,,,,,,,,,
0,333,3,2028,2388.16,,,0.15,1729,2013.45,,,True,273,60,8,5,0.022709,,,,,,,,,,,,,True,286,48,8,5,0.022551,,,,,,,,,,,,,,
0,333,4,2028,2388.16,,,0.15,1753,1998.96,,,True,273,60,8,5,0.022709,,,,,,,,,,,,,True,282,50,8,5,0.023518,,,,,,,,,,,,,,
0,333,5,2028,2388.16,,,0.15,1772,2032.38,,,True,273,60,8,5,0.022709,,,,,,,,,,,,,True,284,55,8,5,0.022831,,,,,,,,,,,,,,
0,333,6,2028,2388.16,,,0.15,1745,2011.81,,,True,273,60,8,5,0.022709,,,,,,,,,,,,,True,286,47,8,5,0.02462,,,,,,,,,,,,,,
0,333,7,2028,2388.16,,,0.15,1761,2015.19,,,True,273,60,8,5,0.022709,,,,,,,,,,,,,True,284,50,8,5,0.02324,,,,,,,,,,,,,,
0,333,8,2028,2388.16,,,0.15,1769,2042.85,,,True,273,60,8,5,0.022709,,,,,,,,,,,,,True,281,45,8,5,0.022328,,,,,,,,,,,,,,
0,333,9,2028,2388.16,,,0.15,1793,2010.73,,,True,273,60,8,5,0.022709,,,,,,,,,,,,,True,285,48,8,5,0.023021,,,,,,,,,,,,,,
0,333,10,2028,2388.16,,,0.15,1770,1996.29,,,True,273,60,8,5,0.022709,,,,,,,,,,,,,True,284,48,8,5,0.022169,,,,,,,,,,,,,,
0,333,11,2028,2388.16,,,0.15,1749,2016.14,,,True,273,60,8,5,0.022709,,,,,,,,,,,,,True,284,52,8,5,0.022324,,,,,,,,,,,,,,
0,333,12,2028,2388.16,,,0.15,1748,2009.71,,,True,273,60,8,5,0.022709,,,,,,,,,,,,,True,285,46,8,5,0.021455,,,,,,,,,,,,,,
0,333,13,2028,2388.16,,,0.15,1751,2005.1,,,True,273,60,8,5,0.022709,,,,,,,,,,,,,True,284,47,8,5,0.022576,,,,,,,,,,,,,,
0,333,14,2028,2388.16,,,0.15,1806,2009.72,,,True,273,60,8,5,0.022709,,,,,,,,,,,,,True,286,45,8,5,0.022138,,,,,,,,,,,,,,
0,333,15,2028,2388.16,,,0.15,1761,1980.25,,,True,273,60,8,5,0.022709,,,,,,,,,,,,,True,282,45,8,5,0.021887,,,,,,,,,,,,,,
0,333,16,2028,2388.16,,,0.15,1737,2053.83,,,True,273,60,8,5,0.022709,,,,,,,,,,,,,True,284,47,8,5,0.021973,,,,,,,,,,,,,,
0,333,17,2028,2388.16,,,0.15,1780,2001.05,,,True,273,60,8,5,0.022709,,,,,,,,,,,,,True,285,46,8,5,0.022054,,,,,,,,,,,,,,
0,333,18,2028,2388.16,,,0.15,1745,1992.89,,,True,273,60,8,5,0.022709,,,,,,,,,,,,,True,283,45,8,5,0.022965,,,,,,,,,,,,,,
0,333,19,2028,2388.16,,,0.15,1707,2025.09,,,True,273,60,8,5,0.022709,,,,,,,,,,,,,True,280,56,8,5,0.022277,,,,,,,,,,,,,,
0,333,20,2028,2388.16,,,0.15,1820,2028.95,,,True,273,60,8,5,0.022709,,,,,,,,,,,,,True,283,49,8,5,0.022738,,,,,,,,,,,,,,
0,333,21,2028,2388.16,,,0.15,1824,2066.62,,,True,273,60,8,5,0.022709,,,,,,,,,,,,,True,285,48,8,5,0.021869,,,,,,,,,,,,,,
0,333,22,2028,2388.16,,,0.15,1760,1987.95,,,True,273,60,8,5,0.022709,,,,,,,,,,,,,True,284,50,8,5,0.022788,,,,,,,,,,,,,,
0,333,23,2028,2388.16,,,0.15,1809,2042.7,,,True,273,60,8,5,0.022709,,,,,,,,,,,,,True,283,49,8,5,0.022107,,,,,,,,,,,,,,
0,333,24,2028,2388.16,,,0.15,1790,2041.6,,,True,273,60,8,5,0.022709,,,,,,,,,,,,,True,279,53,8,5,0.021609,,,,,,,,,,,,,,
0,333,25,2028,2388.16,,,0.15,1700,1992.54,,,True,273,60,8,5,0.022709,,,,,,,,,,,,,True,287,45,8,5,0.02389,,,,,,,,,,,,,,
0,333,26,2028,2388.16,,,0.15,1818,2047.05,,,True,273,60,8,5,0.022709,,,,,,,,,,,,,True,283,51,8,5,0.022278,,,,,,,,,,,,,,
0,333,27,2028,2388.16,,,0.15,1749,1995.55,,,True,273,60,8,5,0.022709,,,,,,,,,,,,,True,285,47,8,5,0.022252,,,,,,,,,,,,,,
0,333,28,2028,2388.16,,,0.15,1725,2002.89,,,True,273,60,8,5,0.022709,,,,,,,,,,,,,True,286,53,8,5,0.021705,,,,,,,,,,,,,,
0,333,29,2028,2388.16,,,0.15,1771,2037.4,,,True,273,60,8,5,0.022709,,,,,,,,,,,,,True,285,45,8,5,0.022061,,,,,,,,,,,,,,
0,333,30,2028,2388.16,,,0.15,1782,2003.44,,,True,273,60,8,5,0.022709,,,,,,,,,,,,,True,284,50,8,5,0.021936,,,,,,,,,,,,,,
0,333,1,2028,2388.16,,,0.25,1581,1765.16,,,True,273,60,8,5,0.022709,,,,,,,,,,,,,True,296,41,8,5,0.022388,,,,,,,,,,,,,,
0,333,2,2028,2388.16,,,0.25,1561,1745.97,,,True,273,60,8,5,0.022709,,,,,,,,,,,,,True,290,39,8,5,0.021381,,,,,,,,,,,,,,
0,333,3,2028,2388.16,,,0.25,1592,1778.25,,,True,273,60,8,5,0.022709,,,,,,,,,,,,,True,295,42,8,5,0.021506,,,,,,,,,,,,,,
0,333,4,2028,2388.16,,,0.25,1562,1736.32,,,True,273,60,8,5,0.022709,,,,,,,,,,,,,True,297,39,8,5,0.022165,,,,,,,,,,,,,,
0,333,5,2028,2388.16,,,0.25,1563,1749.99,,,True,273,60,8,5,0.022709,,,,,,,,,,,,,True,294,39,8,5,0.022671,,,,,,,,,,,,,,
0,333,6,2028,2388.16,,,0.25,1550,1783.39,,,True,273,60,8,5,0.022709,,,,,,,,,,,,,True,293,39,8,5,0.022497,,,,,,,,,,,,,,
0,333,7,2028,2388.16,,,0.25,1543,1767.5,,,True,273,60,8,5,0.022709,,,,,,,,,,,,,True,296,41,8,5,0.022315,,,,,,,,,,,,,,
0,333,8,2028,2388.16,,,0.25,1601,1776.67,,,True,273,60,8,5,0.022709,,,,,,,,,,,,,True,295,42,8,5,0.021586,,,,,,,,,,,,,,
0,333,9,2028,2388.16,,,0.25,1578,1734.78,,,True,273,60,8,5,0.022709,,,,,,,,,,,,,True,295,42,8,5,0.021471,,,,,,,,,,,,,,
0,333,10,2028,2388.16,,,0.25,1536,1745.62,,,True,273,60,8,5,0.022709,,,,,,,,,,,,,True,296,41,8,5,0.022054,,,,,,,,,,,,,,
0,333,11,2028,2388.16,,,0.25,1560,1751.01,,,True,273,60,8,5,0.022709,,,,,,,,,,,,,True,295,36,8,5,0.02163,,,,,,,,,,,,,,
0,333,12,2028,2388.16,,,0.25,1545,1742.69,,,True,273,60,8,5,0.022709,,,,,,,,,,,,,True,292,45,8,5,0.021755,,,,,,,,,,,,,,
0,333,13,2028,2388.16,,,0.25,1548,1752.59,,,True,273,60,8,5,0.022709,,,,,,,,,,,,,True,293,47,8,5,0.021377,,,,,,,,,,,,,,
0,333,14,2028,2388.16,,,0.25,1541,1750.83,,,True,273,60,8,5,0.022709,,,,,,,,,,,,,True,299,43,8,5,0.021691,,,,,,,,,,,,,,
0,333,15,2028,2388.16,,,0.25,1588,1758.54,,,True,273,60,8,5,0.022709,,,,,,,,,,,,,True,295,40,8,5,0.021914,,,,,,,,,,,,,,
0,333,16,2028,2388.16,,,0.25,1554,1806.87,,,True,273,60,8,5,0.022709,,,,,,,,,,,,,True,296,46,8,5,0.02225,,,,,,,,,,,,,,
0,333,17,2028,2388.16,,,0.25,1585,1800.39,,,True,273,60,8,5,0.022709,,,,,,,,,,,,,True,292,39,8,5,0.022179,,,,,,,,,,,,,,
0,333,18,2028,2388.16,,,0.25,1578,1763.02,,,True,273,60,8,5,0.022709,,,,,,,,,,,,,True,293,40,8,5,0.022216,,,,,,,,,,,,,,
0,333,19,2028,2388.16,,,0.25,1573,1759.23,,,True,273,60,8,5,0.022709,,,,,,,,,,,,,True,293,47,8,5,0.021579,,,,,,,,,,,,,,
0,333,20,2028,2388.16,,,0.25,1530,1743.89,,,True,273,60,8,5,0.022709,,,,,,,,,,,,,True,301,38,8,5,0.021778,,,,,,,,,,,,,,
0,333,21,2028,2388.16,,,0.25,1606,1809.19,,,True,273,60,8,5,0.022709,,,,,,,,,,,,,True,289,42,8,5,0.022676,,,,,,,,,,,,,,
0,333,22,2028,2388.16,,,0.25,1543,1737.6,,,True,273,60,8,5,0.022709,,,,,,,,,,,,,True,294,44,8,5,0.021812,,,,,,,,,,,,,,
0,333,23,2028,2388.16,,,0.25,1617,1783.66,,,True,273,60,8,5,0.022709,,,,,,,,,,,,,True,294,39,8,5,0.022203,,,,,,,,,,,,,,
0,333,24,2028,2388.16,,,0.25,1563,1743.52,,,True,273,60,8,5,0.022709,,,,,,,,,,,,,True,289,45,8,5,0.021342,,,,,,,,,,,,,,
0,333,25,2028,2388.16,,,0.25,1501,1717.22,,,True,273,60,8,5,0.022709,,,,,,,,,,,,,True,297,41,8,5,0.022755,,,,,,,,,,,,,,
0,333,26,2028,2388.16,,,0.25,1555,1761.99,,,True,273,60,8,5,0.022709,,,,,,,,,,,,,True,296,41,8,5,0.021763,,,,,,,,,,,,,,
0,333,27,2028,2388.16,,,0.25,1564,1725.15,,,True,273,60,8,5,0.022709,,,,,,,,,,,,,True,298,40,8,5,0.021666,,,,,,,,,,,,,,
0,333,28,2028,2388.16,,,0.25,1543,1739.79,,,True,273,60,8,5,0.022709,,,,,,,,,,,,,True,294,42,8,5,0.021409,,,,,,,,,,,,,,
0,333,29,2028,2388.16,,,0.25,1619,1772.46,,,True,273,60,8,5,0.022709,,,,,,,,,,,,,True,292,39,8,5,0.021939,,,,,,,,,,,,,,
0,333,30,2028,2388.16,,,0.25,1567,1720.94,,,True,273,60,8,5,0.022709,,,,,,,,,,,,,True,294,40,8,5,0.022979,,,,,,,,,,,,,,
0,333,1,2028,2388.16,,,0.4,1248,1370.12,,,True,273,60,8,5,0.022709,,,,,,,,,,,,,True,314,39,8,5,0.021471,,,,,,,,,,,,,,
0,333,2,2028,2388.16,,,0.4,1262,1358.99,,,True,273,60,8,5,0.022709,,,,,,,,,,,,,True,311,42,8,5,0.023075,,,,,,,,,,,,,,
0,333,3,2028,2388.16,,,0.4,1257,1381.57,,,True,273,60,8,5,0.022709,,,,,,,,,,,,,True,323,39,8,5,0.021736,,,,,,,,,,,,,,
0,333,4,2028,2388.16,,,0.4,1230,1342.04,,,True,273,60,8,5,0.022709,,,,,,,,,,,,,True,316,35,8,5,0.022032,,,,,,,,,,,,,,
0,333,5,2028,2388.16,,,0.4,1266,1381.45,,,True,273,60,8,5,0.022709,,,,,,,,,,,,,True,313,37,8,5,0.021965,,,,,,,,,,,,,,
0,333,6,2028,2388.16,,,0.4,1240,1381.72,,,True,273,60,8,5,0.022709,,,,,,,,,,,,,True,317,41,8,5,0.022177,,,,,,,,,,,,,,
0,333,7,2028,2388.16,,,0.4,1229,1358.81,,,True,273,60,8,5,0.022709,,,,,,,,,,,,,True,322,45,8,5,0.021393,,,,,,,,,,,,,,
0,333,8,2028,2388.16,,,0.4,1284,1425.36,,,True,273,60,8,5,0.022709,,,,,,,,,,,,,True,310,35,8,5,0.02228,,,,,,,,,,,,,,
0,333,9,2028,2388.16,,,0.4,1215,1332.45,,,True,273,60,8,5,0.022709,,,,,,,,,,,,,True,315,35,8,5,0.022867,,,,,,,,,,,,,,
0,333,10,2028,2388.16,,,0.4,1229,1343.8,,,True,273,60,8,5,0.022709,,,,,,,,,,,,,True,314,36,8,5,0.02164,,,,,,,,,,,,,,
0,333,11,2028,2388.16,,,0.4,1246,1342.44,,,True,273,60,8,5,0.022709,,,,,,,,,,,,,True,316,37,8,5,0.021983,,,,,,,,,,,,,,
0,333,12,2028,2388.16,,,0.4,1191,1320.25,,,True,273,60,8,5,0.022709,,,,,,,,,,,,,True,325,45,8,5,0.021406,,,,,,,,,,,,,,
0,333,13,2028,2388.16,,,0.4,1203,1331.67,,,True,273,60,8,5,0.022709,,,,,,,,,,,,,True,322,45,8,5,0.022113,,,,,,,,,,,,,,
0,333,14,2028,2388.16,,,0.4,1238,1379.69,,,True,273,60,8,5,0.022709,,,,,,,,,,,,,True,327,47,8,5,0.022063,,,,,,,,,,,,,,
0,333,15,2028,2388.16,,,0.4,1256,1365.17,,,True,273,60,8,5,0.022709,,,,,,,,,,,,,True,317,39,8,5,0.021796,,,,,,,,,,,,,,
0,333,16,2028,2388.16,,,0.4,1266,1394.46,,,True,273,60,8,5,0.022709,,,,,,,,,,,,,True,318,43,8,5,0.021581,,,,,,,,,,,,,,
0,333,17,2028,2388.16,,,0.4,1270,1379.95,,,True,273,60,8,5,0.022709,,,,,,,,,,,,,True,315,36,8,5,0.022367,,,,,,,,,,,,,,
0,333,18,2028,2388.16,,,0.4,1229,1370.4,,,True,273,60,8,5,0.022709,,,,,,,,,,,,,True,318,44,8,5,0.022102,,,,,,,,,,,,,,
0,333,19,2028,2388.16,,,0.4,1290,1390.96,,,True,273,60,8,5,0.022709,,,,,,,,,,,,,True,317,43,8,5,0.022224,,,,,,,,,,,,,,
0,333,20,2028,2388.16,,,0.4,1306,1424.58,,,True,273,60,8,5,0.022709,,,,,,,,,,,,,True,317,40,8,5,0.022157,,,,,,,,,,,,,,
0,333,21,2028,2388.16,,,0.4,1312,1447.24,,,True,273,60,8,5,0.022709,,,,,,,,,,,,,True,310,38,8,5,0.0224,,,,,,,,,,,,,,
0,333,22,2028,2388.16,,,0.4,1242,1369.04,,,True,273,60,8,5,0.022709,,,,,,,,,,,,,True,323,44,8,5,0.021167,,,,,,,,,,,,,,
0,333,23,2028,2388.16,,,0.4,1258,1375.51,,,True,273,60,8,5,0.022709,,,,,,,,,,,,,True,315,37,8,5,0.022838,,,,,,,,,,,,,,
0,333,24,2028,2388.16,,,0.4,1244,1345.73,,,True,273,60,8,5,0.022709,,,,,,,,,,,,,True,313,37,8,5,0.021672,,,,,,,,,,,,,,
0,333,25,2028,2388.16,,,0.4,1224,1322.74,,,True,273,60,8,5,0.022709,,,,,,,,,,,,,True,315,40,8,5,0.022623,,,,,,,,,,,,,,
0,333,26,2028,2388.16,,,0.4,1263,1370.45,,,True,273,60,8,5,0.022709,,,,,,,,,,,,,True,319,41,8,5,0.0224,,,,,,,,,,,,,,
0,333,27,2028,2388.16,,,0.4,1235,1341.24,,,True,273,60,8,5,0.022709,,,,,,,,,,,,,True,320,36,8,5,0.02176,,,,,,,,,,,,,,
0,333,28,2028,2388.16,,,0.4,1231,1350.59,,,True,273,60,8,5,0.022709,,,,,,,,,,,,,True,316,41,8,5,0.022388,,,,,,,,,,,,,,
0,333,29,2028,2388.16,,,0.4,1247,1389.27,,,True,273,60,8,5,0.022709,,,,,,,,,,,,,True,313,42,8,5,0.021996,,,,,,,,,,,,,,
0,333,30,2028,2388.16,,,0.4,1246,1365.89,,,True,273,60,8,5,0.022709,,,,,,,,,,,,,True,315,39,8,5,0.021326,,,,,,,,,,,,,,
107,1034,1,23780,26133.19,,,0.05,,,,,True,355,663,8,5,0.677503,,,,,,,,,,,,,True,388,611,8,5,0.706726,,,,,,,,,,,,,,
107,1034,2,23780,26133.19,,,0.05,,,,,True,355,663,8,5,0.677503,,,,,,,,,,,,,True,393,611,8,5,0.670057,,,,,,,,,,,,,,
107,1034,3,23780,26133.19,,,0.05,,,,,True,355,663,8,5,0.677503,,,,,,,,,,,,,True,397,615,8,5,0.664927,,,,,,,,,,,,,,
107,1034,4,23780,26133.19,,,0.05,,,,,True,355,663,8,5,0.677503,,,,,,,,,,,,,True,375,611,8,5,0.671543,,,,,,,,,,,,,,
107,1034,5,23780,26133.19,,,0.05,,,,,True,355,663,8,5,0.677503,,,,,,,,,,,,,True,392,618,8,5,0.675494,,,,,,,,,,,,,,
107,1034,6,23780,26133.19,,,0.05,,,,,True,355,663,8,5,0.677503,,,,,,,,,,,,,True,390,616,8,5,0.673827,,,,,,,,,,,,,,
107,1034,7,23780,26133.19,,,0.05,,,,,True,355,663,8,5,0.677503,,,,,,,,,,,,,True,390,621,8,5,0.671844,,,,,,,,,,,,,,
107,1034,8,23780,26133.19,,,0.05,,,,,True,355,663,8,5,0.677503,,,,,,,,,,,,,True,393,618,8,5,0.667708,,,,,,,,,,,,,,
107,1034,9,23780,26133.19,,,0.05,,,,,True,355,663,8,5,0.677503,,,,,,,,,,,,,True,397,612,8,5,0.667057,,,,,,,,,,,,,,
107,1034,10,23780,26133.19,,,0.05,,,,,True,355,663,8,5,0.677503,,,,,,,,,,,,,True,375,618,8,5,0.667877,,,,,,,,,,,,,,
107,1034,11,23780,26133.19,,,0.05,,,,,True,355,663,8,5,0.677503,,,,,,,,,,,,,True,379,608,8,5,0.66425,,,,,,,,,,,,,,
107,1034,12,23780,26133.19,,,0.05,,,,,True,355,663,8,5,0.677503,,,,,,,,,,,,,True,394,615,8,5,0.66954,,,,,,,,,,,,,,
107,1034,13,23780,26133.19,,,0.05,,,,,True,355,663,8,5,0.677503,,,,,,,,,,,,,True,391,614,8,5,0.667162,,,,,,,,,,,,,,
107,1034,14,23780,26133.19,,,0.05,,,,,True,355,663,8,5,0.677503,,,,,,,,,,,,,True,375,611,8,5,0.663808,,,,,,,,,,,,,,
107,1034,15,23780,26133.19,,,0.05,,,,,True,355,663,8,5,0.677503,,,,,,,,,,,,,True,399,607,8,5,0.671053,,,,,,,,,,,,,,
107,1034,16,23780,26133.19,,,0.05,,,,,True,355,663,8,5,0.677503,,,,,,,,,,,,,True,370,611,8,5,0.670458,,,,,,,,,,,,,,
107,1034,17,23780,26133.19,,,0.05,,,,,True,355,663,8,5,0.677503,,,,,,,,,,,,,True,377,616,8,5,0.669023,,,,,,,,,,,,,,
107,1034,18,23780,26133.19,,,0.05,,,,,True,355,663,8,5,0.677503,,,,,,,,,,,,,True,399,611,8,5,0.669794,,,,,,,,,,,,,,
107,1034,19,23780,26133.19,,,0.05,,,,,True,355,663,8,5,0.677503,,,,,,,,,,,,,True,396,609,8,5,0.670147,,,,,,,,,,,,,,
107,1034,20,23780,26133.19,,,0.05,,,,,True,355,663,8,5,0.677503,,,,,,,,,,,,,True,392,617,8,5,0.672691,,,,,,,,,,,,,,
107,1034,21,23780,26133.19,,,0.05,,,,,True,355,663,8,5,0.677503,,,,,,,,,,,,,True,382,608,8,5,0.666937,,,,,,,,,,,,,,
107,1034,22,23780,26133.19,,,0.05,,,,,True,355,663,8,5,0.677503,,,,,,,,,,,,,True,392,611,8,5,0.673876,,,,,,,,,,,,,,
107,1034,23,23780,26133.19,,,0.05,,,,,True,355,663,8,5,0.677503,,,,,,,,,,,,,True,376,613,8,5,0.681726,,,,,,,,,,,,,,
107,1034,24,23780,26133.19,,,0.05,,,,,True,355,663,8,5,0.677503,,,,,,,,,,,,,True,374,620,8,5,0.671244,,,,,,,,,,,,,,
107,1034,25,23780,26133.19,,,0.05,,,,,True,355,663,8,5,0.677503,,,,,,,,,,,,,True,372,627,8,5,0.668934,,,,,,,,,,,,,,
107,1034,26,23780,26133.19,,,0.05,,,,,True,355,663,8,5,0.677503,,,,,,,,,,,,,True,396,613,8,5,0.670166,,,,,,,,,,,,,,
107,1034,27,23780,26133.19,,,0.05,,,,,True,355,663,8,5,0.677503,,,,,,,,,,,,,True,393,615,8,5,0.680622,,,,,,,,,,,,,,
107,1034,28,23780,26133.19,,,0.05,,,,,True,355,663,8,5,0.677503,,,,,,,,,,,,,True,388,614,8,5,0.669224,,,,,,,,,,,,,,
107,1034,29,23780,26133.19,,,0.05,,,,,True,355,663,8,5,0.677503,,,,,,,,,,,,,True,396,625,8,5,0.672269,,,,,,,,,,,,,,
107,1034,30,23780,26133.19,,,0.05,,,,,True,355,663,8,5,0.677503,,,,,,,,,,,,,True,398,608,8,5,0.66844,,,,,,,,,,,,,,
107,1034,1,23780,26133.19,,,0.15,,,,,True,355,663,8,5,0.677503,,,,,,,,,,,,,True,440,513,8,5,0.669518,,,,,,,,,,,,,,
107,1034,2,23780,26133.19,,,0.15,,,,,True,355,663,8,5,0.677503,,,,,,,,,,,,,True,444,514,8,5,0.66676,,,,,,,,,,,,,,
107,1034,3,23780,26133.19,,,0.15,,,,,True,355,663,8,5,0.677503,,,,,,,,,,,,,True,438,518,8,5,0.664047,,,,,,,,,,,,,,
107,1034,4,23780,26133.19,,,0.15,,,,,True,355,663,8,5,0.677503,,,,,,,,,,,,,True,435,518,8,5,0.665209,,,,,,,,,,,,,,
107,1034,5,23780,26133.19,,,0.15,,,,,True,355,663,8,5,0.677503,,,,,,,,,,,,,True,449,514,8,5,0.668133,,,,,,,,,,,,,,
107,1034,6,23780,26133.19,,,0.15,,,,,True,355,663,8,5,0.677503,,,,,,,,,,,,,True,449,507,8,5,0.664288,,,,,,,,,,,,,,
107,1034,7,23780,26133.19,,,0.15,,,,,True,355,663,8,5,0.677503,,,,,,,,,,,,,True,443,516,8,5,0.671446,,,,,,,,,,,,,,
107,1034,8,23780,26133.19,,,0.15,,,,,True,355,663,8,5,0.677503,,,,,,,,,,,,,True,444,515,8,5,0.660424,,,,,,,,,,,,,,
107,1034,9,23780,26133.19,,,0.15,,,,,True,355,663,8,5,0.677503,,,,,,,,,,,,,True,438,513,8,5,0.663377,,,,,,,,,,,,,,
107,1034,10,23780,26133.19,,,0.15,,,,,True,355,663,8,5,0.677503,,,,,,,,,,,,,True,441,510,8,5,0.659622,,,,,,,,,,,,,,
107,1034,11,23780,26133.19,,,0.15,,,,,True,355,663,8,5,0.677503,,,,,,,,,,,,,True,449,517,8,5,0.6583,,,,,,,,,,,,,,
107,1034,12,23780,26133.19,,,0.15,,,,,True,355,663,8,5,0.677503,,,,,,,,,,,,,True,441,510,8,5,0.666742,,,,,,,,,,,,,,
107,1034,13,23780,26133.19,,,0.15,,,,,True,355,663,8,5,0.677503,,,,,,,,,,,,,True,445,510,8,5,0.665262,,,,,,,,,,,,,,
107,1034,14,23780,26133.19,,,0.15,,,,,True,355,663,8,5,0.677503,,,,,,,,,,,,,True,439,513,8,5,0.664386,,,,,,,,,,,,,,
107,1034,15,23780,26133.19,,,0.15,,,,,True,355,663,8,5,0.677503,,,,,,,,,,,,,True,448,504,8,5,0.663289,,,,,,,,,,,,,,
107,1034,16,23780,26133.19,,,0.15,,,,,True,355,663,8,5,0.677503,,,,,,,,,,,,,True,451,504,8,5,0.668146,,,,,,,,,,,,,,
107,1034,17,23780,26133.19,,,0.15,,,,,True,355,663,8,5,0.677503,,,,,,,,,,,,,True,435,516,8,5,0.662165,,,,,,,,,,,,,,
107,1034,18,23780,26133.19,,,0.15,,,,,True,355,663,8,5,0.677503,,,,,,,,,,,,,True,452,513,8,5,0.662996,,,,,,,,,,,,,,
107,1034,19,23780,26133.19,,,0.15,,,,,True,355,663,8,5,0.677503,,,,,,,,,,,,,True,444,512,8,5,0.663122,,,,,,,,,,,,,,
107,1034,20,23780,26133.19,,,0.15,,,,,True,355,663,8,5,0.677503,,,,,,,,,,,,,True,435,519,8,5,0.66395,,,,,,,,,,,,,,
107,1034,21,23780,26133.19,,,0.15,,,,,True,355,663,8,5,0.677503,,,,,,,,,,,,,True,436,515,8,5,0.665351,,,,,,,,,,,,,,
107,1034,22,23780,26133.19,,,0.15,,,,,True,355,663,8,5,0.677503,,,,,,,,,,,,,True,447,515,8,5,0.657997,,,,,,,,,,,,,,
107,1034,23,23780,26133.19,,,0.15,,,,,True,355,663,8,5,0.677503,,,,,,,,,,,,,True,447,515,8,5,0.660537,,,,,,,,,,,,,,
107,1034,24,23780,26133.19,,,0.15,,,,,True,355,663,8,5,0.677503,,,,,,,,,,,,,True,446,519,8,5,0.663399,,,,,,,,,,,,,,
107,1034,25,23780,26133.19,,,0.15,,,,,True,355,663,8,5,0.677503,,,,,,,,,,,,,True,443,520,8,5,0.664574,,,,,,,,,,,,,,
107,1034,26,23780,26133.19,,,0.15,,,,,True,355,663,8,5,0.677503,,,,,,,,,,,,,True,448,518,8,5,0.665649,,,,,,,,,,,,,,
107,1034,27,23780,26133.19,,,0.15,,,,,True,355,663,8,5,0.677503,,,,,,,,,,,,,True,443,520,8,5,0.665171,,,,,,,,,,,,,,
107,1034,28,23780,26133.19,,,0.15,,,,,True,355,663,8,5,0.677503,,,,,,,,,,,,,True,443,510,8,5,0.662965,,,,,,,,,,,,,,
107,1034,29,23780,26133.19,,,0.15,,,,,True,355,663,8,5,0.677503,,,,,,,,,,,,,True,448,509,8,5,0.662849,,,,,,,,,,,,,,
107,1034,30,23780,26133.19,,,0.15,,,,,True,355,663,8,5,0.677503,,,,,,,,,,,,,True,441,513,8,5,0.662071,,,,,,,,,,,,,,
107,1034,1,23780,26133.19,,,0.25,,,,,True,355,663,8,5,0.677503,,,,,,,,,,,,,True,507,413,8,5,0.66237,,,,,,,,,,,,,,
107,1034,2,23780,26133.19,,,0.25,,,,,True,355,663,8,5,0.677503,,,,,,,,,,,,,True,500,420,8,5,0.658557,,,,,,,,,,,,,,
107,1034,3,23780,26133.19,,,0.25,,,,,True,355,663,8,5,0.677503,,,,,,,,,,,,,True,499,416,8,5,0.657707,,,,,,,,,,,,,,
107,1034,4,23780,26133.19,,,0.25,,,,,True,355,663,8,5,0.677503,,,,,,,,,,,,,True,497,237,8,5,0.660818,,,,,,,,,,,,,,
107,1034,5,23780,26133.19,,,0.25,,,,,True,355,663,8,5,0.677503,,,,,,,,,,,,,True,504,216,8,5,0.660655,,,,,,,,,,,,,,
107,1034,6,23780,26133.19,,,0.25,,,,,True,355,663,8,5,0.677503,,,,,,,,,,,,,True,508,222,8,5,0.664414,,,,,,,,,,,,,,
107,1034,7,23780,26133.19,,,0.25,,,,,True,355,663,8,5,0.677503,,,,,,,,,,,,,True,504,250,8,5,0.662474,,,,,,,,,,,,,,
107,1034,8,23780,26133.19,,,0.25,,,,,True,355,663,8,5,0.677503,,,,,,,,,,,,,True,497,422,8,5,0.692205,,,,,,,,,,,,,,
107,1034,9,23780,26133.19,,,0.25,,,,,True,355,663,8,5,0.677503,,,,,,,,,,,,,True,494,225,8,5,0.659941,,,,,,,,,,,,,,
107,1034,10,23780,26133.19,,,0.25,,,,,True,355,663,8,5,0.677503,,,,,,,,,,,,,True,495,218,8,5,0.665718,,,,,,,,,,,,,,
107,1034,11,23780,26133.19,,,0.25,,,,,True,355,663,8,5,0.677503,,,,,,,,,,,,,True,503,421,8,5,0.664997,,,,,,,,,,,,,,
107,1034,12,23780,26133.19,,,0.25,,,,,True,355,663,8,5,0.677503,,,,,,,,,,,,,True,504,225,8,5,0.663798,,,,,,,,,,,,,,
107,1034,13,23780,26133.19,,,0.25,,,,,True,355,663,8,5,0.677503,,,,,,,,,,,,,True,502,419,8,5,0.661619,,,,,,,,,,,,,,
107,1034,14,23780,26133.19,,,0.25,,,,,True,355,663,8,5,0.677503,,,,,,,,,,,,,True,491,429,8,5,0.683873,,,,,,,,,,,,,,
107,1034,15,23780,26133.19,,,0.25,,,,,True,355,663,8,5,0.677503,,,,,,,,,,,,,True,508,232,8,5,0.662126,,,,,,,,,,,,,,
107,1034,16,23780,26133.19,,,0.25,,,,,True,355,663,8,5,0.677503,,,,,,,,,,,,,True,505,219,8,5,0.666512,,,,,,,,,,,,,,
107,1034,17,23780,26133.19,,,0.25,,,,,True,355,663,8,5,0.677503,,,,,,,,,,,,,True,499,224,8,5,0.667988,,,,,,,,,,,,,,
107,1034,18,23780,26133.19,,,0.25,,,,,True,355,663,8,5,0.677503,,,,,,,,,,,,,True,507,415,8,5,0.663504,,,,,,,,,,,,,,
107,1034,19,23780,26133.19,,,0.25,,,,,True,355,663,8,5,0.677503,,,,,,,,,,,,,True,498,421,8,5,0.657222,,,,,,,,,,,,,,
107,1034,20,23780,26133.19,,,0.25,,,,,True,355,663,8,5,0.677503,,,,,,,,,,,,,True,498,223,8,5,0.659572,,,,,,,,,,,,,,
107,1034,21,23780,26133.19,,,0.25,,,,,True,355,663,8,5,0.677503,,,,,,,,,,,,,True,497,226,8,5,0.658764,,,,,,,,,,,,,,
107,1034,22,23780,26133.19,,,0.25,,,,,True,355,663,8,5,0.677503,,,,,,,,,,,,,True,501,420,8,5,0.658846,,,,,,,,,,,,,,
107,1034,23,23780,26133.19,,,0.25,,,,,True,355,663,8,5,0.677503,,,,,,,,,,,,,True,492,424,8,5,0.658136,,,,,,,,,,,,,,
107,1034,24,23780,26133.19,,,0.25,,,,,True,355,663,8,5,0.677503,,,,,,,,,,,,,True,508,240,8,5,0.653928,,,,,,,,,,,,,,
107,1034,25,23780,26133.19,,,0.25,,,,,True,355,663,8,5,0.677503,,,,,,,,,,,,,True,496,423,8,5,0.662579,,,,,,,,,,,,,,
107,1034,26,23780,26133.19,,,0.25,,,,,True,355,663,8,5,0.677503,,,,,,,,,,,,,True,505,422,8,5,0.668936,,,,,,,,,,,,,,
107,1034,27,23780,26133.19,,,0.25,,,,,True,355,663,8,5,0.677503,,,,,,,,,,,,,True,498,224,8,5,0.657088,,,,,,,,,,,,,,
107,1034,28,23780,26133.19,,,0.25,,,,,True,355,663,8,5,0.677503,,,,,,,,,,,,,True,503,431,8,5,0.665324,,,,,,,,,,,,,,
107,1034,29,23780,26133.19,,,0.25,,,,,True,355,663,8,5,0.677503,,,,,,,,,,,,,True,509,231,8,5,0.659341,,,,,,,,,,,,,,
107,1034,30,23780,26133.19,,,0.25,,,,,True,355,663,8,5,0.677503,,,,,,,,,,,,,True,499,418,8,5,0.658494,,,,,,,,,,,,,,
107,1034,1,23780,26133.19,,,0.4,,,,,True,355,663,8,5,0.677503,,,,,,,,,,,,,True,608,168,8,5,0.651769,,,,,,,,,,,,,,
107,1034,2,23780,26133.19,,,0.4,,,,,True,355,663,8,5,0.677503,,,,,,,,,,,,,True,605,162,8,5,0.651622,,,,,,,,,,,,,,
107,1034,3,23780,26133.19,,,0.4,,,,,True,355,663,8,5,0.677503,,,,,,,,,,,,,True,616,181,8,5,0.651588,,,,,,,,,,,,,,
107,1034,4,23780,26133.19,,,0.4,,,,,True,355,663,8,5,0.677503,,,,,,,,,,,,,True,605,175,8,5,0.646105,,,,,,,,,,,,,,
107,1034,5,23780,26133.19,,,0.4,,,,,True,355,663,8,5,0.677503,,,,,,,,,,,,,True,605,149,8,5,0.650614,,,,,,,,,,,,,,
107,1034,6,23780,26133.19,,,0.4,,,,,True,355,663,8,5,0.677503,,,,,,,,,,,,,True,631,144,8,5,0.649996,,,,,,,,,,,,,,
107,1034,7,23780,26133.19,,,0.4,,,,,True,355,663,8,5,0.677503,,,,,,,,,,,,,True,620,169,8,5,0.64782,,,,,,,,,,,,,,
107,1034,8,23780,26133.19,,,0.4,,,,,True,355,663,8,5,0.677503,,,,,,,,,,,,,True,604,176,8,5,0.651961,,,,,,,,,,,,,,
107,1034,9,23780,26133.19,,,0.4,,,,,True,355,663,8,5,0.677503,,,,,,,,,,,,,True,611,156,8,5,0.651456,,,,,,,,,,,,,,
107,1034,10,23780,26133.19,,,0.4,,,,,True,355,663,8,5,0.677503,,,,,,,,,,,,,True,621,174,8,5,0.649869,,,,,,,,,,,,,,
107,1034,11,23780,26133.19,,,0.4,,,,,True,355,663,8,5,0.677503,,,,,,,,,,,,,True,608,172,8,5,0.647409,,,,,,,,,,,,,,
107,1034,12,23780,26133.19,,,0.4,,,,,True,355,663,8,5,0.677503,,,,,,,,,,,,,True,615,159,8,5,0.65355,,,,,,,,,,,,,,
107,1034,13,23780,26133.19,,,0.4,,,,,True,355,663,8,5,0.677503,,,,,,,,,,,,,True,604,162,8,5,0.654204,,,,,,,,,,,,,,
107,1034,14,23780,26133.19,,,0.4,,,,,True,355,663,8,5,0.677503,,,,,,,,,,,,,True,619,153,8,5,0.651966,,,,,,,,,,,,,,
107,1034,15,23780,26133.19,,,0.4,,,,,True,355,663,8,5,0.677503,,,,,,,,,,,,,True,623,180,8,5,0.648646,,,,,,,,,,,,,,
107,1034,16,23780,26133.19,,,0.4,,,,,True,355,663,8,5,0.677503,,,,,,,,,,,,,True,605,163,8,5,0.652223,,,,,,,,,,,,,,
107,1034,17,23780,26133.19,,,0.4,,,,,True,355,663,8,5,0.677503,,,,,,,,,,,,,True,603,176,8,5,0.648393,,,,,,,,,,,,,,
107,1034,18,23780,26133.19,,,0.4,,,,,True,355,663,8,5,0.677503,,,,,,,,,,,,,True,620,163,8,5,0.653903,,,,,,,,,,,,,,
107,1034,19,23780,26133.19,,,0.4,,,,,True,355,663,8,5,0.677503,,,,,,,,,,,,,True,609,160,8,5,0.650678,,,,,,,,,,,,,,
107,1034,20,23780,26133.19,,,0.4,,,,,True,355,663,8,5,0.677503,,,,,,,,,,,,,True,612,153,8,5,0.654488,,,,,,,,,,,,,,
107,1034,21,23780,26133.19,,,0.4,,,,,True,355,663,8,5,0.677503,,,,,,,,,,,,,True,604,160,8,5,0.654418,,,,,,,,,,,,,,
107,1034,22,23780,26133.19,,,0.4,,,,,True,355,663,8,5,0.677503,,,,,,,,,,,,,True,626,154,8,5,0.65132,,,,,,,,,,,,,,
107,1034,23,23780,26133.19,,,0.4,,,,,True,355,663,8,5,0.677503,,,,,,,,,,,,,True,625,170,8,5,0.655696,,,,,,,,,,,,,,
107,1034,24,23780,26133.19,,,0.4,,,,,True,355,663,8,5,0.677503,,,,,,,,,,,,,True,622,155,8,5,0.653266,,,,,,,,,,,,,,
107,1034,25,23780,26133.19,,,0.4,,,,,True,355,663,8,5,0.677503,,,,,,,,,,,,,True,608,158,8,5,0.651105,,,,,,,,,,,,,,
107,1034,26,23780,26133.19,,,0.4,,,,,True,355,663,8,5,0.677503,,,,,,,,,,,,,True,615,156,8,5,0.657551,,,,,,,,,,,,,,
107,1034,27,23780,26133.19,,,0.4,,,,,True,355,663,8,5,0.677503,,,,,,,,,,,,,True,600,163,8,5,0.655745,,,,,,,,,,,,,,
107,1034,28,23780,26133.19,,,0.4,,,,,True,355,663,8,5,0.677503,,,,,,,,,,,,,True,624,166,8,5,0.65305,,,,,,,,,,,,,,
107,1034,29,23780,26133.19,,,0.4,,,,,True,355,663,8,5,0.677503,,,,,,,,,,,,,True,618,166,8,5,0.654507,,,,,,,,,,,,,,
107,1034,30,23780,26133.19,,,0.4,,,,,True,355,663,8,5,0.677503,,,,,,,,,,,,,True,615,165,8,5,0.652965,,,,,,,,,,,,,,
348,224,1,2499,3077.56,,,0.05,,,,,True,107,117,8,5,0.009387,,,,,,,,,,,,,True,116,103,8,5,0.008971,,,,,,,,,,,,,,
348,224,2,2499,3077.56,,,0.05,,,,,True,107,117,8,5,0.009387,,,,,,,,,,,,,True,115,102,8,5,0.008532,,,,,,,,,,,,,,
348,224,3,2499,3077.56,,,0.05,,,,,True,107,117,8,5,0.009387,,,,,,,,,,,,,True,116,107,8,5,0.008536,,,,,,,,,,,,,,
348,224,4,2499,3077.56,,,0.05,,,,,True,107,117,8,5,0.009387,,,,,,,,,,,,,True,113,110,8,5,0.008683,,,,,,,,,,,,,,
348,224,5,2499,3077.56,,,0.05,,,,,True,107,117,8,5,0.009387,,,,,,,,,,,,,True,114,104,8,5,0.008618,,,,,,,,,,,,,,
348,224,6,2499,3077.56,,,0.05,,,,,True,107,117,8,5,0.009387,,,,,,,,,,,,,True,113,107,8,5,0.008928,,,,,,,,,,,,,,
348,224,7,2499,3077.56,,,0.05,,,,,True,107,117,8,5,0.009387,,,,,,,,,,,,,True,115,105,8,5,0.008612,,,,,,,,,,,,,,
348,224,8,2499,3077.56,,,0.05,,,,,True,107,117,8,5,0.009387,,,,,,,,,,,,,True,111,111,8,5,0.008472,,,,,,,,,,,,,,
348,224,9,2499,3077.56,,,0.05,,,,,True,107,117,8,5,0.009387,,,,,,,,,,,,,True,112,109,8,5,0.008487,,,,,,,,,,,,,,
348,224,10,2499,3077.56,,,0.05,,,,,True,107,117,8,5,0.009387,,,,,,,,,,,,,True,114,105,8,5,0.00975,,,,,,,,,,,,,,
348,224,11,2499,3077.56,,,0.05,,,,,True,107,117,8,5,0.009387,,,,,,,,,,,,,True,115,105,8,5,0.008394,,,,,,,,,,,,,,
348,224,12,2499,3077.56,,,0.05,,,,,True,107,117,8,5,0.009387,,,,,,,,,,,,,True,112,107,8,5,0.0088,,,,,,,,,,,,,,
348,224,13,2499,3077.56,,,0.05,,,,,True,107,117,8,5,0.009387,,,,,,,,,,,,,True,110,105,8,5,0.010806,,,,,,,,,,,,,,
348,224,14,2499,3077.56,,,0.05,,,,,True,107,117,8,5,0.009387,,,,,,,,,,,,,True,115,105,8,5,0.008709,,,,,,,,,,,,,,
348,224,15,2499,3077.56,,,0.05,,,,,True,107,117,8,5,0.009387,,,,,,,,,,,,,True,111,112,8,5,0.008498,,,,,,,,,,,,,,
348,224,16,2499,3077.56,,,0.05,,,,,True,107,117,8,5,0.009387,,,,,,,,,,,,,True,115,108,8,5,0.0086,,,,,,,,,,,,,,
348,224,17,2499,3077.56,,,0.05,,,,,True,107,117,8,5,0.009387,,,,,,,,,,,,,True,118,106,8,5,0.008527,,,,,,,,,,,,,,
348,224,18,2499,3077.56,,,0.05,,,,,True,107,117,8,5,0.009387,,,,,,,,,,,,,True,113,103,8,5,0.00874,,,,,,,,,,,,,,
348,224,19,2499,3077.56,,,0.05,,,,,True,107,117,8,5,0.009387,,,,,,,,,,,,,True,115,106,8,5,0.008915,,,,,,,,,,,,,,
348,224,20,2499,3077.56,,,0.05,,,,,True,107,117,8,5,0.009387,,,,,,,,,,,,,True,112,108,8,5,0.008816,,,,,,,,,,,,,,
348,224,21,2499,3077.56,,,0.05,,,,,True,107,117,8,5,0.009387,,,,,,,,,,,,,True,112,113,8,5,0.008904,,,,,,,,,,,,,,
348,224,22,2499,3077.56,,,0.05,,,,,True,107,117,8,5,0.009387,,,,,,,,,,,,,True,113,103,8,5,0.008851,,,,,,,,,,,,,,
348,224,23,2499,3077.56,,,0.05,,,,,True,107,117,8,5,0.009387,,,,,,,,,,,,,True,116,104,8,5,0.008432,,,,,,,,,,,,,,
348,224,24,2499,3077.56,,,0.05,,,,,True,107,117,8,5,0.009387,,,,,,,,,,,,,True,112,108,8,5,0.008764,,,,,,,,,,,,,,
348,224,25,2499,3077.56,,,0.05,,,,,True,107,117,8,5,0.009387,,,,,,,,,,,,,True,112,102,8,5,0.008635,,,,,,,,,,,,,,
348,224,26,2499,3077.56,,,0.05,,,,,True,107,117,8,5,0.009387,,,,,,,,,,,,,True,113,106,8,5,0.008577,,,,,,,,,,,,,,
348,224,27,2499,3077.56,,,0.05,,,,,True,107,117,8,5,0.009387,,,,,,,,,,,,,True,113,105,8,5,0.008548,,,,,,,,,,,,,,
348,224,28,2499,3077.56,,,0.05,,,,,True,107,117,8,5,0.009387,,,,,,,,,,,,,True,116,107,8,5,0.009456,,,,,,,,,,,,,,
348,224,29,2499,3077.56,,,0.05,,,,,True,107,117,8,5,0.009387,,,,,,,,,,,,,True,115,102,8,5,0.008916,,,,,,,,,,,,,,
348,224,30,2499,3077.56,,,0.05,,,,,True,107,117,8,5,0.009387,,,,,,,,,,,,,True,115,103,8,5,0.008568,,,,,,,,,,,,,,
348,224,1,2499,3077.56,,,0.15,,,,,True,107,117,8,5,0.009387,,,,,,,,,,,,,True,132,93,8,5,0.00796,,,,,,,,,,,,,,
348,224,2,2499,3077.56,,,0.15,,,,,True,107,117,8,5,0.009387,,,,,,,,,,,,,True,123,89,8,5,0.008323,,,,,,,,,,,,,,
348,224,3,2499,3077.56,,,0.15,,,,,True,107,117,8,5,0.009387,,,,,,,,,,,,,True,131,84,8,5,0.007983,,,,,,,,,,,,,,
348,224,4,2499,3077.56,,,0.15,,,,,True,107,117,8,5,0.009387,,,,,,,,,,,,,True,120,94,8,5,0.008343,,,,,,,,,,,,,,
348,224,5,2499,3077.56,,,0.15,,,,,True,107,117,8,5,0.009387,,,,,,,,,,,,,True,132,83,8,5,0.007939,,,,,,,,,,,,,,
348,224,6,2499,3077.56,,,0.15,,,,,True,107,117,8,5,0.009387,,,,,,,,,,,,,True,127,89,8,5,0.009056,,,,,,,,,,,,,,
348,224,7,2499,3077.56,,,0.15,,,,,True,107,117,8,5,0.009387,,,,,,,,,,,,,True,133,88,8,5,0.008995,,,,,,,,,,,,,,
348,224,8,2499,3077.56,,,0.15,,,,,True,107,117,8,5,0.009387,,,,,,,,,,,,,True,127,86,8,5,0.008062,,,,,,,,,,,,,,
348,224,9,2499,3077.56,,,0.15,,,,,True,107,117,8,5,0.009387,,,,,,,,,,,,,True,126,85,8,5,0.008222,,,,,,,,,,,,,,
348,224,10,2499,3077.56,,,0.15,,,,,True,107,117,8,5,0.009387,,,,,,,,,,,,,True,125,89,8,5,0.007957,,,,,,,,,,,,,,
348,224,11,2499,3077.56,,,0.15,,,,,True,107,117,8,5,0.009387,,,,,,,,,,,,,True,130,90,8,5,0.008139,,,,,,,,,,,,,,
348,224,12,2499,3077.56,,,0.15,,,,,True,107,117,8,5,0.009387,,,,,,,,,,,,,True,122,94,8,5,0.008685,,,,,,,,,,,,,,
348,224,13,2499,3077.56,,,0.15,,,,,True,107,117,8,5,0.009387,,,,,,,,,,,,,True,127,87,8,5,0.008285,,,,,,,,,,,,,,
348,224,14,2499,3077.56,,,0.15,,,,,True,107,117,8,5,0.009387,,,,,,,,,,,,,True,128,94,8,5,0.00791,,,,,,,,,,,,,,
348,224,15,2499,3077.56,,,0.15,,,,,True,107,117,8,5,0.009387,,,,,,,,,,,,,True,128,89,8,5,0.008213,,,,,,,,,,,,,,
348,224,16,2499,3077.56,,,0.15,,,,,True,107,117,8,5,0.009387,,,,,,,,,,,,,True,126,93,8,5,0.008449,,,,,,,,,,,,,,
348,224,17,2499,3077.56,,,0.15,,,,,True,107,117,8,5,0.009387,,,,,,,,,,,,,True,131,83,8,5,0.008414,,,,,,,,,,,,,,
348,224,18,2499,3077.56,,,0.15,,,,,True,107,117,8,5,0.009387,,,,,,,,,,,,,True,125,88,8,5,0.008622,,,,,,,,,,,,,,
348,224,19,2499,3077.56,,,0.15,,,,,True,107,117,8,5,0.009387,,,,,,,,,,,,,True,126,89,8,5,0.008236,,,,,,,,,,,,,,
348,224,20,2499,3077.56,,,0.15,,,,,True,107,117,8,5,0.009387,,,,,,,,,,,,,True,127,87,8,5,0.008668,,,,,,,,,,,,,,
348,224,21,2499,3077.56,,,0.15,,,,,True,107,117,8,5,0.009387,,,,,,,,,,,,,True,130,84,8,5,0.008201,,,,,,,,,,,,,,
348,224,22,2499,3077.56,,,0.15,,,,,True,107,117,8,5,0.009387,,,,,,,,,,,,,True,128,88,8,5,0.007933,,,,,,,,,,,,,,
348,224,23,2499,3077.56,,,0.15,,,,,True,107,117,8,5,0.009387,,,,,,,,,,,,,True,125,89,8,5,0.008234,,,,,,,,,,,,,,
348,224,24,2499,3077.56,,,0.15,,,,,True,107,117,8,5,0.009387,,,,,,,,,,,,,True,126,89,8,5,0.008112,,,,,,,,,,,,,,
348,224,25,2499,3077.56,,,0.15,,,,,True,107,117,8,5,0.009387,,,,,,,,,,,,,True,126,90,8,5,0.008526,,,,,,,,,,,,,,
348,224,26,2499,3077.56,,,0.15,,,,,True,107,117,8,5,0.009387,,,,,,,,,,,,,True,125,96,8,5,0.008013,,,,,,,,,,,,,,
348,224,27,2499,3077.56,,,0.15,,,,,True,107,117,8,5,0.009387,,,,,,,,,,,,,True,127,87,8,5,0.008039,,,,,,,,,,,,,,
348,224,28,2499,3077.56,,,0.15,,,,,True,107,117,8,5,0.009387,,,,,,,,,,,,,True,131,88,8,5,0.008171,,,,,,,,,,,,,,
348,224,29,2499,3077.56,,,0.15,,,,,True,107,117,8,5,0.009387,,,,,,,,,,,,,True,126,89,8,5,0.008177,,,,,,,,,,,,,,
348,224,30,2499,3077.56,,,0.15,,,,,True,107,117,8,5,0.009387,,,,,,,,,,,,,True,126,94,8,5,0.008433,,,,,,,,,,,,,,
348,224,1,2499,3077.56,,,0.25,,,,,True,107,117,8,5,0.009387,,,,,,,,,,,,,True,149,62,8,5,0.007632,,,,,,,,,,,,,,
348,224,2,2499,3077.56,,,0.25,,,,,True,107,117,8,5,0.009387,,,,,,,,,,,,,True,144,66,8,5,0.007772,,,,,,,,,,,,,,
348,224,3,2499,3077.56,,,0.25,,,,,True,107,117,8,5,0.009387,,,,,,,,,,,,,True,141,72,8,5,0.007602,,,,,,,,,,,,,,
348,224,4,2499,3077.56,,,0.25,,,,,True,107,117,8,5,0.009387,,,,,,,,,,,,,True,142,72,8,5,0.007611,,,,,,,,,,,,,,
348,224,5,2499,3077.56,,,0.25,,,,,True,107,117,8,5,0.009387,,,,,,,,,,,,,True,146,69,8,5,0.007511,,,,,,,,,,,,,,
348,224,6,2499,3077.56,,,0.25,,,,,True,107,117,8,5,0.009387,,,,,,,,,,,,,True,145,84,8,5,0.008218,,,,,,,,,,,,,,
348,224,7,2499,3077.56,,,0.25,,,,,True,107,117,8,5,0.009387,,,,,,,,,,,,,True,146,69,8,5,0.007708,,,,,,,,,,,,,,
348,224,8,2499,3077.56,,,0.25,,,,,True,107,117,8,5,0.009387,,,,,,,,,,,,,True,147,67,8,5,0.00859,,,,,,,,,,,,,,
348,224,9,2499,3077.56,,,0.25,,,,,True,107,117,8,5,0.009387,,,,,,,,,,,,,True,143,72,8,5,0.007766,,,,,,,,,,,,,,
348,224,10,2499,3077.56,,,0.25,,,,,True,107,117,8,5,0.009387,,,,,,,,,,,,,True,140,71,8,5,0.007828,,,,,,,,,,,,,,
348,224,11,2499,3077.56,,,0.25,,,,,True,107,117,8,5,0.009387,,,,,,,,,,,,,True,145,71,8,5,0.007545,,,,,,,,,,,,,,
348,224,12,2499,3077.56,,,0.25,,,,,True,107,117,8,5,0.009387,,,,,,,,,,,,,True,144,67,8,5,0.00787,,,,,,,,,,,,,,
348,224,13,2499,3077.56,,,0.25,,,,,True,107,117,8,5,0.009387,,,,,,,,,,,,,True,145,68,8,5,0.007616,,,,,,,,,,,,,,
348,224,14,2499,3077.56,,,0.25,,,,,True,107,117,8,5,0.009387,,,,,,,,,,,,,True,141,66,8,5,0.007615,,,,,,,,,,,,,,
348,224,15,2499,3077.56,,,0.25,,,,,True,107,117,8,5,0.009387,,,,,,,,,,,,,True,143,68,8,5,0.008175,,,,,,,,,,,,,,
348,224,16,2499,3077.56,,,0.25,,,,,True,107,117,8,5,0.009387,,,,,,,,,,,,,True,141,76,8,5,0.007657,,,,,,,,,,,,,,
348,224,17,2499,3077.56,,,0.25,,,,,True,107,117,8,5,0.009387,,,,,,,,,,,,,True,146,66,8,5,0.0076,,,,,,,,,,,,,,
348,224,18,2499,3077.56,,,0.25,,,,,True,107,117,8,5,0.009387,,,,,,,,,,,,,True,139,73,8,5,0.008134,,,,,,,,,,,,,,
348,224,19,2499,3077.56,,,0.25,,,,,True,107,117,8,5,0.009387,,,,,,,,,,,,,True,145,74,8,5,0.007689,,,,,,,,,,,,,,
348,224,20,2499,3077.56,,,0.25,,,,,True,107,117,8,5,0.009387,,,,,,,,,,,,,True,137,72,8,5,0.007704,,,,,,,,,,,,,,
348,224,21,2499,3077.56,,,0.25,,,,,True,107,117,8,5,0.009387,,,,,,,,,,,,,True,140,76,8,5,0.007889,,,,,,,,,,,,,,
348,224,22,2499,3077.56,,,0.25,,,,,True,107,117,8,5,0.009387,,,,,,,,,,,,,True,147,65,8,5,0.00765,,,,,,,,,,,,,,
348,224,23,2499,3077.56,,,0.25,,,,,True,107,117,8,5,0.009387,,,,,,,,,,,,,True,145,70,8,5,0.007776,,,,,,,,,,,,,,
348,224,24,2499,3077.56,,,0.25,,,,,True,107,117,8,5,0.009387,,,,,,,,,,,,,True,145,66,8,5,0.008458,,,,,,,,,,,,,,
348,224,25,2499,3077.56,,,0.25,,,,,True,107,117,8,5,0.009387,,,,,,,,,,,,,True,150,67,8,5,0.007599,,,,,,,,,,,,,,
348,224,26,2499,3077.56,,,0.25,,,,,True,107,117,8,5,0.009387,,,,,,,,,,,,,True,136,82,8,5,0.007829,,,,,,,,,,,,,,
348,224,27,2499,3077.56,,,0.25,,,,,True,107,117,8,5,0.009387,,,,,,,,,,,,,True,145,71,8,5,0.007584,,,,,,,,,,,,,,
348,224,28,2499,3077.56,,,0.25,,,,,True,107,117,8,5,0.009387,,,,,,,,,,,,,True,141,69,8,5,0.008452,,,,,,,,,,,,,,
348,224,29,2499,3077.56,,,0.25,,,,,True,107,117,8,5,0.009387,,,,,,,,,,,,,True,140,74,8,5,0.007503,,,,,,,,,,,,,,
348,224,30,2499,3077.56,,,0.25,,,,,True,107,117,8,5,0.009387,,,,,,,,,,,,,True,144,71,8,5,0.007504,,,,,,,,,,,,,,
348,224,1,2499,3077.56,,,0.4,,,,,True,107,117,8,5,0.009387,,,,,,,,,,,,,True,177,44,8,5,0.007318,,,,,,,,,,,,,,
348,224,2,2499,3077.56,,,0.4,,,,,True,107,117,8,5,0.009387,,,,,,,,,,,,,True,172,46,8,5,0.007448,,,,,,,,,,,,,,
348,224,3,2499,3077.56,,,0.4,,,,,True,107,117,8,5,0.009387,,,,,,,,,,,,,True,177,43,8,5,0.007141,,,,,,,,,,,,,,
348,224,4,2499,3077.56,,,0.4,,,,,True,107,117,8,5,0.009387,,,,,,,,,,,,,True,177,47,8,5,0.007042,,,,,,,,,,,,,,
348,224,5,2499,3077.56,,,0.4,,,,,True,107,117,8,5,0.009387,,,,,,,,,,,,,True,177,40,8,5,0.007129,,,,,,,,,,,,,,
348,224,6,2499,3077.56,,,0.4,,,,,True,107,117,8,5,0.009387,,,,,,,,,,,,,True,183,42,8,5,0.006921,,,,,,,,,,,,,,
348,224,7,2499,3077.56,,,0.4,,,,,True,107,117,8,5,0.009387,,,,,,,,,,,,,True,184,41,8,5,0.006926,,,,,,,,,,,,,,
348,224,8,2499,3077.56,,,0.4,,,,,True,107,117,8,5,0.009387,,,,,,,,,,,,,True,173,41,8,5,0.007437,,,,,,,,,,,,,,
348,224,9,2499,3077.56,,,0.4,,,,,True,107,117,8,5,0.009387,,,,,,,,,,,,,True,173,47,8,5,0.007119,,,,,,,,,,,,,,
348,224,10,2499,3077.56,,,0.4,,,,,True,107,117,8,5,0.009387,,,,,,,,,,,,,True,177,44,8,5,0.007207,,,,,,,,,,,,,,
348,224,11,2499,3077.56,,,0.4,,,,,True,107,117,8,5,0.009387,,,,,,,,,,,,,True,184,43,8,5,0.007613,,,,,,,,,,,,,,
348,224,12,2499,3077.56,,,0.4,,,,,True,107,117,8,5,0.009387,,,,,,,,,,,,,True,176,41,8,5,0.00709,,,,,,,,,,,,,,
348,224,13,2499,3077.56,,,0.4,,,,,True,107,117,8,5,0.009387,,,,,,,,,,,,,True,186,40,8,5,0.007048,,,,,,,,,,,,,,
348,224,14,2499,3077.56,,,0.4,,,,,True,107,117,8,5,0.009387,,,,,,,,,,,,,True,173,41,8,5,0.007252,,,,,,,,,,,,,,
348,224,15,2499,3077.56,,,0.4,,,,,True,107,117,8,5,0.009387,,,,,,,,,,,,,True,179,42,8,5,0.00741,,,,,,,,,,,,,,
348,224,16,2499,3077.56,,,0.4,,,,,True,107,117,8,5,0.009387,,,,,,,,,,,,,True,178,39,8,5,0.009339,,,,,,,,,,,,,,
348,224,17,2499,3077.56,,,0.4,,,,,True,107,117,8,5,0.009387,,,,,,,,,,,,,True,176,44,8,5,0.006988,,,,,,,,,,,,,,
348,224,18,2499,3077.56,,,0.4,,,,,True,107,117,8,5,0.009387,,,,,,,,,,,,,True,179,42,8,5,0.0074,,,,,,,,,,,,,,
348,224,19,2499,3077.56,,,0.4,,,,,True,107,117,8,5,0.009387,,,,,,,,,,,,,True,172,39,8,5,0.007142,,,,,,,,,,,,,,
348,224,20,2499,3077.56,,,0.4,,,,,True,107,117,8,5,0.009387,,,,,,,,,,,,,True,181,37,8,5,0.006905,,,,,,,,,,,,,,
348,224,21,2499,3077.56,,,0.4,,,,,True,107,117,8,5,0.009387,,,,,,,,,,,,,True,169,44,8,5,0.007033,,,,,,,,,,,,,,
348,224,22,2499,3077.56,,,0.4,,,,,True,107,117,8,5,0.009387,,,,,,,,,,,,,True,171,47,8,5,0.006993,,,,,,,,,,,,,,
348,224,23,2499,3077.56,,,0.4,,,,,True,107,117,8,5,0.009387,,,,,,,,,,,,,True,180,44,8,5,0.007121,,,,,,,,,,,,,,
348,224,24,2499,3077.56,,,0.4,,,,,True,107,117,8,5,0.009387,,,,,,,,,,,,,True,177,43,8,5,0.007855,,,,,,,,,,,,,,
348,224,25,2499,3077.56,,,0.4,,,,,True,107,117,8,5,0.009387,,,,,,,,,,,,,True,181,43,8,5,0.007106,,,,,,,,,,,,,,
348,224,26,2499,3077.56,,,0.4,,,,,True,107,117,8,5,0.009387,,,,,,,,,,,,,True,168,49,8,5,0.007,,,,,,,,,,,,,,
348,224,27,2499,3077.56,,,0.4,,,,,True,107,117,8,5,0.009387,,,,,,,,,,,,,True,180,47,8,5,0.006964,,,,,,,,,,,,,,
348,224,28,2499,3077.56,,,0.4,,,,,True,107,117,8,5,0.009387,,,,,,,,,,,,,True,173,40,8,5,0.007116,,,,,,,,,,,,,,
348,224,29,2499,3077.56,,,0.4,,,,,True,107,117,8,5,0.009387,,,,,,,,,,,,,True,175,46,8,5,0.007348,,,,,,,,,,,,,,
348,224,30,2499,3077.56,,,0.4,,,,,True,107,117,8,5,0.009387,,,,,,,,,,,,,True,171,47,8,5,0.007196,,,,,,,,,,,,,,
414,150,1,1024,1209.48,797.0,739.0,0.05,985,1171.23,758.0,704.0,True,102,40,8,5,0.002495,True,19.660679801348344,40.0,64,81,0.4,0.4,2,inf,80.252725,0.002798,80.255523,True,103,37,8,5,0.002392,True,18.82931274736838,33.0,15,87,0.4,0.4,2,inf,127.565352,0.003923,127.569275,"[[376,348,363,370,373,374,378,391,395,400,412,423,428,431,434,436,438,461,465,475,483,492,500,506,513,514,515,524,542,544,553,559,561,566,567,591,604,606,614,651,669,683],[578,627,658,659],[600,643,661],[422,597,617,618,619,620,636,644,653,655,663,682,685],[581,642],[652,673],[637,496,584,601,629,639,641,678,679],[394,676],[34],[107],[173],[427],[480],[556],[558],[563],[573],[574],[575],[576],[577],[579],[580],[582],[583],[586],[587],[588],[589],[590],[592],[593],[594],[595],[596],[598],[599],[603],[605],[609],[610],[611],[612],[615],[616],[621],[622],[623],[625],[626],[628],[630],[631],[632],[633],[634],[635],[640],[645],[646],[647],[648],[649],[650],[654],[656],[657],[660],[662],[664],[665],[666],[667],[670],[671],[672],[675],[677],[680],[681],[684]]","[[376,348,363,370,373,378,391,395,400,412,423,428,431,434,436,438,461,465,475,483,492,500,506,513,514,515,524,542,544,553,559,561,566,567,591,604,606,614,669,683],[630,596,597,618,619,620,625,631,636,644,653,655,657,663,682,685],[617,579,592,609,654,680],[580,107,496],[637,601,641],[34],[173],[374],[394],[422],[427],[480],[556],[558],[563],[573],[574],[575],[576],[577],[578],[581],[582],[583],[584],[586],[587],[588],[589],[590],[593],[594],[595],[598],[599],[600],[603],[605],[610],[611],[612],[615],[616],[621],[622],[623],[626],[627],[628],[629],[632],[633],[634],[635],[639],[640],[642],[643],[645],[646],[647],[648],[649],[650],[651],[652],[656],[658],[659],[660],[661],[662],[664],[665],[666],[667],[670],[671],[672],[673],[675],[676],[677],[678],[679],[681],[684]]"
414,150,2,1024,1209.48,797.0,739.0,0.05,1014,1177.36,758.0,708.5000000000036,True,102,40,8,5,0.002495,True,19.660679801348344,40.0,64,81,0.4,0.4,2,inf,80.252725,0.002798,80.255523,True,102,38,8,5,0.002386,True,18.90816690078181,36.0,52,92,0.4,0.4,2,inf,165.961724,0.002808,165.964532,"[[376,348,363,370,373,374,378,391,395,400,412,423,428,431,434,436,438,461,465,475,483,492,500,506,513,514,515,524,542,544,553,559,561,566,567,591,604,606,614,651,669,683],[578,627,658,659],[600,643,661],[422,597,617,618,619,620,636,644,653,655,663,682,685],[581,642],[652,673],[637,496,584,601,629,639,641,678,679],[394,676],[34],[107],[173],[427],[480],[556],[558],[563],[573],[574],[575],[576],[577],[579],[580],[582],[583],[586],[587],[588],[589],[590],[592],[593],[594],[595],[596],[598],[599],[603],[605],[609],[610],[611],[612],[615],[616],[621],[622],[623],[625],[626],[628],[630],[631],[632],[633],[634],[635],[640],[645],[646],[647],[648],[649],[650],[654],[656],[657],[660],[662],[664],[665],[666],[667],[670],[671],[672],[675],[677],[680],[681],[684]]","[[376,348,363,370,373,378,391,395,400,412,423,428,431,434,436,438,461,465,475,483,492,500,506,513,514,515,524,542,544,553,559,561,566,567,591,604,606,614,651,669,683],[637,496,584,601,629,639,641,678,679],[422,597,619,620,636,644,653,685],[612,592,630],[609,617],[34],[107],[173],[374],[394],[427],[480],[556],[558],[563],[573],[574],[575],[576],[577],[578],[579],[580],[581],[582],[583],[586],[587],[588],[589],[590],[593],[594],[595],[596],[598],[599],[600],[603],[605],[610],[611],[615],[616],[618],[621],[622],[623],[625],[626],[627],[628],[631],[632],[633],[634],[635],[640],[642],[643],[645],[646],[647],[648],[649],[650],[652],[654],[655],[656],[657],[658],[659],[660],[661],[662],[663],[664],[665],[666],[667],[670],[671],[672],[673],[675],[676],[677],[680],[681],[682],[684]]"
414,150,3,1024,1209.48,797.0,739.0,0.05,972,1163.66,758.0,699.5000000000036,True,102,40,8,5,0.002495,True,19.660679801348344,40.0,64,81,0.4,0.4,2,inf,80.252725,0.002798,80.255523,True,102,38,8,5,0.002359,True,18.526710561897584,38.0,64,97,0.4,0.4,2,inf,152.207955,0.002768,152.210723,"[[376,348,363,370,373,374,378,391,395,400,412,423,428,431,434,436,438,461,465,475,483,492,500,506,513,514,515,524,542,544,553,559,561,566,567,591,604,606,614,651,669,683],[578,627,658,659],[600,643,661],[422,597,617,618,619,620,636,644,653,655,663,682,685],[581,642],[652,673],[637,496,584,601,629,639,641,678,679],[394,676],[34],[107],[173],[427],[480],[556],[558],[563],[573],[574],[575],[576],[577],[579],[580],[582],[583],[586],[587],[588],[589],[590],[592],[593],[594],[595],[596],[598],[599],[603],[605],[609],[610],[611],[612],[615],[616],[621],[622],[623],[625],[626],[628],[630],[631],[632],[633],[634],[635],[640],[645],[646],[647],[648],[649],[650],[654],[656],[657],[660],[662],[664],[665],[666],[667],[670],[671],[672],[675],[677],[680],[681],[684]]","[[376,348,370,373,378,391,395,400,412,423,428,431,434,436,438,461,465,475,483,492,500,506,513,514,515,524,542,544,553,559,561,563,566,567,591,604,606,614,669,683],[637,496,584,601,629,639,641,678,679],[422,597,617,619,620,636,685],[34],[107],[173],[363],[374],[394],[427],[480],[556],[558],[573],[574],[575],[576],[577],[578],[579],[580],[581],[582],[583],[586],[587],[588],[589],[590],[592],[593],[594],[595],[596],[598],[599],[600],[603],[605],[609],[610],[611],[612],[615],[616],[618],[621],[622],[623],[625],[626],[627],[628],[630],[631],[632],[633],[634],[635],[640],[642],[643],[644],[645],[646],[647],[648],[649],[650],[651],[652],[653],[654],[655],[656],[657],[658],[659],[660],[661],[662],[663],[664],[665],[666],[667],[670],[671],[672],[673],[675],[676],[677],[680],[681],[682],[684]]"
414,150,4,1024,1209.48,797.0,739.0,0.05,967,1170.77,758.0,704.0000000000036,True,102,40,8,5,0.002495,True,19.660679801348344,40.0,64,81,0.4,0.4,2,inf,80.252725,0.002798,80.255523,True,102,38,8,5,0.002429,True,18.996235215566635,32.0,7,95,0.4,0.4,2,inf,123.002374,0.002774,123.005148,"[[376,348,363,370,373,374,378,391,395,400,412,423,428,431,434,436,438,461,465,475,483,492,500,506,513,514,515,524,542,544,553,559,561,566,567,591,604,606,614,651,669,683],[578,627,658,659],[600,643,661],[422,597,617,618,619,620,636,644,653,655,663,682,685],[581,642],[652,673],[637,496,584,601,629,639,641,678,679],[394,676],[34],[107],[173],[427],[480],[556],[558],[563],[573],[574],[575],[576],[577],[579],[580],[582],[583],[586],[587],[588],[589],[590],[592],[593],[594],[595],[596],[598],[599],[603],[605],[609],[610],[611],[612],[615],[616],[621],[622],[623],[625],[626],[628],[630],[631],[632],[633],[634],[635],[640],[645],[646],[647],[648],[649],[650],[654],[656],[657],[660],[662],[664],[665],[666],[667],[670],[671],[672],[675],[677],[680],[681],[684]]","[[376,348,370,373,378,391,395,400,412,423,428,431,436,438,461,465,475,483,492,500,506,513,514,524,542,544,553,559,561,566,567,591,604,614,669,683],[592,422,579,597,609,617,618,619,620,630,636,644,653,654,655,680,682,685],[496,515,580],[374,556],[34],[107],[173],[363],[394],[427],[434],[480],[558],[563],[573],[574],[575],[576],[577],[578],[581],[582],[583],[584],[586],[587],[588],[589],[590],[593],[594],[595],[596],[598],[599],[600],[601],[603],[605],[606],[610],[611],[612],[615],[616],[621],[622],[623],[625],[626],[627],[628],[629],[631],[632],[633],[634],[635],[637],[639],[640],[641],[642],[643],[645],[646],[647],[648],[649],[650],[651],[652],[656],[657],[658],[659],[660],[661],[662],[663],[664],[665],[666],[667],[670],[671],[672],[673],[675],[676],[677],[678],[679],[681],[684]]"
414,150,5,1024,1209.48,797.0,739.0,0.05,1005,1184.96,758.0,704.5000000000018,True,102,40,8,5,0.002495,True,19.660679801348344,40.0,64,81,0.4,0.4,2,inf,80.252725,0.002798,80.255523,True,102,37,8,5,0.002512,True,18.340904860442865,34.0,44,82,0.4,0.4,2,inf,133.26037,0.00281,133.26318,"[[376,348,363,370,373,374,378,391,395,400,412,423,428,431,434,436,438,461,465,475,483,492,500,506,513,514,515,524,542,544,553,559,561,566,567,591,604,606,614,651,669,683],[578,627,658,659],[600,643,661],[422,597,617,618,619,620,636,644,653,655,663,682,685],[581,642],[652,673],[637,496,584,601,629,639,641,678,679],[394,676],[34],[107],[173],[427],[480],[556],[558],[563],[573],[574],[575],[576],[577],[579],[580],[582],[583],[586],[587],[588],[589],[590],[592],[593],[594],[595],[596],[598],[599],[603],[605],[609],[610],[611],[612],[615],[616],[621],[622],[623],[625],[626],[628],[630],[631],[632],[633],[634],[635],[640],[645],[646],[647],[648],[649],[650],[654],[656],[657],[660],[662],[664],[665],[666],[667],[670],[671],[672],[675],[677],[680],[681],[684]]","[[428,348,370,373,376,378,391,395,400,412,423,431,434,436,438,461,465,475,483,492,500,506,513,515,524,542,544,553,559,561,567,591,604,606,614,651,669,683],[422,596,597,617,618,619,620,631,636,653,655,657,663,682,685],[637,584,601,629,639,641,678,679],[566,363,374],[496,580],[612,579,592,609,630],[634,563,645],[573,654],[34],[107],[173],[394],[427],[480],[514],[556],[558],[574],[575],[576],[577],[578],[581],[582],[583],[586],[587],[588],[589],[590],[593],[594],[595],[598],[599],[600],[603],[605],[610],[611],[615],[616],[621],[622],[623],[625],[626],[627],[628],[632],[633],[635],[640],[642],[643],[644],[646],[647],[648],[649],[650],[652],[656],[658],[659],[660],[661],[662],[664],[665],[666],[667],[670],[671],[672],[673],[675],[676],[677],[680],[681],[684]]"
414,150,6,1024,1209.48,797.0,739.0,0.05,985,1169.27,758.0,707.0,True,102,40,8,5,0.002495,True,19.660679801348344,40.0,64,81,0.4,0.4,2,inf,80.252725,0.002798,80.255523,True,102,39,8,5,0.002714,True,18.934203309516942,38.0,64,94,0.4,0.4,2,inf,91.702114,0.00262,91.704734,"[[376,348,363,370,373,374,378,391,395,400,412,423,428,431,434,436,438,461,465,475,483,492,500,506,513,514,515,524,542,544,553,559,561,566,567,591,604,606,614,651,669,683],[578,627,658,659],[600,643,661],[422,597,617,618,619,620,636,644,653,655,663,682,685],[581,642],[652,673],[637,496,584,601,629,639,641,678,679],[394,676],[34],[107],[173],[427],[480],[556],[558],[563],[573],[574],[575],[576],[577],[579],[580],[582],[583],[586],[587],[588],[589],[590],[592],[593],[594],[595],[596],[598],[599],[603],[605],[609],[610],[611],[612],[615],[616],[621],[622],[623],[625],[626],[628],[630],[631],[632],[633],[634],[635],[640],[645],[646],[647],[648],[649],[650],[654],[656],[657],[660],[662],[664],[665],[666],[667],[670],[671],[672],[675],[677],[680],[681],[684]]","[[376,348,363,370,373,374,378,391,395,400,412,423,428,431,434,436,438,461,465,475,483,492,500,506,513,514,515,524,542,544,553,559,561,566,567,591,604,606,614,669,683],[422,597,617,618,619,620,636,644,653,655,680,682,685],[496,580],[637,601,641],[579,592],[34],[107],[173],[394],[427],[480],[556],[558],[563],[573],[574],[575],[576],[577],[578],[581],[582],[583],[584],[586],[587],[588],[589],[590],[593],[594],[595],[596],[598],[599],[600],[603],[605],[609],[610],[611],[612],[615],[616],[621],[622],[623],[625],[626],[627],[628],[629],[631],[632],[633],[634],[635],[639],[640],[642],[643],[645],[646],[647],[648],[649],[650],[651],[652],[654],[656],[657],[658],[659],[660],[661],[662],[663],[664],[665],[666],[667],[670],[671],[672],[673],[675],[676],[677],[678],[679],[681],[684],[630]]"
414,150,7,1024,1209.48,797.0,739.0,0.05,896,1168.07,758.0,699.0,True,102,40,8,5,0.002495,True,19.660679801348344,40.0,64,81,0.4,0.4,2,inf,80.252725,0.002798,80.255523,True,102,39,8,5,0.002727,True,18.803027745478154,36.0,64,94,0.4,0.4,2,inf,106.27706,0.002643,106.279703,"[[376,348,363,370,373,374,378,391,395,400,412,423,428,431,434,436,438,461,465,475,483,492,500,506,513,514,515,524,542,544,553,559,561,566,567,591,604,606,614,651,669,683],[578,627,658,659],[600,643,661],[422,597,617,618,619,620,636,644,653,655,663,682,685],[581,642],[652,673],[637,496,584,601,629,639,641,678,679],[394,676],[34],[107],[173],[427],[480],[556],[558],[563],[573],[574],[575],[576],[577],[579],[580],[582],[583],[586],[587],[588],[589],[590],[592],[593],[594],[595],[596],[598],[599],[603],[605],[609],[610],[611],[612],[615],[616],[621],[622],[623],[625],[626],[628],[630],[631],[632],[633],[634],[635],[640],[645],[646],[647],[648],[649],[650],[654],[656],[657],[660],[662],[664],[665],[666],[667],[670],[671],[672],[675],[677],[680],[681],[684]]","[[376,348,363,370,373,378,391,395,400,412,423,428,431,436,438,461,465,475,483,492,500,506,513,514,515,524,542,544,553,559,561,566,567,591,604,614,669,683],[422,596,597,617,618,619,620,636,644,655,657,663,680,682,685],[496,580,637],[625,579,592,630],[34],[107],[173],[374],[394],[427],[434],[480],[556],[558],[563],[573],[574],[575],[576],[577],[578],[581],[582],[583],[584],[586],[587],[588],[589],[590],[593],[594],[595],[598],[599],[600],[601],[603],[605],[606],[609],[610],[611],[612],[615],[616],[621],[622],[623],[626],[627],[628],[629],[631],[632],[633],[634],[635],[639],[640],[641],[642],[643],[645],[646],[647],[648],[649],[650],[651],[652],[653],[654],[656],[658],[659],[660],[661],[662],[664],[665],[666],[667],[670],[671],[672],[673],[675],[676],[677],[678],[679],[681],[684]]"
414,150,8,1024,1209.48,797.0,739.0,0.05,900,1171.21,758.0,708.9999999999927,True,102,40,8,5,0.002495,True,19.660679801348344,40.0,64,81,0.4,0.4,2,inf,80.252725,0.002798,80.255523,True,102,39,8,5,0.002437,True,18.81906984432418,35.0,64,79,0.4,0.4,2,inf,110.891373,0.002757,110.89413,"[[376,348,363,370,373,374,378,391,395,400,412,423,428,431,434,436,438,461,465,475,483,492,500,506,513,514,515,524,542,544,553,559,561,566,567,591,604,606,614,651,669,683],[578,627,658,659],[600,643,661],[422,597,617,618,619,620,636,644,653,655,663,682,685],[581,642],[652,673],[637,496,584,601,629,639,641,678,679],[394,676],[34],[107],[173],[427],[480],[556],[558],[563],[573],[574],[575],[576],[577],[579],[580],[582],[583],[586],[587],[588],[589],[590],[592],[593],[594],[595],[596],[598],[599],[603],[605],[609],[610],[611],[612],[615],[616],[621],[622],[623],[625],[626],[628],[630],[631],[632],[633],[634],[635],[640],[645],[646],[647],[648],[649],[650],[654],[656],[657],[660],[662],[664],[665],[666],[667],[670],[671],[672],[675],[677],[680],[681],[684]]","[[376,348,363,370,373,374,378,391,395,400,412,423,428,431,434,436,438,461,465,475,483,492,500,506,513,514,515,524,542,544,553,559,561,566,567,591,604,606,614,645,651,669,683],[422,593,596,597,617,618,619,620,631,636,644,655,657,663,682,685],[580,107,601,641],[637,584,629,639,678,679],[653,573,579,592,630],[394,676],[680,609],[563],[34],[173],[427],[480],[496],[556],[558],[574],[575],[576],[577],[578],[581],[582],[583],[586],[587],[588],[589],[590],[594],[595],[598],[599],[600],[603],[605],[610],[611],[612],[615],[616],[621],[622],[623],[625],[626],[627],[628],[632],[633],[634],[635],[640],[642],[643],[646],[647],[648],[649],[650],[652],[654],[656],[658],[659],[660],[661],[662],[664],[665],[666],[667],[670],[671],[672],[673],[675],[677],[681],[684]]"
414,150,9,1024,1209.48,797.0,739.0,0.05,902,1168.18,758.0,695.0000000000018,True,102,40,8,5,0.002495,True,19.660679801348344,40.0,64,81,0.4,0.4,2,inf,80.252725,0.002798,80.255523,True,102,37,8,5,0.002662,True,18.840561238082167,37.0,52,83,0.4,0.4,2,inf,111.391477,0.002633,111.39411,"[[376,348,363,370,373,374,378,391,395,400,412,423,428,431,434,436,438,461,465,475,483,492,500,506,513,514,515,524,542,544,553,559,561,566,567,591,604,606,614,651,669,683],[578,627,658,659],[600,643,661],[422,597,617,618,619,620,636,644,653,655,663,682,685],[581,642],[652,673],[637,496,584,601,629,639,641,678,679],[394,676],[34],[107],[173],[427],[480],[556],[558],[563],[573],[574],[575],[576],[577],[579],[580],[582],[583],[586],[587],[588],[589],[590],[592],[593],[594],[595],[596],[598],[599],[603],[605],[609],[610],[611],[612],[615],[616],[621],[622],[623],[625],[626],[628],[630],[631],[632],[633],[634],[635],[640],[645],[646],[647],[648],[649],[650],[654],[656],[657],[660],[662],[664],[665],[666],[667],[670],[671],[672],[675],[677],[680],[681],[684]]","[[376,348,363,370,373,374,378,391,395,400,412,423,428,431,434,436,438,461,465,475,483,492,500,506,513,514,515,524,542,544,553,559,561,566,567,591,604,606,614,651,669,683],[592,597,609,618,619,620,636,644,653,655,680,682,685],[630,617,631,657,663],[637,496,584,601,629,639,641,678,679],[422,593,596],[579],[34],[107],[173],[394],[427],[480],[556],[558],[563],[573],[574],[575],[576],[577],[578],[580],[581],[582],[583],[586],[587],[588],[589],[590],[594],[595],[598],[599],[600],[603],[605],[610],[611],[612],[615],[616],[621],[622],[623],[625],[626],[627],[628],[632],[633],[634],[635],[640],[642],[643],[645],[646],[647],[648],[649],[650],[652],[656],[658],[659],[660],[661],[662],[664],[665],[666],[667],[670],[671],[672],[673],[675],[676],[677],[681],[684],[654]]"
414,150,10,1024,1209.48,797.0,739.0,0.05,914,1162.81,758.0,703.3333333333358,True,102,40,8,5,0.002495,True,19.660679801348344,40.0,64,81,0.4,0.4,2,inf,80.252725,0.002798,80.255523,True,102,38,8,5,0.002397,True,18.568075689076966,42.0,27,100,0.4,0.4,2,inf,88.309822,0.002638,88.31246,"[[376,348,363,370,373,374,378,391,395,400,412,423,428,431,434,436,438,461,465,475,483,492,500,506,513,514,515,524,542,544,553,559,561,566,567,591,604,606,614,651,669,683],[578,627,658,659],[600,643,661],[422,597,617,618,619,620,636,644,653,655,663,682,685],[581,642],[652,673],[637,496,584,601,629,639,641,678,679],[394,676],[34],[107],[173],[427],[480],[556],[558],[563],[573],[574],[575],[576],[577],[579],[580],[582],[583],[586],[587],[588],[589],[590],[592],[593],[594],[595],[596],[598],[599],[603],[605],[609],[610],[611],[612],[615],[616],[621],[622],[623],[625],[626],[628],[630],[631],[632],[633],[634],[635],[640],[645],[646],[647],[648],[649],[650],[654],[656],[657],[660],[662],[664],[665],[666],[667],[670],[671],[672],[675],[677],[680],[681],[684]]","[[428,348,370,373,376,378,391,395,400,412,423,431,434,436,438,461,465,475,492,500,506,513,515,524,542,544,553,559,561,567,591,604,606,614,669,683],[645,587,634,646],[566,363,483],[630,597,619,636,644,653,664,685],[580,496,514],[637,641],[422],[34],[107],[173],[374],[394],[427],[480],[556],[558],[563],[573],[574],[575],[576],[577],[578],[579],[581],[582],[583],[584],[586],[588],[589],[590],[592],[593],[594],[595],[596],[598],[599],[600],[601],[603],[605],[609],[610],[611],[612],[615],[616],[617],[618],[620],[621],[622],[623],[625],[626],[627],[628],[629],[631],[632],[633],[635],[639],[640],[642],[643],[647],[648],[649],[650],[651],[652],[654],[655],[656],[657],[658],[659],[660],[661],[662],[663],[665],[666],[667],[670],[671],[672],[673],[675],[676],[677],[678],[679],[680],[681],[682],[684]]"
414,150,11,1024,1209.48,797.0,739.0,0.05,894,1174.42,758.0,696.9999999999982,True,102,40,8,5,0.002495,True,19.660679801348344,40.0,64,81,0.4,0.4,2,inf,80.252725,0.002798,80.255523,True,102,39,8,5,0.002488,True,18.78605759921418,35.0,64,84,0.4,0.4,2,inf,85.954015,0.002654,85.956669,"[[376,348,363,370,373,374,378,391,395,400,412,423,428,431,434,436,438,461,465,475,483,492,500,506,513,514,515,524,542,544,553,559,561,566,567,591,604,606,614,651,669,683],[578,627,658,659],[600,643,661],[422,597,617,618,619,620,636,644,653,655,663,682,685],[581,642],[652,673],[637,496,584,601,629,639,641,678,679],[394,676],[34],[107],[173],[427],[480],[556],[558],[563],[573],[574],[575],[576],[577],[579],[580],[582],[583],[586],[587],[588],[589],[590],[592],[593],[594],[595],[596],[598],[599],[603],[605],[609],[610],[611],[612],[615],[616],[621],[622],[623],[625],[626],[628],[630],[631],[632],[633],[634],[635],[640],[645],[646],[647],[648],[649],[650],[654],[656],[657],[660],[662],[664],[665],[666],[667],[670],[671],[672],[675],[677],[680],[681],[684]]","[[376,348,363,370,373,374,378,391,395,400,412,423,428,431,434,436,438,461,465,475,483,492,500,506,513,514,515,524,542,544,553,559,561,566,567,591,604,606,614,651,669,683],[422,597,617,618,619,620,636,644,653,655,680,682,685],[598,579,592,609,630],[637,584,601,629,639,641,678,679],[580,107,496],[34],[173],[394],[427],[480],[556],[558],[563],[573],[574],[575],[576],[577],[578],[581],[582],[583],[586],[587],[588],[589],[590],[593],[594],[595],[596],[599],[600],[603],[605],[610],[611],[612],[615],[616],[621],[622],[623],[625],[626],[627],[628],[631],[632],[633],[634],[635],[640],[642],[643],[645],[646],[647],[648],[649],[650],[652],[654],[656],[657],[658],[659],[660],[661],[662],[663],[664],[665],[666],[667],[670],[671],[672],[673],[675],[676],[677],[681],[684]]"
414,150,12,1024,1209.48,797.0,739.0,0.05,958,1170.34,758.0,696.9999999999982,True,102,40,8,5,0.002495,True,19.660679801348344,40.0,64,81,0.4,0.4,2,inf,80.252725,0.002798,80.255523,True,102,39,8,5,0.002683,True,18.80989542994514,35.0,64,89,0.4,0.4,2,inf,92.932026,0.002631,92.934657,"[[376,348,363,370,373,374,378,391,395,400,412,423,428,431,434,436,438,461,465,475,483,492,500,506,513,514,515,524,542,544,553,559,561,566,567,591,604,606,614,651,669,683],[578,627,658,659],[600,643,661],[422,597,617,618,619,620,636,644,653,655,663,682,685],[581,642],[652,673],[637,496,584,601,629,639,641,678,679],[394,676],[34],[107],[173],[427],[480],[556],[558],[563],[573],[574],[575],[576],[577],[579],[580],[582],[583],[586],[587],[588],[589],[590],[592],[593],[594],[595],[596],[598],[599],[603],[605],[609],[610],[611],[612],[615],[616],[621],[622],[623],[625],[626],[628],[630],[631],[632],[633],[634],[635],[640],[645],[646],[647],[648],[649],[650],[654],[656],[657],[660],[662],[664],[665],[666],[667],[670],[671],[672],[675],[677],[680],[681],[684]]","[[376,348,363,370,373,374,378,391,395,400,412,423,428,431,434,436,438,461,465,475,483,492,500,506,513,514,515,524,542,544,553,559,561,566,567,591,604,606,614,651,669,683],[637,496,584,601,629,639,641,678,679],[422,597,618,619,636,653,682,685],[617,579,592,609,630],[644,654],[34],[107],[173],[394],[427],[480],[556],[558],[563],[573],[574],[575],[576],[577],[578],[581],[582],[583],[586],[587],[588],[589],[590],[593],[594],[595],[596],[598],[599],[600],[603],[605],[610],[611],[612],[615],[616],[620],[621],[622],[623],[625],[626],[627],[628],[631],[632],[633],[634],[635],[640],[642],[643],[645],[646],[647],[648],[649],[650],[652],[655],[656],[657],[658],[659],[660],[661],[662],[663],[664],[665],[666],[667],[670],[671],[672],[673],[675],[676],[677],[680],[681],[684],[580]]"
414,150,13,1024,1209.48,797.0,739.0,0.05,995,1166.67,758.0,699.5,True,102,40,8,5,0.002495,True,19.660679801348344,40.0,64,81,0.4,0.4,2,inf,80.252725,0.002798,80.255523,True,102,39,8,5,0.002449,True,18.857478345823615,39.0,64,91,0.4,0.4,2,inf,100.854016,0.002624,100.85664,"[[376,348,363,370,373,374,378,391,395,400,412,423,428,431,434,436,438,461,465,475,483,492,500,506,513,514,515,524,542,544,553,559,561,566,567,591,604,606,614,651,669,683],[578,627,658,659],[600,643,661],[422,597,617,618,619,620,636,644,653,655,663,682,685],[581,642],[652,673],[637,496,584,601,629,639,641,678,679],[394,676],[34],[107],[173],[427],[480],[556],[558],[563],[573],[574],[575],[576],[577],[579],[580],[582],[583],[586],[587],[588],[589],[590],[592],[593],[594],[595],[596],[598],[599],[603],[605],[609],[610],[611],[612],[615],[616],[621],[622],[623],[625],[626],[628],[630],[631],[632],[633],[634],[635],[640],[645],[646],[647],[648],[649],[650],[654],[656],[657],[660],[662],[664],[665],[666],[667],[670],[671],[672],[675],[677],[680],[681],[684]]","[[376,348,363,370,373,374,378,391,395,400,412,423,428,431,436,438,465,475,483,492,500,506,513,514,515,524,542,544,553,559,561,566,567,591,604,606,614,651,669,683],[422,597,617,619,620,636,644,653,655,682,685],[637,584,601,629,639,641,678,679],[580,107,434],[461,645],[592],[630],[34],[173],[394],[427],[480],[496],[556],[558],[563],[573],[574],[575],[576],[577],[578],[579],[581],[582],[583],[586],[587],[588],[589],[590],[593],[594],[595],[596],[598],[599],[600],[603],[605],[609],[610],[611],[612],[615],[616],[618],[621],[622],[623],[625],[626],[627],[628],[631],[632],[633],[634],[635],[640],[642],[643],[646],[647],[648],[649],[650],[652],[654],[656],[657],[658],[659],[660],[661],[662],[663],[664],[665],[666],[667],[670],[671],[672],[673],[675],[676],[677],[680],[681],[684]]"
414,150,14,1024,1209.48,797.0,739.0,0.05,996,1179.3,758.0,707.7500000000018,True,102,40,8,5,0.002495,True,19.660679801348344,40.0,64,81,0.4,0.4,2,inf,80.252725,0.002798,80.255523,True,102,40,8,5,0.002466,True,18.845600385136663,32.0,120,76,0.4,0.4,2,inf,179.315813,0.002676,179.318489,"[[376,348,363,370,373,374,378,391,395,400,412,423,428,431,434,436,438,461,465,475,483,492,500,506,513,514,515,524,542,544,553,559,561,566,567,591,604,606,614,651,669,683],[578,627,658,659],[600,643,661],[422,597,617,618,619,620,636,644,653,655,663,682,685],[581,642],[652,673],[637,496,584,601,629,639,641,678,679],[394,676],[34],[107],[173],[427],[480],[556],[558],[563],[573],[574],[575],[576],[577],[579],[580],[582],[583],[586],[587],[588],[589],[590],[592],[593],[594],[595],[596],[598],[599],[603],[605],[609],[610],[611],[612],[615],[616],[621],[622],[623],[625],[626],[628],[630],[631],[632],[633],[634],[635],[640],[645],[646],[647],[648],[649],[650],[654],[656],[657],[660],[662],[664],[665],[666],[667],[670],[671],[672],[675],[677],[680],[681],[684]]","[[376,348,363,370,373,374,378,391,395,400,412,423,428,431,434,436,438,461,465,475,483,492,500,506,513,514,515,524,542,544,553,559,561,566,567,591,604,606,614,651,669,683],[592,579,597,609,617,618,619,620,630,636,644,653,655,680,682,685],[637,496,584,601,629,639,641,678,679],[645,586,587,634,646,671],[422,593,596,631,657,663],[580],[34],[107],[173],[394],[427],[480],[556],[558],[563],[573],[574],[575],[576],[577],[578],[581],[582],[583],[588],[589],[590],[594],[595],[598],[599],[600],[603],[605],[610],[611],[612],[615],[616],[621],[622],[623],[625],[626],[627],[628],[632],[633],[635],[640],[642],[643],[647],[648],[649],[650],[652],[656],[658],[659],[660],[661],[662],[664],[665],[666],[667],[670],[672],[673],[675],[676],[677],[681],[684],[654]]"
414,150,15,1024,1209.48,797.0,739.0,0.05,916,1162.02,758.0,693.5,True,102,40,8,5,0.002495,True,19.660679801348344,40.0,64,81,0.4,0.4,2,inf,80.252725,0.002798,80.255523,True,102,38,8,5,0.002429,True,18.74505053709008,30.0,46,93,0.4,0.4,2,inf,87.949699,0.002635,87.952334,"[[376,348,363,370,373,374,378,391,395,400,412,423,428,431,434,436,438,461,465,475,483,492,500,506,513,514,515,524,542,544,553,559,561,566,567,591,604,606,614,651,669,683],[578,627,658,659],[600,643,661],[422,597,617,618,619,620,636,644,653,655,663,682,685],[581,642],[652,673],[637,496,584,601,629,639,641,678,679],[394,676],[34],[107],[173],[427],[480],[556],[558],[563],[573],[574],[575],[576],[577],[579],[580],[582],[583],[586],[587],[588],[589],[590],[592],[593],[594],[595],[596],[598],[599],[603],[605],[609],[610],[611],[612],[615],[616],[621],[622],[623],[625],[626],[628],[630],[631],[632],[633],[634],[635],[640],[645],[646],[647],[648],[649],[650],[654],[656],[657],[660],[662],[664],[665],[666],[667],[670],[671],[672],[675],[677],[680],[681],[684]]","[[376,348,363,370,373,374,378,391,395,400,412,423,428,431,434,436,438,461,465,475,483,492,500,506,513,514,524,542,544,553,559,561,566,567,591,604,606,614,651,669,683],[619,422,579,592,597,609,630,636,653],[637,496,584,601,629,639,641,678,679],[617,644],[515],[34],[107],[173],[394],[427],[480],[556],[558],[563],[573],[574],[575],[576],[577],[578],[580],[581],[582],[583],[586],[587],[588],[589],[590],[593],[594],[595],[596],[598],[599],[600],[603],[605],[610],[611],[612],[615],[616],[618],[620],[621],[622],[623],[625],[626],[627],[628],[631],[632],[633],[634],[635],[640],[642],[643],[645],[646],[647],[648],[649],[650],[652],[654],[655],[656],[657],[658],[659],[660],[661],[662],[663],[664],[665],[666],[667],[670],[671],[672],[673],[675],[676],[677],[680],[681],[682],[684],[685]]"
414,150,16,1024,1209.48,797.0,739.0,0.05,925,1174.11,758.0,701.9999999999964,True,102,40,8,5,0.002495,True,19.660679801348344,40.0,64,81,0.4,0.4,2,inf,80.252725,0.002798,80.255523,True,102,38,8,5,0.002408,True,18.406027336953972,31.0,46,98,0.4,0.4,2,inf,162.299865,0.002807,162.302672,"[[376,348,363,370,373,374,378,391,395,400,412,423,428,431,434,436,438,461,465,475,483,492,500,506,513,514,515,524,542,544,553,559,561,566,567,591,604,606,614,651,669,683],[578,627,658,659],[600,643,661],[422,597,617,618,619,620,636,644,653,655,663,682,685],[581,642],[652,673],[637,496,584,601,629,639,641,678,679],[394,676],[34],[107],[173],[427],[480],[556],[558],[563],[573],[574],[575],[576],[577],[579],[580],[582],[583],[586],[587],[588],[589],[590],[592],[593],[594],[595],[596],[598],[599],[603],[605],[609],[610],[611],[612],[615],[616],[621],[622],[623],[625],[626],[628],[630],[631],[632],[633],[634],[635],[640],[645],[646],[647],[648],[649],[650],[654],[656],[657],[660],[662],[664],[665],[666],[667],[670],[671],[672],[675],[677],[680],[681],[684]]","[[376,348,370,373,374,378,391,395,400,412,423,428,431,434,436,438,461,465,475,483,492,500,506,513,515,524,542,544,553,559,561,566,567,591,604,614,651,669,683],[619,422,579,592,597,609,617,630,636,644,653,654,680,685],[496,641],[363],[34],[107],[173],[394],[427],[480],[514],[556],[558],[563],[573],[574],[575],[576],[577],[578],[580],[581],[582],[583],[584],[586],[587],[588],[589],[590],[593],[594],[595],[596],[598],[599],[600],[601],[603],[605],[606],[610],[611],[612],[615],[616],[618],[621],[622],[623],[625],[626],[627],[628],[629],[631],[632],[633],[634],[635],[637],[639],[640],[642],[643],[645],[646],[647],[648],[649],[650],[652],[655],[656],[657],[658],[659],[660],[661],[662],[663],[664],[665],[666],[667],[670],[671],[672],[673],[675],[676],[677],[678],[679],[681],[682],[684],[620]]"
414,150,17,1024,1209.48,797.0,739.0,0.05,942,1170.19,758.0,703.9999999999945,True,102,40,8,5,0.002495,True,19.660679801348344,40.0,64,81,0.4,0.4,2,inf,80.252725,0.002798,80.255523,True,102,38,8,5,0.00248,True,18.870180350222345,38.0,64,91,0.4,0.4,2,inf,101.680627,0.002641,101.683268,"[[376,348,363,370,373,374,378,391,395,400,412,423,428,431,434,436,438,461,465,475,483,492,500,506,513,514,515,524,542,544,553,559,561,566,567,591,604,606,614,651,669,683],[578,627,658,659],[600,643,661],[422,597,617,618,619,620,636,644,653,655,663,682,685],[581,642],[652,673],[637,496,584,601,629,639,641,678,679],[394,676],[34],[107],[173],[427],[480],[556],[558],[563],[573],[574],[575],[576],[577],[579],[580],[582],[583],[586],[587],[588],[589],[590],[592],[593],[594],[595],[596],[598],[599],[603],[605],[609],[610],[611],[612],[615],[616],[621],[622],[623],[625],[626],[628],[630],[631],[632],[633],[634],[635],[640],[645],[646],[647],[648],[649],[650],[654],[656],[657],[660],[662],[664],[665],[666],[667],[670],[671],[672],[675],[677],[680],[681],[684]]","[[376,348,363,370,373,374,378,391,395,400,412,423,428,431,434,436,438,461,465,475,483,492,500,506,513,514,515,524,542,544,553,559,561,566,567,591,604,606,614,651,669],[422,597,617,618,619,620,636,644,653,680,685],[637,496,584,601,629,639,678,679],[563,556,634],[592],[34],[107],[173],[394],[427],[480],[558],[573],[574],[575],[576],[577],[578],[581],[582],[583],[586],[587],[588],[589],[590],[593],[594],[595],[596],[598],[599],[600],[603],[605],[610],[611],[612],[615],[616],[621],[622],[623],[625],[626],[627],[628],[630],[631],[632],[633],[635],[640],[641],[642],[643],[645],[646],[647],[648],[649],[650],[652],[654],[655],[656],[657],[658],[659],[660],[661],[662],[663],[664],[665],[666],[667],[670],[671],[672],[673],[675],[676],[677],[681],[682],[684],[580],[609],[579],[683]]"
414,150,18,1024,1209.48,797.0,739.0,0.05,933,1167.07,758.0,703.5,True,102,40,8,5,0.002495,True,19.660679801348344,40.0,64,81,0.4,0.4,2,inf,80.252725,0.002798,80.255523,True,102,40,8,5,0.0024,True,18.6796721332818,39.0,64,81,0.4,0.4,2,inf,107.280323,0.002617,107.28294,"[[376,348,363,370,373,374,378,391,395,400,412,423,428,431,434,436,438,461,465,475,483,492,500,506,513,514,515,524,542,544,553,559,561,566,567,591,604,606,614,651,669,683],[578,627,658,659],[600,643,661],[422,597,617,618,619,620,636,644,653,655,663,682,685],[581,642],[652,673],[637,496,584,601,629,639,641,678,679],[394,676],[34],[107],[173],[427],[480],[556],[558],[563],[573],[574],[575],[576],[577],[579],[580],[582],[583],[586],[587],[588],[589],[590],[592],[593],[594],[595],[596],[598],[599],[603],[605],[609],[610],[611],[612],[615],[616],[621],[622],[623],[625],[626],[628],[630],[631],[632],[633],[634],[635],[640],[645],[646],[647],[648],[649],[650],[654],[656],[657],[660],[662],[664],[665],[666],[667],[670],[671],[672],[675],[677],[680],[681],[684]]","[[376,348,363,370,373,374,378,391,395,400,412,423,428,431,434,436,438,461,465,475,483,492,500,506,513,514,515,524,542,544,553,556,559,561,566,567,591,604,606,614,651,669,683],[422,597,617,618,619,620,636,644,655,682,685],[580,107,496,601,641,656],[645,586,587,634,646,671],[637,584,639,678,679],[592,573],[579,609,653],[34],[173],[394],[427],[480],[558],[574],[575],[576],[577],[578],[581],[582],[583],[588],[589],[590],[593],[594],[595],[596],[598],[599],[600],[603],[605],[610],[611],[612],[615],[616],[621],[622],[623],[625],[626],[627],[628],[629],[631],[632],[633],[635],[640],[642],[643],[647],[648],[649],[650],[652],[654],[657],[658],[659],[660],[661],[662],[663],[664],[665],[666],[667],[670],[672],[673],[675],[676],[677],[680],[681],[684],[563],[630]]"
414,150,19,1024,1209.48,797.0,739.0,0.05,968,1168.21,758.0,701.0,True,102,40,8,5,0.002495,True,19.660679801348344,40.0,64,81,0.4,0.4,2,inf,80.252725,0.002798,80.255523,True,102,38,8,5,0.002407,True,18.73059380753766,34.0,97,85,0.4,0.4,2,inf,100.767656,0.002649,100.770305,"[[376,348,363,370,373,374,378,391,395,400,412,423,428,431,434,436,438,461,465,475,483,492,500,506,513,514,515,524,542,544,553,559,561,566,567,591,604,606,614,651,669,683],[578,627,658,659],[600,643,661],[422,597,617,618,619,620,636,644,653,655,663,682,685],[581,642],[652,673],[637,496,584,601,629,639,641,678,679],[394,676],[34],[107],[173],[427],[480],[556],[558],[563],[573],[574],[575],[576],[577],[579],[580],[582],[583],[586],[587],[588],[589],[590],[592],[593],[594],[595],[596],[598],[599],[603],[605],[609],[610],[611],[612],[615],[616],[621],[622],[623],[625],[626],[628],[630],[631],[632],[633],[634],[635],[640],[645],[646],[647],[648],[649],[650],[654],[656],[657],[660],[662],[664],[665],[666],[667],[670],[671],[672],[675],[677],[680],[681],[684]]","[[376,348,370,373,374,378,391,395,400,412,423,428,431,434,436,438,461,465,475,483,492,500,506,513,514,515,524,542,544,553,559,561,566,567,591,604,606,614,669,683],[422,593,596,597,617,618,619,620,631,636,644,653,655,657,663,680,682,685],[575,573,579,592,630,654],[496,580],[645,587,634,646],[34],[107],[173],[363],[394],[427],[480],[556],[558],[563],[574],[576],[577],[578],[581],[582],[583],[584],[586],[588],[589],[590],[594],[595],[598],[599],[600],[601],[603],[605],[610],[611],[612],[615],[616],[621],[622],[623],[625],[626],[627],[628],[629],[632],[633],[635],[637],[639],[640],[641],[642],[643],[647],[648],[649],[650],[651],[652],[656],[658],[659],[660],[661],[662],[664],[665],[666],[667],[670],[671],[672],[673],[675],[676],[677],[678],[679],[681],[684],[609]]"
414,150,20,1024,1209.48,797.0,739.0,0.05,989,1158.86,758.0,696.0,True,102,40,8,5,0.002495,True,19.660679801348344,40.0,64,81,0.4,0.4,2,inf,80.252725,0.002798,80.255523,True,102,38,8,5,0.002348,True,18.505254716847052,33.0,52,88,0.4,0.4,2,inf,85.970759,0.002642,85.973401,"[[376,348,363,370,373,374,378,391,395,400,412,423,428,431,434,436,438,461,465,475,483,492,500,506,513,514,515,524,542,544,553,559,561,566,567,591,604,606,614,651,669,683],[578,627,658,659],[600,643,661],[422,597,617,618,619,620,636,644,653,655,663,682,685],[581,642],[652,673],[637,496,584,601,629,639,641,678,679],[394,676],[34],[107],[173],[427],[480],[556],[558],[563],[573],[574],[575],[576],[577],[579],[580],[582],[583],[586],[587],[588],[589],[590],[592],[593],[594],[595],[596],[598],[599],[603],[605],[609],[610],[611],[612],[615],[616],[621],[622],[623],[625],[626],[628],[630],[631],[632],[633],[634],[635],[640],[645],[646],[647],[648],[649],[650],[654],[656],[657],[660],[662],[664],[665],[666],[667],[670],[671],[672],[675],[677],[680],[681],[684]]","[[376,348,363,370,373,374,378,391,395,400,412,423,428,431,434,436,438,461,465,475,483,492,500,506,513,514,515,524,542,544,553,559,561,566,567,591,604,614,645,669,683],[630,575,597,598,605,612,619,625,626,636,644,655,664,666,684,685],[580,496,606],[617,422,579,592,609,654],[651],[34],[107],[173],[394],[427],[480],[556],[558],[563],[573],[574],[576],[577],[578],[581],[582],[583],[584],[586],[587],[588],[589],[590],[593],[594],[595],[596],[599],[600],[601],[603],[610],[611],[615],[616],[618],[620],[621],[622],[623],[627],[628],[629],[631],[632],[633],[634],[635],[637],[639],[640],[641],[642],[643],[646],[647],[648],[649],[650],[652],[653],[656],[657],[658],[659],[660],[661],[662],[663],[665],[667],[670],[671],[672],[673],[675],[676],[677],[678],[679],[680],[681],[682]]"
414,150,21,1024,1209.48,797.0,739.0,0.05,1011,1166.54,758.0,703.5,True,102,40,8,5,0.002495,True,19.660679801348344,40.0,64,81,0.4,0.4,2,inf,80.252725,0.002798,80.255523,True,102,38,8,5,0.002529,True,18.66439974924862,31.0,46,92,0.4,0.4,2,inf,154.507285,0.00268,154.509965,"[[376,348,363,370,373,374,378,391,395,400,412,423,428,431,434,436,438,461,465,475,483,492,500,506,513,514,515,524,542,544,553,559,561,566,567,591,604,606,614,651,669,683],[578,627,658,659],[600,643,661],[422,597,617,618,619,620,636,644,653,655,663,682,685],[581,642],[652,673],[637,496,584,601,629,639,641,678,679],[394,676],[34],[107],[173],[427],[480],[556],[558],[563],[573],[574],[575],[576],[577],[579],[580],[582],[583],[586],[587],[588],[589],[590],[592],[593],[594],[595],[596],[598],[599],[603],[605],[609],[610],[611],[612],[615],[616],[621],[622],[623],[625],[626],[628],[630],[631],[632],[633],[634],[635],[640],[645],[646],[647],[648],[649],[650],[654],[656],[657],[660],[662],[664],[665],[666],[667],[670],[671],[672],[675],[677],[680],[681],[684]]","[[376,348,370,373,374,378,391,395,400,412,423,428,431,434,436,438,461,465,475,483,492,500,506,513,514,515,524,542,544,553,559,561,566,567,591,604,606,614,669,683],[592,422,579,597,609,617,618,619,620,630,636,644,653,654,678,680,682,685],[580,363,496],[34],[107],[173],[394],[427],[480],[556],[558],[563],[573],[574],[575],[576],[577],[578],[581],[582],[583],[584],[586],[587],[588],[589],[590],[593],[594],[595],[596],[598],[599],[600],[601],[603],[605],[610],[611],[612],[615],[616],[621],[622],[623],[625],[626],[627],[628],[629],[631],[632],[633],[634],[635],[637],[639],[640],[641],[642],[643],[645],[646],[647],[648],[649],[650],[651],[652],[655],[656],[657],[658],[659],[660],[661],[662],[663],[664],[665],[666],[667],[670],[671],[672],[673],[675],[676],[677],[679],[681],[684]]"
414,150,22,1024,1209.48,797.0,739.0,0.05,911,1154.26,758.0,691.4999999999818,True,102,40,8,5,0.002495,True,19.660679801348344,40.0,64,81,0.4,0.4,2,inf,80.252725,0.002798,80.255523,True,102,40,8,5,0.002385,True,18.797870799673166,37.0,52,87,0.4,0.4,2,inf,118.342934,0.002604,118.345538,"[[376,348,363,370,373,374,378,391,395,400,412,423,428,431,434,436,438,461,465,475,483,492,500,506,513,514,515,524,542,544,553,559,561,566,567,591,604,606,614,651,669,683],[578,627,658,659],[600,643,661],[422,597,617,618,619,620,636,644,653,655,663,682,685],[581,642],[652,673],[637,496,584,601,629,639,641,678,679],[394,676],[34],[107],[173],[427],[480],[556],[558],[563],[573],[574],[575],[576],[577],[579],[580],[582],[583],[586],[587],[588],[589],[590],[592],[593],[594],[595],[596],[598],[599],[603],[605],[609],[610],[611],[612],[615],[616],[621],[622],[623],[625],[626],[628],[630],[631],[632],[633],[634],[635],[640],[645],[646],[647],[648],[649],[650],[654],[656],[657],[660],[662],[664],[665],[666],[667],[670],[671],[672],[675],[677],[680],[681],[684]]","[[376,348,363,370,373,374,378,391,395,400,412,423,428,431,434,436,438,461,465,475,483,492,500,506,513,514,515,524,542,544,553,559,561,563,566,567,591,604,606,614,669,683],[637,496,584,601,629,639,641,678,679],[592,597,617,619,620,626,636,644,653,685],[645,587,634,646],[107,580],[422,618],[630],[34],[173],[394],[427],[480],[556],[558],[573],[574],[575],[576],[577],[578],[579],[581],[582],[583],[586],[588],[589],[590],[593],[594],[595],[596],[598],[599],[600],[603],[605],[609],[610],[611],[612],[615],[616],[621],[622],[623],[625],[627],[628],[631],[632],[633],[635],[640],[642],[643],[647],[648],[649],[650],[651],[652],[654],[655],[656],[657],[658],[659],[660],[661],[662],[663],[664],[665],[666],[667],[670],[671],[672],[673],[675],[676],[677],[680],[681],[682],[684]]"
414,150,23,1024,1209.48,797.0,739.0,0.05,977,1180.32,758.0,711.0000000000073,True,102,40,8,5,0.002495,True,19.660679801348344,40.0,64,81,0.4,0.4,2,inf,80.252725,0.002798,80.255523,True,102,38,8,5,0.002405,True,19.06294585141188,35.0,64,94,0.4,0.4,2,inf,114.421901,0.002636,114.424537,"[[376,348,363,370,373,374,378,391,395,400,412,423,428,431,434,436,438,461,465,475,483,492,500,506,513,514,515,524,542,544,553,559,561,566,567,591,604,606,614,651,669,683],[578,627,658,659],[600,643,661],[422,597,617,618,619,620,636,644,653,655,663,682,685],[581,642],[652,673],[637,496,584,601,629,639,641,678,679],[394,676],[34],[107],[173],[427],[480],[556],[558],[563],[573],[574],[575],[576],[577],[579],[580],[582],[583],[586],[587],[588],[589],[590],[592],[593],[594],[595],[596],[598],[599],[603],[605],[609],[610],[611],[612],[615],[616],[621],[622],[623],[625],[626],[628],[630],[631],[632],[633],[634],[635],[640],[645],[646],[647],[648],[649],[650],[654],[656],[657],[660],[662],[664],[665],[666],[667],[670],[671],[672],[675],[677],[680],[681],[684]]","[[376,348,363,370,373,374,378,391,395,400,412,423,428,431,434,436,438,461,465,475,483,492,500,506,513,515,524,542,544,553,559,561,566,567,591,604,606,614,669],[422,596,617,618,619,620,636,644,653,655,663,680,682,685],[496,580,637],[666,579,592,630],[609],[34],[107],[173],[394],[427],[480],[514],[556],[558],[563],[573],[574],[575],[576],[577],[578],[581],[582],[583],[584],[586],[587],[588],[589],[590],[593],[594],[595],[597],[598],[599],[600],[601],[603],[605],[610],[611],[612],[615],[616],[621],[622],[623],[625],[626],[627],[628],[629],[631],[632],[633],[634],[635],[639],[640],[641],[642],[643],[645],[646],[647],[648],[649],[650],[651],[652],[654],[656],[657],[658],[659],[660],[661],[662],[664],[665],[667],[670],[671],[672],[673],[675],[676],[677],[678],[679],[681],[683],[684]]"
414,150,24,1024,1209.48,797.0,739.0,0.05,972,1175.53,758.0,692.5,True,102,40,8,5,0.002495,True,19.660679801348344,40.0,64,81,0.4,0.4,2,inf,80.252725,0.002798,80.255523,True,102,39,8,5,0.002402,True,18.5711933790718,39.0,64,85,0.4,0.4,2,inf,91.557112,0.002689,91.559801,"[[376,348,363,370,373,374,378,391,395,400,412,423,428,431,434,436,438,461,465,475,483,492,500,506,513,514,515,524,542,544,553,559,561,566,567,591,604,606,614,651,669,683],[578,627,658,659],[600,643,661],[422,597,617,618,619,620,636,644,653,655,663,682,685],[581,642],[652,673],[637,496,584,601,629,639,641,678,679],[394,676],[34],[107],[173],[427],[480],[556],[558],[563],[573],[574],[575],[576],[577],[579],[580],[582],[583],[586],[587],[588],[589],[590],[592],[593],[594],[595],[596],[598],[599],[603],[605],[609],[610],[611],[612],[615],[616],[621],[622],[623],[625],[626],[628],[630],[631],[632],[633],[634],[635],[640],[645],[646],[647],[648],[649],[650],[654],[656],[657],[660],[662],[664],[665],[666],[667],[670],[671],[672],[675],[677],[680],[681],[684]]","[[376,348,363,370,373,374,378,391,395,400,412,423,428,431,434,436,438,461,465,475,483,492,500,506,513,514,515,524,542,544,553,559,561,566,567,591,604,606,614,651,669,683],[422,596,597,617,618,619,620,631,636,644,653,655,657,663,680,682,685],[637,496,584,601,629,639,641,678,679],[34],[107],[173],[394],[427],[480],[556],[558],[563],[573],[574],[575],[576],[577],[578],[579],[581],[582],[583],[586],[587],[588],[589],[590],[592],[593],[594],[595],[598],[599],[600],[603],[605],[610],[611],[612],[615],[616],[621],[622],[623],[625],[626],[627],[628],[632],[633],[634],[635],[640],[642],[643],[645],[646],[647],[648],[649],[650],[652],[654],[656],[658],[659],[660],[661],[662],[664],[665],[666],[667],[670],[671],[672],[673],[675],[676],[677],[681],[684],[580],[609],[630]]"
414,150,25,1024,1209.48,797.0,739.0,0.05,885,1156.88,758.0,694.5000000000073,True,102,40,8,5,0.002495,True,19.660679801348344,40.0,64,81,0.4,0.4,2,inf,80.252725,0.002798,80.255523,True,102,40,8,5,0.00246,True,18.766147688468966,38.0,52,101,0.4,0.4,2,inf,106.732486,0.002637,106.735123,"[[376,348,363,370,373,374,378,391,395,400,412,423,428,431,434,436,438,461,465,475,483,492,500,506,513,514,515,524,542,544,553,559,561,566,567,591,604,606,614,651,669,683],[578,627,658,659],[600,643,661],[422,597,617,618,619,620,636,644,653,655,663,682,685],[581,642],[652,673],[637,496,584,601,629,639,641,678,679],[394,676],[34],[107],[173],[427],[480],[556],[558],[563],[573],[574],[575],[576],[577],[579],[580],[582],[583],[586],[587],[588],[589],[590],[592],[593],[594],[595],[596],[598],[599],[603],[605],[609],[610],[611],[612],[615],[616],[621],[622],[623],[625],[626],[628],[630],[631],[632],[633],[634],[635],[640],[645],[646],[647],[648],[649],[650],[654],[656],[657],[660],[662],[664],[665],[666],[667],[670],[671],[672],[675],[677],[680],[681],[684]]","[[376,348,363,373,378,391,395,400,412,423,428,431,434,436,438,461,465,475,483,492,500,506,513,514,515,524,542,544,553,559,566,567,591,604,606,614,669,683],[496,580,637],[592,573,597,617,619,636,644,653,654,685],[370,561],[34],[107],[173],[374],[394],[422],[427],[480],[556],[558],[563],[574],[575],[576],[577],[578],[579],[581],[582],[583],[584],[586],[587],[588],[589],[590],[593],[594],[595],[596],[598],[599],[600],[601],[603],[605],[609],[610],[611],[612],[615],[616],[618],[620],[621],[622],[623],[625],[626],[627],[628],[629],[630],[631],[632],[633],[634],[635],[639],[640],[641],[642],[643],[645],[646],[647],[648],[649],[650],[651],[652],[655],[656],[657],[658],[659],[660],[661],[662],[663],[664],[665],[666],[667],[670],[671],[672],[673],[675],[676],[677],[678],[679],[680],[681],[682],[684]]"
414,150,26,1024,1209.48,797.0,739.0,0.05,974,1190.29,758.0,696.9999999999982,True,102,40,8,5,0.002495,True,19.660679801348344,40.0,64,81,0.4,0.4,2,inf,80.252725,0.002798,80.255523,True,104,37,8,5,0.002473,True,18.790932531211215,34.0,64,89,0.4,0.4,2,inf,140.451545,0.00262,140.454165,"[[376,348,363,370,373,374,378,391,395,400,412,423,428,431,434,436,438,461,465,475,483,492,500,506,513,514,515,524,542,544,553,559,561,566,567,591,604,606,614,651,669,683],[578,627,658,659],[600,643,661],[422,597,617,618,619,620,636,644,653,655,663,682,685],[581,642],[652,673],[637,496,584,601,629,639,641,678,679],[394,676],[34],[107],[173],[427],[480],[556],[558],[563],[573],[574],[575],[576],[577],[579],[580],[582],[583],[586],[587],[588],[589],[590],[592],[593],[594],[595],[596],[598],[599],[603],[605],[609],[610],[611],[612],[615],[616],[621],[622],[623],[625],[626],[628],[630],[631],[632],[633],[634],[635],[640],[645],[646],[647],[648],[649],[650],[654],[656],[657],[660],[662],[664],[665],[666],[667],[670],[671],[672],[675],[677],[680],[681],[684]]","[[376,348,363,370,373,374,378,391,395,400,412,423,428,431,436,438,461,465,475,483,492,500,506,513,515,524,542,544,553,559,561,566,567,591,604,606,614,651,669,683],[637,496,584,601,629,639,641,678,679],[422,597,617,618,619,636,644,663,685],[580,107,434,514],[612,579,592,630],[34],[173],[394],[427],[480],[556],[558],[563],[573],[574],[575],[576],[577],[578],[581],[582],[583],[586],[587],[588],[589],[590],[593],[594],[595],[596],[598],[599],[600],[603],[605],[609],[610],[611],[615],[616],[620],[621],[622],[623],[625],[626],[627],[628],[631],[632],[633],[634],[635],[640],[642],[643],[645],[646],[647],[648],[649],[650],[652],[653],[654],[655],[656],[657],[658],[659],[660],[661],[662],[664],[665],[666],[667],[670],[671],[672],[673],[675],[676],[677],[680],[681],[682],[684]]"
414,150,27,1024,1209.48,797.0,739.0,0.05,915,1180.7,758.0,698.4999999999982,True,102,40,8,5,0.002495,True,19.660679801348344,40.0,64,81,0.4,0.4,2,inf,80.252725,0.002798,80.255523,True,102,37,8,5,0.002411,True,18.916199336230008,37.0,52,95,0.4,0.4,2,inf,139.146393,0.002798,139.149191,"[[376,348,363,370,373,374,378,391,395,400,412,423,428,431,434,436,438,461,465,475,483,492,500,506,513,514,515,524,542,544,553,559,561,566,567,591,604,606,614,651,669,683],[578,627,658,659],[600,643,661],[422,597,617,618,619,620,636,644,653,655,663,682,685],[581,642],[652,673],[637,496,584,601,629,639,641,678,679],[394,676],[34],[107],[173],[427],[480],[556],[558],[563],[573],[574],[575],[576],[577],[579],[580],[582],[583],[586],[587],[588],[589],[590],[592],[593],[594],[595],[596],[598],[599],[603],[605],[609],[610],[611],[612],[615],[616],[621],[622],[623],[625],[626],[628],[630],[631],[632],[633],[634],[635],[640],[645],[646],[647],[648],[649],[650],[654],[656],[657],[660],[662],[664],[665],[666],[667],[670],[671],[672],[675],[677],[680],[681],[684]]","[[376,348,363,370,373,374,378,391,395,400,412,423,428,431,434,436,438,461,465,475,483,492,500,506,513,514,524,542,544,553,559,561,566,567,591,604,606,614,669,683],[422,597,617,619,620,636,644,653,685],[496,515,580,637],[645,586,587,634,646],[556,563],[34],[107],[173],[394],[427],[480],[558],[573],[574],[575],[576],[577],[578],[579],[581],[582],[583],[584],[588],[589],[590],[592],[593],[594],[595],[596],[598],[599],[600],[601],[603],[605],[609],[610],[611],[612],[615],[616],[618],[621],[622],[623],[625],[626],[627],[628],[629],[630],[631],[632],[633],[635],[639],[640],[641],[642],[643],[647],[648],[649],[650],[651],[652],[654],[655],[656],[657],[658],[659],[660],[661],[662],[663],[664],[665],[666],[667],[670],[671],[672],[673],[675],[676],[677],[678],[679],[680],[681],[682],[684]]"
414,150,28,1024,1209.48,797.0,739.0,0.05,979,1183.7,758.0,709.7500000000018,True,102,40,8,5,0.002495,True,19.660679801348344,40.0,64,81,0.4,0.4,2,inf,80.252725,0.002798,80.255523,True,102,38,8,5,0.002385,True,19.08273311812635,37.0,52,84,0.4,0.4,2,inf,91.002824,0.002593,91.005417,"[[376,348,363,370,373,374,378,391,395,400,412,423,428,431,434,436,438,461,465,475,483,492,500,506,513,514,515,524,542,544,553,559,561,566,567,591,604,606,614,651,669,683],[578,627,658,659],[600,643,661],[422,597,617,618,619,620,636,644,653,655,663,682,685],[581,642],[652,673],[637,496,584,601,629,639,641,678,679],[394,676],[34],[107],[173],[427],[480],[556],[558],[563],[573],[574],[575],[576],[577],[579],[580],[582],[583],[586],[587],[588],[589],[590],[592],[593],[594],[595],[596],[598],[599],[603],[605],[609],[610],[611],[612],[615],[616],[621],[622],[623],[625],[626],[628],[630],[631],[632],[633],[634],[635],[640],[645],[646],[647],[648],[649],[650],[654],[656],[657],[660],[662],[664],[665],[666],[667],[670],[671],[672],[675],[677],[680],[681],[684]]","[[376,348,363,370,373,374,378,391,395,400,412,423,428,431,434,436,438,461,465,475,483,492,500,506,513,514,515,524,542,544,553,559,561,566,567,591,604,606,614,651,669,683],[422,596,597,617,618,620,636,644,653,655,663,680,682,685],[637,496,584,601,629,639,641,678,679],[578,583,658],[556,563],[592,619],[34],[107],[173],[394],[427],[480],[558],[573],[574],[575],[576],[577],[579],[580],[581],[582],[586],[587],[588],[589],[590],[593],[594],[595],[598],[599],[600],[603],[605],[609],[610],[611],[612],[615],[616],[621],[622],[623],[625],[626],[627],[628],[630],[631],[632],[633],[634],[635],[640],[642],[643],[645],[646],[647],[648],[649],[650],[652],[654],[656],[657],[659],[660],[661],[662],[664],[665],[666],[667],[670],[671],[672],[673],[675],[676],[677],[681],[684]]"
414,150,29,1024,1209.48,797.0,739.0,0.05,919,1170.45,758.0,704.1666666666715,True,102,40,8,5,0.002495,True,19.660679801348344,40.0,64,81,0.4,0.4,2,inf,80.252725,0.002798,80.255523,True,102,39,8,5,0.002423,True,18.796579347470214,37.0,64,84,0.4,0.4,2,inf,127.417366,0.002643,127.420009,"[[376,348,363,370,373,374,378,391,395,400,412,423,428,431,434,436,438,461,465,475,483,492,500,506,513,514,515,524,542,544,553,559,561,566,567,591,604,606,614,651,669,683],[578,627,658,659],[600,643,661],[422,597,617,618,619,620,636,644,653,655,663,682,685],[581,642],[652,673],[637,496,584,601,629,639,641,678,679],[394,676],[34],[107],[173],[427],[480],[556],[558],[563],[573],[574],[575],[576],[577],[579],[580],[582],[583],[586],[587],[588],[589],[590],[592],[593],[594],[595],[596],[598],[599],[603],[605],[609],[610],[611],[612],[615],[616],[621],[622],[623],[625],[626],[628],[630],[631],[632],[633],[634],[635],[640],[645],[646],[647],[648],[649],[650],[654],[656],[657],[660],[662],[664],[665],[666],[667],[670],[671],[672],[675],[677],[680],[681],[684]]","[[376,348,363,370,373,374,378,391,395,400,412,423,428,431,434,436,438,461,465,475,483,492,500,506,513,514,515,524,542,544,553,559,561,566,567,591,604,606,614,651,669,683],[637,496,584,601,629,639,641,678,679],[422,597,617,619,620,644,685],[645,586,587,634,646,671],[556,652,673,676],[666,579,592,630],[34],[107],[173],[394],[427],[480],[558],[563],[573],[574],[575],[576],[577],[578],[581],[582],[583],[588],[589],[590],[593],[594],[595],[596],[598],[599],[600],[603],[605],[609],[610],[611],[612],[615],[616],[618],[621],[622],[623],[625],[626],[627],[628],[631],[632],[633],[635],[636],[640],[642],[643],[647],[648],[649],[650],[653],[654],[655],[656],[657],[658],[659],[660],[661],[662],[663],[664],[665],[667],[670],[672],[675],[677],[680],[681],[682],[684],[580]]"
414,150,30,1024,1209.48,797.0,739.0,0.05,987,1171.56,758.0,693.5,True,102,40,8,5,0.002495,True,19.660679801348344,40.0,64,81,0.4,0.4,2,inf,80.252725,0.002798,80.255523,True,102,39,8,5,0.00247,True,18.644801353204997,30.0,53,86,0.4,0.4,2,inf,103.296337,0.002651,103.298988,"[[376,348,363,370,373,374,378,391,395,400,412,423,428,431,434,436,438,461,465,475,483,492,500,506,513,514,515,524,542,544,553,559,561,566,567,591,604,606,614,651,669,683],[578,627,658,659],[600,643,661],[422,597,617,618,619,620,636,644,653,655,663,682,685],[581,642],[652,673],[637,496,584,601,629,639,641,678,679],[394,676],[34],[107],[173],[427],[480],[556],[558],[563],[573],[574],[575],[576],[577],[579],[580],[582],[583],[586],[587],[588],[589],[590],[592],[593],[594],[595],[596],[598],[599],[603],[605],[609],[610],[611],[612],[615],[616],[621],[622],[623],[625],[626],[628],[630],[631],[632],[633],[634],[635],[640],[645],[646],[647],[648],[649],[650],[654],[656],[657],[660],[662],[664],[665],[666],[667],[670],[671],[672],[675],[677],[680],[681],[684]]","[[376,348,363,370,373,374,378,391,395,400,412,423,428,431,434,436,438,461,465,475,483,492,500,506,513,514,515,524,542,544,553,559,561,566,567,591,604,606,614,669,683],[579,592,597,609,617,619,620,626,630,636,644,653,654,680,685],[422,584,593,596,618,631,655,657,663,682],[496,580],[34],[107],[173],[394],[427],[480],[556],[558],[563],[573],[574],[575],[576],[577],[578],[581],[582],[583],[586],[587],[588],[589],[590],[594],[595],[598],[599],[600],[601],[603],[605],[610],[611],[612],[615],[616],[621],[622],[623],[625],[627],[628],[629],[632],[633],[634],[635],[637],[639],[640],[641],[642],[643],[645],[646],[647],[648],[649],[650],[651],[652],[656],[658],[659],[660],[661],[662],[664],[665],[666],[667],[670],[671],[672],[673],[675],[676],[677],[678],[679],[681],[684]]"
414,150,1,1024,1209.48,797.0,739.0,0.15,914,1091.63,670.0,639.2499999999955,True,102,40,8,5,0.002495,True,19.660679801348344,40.0,64,81,0.4,0.4,2,inf,80.252725,0.002798,80.255523,True,106,35,8,5,0.002277,True,16.819310160894144,34.0,27,77,0.4,0.4,2,inf,117.886576,0.002646,117.889222,"[[376,348,363,370,373,374,378,391,395,400,412,423,428,431,434,436,438,461,465,475,483,492,500,506,513,514,515,524,542,544,553,559,561,566,567,591,604,606,614,651,669,683],[578,627,658,659],[600,643,661],[422,597,617,618,619,620,636,644,653,655,663,682,685],[581,642],[652,673],[637,496,584,601,629,639,641,678,679],[394,676],[34],[107],[173],[427],[480],[556],[558],[563],[573],[574],[575],[576],[577],[579],[580],[582],[583],[586],[587],[588],[589],[590],[592],[593],[594],[595],[596],[598],[599],[603],[605],[609],[610],[611],[612],[615],[616],[621],[622],[623],[625],[626],[628],[630],[631],[632],[633],[634],[635],[640],[645],[646],[647],[648],[649],[650],[654],[656],[657],[660],[662],[664],[665],[666],[667],[670],[671],[672],[675],[677],[680],[681],[684]]","[[428,348,370,373,376,378,391,395,400,412,423,431,436,438,461,465,475,492,500,506,513,514,515,524,542,544,553,559,561,567,591,604,614,651,669,683],[422,596,597,617,618,619,620,631,636,644,653,655,657,663,682,685],[566,363,374,434,483],[637,496,584,601,629,639,678,679],[579,573,575,592,598,654,684],[580,107,641],[556,394,676],[630,625],[645,646],[34],[173],[427],[480],[558],[563],[574],[576],[577],[578],[581],[582],[583],[586],[587],[588],[589],[590],[593],[594],[595],[599],[600],[603],[605],[606],[609],[610],[611],[612],[615],[616],[621],[622],[623],[626],[627],[628],[632],[633],[634],[635],[640],[642],[643],[647],[648],[649],[650],[652],[656],[658],[659],[660],[661],[662],[664],[665],[666],[667],[670],[671],[672],[673],[675],[677],[681],[680]]"
414,150,2,1024,1209.48,797.0,739.0,0.15,916,1086.14,670.0,629.5,True,102,40,8,5,0.002495,True,19.660679801348344,40.0,64,81,0.4,0.4,2,inf,80.252725,0.002798,80.255523,True,108,37,8,5,0.002428,True,16.51160366195183,34.0,64,87,0.4,0.4,2,inf,84.24173,0.002639,84.244369,"[[376,348,363,370,373,374,378,391,395,400,412,423,428,431,434,436,438,461,465,475,483,492,500,506,513,514,515,524,542,544,553,559,561,566,567,591,604,606,614,651,669,683],[578,627,658,659],[600,643,661],[422,597,617,618,619,620,636,644,653,655,663,682,685],[581,642],[652,673],[637,496,584,601,629,639,641,678,679],[394,676],[34],[107],[173],[427],[480],[556],[558],[563],[573],[574],[575],[576],[577],[579],[580],[582],[583],[586],[587],[588],[589],[590],[592],[593],[594],[595],[596],[598],[599],[603],[605],[609],[610],[611],[612],[615],[616],[621],[622],[623],[625],[626],[628],[630],[631],[632],[633],[634],[635],[640],[645],[646],[647],[648],[649],[650],[654],[656],[657],[660],[662],[664],[665],[666],[667],[670],[671],[672],[675],[677],[680],[681],[684]]","[[373,348,363,370,376,378,391,395,400,412,423,428,431,434,436,438,461,465,475,483,492,500,506,513,514,524,542,544,553,559,561,563,566,567,591,604,669,683],[630,573,575,597,598,605,609,612,617,618,619,626,636,644,653,655,664,666,672,682,684,685],[515,374],[606,645],[422,631],[580,641],[620,654],[579],[34],[107],[173],[394],[427],[480],[496],[556],[558],[574],[576],[577],[578],[581],[582],[583],[584],[586],[587],[588],[589],[590],[593],[594],[595],[596],[599],[600],[601],[603],[610],[611],[614],[615],[616],[621],[622],[623],[625],[627],[628],[629],[632],[633],[634],[635],[637],[639],[640],[642],[643],[646],[647],[648],[649],[650],[652],[656],[657],[658],[659],[660],[661],[662],[663],[665],[667],[670],[671],[673],[675],[676],[677],[678],[679],[680],[681],[592],[651]]"
414,150,3,1024,1209.48,797.0,739.0,0.15,933,1091.21,670.0,632.5,True,102,40,8,5,0.002495,True,19.660679801348344,40.0,64,81,0.4,0.4,2,inf,80.252725,0.002798,80.255523,True,105,35,8,5,0.002539,True,16.35851251599055,35.0,64,97,0.4,0.4,2,inf,120.971031,0.002775,120.973806,"[[376,348,363,370,373,374,378,391,395,400,412,423,428,431,434,436,438,461,465,475,483,492,500,506,513,514,515,524,542,544,553,559,561,566,567,591,604,606,614,651,669,683],[578,627,658,659],[600,643,661],[422,597,617,618,619,620,636,644,653,655,663,682,685],[581,642],[652,673],[637,496,584,601,629,639,641,678,679],[394,676],[34],[107],[173],[427],[480],[556],[558],[563],[573],[574],[575],[576],[577],[579],[580],[582],[583],[586],[587],[588],[589],[590],[592],[593],[594],[595],[596],[598],[599],[603],[605],[609],[610],[611],[612],[615],[616],[621],[622],[623],[625],[626],[628],[630],[631],[632],[633],[634],[635],[640],[645],[646],[647],[648],[649],[650],[654],[656],[657],[660],[662],[664],[665],[666],[667],[670],[671],[672],[675],[677],[680],[681],[684]]","[[376,348,370,373,378,391,395,400,412,423,428,431,436,438,461,465,475,483,492,500,506,513,515,524,542,544,553,559,561,566,567,591,614,669,683],[630,573,597,598,605,612,619,620,625,626,636,644,653,664,666,684,685],[637,601],[563,434,634],[592],[579],[604],[34],[107],[173],[363],[374],[394],[422],[427],[480],[496],[514],[556],[558],[574],[575],[576],[577],[578],[580],[581],[582],[583],[584],[586],[587],[588],[589],[590],[593],[594],[595],[596],[599],[600],[603],[606],[609],[610],[611],[615],[616],[617],[618],[621],[622],[623],[627],[628],[629],[631],[632],[633],[635],[639],[640],[641],[642],[643],[645],[646],[647],[648],[649],[650],[651],[652],[654],[655],[656],[657],[658],[659],[660],[661],[662],[663],[665],[667],[670],[671],[672],[673],[675],[676],[677],[678],[679],[680],[681],[682]]"
414,150,4,1024,1209.48,797.0,739.0,0.15,900,1087.04,670.0,614.0,True,102,40,8,5,0.002495,True,19.660679801348344,40.0,64,81,0.4,0.4,2,inf,80.252725,0.002798,80.255523,True,105,34,8,5,0.002412,True,17.004084556754044,27.0,46,98,0.4,0.4,2,inf,104.377599,0.002666,104.380265,"[[376,348,363,370,373,374,378,391,395,400,412,423,428,431,434,436,438,461,465,475,483,492,500,506,513,514,515,524,542,544,553,559,561,566,567,591,604,606,614,651,669,683],[578,627,658,659],[600,643,661],[422,597,617,618,619,620,636,644,653,655,663,682,685],[581,642],[652,673],[637,496,584,601,629,639,641,678,679],[394,676],[34],[107],[173],[427],[480],[556],[558],[563],[573],[574],[575],[576],[577],[579],[580],[582],[583],[586],[587],[588],[589],[590],[592],[593],[594],[595],[596],[598],[599],[603],[605],[609],[610],[611],[612],[615],[616],[621],[622],[623],[625],[626],[628],[630],[631],[632],[633],[634],[635],[640],[645],[646],[647],[648],[649],[650],[654],[656],[657],[660],[662],[664],[665],[666],[667],[670],[671],[672],[675],[677],[680],[681],[684]]","[[513,348,370,373,374,376,378,391,395,400,412,423,428,436,438,461,465,475,483,492,500,506,515,524,542,544,553,559,561,566,567,591,604,614,669,683],[579,422,592,597,609,617,619,620,630,644,653,654,663,685],[580,363,496,514],[634,651],[34],[107],[173],[394],[427],[431],[434],[480],[556],[558],[563],[573],[574],[575],[576],[577],[578],[581],[582],[583],[584],[586],[587],[588],[589],[590],[593],[594],[595],[596],[598],[599],[600],[601],[603],[605],[606],[610],[611],[612],[615],[616],[618],[621],[622],[623],[625],[626],[627],[628],[629],[631],[632],[633],[635],[637],[639],[640],[641],[642],[643],[645],[646],[647],[648],[649],[650],[652],[655],[656],[657],[658],[659],[660],[661],[662],[664],[665],[666],[667],[670],[671],[672],[673],[675],[676],[677],[678],[679],[680],[681],[684],[636],[682]]"
414,150,5,1024,1209.48,797.0,739.0,0.15,948,1095.51,670.0,630.0,True,102,40,8,5,0.002495,True,19.660679801348344,40.0,64,81,0.4,0.4,2,inf,80.252725,0.002798,80.255523,True,106,35,8,5,0.002198,True,16.58505298954888,32.0,97,79,0.4,0.4,2,inf,117.167851,0.00269,117.170541,"[[376,348,363,370,373,374,378,391,395,400,412,423,428,431,434,436,438,461,465,475,483,492,500,506,513,514,515,524,542,544,553,559,561,566,567,591,604,606,614,651,669,683],[578,627,658,659],[600,643,661],[422,597,617,618,619,620,636,644,653,655,663,682,685],[581,642],[652,673],[637,496,584,601,629,639,641,678,679],[394,676],[34],[107],[173],[427],[480],[556],[558],[563],[573],[574],[575],[576],[577],[579],[580],[582],[583],[586],[587],[588],[589],[590],[592],[593],[594],[595],[596],[598],[599],[603],[605],[609],[610],[611],[612],[615],[616],[621],[622],[623],[625],[626],[628],[630],[631],[632],[633],[634],[635],[640],[645],[646],[647],[648],[649],[650],[654],[656],[657],[660],[662],[664],[665],[666],[667],[670],[671],[672],[675],[677],[680],[681],[684]]","[[376,348,363,370,373,374,378,391,395,400,412,423,428,431,434,436,438,461,465,475,483,492,500,506,513,515,524,542,544,553,559,561,563,566,567,591,604,606,614,651,669,683],[422,584,593,596,597,601,617,618,619,620,631,636,655,663,678,682,685],[612,579,592,609,654,680],[637,496,629,639,641,679],[556,652,676],[653,573,598],[580],[34],[107],[173],[394],[427],[480],[558],[574],[575],[576],[577],[578],[581],[582],[583],[586],[587],[588],[589],[590],[594],[595],[599],[600],[603],[605],[610],[611],[615],[616],[621],[622],[623],[625],[626],[627],[628],[632],[633],[634],[635],[640],[642],[643],[646],[647],[648],[649],[650],[656],[657],[658],[659],[660],[661],[662],[664],[665],[666],[667],[670],[671],[672],[673],[675],[677],[681],[684],[644],[630],[514],[645]]"
414,150,6,1024,1209.48,797.0,739.0,0.15,951,1095.58,670.0,628.5,True,102,40,8,5,0.002495,True,19.660679801348344,40.0,64,81,0.4,0.4,2,inf,80.252725,0.002798,80.255523,True,105,36,8,5,0.002632,True,17.226125150133484,30.0,15,85,0.4,0.4,2,inf,102.931055,0.002764,102.933819,"[[376,348,363,370,373,374,378,391,395,400,412,423,428,431,434,436,438,461,465,475,483,492,500,506,513,514,515,524,542,544,553,559,561,566,567,591,604,606,614,651,669,683],[578,627,658,659],[600,643,661],[422,597,617,618,619,620,636,644,653,655,663,682,685],[581,642],[652,673],[637,496,584,601,629,639,641,678,679],[394,676],[34],[107],[173],[427],[480],[556],[558],[563],[573],[574],[575],[576],[577],[579],[580],[582],[583],[586],[587],[588],[589],[590],[592],[593],[594],[595],[596],[598],[599],[603],[605],[609],[610],[611],[612],[615],[616],[621],[622],[623],[625],[626],[628],[630],[631],[632],[633],[634],[635],[640],[645],[646],[647],[648],[649],[650],[654],[656],[657],[660],[662],[664],[665],[666],[667],[670],[671],[672],[675],[677],[680],[681],[684]]","[[376,348,363,370,373,374,378,391,395,400,412,423,428,431,436,438,461,465,475,483,492,500,506,513,514,515,524,542,544,553,559,561,563,566,567,591,606,614,651,669,683],[592,579,597,598,609,612,617,619,620,625,626,630,636,644,653,654,664,672,680,685],[596,422],[641,496,637],[107,580],[434,604],[394,556],[34],[173],[427],[480],[558],[573],[574],[575],[576],[577],[578],[581],[582],[583],[584],[586],[587],[588],[589],[590],[593],[594],[595],[599],[600],[601],[603],[605],[610],[611],[615],[616],[618],[621],[622],[623],[627],[628],[629],[631],[632],[633],[634],[635],[639],[640],[642],[643],[645],[646],[647],[648],[649],[650],[652],[655],[656],[657],[658],[659],[660],[661],[662],[663],[665],[666],[667],[670],[671],[673],[675],[676],[677],[678],[679],[681],[682],[684]]"
414,150,7,1024,1209.48,797.0,739.0,0.15,828,1083.83,670.0,621.4999999999991,True,102,40,8,5,0.002495,True,19.660679801348344,40.0,64,81,0.4,0.4,2,inf,80.252725,0.002798,80.255523,True,105,35,8,5,0.002444,True,17.201004087934784,28.0,104,86,0.4,0.4,2,inf,147.637633,0.002686,147.640319,"[[376,348,363,370,373,374,378,391,395,400,412,423,428,431,434,436,438,461,465,475,483,492,500,506,513,514,515,524,542,544,553,559,561,566,567,591,604,606,614,651,669,683],[578,627,658,659],[600,643,661],[422,597,617,618,619,620,636,644,653,655,663,682,685],[581,642],[652,673],[637,496,584,601,629,639,641,678,679],[394,676],[34],[107],[173],[427],[480],[556],[558],[563],[573],[574],[575],[576],[577],[579],[580],[582],[583],[586],[587],[588],[589],[590],[592],[593],[594],[595],[596],[598],[599],[603],[605],[609],[610],[611],[612],[615],[616],[621],[622],[623],[625],[626],[628],[630],[631],[632],[633],[634],[635],[640],[645],[646],[647],[648],[649],[650],[654],[656],[657],[660],[662],[664],[665],[666],[667],[670],[671],[672],[675],[677],[680],[681],[684]]","[[376,348,363,370,373,378,391,395,400,412,423,428,431,434,436,438,461,465,475,483,492,500,506,513,514,515,524,542,544,553,559,561,566,567,591,604,669,683],[630,422,574,579,592,596,597,609,617,618,619,620,625,636,644,653,657,663,682,685],[654,589,680],[496,580,637],[614,394,556,606,676],[34],[107],[173],[374],[427],[480],[558],[563],[573],[575],[576],[577],[578],[581],[582],[583],[584],[586],[587],[588],[590],[593],[594],[595],[598],[599],[600],[601],[603],[605],[610],[611],[612],[615],[616],[621],[622],[623],[626],[627],[628],[629],[631],[632],[633],[634],[635],[639],[640],[641],[642],[643],[645],[646],[647],[648],[649],[650],[651],[652],[655],[656],[658],[659],[660],[661],[662],[664],[665],[666],[667],[670],[671],[672],[673],[675],[677],[678],[679],[681],[684]]"
414,150,8,1024,1209.48,797.0,739.0,0.15,892,1107.1,670.0,643.0000000000009,True,102,40,8,5,0.002495,True,19.660679801348344,40.0,64,81,0.4,0.4,2,inf,80.252725,0.002798,80.255523,True,105,38,8,5,0.002256,True,17.366525416529537,30.0,120,81,0.4,0.4,2,inf,160.797882,0.002688,160.80057,"[[376,348,363,370,373,374,378,391,395,400,412,423,428,431,434,436,438,461,465,475,483,492,500,506,513,514,515,524,542,544,553,559,561,566,567,591,604,606,614,651,669,683],[578,627,658,659],[600,643,661],[422,597,617,618,619,620,636,644,653,655,663,682,685],[581,642],[652,673],[637,496,584,601,629,639,641,678,679],[394,676],[34],[107],[173],[427],[480],[556],[558],[563],[573],[574],[575],[576],[577],[579],[580],[582],[583],[586],[587],[588],[589],[590],[592],[593],[594],[595],[596],[598],[599],[603],[605],[609],[610],[611],[612],[615],[616],[621],[622],[623],[625],[626],[628],[630],[631],[632],[633],[634],[635],[640],[645],[646],[647],[648],[649],[650],[654],[656],[657],[660],[662],[664],[665],[666],[667],[670],[671],[672],[675],[677],[680],[681],[684]]","[[376,348,363,370,373,378,391,395,400,412,423,428,431,434,436,438,461,465,475,483,492,500,506,513,514,515,524,542,544,553,559,561,563,566,567,591,604,606,614,645,669,683],[592,573,579,597,609,617,619,620,630,636,644,653,680,685],[422,593,596,618,631,655,657,663],[580,107,496,601,641],[678,584,637,679],[556,676],[34],[173],[374],[394],[427],[480],[558],[574],[575],[576],[577],[578],[581],[582],[583],[586],[587],[588],[589],[590],[594],[595],[598],[599],[600],[603],[605],[610],[611],[612],[615],[616],[621],[622],[623],[625],[626],[627],[628],[629],[632],[633],[634],[635],[639],[640],[642],[643],[646],[647],[648],[649],[650],[651],[652],[656],[658],[659],[660],[661],[662],[664],[665],[666],[667],[670],[671],[672],[673],[675],[677],[681],[682],[684],[654]]"
414,150,9,1024,1209.48,797.0,739.0,0.15,857,1072.84,670.0,613.5000000000009,True,102,40,8,5,0.002495,True,19.660679801348344,40.0,64,81,0.4,0.4,2,inf,80.252725,0.002798,80.255523,True,104,34,8,5,0.002228,True,17.18978694742385,33.0,52,96,0.4,0.4,2,inf,101.032748,0.002609,101.035357,"[[376,348,363,370,373,374,378,391,395,400,412,423,428,431,434,436,438,461,465,475,483,492,500,506,513,514,515,524,542,544,553,559,561,566,567,591,604,606,614,651,669,683],[578,627,658,659],[600,643,661],[422,597,617,618,619,620,636,644,653,655,663,682,685],[581,642],[652,673],[637,496,584,601,629,639,641,678,679],[394,676],[34],[107],[173],[427],[480],[556],[558],[563],[573],[574],[575],[576],[577],[579],[580],[582],[583],[586],[587],[588],[589],[590],[592],[593],[594],[595],[596],[598],[599],[603],[605],[609],[610],[611],[612],[615],[616],[621],[622],[623],[625],[626],[628],[630],[631],[632],[633],[634],[635],[640],[645],[646],[647],[648],[649],[650],[654],[656],[657],[660],[662],[664],[665],[666],[667],[670],[671],[672],[675],[677],[680],[681],[684]]","[[376,348,363,370,373,374,378,391,395,400,412,423,428,431,436,438,461,465,475,483,492,506,513,514,515,524,542,544,553,559,561,563,566,591,606,614,651,669,683],[637,496,500,580,584,601,629,639,641,678,679],[630,597,598,605,619,636],[394,556],[567],[34],[107],[173],[422],[427],[434],[480],[558],[573],[574],[575],[576],[577],[578],[579],[581],[582],[583],[586],[587],[588],[589],[590],[592],[593],[594],[595],[596],[599],[600],[603],[604],[609],[610],[611],[612],[615],[616],[617],[618],[620],[621],[622],[623],[625],[626],[627],[628],[631],[632],[633],[634],[635],[640],[642],[643],[644],[645],[646],[647],[648],[649],[650],[652],[653],[654],[655],[656],[657],[658],[659],[660],[661],[662],[663],[664],[665],[666],[667],[670],[671],[672],[673],[675],[676],[677],[680],[681],[682],[684],[685]]"
414,150,10,1024,1209.48,797.0,739.0,0.15,937,1083.41,670.0,631.5,True,102,40,8,5,0.002495,True,19.660679801348344,40.0,64,81,0.4,0.4,2,inf,80.252725,0.002798,80.255523,True,105,36,8,5,0.002544,True,16.803877101203373,34.0,63,110,0.4,0.4,2,inf,110.811996,0.002683,110.814679,"[[376,348,363,370,373,374,378,391,395,400,412,423,428,431,434,436,438,461,465,475,483,492,500,506,513,514,515,524,542,544,553,559,561,566,567,591,604,606,614,651,669,683],[578,627,658,659],[600,643,661],[422,597,617,618,619,620,636,644,653,655,663,682,685],[581,642],[652,673],[637,496,584,601,629,639,641,678,679],[394,676],[34],[107],[173],[427],[480],[556],[558],[563],[573],[574],[575],[576],[577],[579],[580],[582],[583],[586],[587],[588],[589],[590],[592],[593],[594],[595],[596],[598],[599],[603],[605],[609],[610],[611],[612],[615],[616],[621],[622],[623],[625],[626],[628],[630],[631],[632],[633],[634],[635],[640],[645],[646],[647],[648],[649],[650],[654],[656],[657],[660],[662],[664],[665],[666],[667],[670],[671],[672],[675],[677],[680],[681],[684]]","[[348,370,373,376,378,391,395,400,412,423,428,431,436,438,461,465,475,483,492,500,506,513,524,542,544,553,559,566,567],[591,561,604,669,683],[514,363,580],[685,422,579,592,630],[374,556],[434,496],[34],[107],[173],[394],[427],[480],[515],[558],[563],[573],[574],[575],[576],[577],[578],[581],[582],[583],[584],[586],[587],[588],[589],[590],[593],[594],[595],[596],[597],[598],[599],[600],[601],[603],[605],[606],[609],[610],[611],[612],[614],[615],[616],[617],[618],[619],[620],[621],[622],[623],[625],[626],[627],[628],[629],[631],[632],[633],[634],[635],[636],[637],[639],[640],[641],[642],[643],[644],[645],[646],[647],[648],[649],[650],[651],[652],[653],[654],[655],[656],[657],[658],[659],[660],[661],[662],[663],[664],[665],[666],[667],[670],[671],[672],[673],[675],[676],[677],[678],[679],[680],[681],[682],[684]]"
414,150,11,1024,1209.48,797.0,739.0,0.15,923,1096.1,670.0,620.4999999999991,True,102,40,8,5,0.002495,True,19.660679801348344,40.0,64,81,0.4,0.4,2,inf,80.252725,0.002798,80.255523,True,104,37,8,5,0.002197,True,17.14387770528806,33.0,52,92,0.4,0.4,2,inf,82.926185,0.002638,82.928823,"[[376,348,363,370,373,374,378,391,395,400,412,423,428,431,434,436,438,461,465,475,483,492,500,506,513,514,515,524,542,544,553,559,561,566,567,591,604,606,614,651,669,683],[578,627,658,659],[600,643,661],[422,597,617,618,619,620,636,644,653,655,663,682,685],[581,642],[652,673],[637,496,584,601,629,639,641,678,679],[394,676],[34],[107],[173],[427],[480],[556],[558],[563],[573],[574],[575],[576],[577],[579],[580],[582],[583],[586],[587],[588],[589],[590],[592],[593],[594],[595],[596],[598],[599],[603],[605],[609],[610],[611],[612],[615],[616],[621],[622],[623],[625],[626],[628],[630],[631],[632],[633],[634],[635],[640],[645],[646],[647],[648],[649],[650],[654],[656],[657],[660],[662],[664],[665],[666],[667],[670],[671],[672],[675],[677],[680],[681],[684]]","[[376,348,363,370,373,374,378,395,400,412,423,428,431,434,436,438,461,465,475,483,492,500,506,513,514,524,542,544,553,556,559,561,566,567,591,614,651,669,683],[422,596,609,618,619,657,680,682],[592,575,597,598,617,636,653],[515,391,637],[630,655,685],[580,641],[604,645],[620,654],[644],[34],[107],[173],[394],[427],[480],[496],[558],[563],[573],[574],[576],[577],[578],[581],[582],[583],[584],[586],[587],[588],[589],[590],[593],[594],[595],[599],[600],[601],[603],[605],[606],[610],[611],[612],[615],[616],[621],[622],[623],[625],[626],[627],[628],[629],[631],[632],[633],[634],[635],[639],[640],[642],[643],[646],[647],[648],[649],[650],[652],[656],[658],[659],[660],[661],[662],[663],[664],[665],[666],[667],[670],[671],[672],[673],[675],[676],[677],[678],[679],[681],[684],[579]]"
414,150,12,1024,1209.48,797.0,739.0,0.15,887,1097.46,670.0,632.5,True,102,40,8,5,0.002495,True,19.660679801348344,40.0,64,81,0.4,0.4,2,inf,80.252725,0.002798,80.255523,True,105,36,8,5,0.002272,True,17.067082660716355,36.0,64,88,0.4,0.4,2,inf,84.355278,0.002652,84.35793,"[[376,348,363,370,373,374,378,391,395,400,412,423,428,431,434,436,438,461,465,475,483,492,500,506,513,514,515,524,542,544,553,559,561,566,567,591,604,606,614,651,669,683],[578,627,658,659],[600,643,661],[422,597,617,618,619,620,636,644,653,655,663,682,685],[581,642],[652,673],[637,496,584,601,629,639,641,678,679],[394,676],[34],[107],[173],[427],[480],[556],[558],[563],[573],[574],[575],[576],[577],[579],[580],[582],[583],[586],[587],[588],[589],[590],[592],[593],[594],[595],[596],[598],[599],[603],[605],[609],[610],[611],[612],[615],[616],[621],[622],[623],[625],[626],[628],[630],[631],[632],[633],[634],[635],[640],[645],[646],[647],[648],[649],[650],[654],[656],[657],[660],[662],[664],[665],[666],[667],[670],[671],[672],[675],[677],[680],[681],[684]]","[[376,348,363,370,373,374,378,391,395,400,412,423,428,431,434,436,438,461,465,475,483,492,500,506,513,514,524,542,544,553,556,559,561,563,566,567,591,604,606,614,651,669,683],[580,496,515,601,641],[630,597,598,605,612,618,619,625,636,653,664,666,682,684,685],[609,617],[644,654],[34],[107],[173],[394],[422],[427],[480],[558],[573],[574],[575],[576],[577],[578],[579],[581],[582],[583],[584],[586],[587],[588],[589],[590],[592],[593],[594],[595],[596],[599],[600],[603],[610],[611],[615],[616],[620],[621],[622],[623],[626],[627],[628],[629],[631],[632],[633],[634],[635],[637],[639],[640],[642],[643],[645],[646],[647],[648],[649],[650],[652],[655],[656],[657],[658],[659],[660],[661],[662],[663],[665],[667],[670],[671],[672],[673],[675],[676],[677],[678],[679],[680],[681]]"
414,150,13,1024,1209.48,797.0,739.0,0.15,906,1083.33,670.0,628.4999999999982,True,102,40,8,5,0.002495,True,19.660679801348344,40.0,64,81,0.4,0.4,2,inf,80.252725,0.002798,80.255523,True,102,34,8,5,0.002177,True,17.051818294986585,30.0,24,85,0.4,0.4,2,inf,141.163631,0.002688,141.166319,"[[376,348,363,370,373,374,378,391,395,400,412,423,428,431,434,436,438,461,465,475,483,492,500,506,513,514,515,524,542,544,553,559,561,566,567,591,604,606,614,651,669,683],[578,627,658,659],[600,643,661],[422,597,617,618,619,620,636,644,653,655,663,682,685],[581,642],[652,673],[637,496,584,601,629,639,641,678,679],[394,676],[34],[107],[173],[427],[480],[556],[558],[563],[573],[574],[575],[576],[577],[579],[580],[582],[583],[586],[587],[588],[589],[590],[592],[593],[594],[595],[596],[598],[599],[603],[605],[609],[610],[611],[612],[615],[616],[621],[622],[623],[625],[626],[628],[630],[631],[632],[633],[634],[635],[640],[645],[646],[647],[648],[649],[650],[654],[656],[657],[660],[662],[664],[665],[666],[667],[670],[671],[672],[675],[677],[680],[681],[684]]","[[376,348,363,370,373,374,378,391,395,400,412,423,428,431,436,438,475,483,492,500,506,513,514,524,542,544,553,559,561,566,567,591,606,614,669,683],[630,422,573,592,596,597,609,617,618,631,636,644,653,655,657,663,666,682],[579,619,680,685],[645,461,634,651],[496,515,580,637],[654,620],[556,394,676],[563,604],[34],[107],[173],[427],[434],[465],[480],[558],[574],[575],[576],[577],[578],[581],[582],[583],[584],[586],[587],[588],[589],[590],[593],[594],[595],[598],[599],[600],[601],[603],[605],[610],[611],[612],[615],[616],[621],[622],[623],[625],[626],[627],[628],[629],[632],[633],[635],[639],[640],[641],[642],[643],[646],[647],[648],[649],[650],[652],[656],[658],[659],[660],[661],[662],[664],[665],[667],[670],[671],[672],[673],[675],[677],[678],[679],[681],[684]]"
414,150,14,1024,1209.48,797.0,739.0,0.15,935,1097.06,670.0,632.5,True,102,40,8,5,0.002495,True,19.660679801348344,40.0,64,81,0.4,0.4,2,inf,80.252725,0.002798,80.255523,True,106,34,8,5,0.002225,True,17.118238296292965,33.0,64,86,0.4,0.4,2,inf,116.134811,0.002647,116.137458,"[[376,348,363,370,373,374,378,391,395,400,412,423,428,431,434,436,438,461,465,475,483,492,500,506,513,514,515,524,542,544,553,559,561,566,567,591,604,606,614,651,669,683],[578,627,658,659],[600,643,661],[422,597,617,618,619,620,636,644,653,655,663,682,685],[581,642],[652,673],[637,496,584,601,629,639,641,678,679],[394,676],[34],[107],[173],[427],[480],[556],[558],[563],[573],[574],[575],[576],[577],[579],[580],[582],[583],[586],[587],[588],[589],[590],[592],[593],[594],[595],[596],[598],[599],[603],[605],[609],[610],[611],[612],[615],[616],[621],[622],[623],[625],[626],[628],[630],[631],[632],[633],[634],[635],[640],[645],[646],[647],[648],[649],[650],[654],[656],[657],[660],[662],[664],[665],[666],[667],[670],[671],[672],[675],[677],[680],[681],[684]]","[[376,348,363,370,373,378,391,395,400,412,423,428,431,434,436,438,461,465,475,483,492,500,506,513,514,515,524,542,544,553,559,561,563,566,567,591,604,606,614,651,669,683],[422,593,596,597,609,617,618,619,620,630,631,636,644,653,654,657,663,680,685],[580,496,601,641],[573,579],[592,626],[34],[107],[173],[374],[394],[427],[480],[556],[558],[574],[575],[576],[577],[578],[581],[582],[583],[584],[586],[587],[588],[589],[590],[594],[595],[598],[599],[600],[603],[605],[610],[611],[612],[615],[616],[621],[622],[623],[625],[627],[628],[629],[632],[633],[634],[635],[637],[639],[640],[642],[643],[645],[646],[647],[648],[649],[650],[652],[655],[656],[658],[659],[660],[661],[662],[664],[665],[666],[667],[670],[671],[672],[673],[675],[676],[677],[678],[679],[681],[682],[684]]"
414,150,15,1024,1209.48,797.0,739.0,0.15,889,1086.53,670.0,621.5,True,102,40,8,5,0.002495,True,19.660679801348344,40.0,64,81,0.4,0.4,2,inf,80.252725,0.002798,80.255523,True,104,36,8,5,0.002369,True,16.86174315102489,33.0,64,86,0.4,0.4,2,inf,86.790132,0.002647,86.792779,"[[376,348,363,370,373,374,378,391,395,400,412,423,428,431,434,436,438,461,465,475,483,492,500,506,513,514,515,524,542,544,553,559,561,566,567,591,604,606,614,651,669,683],[578,627,658,659],[600,643,661],[422,597,617,618,619,620,636,644,653,655,663,682,685],[581,642],[652,673],[637,496,584,601,629,639,641,678,679],[394,676],[34],[107],[173],[427],[480],[556],[558],[563],[573],[574],[575],[576],[577],[579],[580],[582],[583],[586],[587],[588],[589],[590],[592],[593],[594],[595],[596],[598],[599],[603],[605],[609],[610],[611],[612],[615],[616],[621],[622],[623],[625],[626],[628],[630],[631],[632],[633],[634],[635],[640],[645],[646],[647],[648],[649],[650],[654],[656],[657],[660],[662],[664],[665],[666],[667],[670],[671],[672],[675],[677],[680],[681],[684]]","[[376,348,370,373,378,391,395,400,412,423,428,431,434,436,438,461,465,475,483,492,500,506,513,514,524,542,544,553,556,559,561,567,591,604,614,651,669,683],[637,584,601,629,639,641,645,678,679],[630,596,597,617,618,619,620,625,636,653,685],[580,496,606],[422,644,655,657],[374,563],[623,579,592,654],[566],[609],[34],[107],[173],[363],[394],[427],[480],[515],[558],[573],[574],[575],[576],[577],[578],[581],[582],[583],[586],[587],[588],[589],[590],[593],[594],[595],[598],[599],[600],[603],[605],[610],[611],[612],[615],[616],[621],[622],[626],[627],[628],[631],[632],[633],[634],[635],[640],[642],[643],[646],[647],[648],[649],[650],[652],[656],[658],[659],[660],[661],[662],[663],[664],[665],[666],[667],[670],[671],[672],[673],[675],[676],[677],[680],[681],[682],[684]]"
414,150,16,1024,1209.48,797.0,739.0,0.15,874,1084.41,670.0,617.0,True,102,40,8,5,0.002495,True,19.660679801348344,40.0,64,81,0.4,0.4,2,inf,80.252725,0.002798,80.255523,True,106,34,8,5,0.002246,True,16.7784038835661,30.0,52,89,0.4,0.4,2,inf,190.678392,0.002656,190.681048,"[[376,348,363,370,373,374,378,391,395,400,412,423,428,431,434,436,438,461,465,475,483,492,500,506,513,514,515,524,542,544,553,559,561,566,567,591,604,606,614,651,669,683],[578,627,658,659],[600,643,661],[422,597,617,618,619,620,636,644,653,655,663,682,685],[581,642],[652,673],[637,496,584,601,629,639,641,678,679],[394,676],[34],[107],[173],[427],[480],[556],[558],[563],[573],[574],[575],[576],[577],[579],[580],[582],[583],[586],[587],[588],[589],[590],[592],[593],[594],[595],[596],[598],[599],[603],[605],[609],[610],[611],[612],[615],[616],[621],[622],[623],[625],[626],[628],[630],[631],[632],[633],[634],[635],[640],[645],[646],[647],[648],[649],[650],[654],[656],[657],[660],[662],[664],[665],[666],[667],[670],[671],[672],[675],[677],[680],[681],[684]]","[[376,348,370,373,374,378,391,395,400,412,423,428,431,436,438,461,465,475,483,492,500,506,513,515,524,542,544,553,559,561,566,567,591,614,669,683],[592,597,617,619,620,644,653,654,655,672,680,685],[630,584,631,636,657,663,678,682],[563,434,556],[580,496,637],[604,645],[422,596],[609,579],[363,514],[34],[107],[173],[394],[427],[480],[558],[573],[574],[575],[576],[577],[578],[581],[582],[583],[586],[587],[588],[589],[590],[593],[594],[595],[598],[599],[600],[601],[603],[605],[606],[610],[611],[612],[615],[616],[618],[621],[622],[623],[625],[626],[627],[628],[629],[632],[633],[634],[635],[639],[640],[641],[642],[643],[646],[647],[648],[649],[650],[651],[652],[656],[658],[659],[660],[661],[662],[664],[665],[666],[667],[670],[671],[673],[675],[676],[677],[679],[681],[684]]"
414,150,17,1024,1209.48,797.0,739.0,0.15,895,1089.48,670.0,626.5,True,102,40,8,5,0.002495,True,19.660679801348344,40.0,64,81,0.4,0.4,2,inf,80.252725,0.002798,80.255523,True,105,35,8,5,0.002366,True,17.19295306358822,34.0,64,105,0.4,0.4,2,inf,100.303269,0.002655,100.305924,"[[376,348,363,370,373,374,378,391,395,400,412,423,428,431,434,436,438,461,465,475,483,492,500,506,513,514,515,524,542,544,553,559,561,566,567,591,604,606,614,651,669,683],[578,627,658,659],[600,643,661],[422,597,617,618,619,620,636,644,653,655,663,682,685],[581,642],[652,673],[637,496,584,601,629,639,641,678,679],[394,676],[34],[107],[173],[427],[480],[556],[558],[563],[573],[574],[575],[576],[577],[579],[580],[582],[583],[586],[587],[588],[589],[590],[592],[593],[594],[595],[596],[598],[599],[603],[605],[609],[610],[611],[612],[615],[616],[621],[622],[623],[625],[626],[628],[630],[631],[632],[633],[634],[635],[640],[645],[646],[647],[648],[649],[650],[654],[656],[657],[660],[662],[664],[665],[666],[667],[670],[671],[672],[675],[677],[680],[681],[684]]","[[376,348,370,373,374,378,391,400,412,423,428,431,434,436,438,461,465,475,483,492,500,506,513,514,515,524,542,544,553,559,561,566,567,580,591,604,606,614,651,669],[563,556,634],[637,496],[676,683],[645,395],[592,636],[363],[34],[107],[173],[394],[422],[427],[480],[558],[573],[574],[575],[576],[577],[578],[579],[581],[582],[583],[584],[586],[587],[588],[589],[590],[593],[594],[595],[596],[597],[598],[599],[600],[601],[603],[605],[609],[610],[611],[612],[615],[616],[617],[618],[619],[620],[621],[622],[623],[625],[626],[627],[628],[629],[630],[631],[632],[633],[635],[639],[640],[641],[642],[643],[644],[646],[647],[648],[649],[650],[652],[653],[654],[655],[656],[657],[658],[659],[660],[661],[662],[663],[664],[665],[666],[667],[670],[671],[672],[673],[675],[677],[678],[679],[680],[681],[682],[684],[685]]"
414,150,18,1024,1209.48,797.0,739.0,0.15,899,1081.25,670.0,625.4999999999982,True,102,40,8,5,0.002495,True,19.660679801348344,40.0,64,81,0.4,0.4,2,inf,80.252725,0.002798,80.255523,True,104,37,8,5,0.002642,True,16.911763301495515,32.0,97,86,0.4,0.4,2,inf,136.837228,0.002721,136.839949,"[[376,348,363,370,373,374,378,391,395,400,412,423,428,431,434,436,438,461,465,475,483,492,500,506,513,514,515,524,542,544,553,559,561,566,567,591,604,606,614,651,669,683],[578,627,658,659],[600,643,661],[422,597,617,618,619,620,636,644,653,655,663,682,685],[581,642],[652,673],[637,496,584,601,629,639,641,678,679],[394,676],[34],[107],[173],[427],[480],[556],[558],[563],[573],[574],[575],[576],[577],[579],[580],[582],[583],[586],[587],[588],[589],[590],[592],[593],[594],[595],[596],[598],[599],[603],[605],[609],[610],[611],[612],[615],[616],[621],[622],[623],[625],[626],[628],[630],[631],[632],[633],[634],[635],[640],[645],[646],[647],[648],[649],[650],[654],[656],[657],[660],[662],[664],[665],[666],[667],[670],[671],[672],[675],[677],[680],[681],[684]]","[[376,348,363,370,373,374,378,391,395,400,412,423,428,431,436,438,461,465,475,483,492,500,506,513,514,515,524,544,553,559,561,566,567,591,606,651,669,683],[592,573,575,579,597,598,605,617,619,625,626,636,644,653,654,664,666,680,684,685],[580,496,542,641],[646,586,587],[618,422,630],[394,556],[609],[34],[107],[173],[427],[434],[480],[558],[563],[574],[576],[577],[578],[581],[582],[583],[584],[588],[589],[590],[593],[594],[595],[596],[599],[600],[601],[603],[610],[611],[612],[615],[616],[620],[621],[622],[623],[627],[628],[629],[631],[632],[633],[634],[635],[637],[639],[640],[642],[643],[645],[647],[648],[649],[650],[652],[655],[656],[657],[658],[659],[660],[661],[662],[663],[665],[667],[670],[671],[672],[673],[675],[676],[677],[678],[679],[681],[682],[614],[604]]"
414,150,19,1024,1209.48,797.0,739.0,0.15,947,1087.98,670.0,624.5,True,102,40,8,5,0.002495,True,19.660679801348344,40.0,64,81,0.4,0.4,2,inf,80.252725,0.002798,80.255523,True,104,37,8,5,0.002404,True,16.645423115639925,34.0,97,93,0.4,0.4,2,inf,136.34407,0.002616,136.346686,"[[376,348,363,370,373,374,378,391,395,400,412,423,428,431,434,436,438,461,465,475,483,492,500,506,513,514,515,524,542,544,553,559,561,566,567,591,604,606,614,651,669,683],[578,627,658,659],[600,643,661],[422,597,617,618,619,620,636,644,653,655,663,682,685],[581,642],[652,673],[637,496,584,601,629,639,641,678,679],[394,676],[34],[107],[173],[427],[480],[556],[558],[563],[573],[574],[575],[576],[577],[579],[580],[582],[583],[586],[587],[588],[589],[590],[592],[593],[594],[595],[596],[598],[599],[603],[605],[609],[610],[611],[612],[615],[616],[621],[622],[623],[625],[626],[628],[630],[631],[632],[633],[634],[635],[640],[645],[646],[647],[648],[649],[650],[654],[656],[657],[660],[662],[664],[665],[666],[667],[670],[671],[672],[675],[677],[680],[681],[684]]","[[373,348,363,370,374,376,378,391,395,400,412,423,428,431,436,438,461,465,475,483,492,500,506,513,514,515,524,542,544,553,559,561,566,567,591,604,614,651,669,683],[645,586,587,634,646,671],[592,573,579,597,617,619,620,636,644,653,654,685],[107,580],[496,641],[34],[173],[394],[422],[427],[434],[480],[556],[558],[563],[574],[575],[576],[577],[578],[581],[582],[583],[584],[588],[589],[590],[593],[594],[595],[596],[598],[599],[600],[601],[603],[605],[606],[609],[610],[611],[612],[615],[616],[618],[621],[622],[623],[625],[626],[627],[628],[629],[630],[631],[632],[633],[635],[637],[639],[640],[642],[643],[647],[648],[649],[650],[652],[655],[656],[657],[658],[659],[660],[661],[662],[663],[664],[665],[666],[667],[670],[672],[673],[675],[676],[677],[678],[679],[680],[681],[682],[684]]"
414,150,20,1024,1209.48,797.0,739.0,0.15,968,1091.53,670.0,627.9999999999973,True,102,40,8,5,0.002495,True,19.660679801348344,40.0,64,81,0.4,0.4,2,inf,80.252725,0.002798,80.255523,True,105,35,8,5,0.002543,True,16.850278753387503,34.0,52,108,0.4,0.4,2,inf,127.912137,0.002723,127.91486,"[[376,348,363,370,373,374,378,391,395,400,412,423,428,431,434,436,438,461,465,475,483,492,500,506,513,514,515,524,542,544,553,559,561,566,567,591,604,606,614,651,669,683],[578,627,658,659],[600,643,661],[422,597,617,618,619,620,636,644,653,655,663,682,685],[581,642],[652,673],[637,496,584,601,629,639,641,678,679],[394,676],[34],[107],[173],[427],[480],[556],[558],[563],[573],[574],[575],[576],[577],[579],[580],[582],[583],[586],[587],[588],[589],[590],[592],[593],[594],[595],[596],[598],[599],[603],[605],[609],[610],[611],[612],[615],[616],[621],[622],[623],[625],[626],[628],[630],[631],[632],[633],[634],[635],[640],[645],[646],[647],[648],[649],[650],[654],[656],[657],[660],[662],[664],[665],[666],[667],[670],[671],[672],[675],[677],[680],[681],[684]]","[[376,348,363,370,373,378,391,395,400,412,423,428,431,436,438,461,465,475,483,492,496,500,506,513,514,515,524,542,544,553,559,561,566,567,591,604,645,669],[601,580,637],[556,374,614],[579,592],[34],[107],[173],[394],[422],[427],[434],[480],[558],[563],[573],[574],[575],[576],[577],[578],[581],[582],[583],[584],[586],[587],[588],[589],[590],[593],[594],[595],[596],[597],[598],[599],[600],[603],[605],[606],[609],[610],[611],[612],[615],[616],[617],[618],[619],[620],[621],[622],[623],[625],[626],[627],[628],[629],[630],[631],[632],[633],[634],[635],[636],[639],[640],[641],[642],[643],[644],[646],[647],[648],[649],[650],[651],[652],[653],[654],[655],[656],[657],[658],[659],[660],[661],[662],[663],[664],[665],[666],[667],[670],[671],[672],[673],[675],[676],[677],[678],[679],[680],[681],[682],[683],[684],[685]]"
414,150,21,1024,1209.48,797.0,739.0,0.15,910,1076.02,670.0,622.5,True,102,40,8,5,0.002495,True,19.660679801348344,40.0,64,81,0.4,0.4,2,inf,80.252725,0.002798,80.255523,True,104,35,8,5,0.002346,True,16.834889193995057,34.0,97,100,0.4,0.4,2,inf,177.907174,0.002649,177.909823,"[[376,348,363,370,373,374,378,391,395,400,412,423,428,431,434,436,438,461,465,475,483,492,500,506,513,514,515,524,542,544,553,559,561,566,567,591,604,606,614,651,669,683],[578,627,658,659],[600,643,661],[422,597,617,618,619,620,636,644,653,655,663,682,685],[581,642],[652,673],[637,496,584,601,629,639,641,678,679],[394,676],[34],[107],[173],[427],[480],[556],[558],[563],[573],[574],[575],[576],[577],[579],[580],[582],[583],[586],[587],[588],[589],[590],[592],[593],[594],[595],[596],[598],[599],[603],[605],[609],[610],[611],[612],[615],[616],[621],[622],[623],[625],[626],[628],[630],[631],[632],[633],[634],[635],[640],[645],[646],[647],[648],[649],[650],[654],[656],[657],[660],[662],[664],[665],[666],[667],[670],[671],[672],[675],[677],[680],[681],[684]]","[[376,348,370,373,374,378,391,395,400,412,423,428,431,434,436,438,461,465,475,483,492,500,506,513,524,542,544,553,559,561,566,567,591,604,606,614,651,669,683],[592,573,597,612,636,644,684,685],[637,496,601,641,679],[563,634],[34],[107],[173],[363],[394],[422],[427],[480],[514],[515],[556],[558],[574],[575],[576],[577],[578],[579],[580],[581],[582],[583],[584],[586],[587],[588],[589],[590],[593],[594],[595],[596],[598],[599],[600],[603],[605],[609],[610],[611],[615],[616],[617],[618],[619],[620],[621],[622],[623],[625],[626],[627],[628],[629],[630],[631],[632],[633],[635],[639],[640],[642],[643],[645],[646],[647],[648],[649],[650],[652],[653],[654],[655],[656],[657],[658],[659],[660],[661],[662],[663],[664],[665],[666],[667],[670],[671],[672],[673],[675],[676],[677],[678],[680],[681],[682]]"
414,150,22,1024,1209.48,797.0,739.0,0.15,885,1058.72,670.0,610.0,True,102,40,8,5,0.002495,True,19.660679801348344,40.0,64,81,0.4,0.4,2,inf,80.252725,0.002798,80.255523,True,104,37,8,5,0.00221,True,16.639384953642953,34.0,13,78,0.4,0.4,2,inf,115.907997,0.002829,115.910826,"[[376,348,363,370,373,374,378,391,395,400,412,423,428,431,434,436,438,461,465,475,483,492,500,506,513,514,515,524,542,544,553,559,561,566,567,591,604,606,614,651,669,683],[578,627,658,659],[600,643,661],[422,597,617,618,619,620,636,644,653,655,663,682,685],[581,642],[652,673],[637,496,584,601,629,639,641,678,679],[394,676],[34],[107],[173],[427],[480],[556],[558],[563],[573],[574],[575],[576],[577],[579],[580],[582],[583],[586],[587],[588],[589],[590],[592],[593],[594],[595],[596],[598],[599],[603],[605],[609],[610],[611],[612],[615],[616],[621],[622],[623],[625],[626],[628],[630],[631],[632],[633],[634],[635],[640],[645],[646],[647],[648],[649],[650],[654],[656],[657],[660],[662],[664],[665],[666],[667],[670],[671],[672],[675],[677],[680],[681],[684]]","[[376,348,363,370,373,374,378,391,395,412,423,428,431,436,438,461,465,475,483,492,500,506,513,514,515,524,542,544,553,556,559,561,566,567,591,604,606,614,651,669,683],[592,573,575,588,605,612,616,617,618,619,620,625,636,653,654,677,685],[637,496,584,601,629,639,678],[422,593,596,597,631,644,663,680,682],[626,609,630],[645],[34],[107],[173],[394],[427],[434],[480],[558],[563],[574],[576],[577],[578],[580],[581],[582],[583],[586],[587],[589],[590],[594],[595],[598],[599],[600],[603],[610],[611],[615],[621],[622],[623],[627],[628],[632],[633],[634],[635],[640],[641],[642],[643],[646],[647],[648],[649],[650],[652],[655],[656],[657],[658],[659],[660],[661],[662],[664],[665],[666],[667],[670],[671],[672],[673],[675],[676],[679],[681],[684],[579],[400]]"
414,150,23,1024,1209.48,797.0,739.0,0.15,930,1100.77,670.0,636.0000000000027,True,102,40,8,5,0.002495,True,19.660679801348344,40.0,64,81,0.4,0.4,2,inf,80.252725,0.002798,80.255523,True,104,36,8,5,0.00257,True,16.89706364670589,34.0,64,99,0.4,0.4,2,inf,89.79962,0.002648,89.802268,"[[376,348,363,370,373,374,378,391,395,400,412,423,428,431,434,436,438,461,465,475,483,492,500,506,513,514,515,524,542,544,553,559,561,566,567,591,604,606,614,651,669,683],[578,627,658,659],[600,643,661],[422,597,617,618,619,620,636,644,653,655,663,682,685],[581,642],[652,673],[637,496,584,601,629,639,641,678,679],[394,676],[34],[107],[173],[427],[480],[556],[558],[563],[573],[574],[575],[576],[577],[579],[580],[582],[583],[586],[587],[588],[589],[590],[592],[593],[594],[595],[596],[598],[599],[603],[605],[609],[610],[611],[612],[615],[616],[621],[622],[623],[625],[626],[628],[630],[631],[632],[633],[634],[635],[640],[645],[646],[647],[648],[649],[650],[654],[656],[657],[660],[662],[664],[665],[666],[667],[670],[671],[672],[675],[677],[680],[681],[684]]","[[376,348,363,370,373,378,391,395,400,412,423,428,431,436,438,461,465,475,483,492,500,506,513,515,524,542,544,553,559,561,566,567,591,604,606,614,669,683],[422,617,620,636,644,685],[496,580,637],[666,579,592,609],[563,374],[651,645],[654,653,680],[34],[107],[173],[394],[427],[434],[480],[514],[556],[558],[573],[574],[575],[576],[577],[578],[581],[582],[583],[584],[586],[587],[588],[589],[590],[593],[594],[595],[596],[597],[598],[599],[600],[601],[603],[605],[610],[611],[612],[615],[616],[618],[619],[621],[622],[623],[625],[626],[627],[628],[629],[630],[631],[632],[633],[634],[635],[639],[640],[641],[642],[643],[646],[647],[648],[649],[650],[652],[655],[656],[657],[658],[659],[660],[661],[662],[663],[664],[665],[667],[670],[671],[672],[673],[675],[676],[677],[678],[679],[681],[682],[684]]"
414,150,24,1024,1209.48,797.0,739.0,0.15,909,1069.31,670.0,619.0,True,102,40,8,5,0.002495,True,19.660679801348344,40.0,64,81,0.4,0.4,2,inf,80.252725,0.002798,80.255523,True,106,34,8,5,0.002216,True,16.776277616212422,34.0,97,92,0.4,0.4,2,inf,87.466664,0.002687,87.469351,"[[376,348,363,370,373,374,378,391,395,400,412,423,428,431,434,436,438,461,465,475,483,492,500,506,513,514,515,524,542,544,553,559,561,566,567,591,604,606,614,651,669,683],[578,627,658,659],[600,643,661],[422,597,617,618,619,620,636,644,653,655,663,682,685],[581,642],[652,673],[637,496,584,601,629,639,641,678,679],[394,676],[34],[107],[173],[427],[480],[556],[558],[563],[573],[574],[575],[576],[577],[579],[580],[582],[583],[586],[587],[588],[589],[590],[592],[593],[594],[595],[596],[598],[599],[603],[605],[609],[610],[611],[612],[615],[616],[621],[622],[623],[625],[626],[628],[630],[631],[632],[633],[634],[635],[640],[645],[646],[647],[648],[649],[650],[654],[656],[657],[660],[662],[664],[665],[666],[667],[670],[671],[672],[675],[677],[680],[681],[684]]","[[376,348,370,373,374,378,391,395,400,412,423,428,431,434,436,438,461,465,475,483,492,500,506,513,514,515,524,542,544,553,559,561,566,567,591,604,614,651,669,683],[422,596,597,609,617,618,619,620,631,636,644,653,655,657,663,680,682,685],[580,641],[496,637],[630],[34],[107],[173],[363],[394],[427],[480],[558],[563],[573],[574],[575],[576],[577],[578],[579],[581],[582],[583],[584],[586],[587],[588],[589],[590],[592],[593],[594],[595],[598],[599],[600],[601],[603],[605],[606],[610],[611],[612],[615],[616],[621],[622],[623],[625],[626],[627],[628],[629],[632],[633],[634],[635],[639],[640],[642],[643],[645],[646],[647],[648],[649],[650],[652],[654],[656],[658],[659],[660],[661],[662],[664],[665],[666],[667],[670],[671],[672],[673],[675],[676],[677],[678],[679],[681],[684],[556]]"
414,150,25,1024,1209.48,797.0,739.0,0.15,882,1085.14,670.0,617.0,True,102,40,8,5,0.002495,True,19.660679801348344,40.0,64,81,0.4,0.4,2,inf,80.252725,0.002798,80.255523,True,105,37,8,5,0.002333,True,16.834316257728293,35.0,64,86,0.4,0.4,2,inf,119.508097,0.002577,119.510674,"[[376,348,363,370,373,374,378,391,395,400,412,423,428,431,434,436,438,461,465,475,483,492,500,506,513,514,515,524,542,544,553,559,561,566,567,591,604,606,614,651,669,683],[578,627,658,659],[600,643,661],[422,597,617,618,619,620,636,644,653,655,663,682,685],[581,642],[652,673],[637,496,584,601,629,639,641,678,679],[394,676],[34],[107],[173],[427],[480],[556],[558],[563],[573],[574],[575],[576],[577],[579],[580],[582],[583],[586],[587],[588],[589],[590],[592],[593],[594],[595],[596],[598],[599],[603],[605],[609],[610],[611],[612],[615],[616],[621],[622],[623],[625],[626],[628],[630],[631],[632],[633],[634],[635],[640],[645],[646],[647],[648],[649],[650],[654],[656],[657],[660],[662],[664],[665],[666],[667],[670],[671],[672],[675],[677],[680],[681],[684]]","[[376,348,363,370,373,378,391,395,400,412,423,428,431,436,438,461,465,475,483,492,496,500,506,513,514,515,524,542,544,553,559,561,566,567,591,606,614,651,669,683],[579,597,609,611,617,619,620,636,644,653,654,666,680,685],[637,584,601,629,639,641,678,679],[374,556],[422,593,596],[604,434,645],[592],[34],[107],[173],[394],[427],[480],[558],[563],[573],[574],[575],[576],[577],[578],[580],[581],[582],[583],[586],[587],[588],[589],[590],[594],[595],[598],[599],[600],[603],[605],[610],[612],[615],[616],[618],[621],[622],[623],[625],[626],[627],[628],[630],[631],[632],[633],[634],[635],[640],[642],[643],[646],[647],[648],[649],[650],[652],[655],[656],[657],[658],[659],[660],[661],[662],[663],[664],[665],[667],[670],[671],[672],[673],[675],[676],[677],[681],[682],[684]]"
414,150,26,1024,1209.48,797.0,739.0,0.15,874,1091.57,670.0,615.0000000000064,True,102,40,8,5,0.002495,True,19.660679801348344,40.0,64,81,0.4,0.4,2,inf,80.252725,0.002798,80.255523,True,106,34,8,5,0.00241,True,16.613243007793503,32.0,52,103,0.4,0.4,2,inf,112.626492,0.002675,112.629167,"[[376,348,363,370,373,374,378,391,395,400,412,423,428,431,434,436,438,461,465,475,483,492,500,506,513,514,515,524,542,544,553,559,561,566,567,591,604,606,614,651,669,683],[578,627,658,659],[600,643,661],[422,597,617,618,619,620,636,644,653,655,663,682,685],[581,642],[652,673],[637,496,584,601,629,639,641,678,679],[394,676],[34],[107],[173],[427],[480],[556],[558],[563],[573],[574],[575],[576],[577],[579],[580],[582],[583],[586],[587],[588],[589],[590],[592],[593],[594],[595],[596],[598],[599],[603],[605],[609],[610],[611],[612],[615],[616],[621],[622],[623],[625],[626],[628],[630],[631],[632],[633],[634],[635],[640],[645],[646],[647],[648],[649],[650],[654],[656],[657],[660],[662],[664],[665],[666],[667],[670],[671],[672],[675],[677],[680],[681],[684]]","[[376,348,363,370,373,374,378,391,395,400,412,423,428,436,438,461,465,475,483,492,500,506,513,514,524,542,544,553,556,559,561,563,567,591,604,606,614,651,669],[645,634,683],[637,496,601,629,641,678],[666,579,630],[515],[566],[580],[34],[107],[173],[394],[422],[427],[434],[480],[558],[573],[574],[575],[576],[577],[578],[581],[582],[583],[584],[586],[587],[588],[589],[590],[592],[593],[594],[595],[596],[597],[598],[599],[600],[603],[605],[609],[610],[611],[612],[615],[616],[617],[618],[619],[620],[621],[622],[623],[625],[626],[627],[628],[631],[632],[633],[635],[636],[639],[640],[642],[643],[644],[646],[647],[648],[649],[650],[652],[653],[654],[655],[656],[657],[658],[659],[660],[661],[662],[663],[664],[665],[667],[670],[671],[672],[673],[675],[676],[677],[679],[680],[681],[682],[684],[685],[431]]"
414,150,27,1024,1209.48,797.0,739.0,0.15,868,1093.35,670.0,635.0000000000018,True,102,40,8,5,0.002495,True,19.660679801348344,40.0,64,81,0.4,0.4,2,inf,80.252725,0.002798,80.255523,True,104,33,8,5,0.002372,True,17.215034942629078,33.0,64,101,0.4,0.4,2,inf,102.266993,0.002625,102.269618,"[[376,348,363,370,373,374,378,391,395,400,412,423,428,431,434,436,438,461,465,475,483,492,500,506,513,514,515,524,542,544,553,559,561,566,567,591,604,606,614,651,669,683],[578,627,658,659],[600,643,661],[422,597,617,618,619,620,636,644,653,655,663,682,685],[581,642],[652,673],[637,496,584,601,629,639,641,678,679],[394,676],[34],[107],[173],[427],[480],[556],[558],[563],[573],[574],[575],[576],[577],[579],[580],[582],[583],[586],[587],[588],[589],[590],[592],[593],[594],[595],[596],[598],[599],[603],[605],[609],[610],[611],[612],[615],[616],[621],[622],[623],[625],[626],[628],[630],[631],[632],[633],[634],[635],[640],[645],[646],[647],[648],[649],[650],[654],[656],[657],[660],[662],[664],[665],[666],[667],[670],[671],[672],[675],[677],[680],[681],[684]]","[[428,348,370,373,376,378,391,395,400,412,423,431,434,436,438,461,465,475,483,492,500,506,513,514,524,542,544,553,559,561,563,567,591,604,614,651,669,683],[374,363,515,566],[641,496,580,637],[579,597,617,619,644,685],[634,645],[34],[107],[173],[394],[422],[427],[480],[556],[558],[573],[574],[575],[576],[577],[578],[581],[582],[583],[584],[586],[587],[588],[589],[590],[592],[593],[594],[595],[596],[598],[599],[600],[601],[603],[605],[606],[609],[610],[611],[612],[615],[616],[618],[620],[621],[622],[623],[625],[626],[627],[628],[629],[630],[631],[632],[633],[635],[636],[639],[640],[642],[643],[646],[647],[648],[649],[650],[652],[653],[654],[655],[656],[657],[658],[659],[660],[661],[662],[663],[664],[665],[666],[667],[670],[671],[672],[673],[675],[676],[677],[678],[679],[680],[681],[682],[684]]"
414,150,28,1024,1209.48,797.0,739.0,0.15,916,1091.78,670.0,620.4999999999927,True,102,40,8,5,0.002495,True,19.660679801348344,40.0,64,81,0.4,0.4,2,inf,80.252725,0.002798,80.255523,True,105,35,8,5,0.00226,True,16.924120316704244,31.0,64,91,0.4,0.4,2,inf,109.968466,0.002619,109.971085,"[[376,348,363,370,373,374,378,391,395,400,412,423,428,431,434,436,438,461,465,475,483,492,500,506,513,514,515,524,542,544,553,559,561,566,567,591,604,606,614,651,669,683],[578,627,658,659],[600,643,661],[422,597,617,618,619,620,636,644,653,655,663,682,685],[581,642],[652,673],[637,496,584,601,629,639,641,678,679],[394,676],[34],[107],[173],[427],[480],[556],[558],[563],[573],[574],[575],[576],[577],[579],[580],[582],[583],[586],[587],[588],[589],[590],[592],[593],[594],[595],[596],[598],[599],[603],[605],[609],[610],[611],[612],[615],[616],[621],[622],[623],[625],[626],[628],[630],[631],[632],[633],[634],[635],[640],[645],[646],[647],[648],[649],[650],[654],[656],[657],[660],[662],[664],[665],[666],[667],[670],[671],[672],[675],[677],[680],[681],[684]]","[[376,348,363,370,373,378,391,395,400,412,423,428,431,436,438,461,465,475,483,492,500,506,513,514,515,524,542,544,553,559,561,566,567,591,604,606,614,651,669,683],[422,597,617,618,620,636,644,653,655,663,680,682,685],[619,579,592,609,630],[434,563],[496,580,637,641],[664],[34],[107],[173],[374],[394],[427],[480],[556],[558],[573],[574],[575],[576],[577],[578],[581],[582],[583],[584],[586],[587],[588],[589],[590],[593],[594],[595],[596],[598],[599],[600],[601],[603],[605],[610],[611],[612],[615],[616],[621],[622],[623],[625],[626],[627],[628],[629],[631],[632],[633],[634],[635],[639],[640],[642],[643],[645],[646],[647],[648],[649],[650],[652],[654],[656],[657],[658],[659],[660],[661],[662],[665],[666],[667],[670],[671],[672],[673],[675],[676],[677],[678],[679],[681],[684]]"
414,150,29,1024,1209.48,797.0,739.0,0.15,878,1108.35,670.0,642.5000000000045,True,102,40,8,5,0.002495,True,19.660679801348344,40.0,64,81,0.4,0.4,2,inf,80.252725,0.002798,80.255523,True,104,36,8,5,0.002511,True,17.234517260861423,34.0,97,72,0.4,0.4,2,inf,121.610136,0.00275,121.612886,"[[376,348,363,370,373,374,378,391,395,400,412,423,428,431,434,436,438,461,465,475,483,492,500,506,513,514,515,524,542,544,553,559,561,566,567,591,604,606,614,651,669,683],[578,627,658,659],[600,643,661],[422,597,617,618,619,620,636,644,653,655,663,682,685],[581,642],[652,673],[637,496,584,601,629,639,641,678,679],[394,676],[34],[107],[173],[427],[480],[556],[558],[563],[573],[574],[575],[576],[577],[579],[580],[582],[583],[586],[587],[588],[589],[590],[592],[593],[594],[595],[596],[598],[599],[603],[605],[609],[610],[611],[612],[615],[616],[621],[622],[623],[625],[626],[628],[630],[631],[632],[633],[634],[635],[640],[645],[646],[647],[648],[649],[650],[654],[656],[657],[660],[662],[664],[665],[666],[667],[670],[671],[672],[675],[677],[680],[681],[684]]","[[376,348,363,370,373,374,378,391,395,400,412,423,428,431,434,436,438,461,465,475,483,492,500,506,513,514,515,524,542,544,553,559,561,566,567,580,591,604,606,614,669,683],[637,496,584,601,629,639,641,679],[592,575,597,598,605,612,617,618,619,625,626,636,655,664,666,682,684,685],[563,427,480,594,634],[645,586,587,646,651],[556,394,652,673,676],[579,609],[630],[34],[107],[173],[422],[558],[573],[574],[576],[577],[578],[581],[582],[583],[588],[589],[590],[593],[595],[596],[599],[600],[603],[610],[611],[615],[616],[620],[621],[622],[623],[627],[628],[631],[632],[633],[635],[640],[642],[643],[644],[647],[648],[649],[650],[653],[654],[656],[657],[658],[659],[660],[661],[662],[663],[665],[667],[670],[671],[672],[675],[677],[678],[680],[681]]"
414,150,30,1024,1209.48,797.0,739.0,0.15,910,1098.6,670.0,630.9999999999964,True,102,40,8,5,0.002495,True,19.660679801348344,40.0,64,81,0.4,0.4,2,inf,80.252725,0.002798,80.255523,True,107,38,8,5,0.002547,True,16.74104043274792,29.0,15,89,0.4,0.4,2,inf,103.974299,0.002607,103.976906,"[[376,348,363,370,373,374,378,391,395,400,412,423,428,431,434,436,438,461,465,475,483,492,500,506,513,514,515,524,542,544,553,559,561,566,567,591,604,606,614,651,669,683],[578,627,658,659],[600,643,661],[422,597,617,618,619,620,636,644,653,655,663,682,685],[581,642],[652,673],[637,496,584,601,629,639,641,678,679],[394,676],[34],[107],[173],[427],[480],[556],[558],[563],[573],[574],[575],[576],[577],[579],[580],[582],[583],[586],[587],[588],[589],[590],[592],[593],[594],[595],[596],[598],[599],[603],[605],[609],[610],[611],[612],[615],[616],[621],[622],[623],[625],[626],[628],[630],[631],[632],[633],[634],[635],[640],[645],[646],[647],[648],[649],[650],[654],[656],[657],[660],[662],[664],[665],[666],[667],[670],[671],[672],[675],[677],[680],[681],[684]]","[[376,348,363,370,373,378,391,395,400,412,423,428,431,434,436,438,461,465,475,483,492,496,500,506,513,514,515,524,542,544,553,559,561,566,567,580,591,606,614,651,669,683],[592,573,579,597,617,619,620,626,630,633,636,644,653,654,655,664,680,682,685],[422,596,663],[609],[34],[107],[173],[374],[394],[427],[480],[556],[558],[563],[574],[575],[576],[577],[578],[581],[582],[583],[584],[586],[587],[588],[589],[590],[593],[594],[595],[598],[599],[600],[601],[603],[604],[605],[610],[611],[612],[615],[616],[618],[621],[622],[623],[625],[627],[628],[629],[631],[632],[634],[635],[637],[639],[640],[641],[642],[643],[645],[646],[647],[648],[649],[650],[652],[656],[657],[658],[659],[660],[661],[662],[665],[666],[667],[670],[671],[672],[673],[675],[676],[677],[678],[679],[681],[684]]"
414,150,1,1024,1209.48,797.0,739.0,0.25,899,1003.7,591.0,566.7499999999973,True,102,40,8,5,0.002495,True,19.660679801348344,40.0,64,81,0.4,0.4,2,inf,80.252725,0.002798,80.255523,True,150,40,8,5,0.002455,True,14.770285181549871,29.0,9,85,0.4,0.4,2,inf,114.185931,0.002781,114.188712,"[[376,348,363,370,373,374,378,391,395,400,412,423,428,431,434,436,438,461,465,475,483,492,500,506,513,514,515,524,542,544,553,559,561,566,567,591,604,606,614,651,669,683],[578,627,658,659],[600,643,661],[422,597,617,618,619,620,636,644,653,655,663,682,685],[581,642],[652,673],[637,496,584,601,629,639,641,678,679],[394,676],[34],[107],[173],[427],[480],[556],[558],[563],[573],[574],[575],[576],[577],[579],[580],[582],[583],[586],[587],[588],[589],[590],[592],[593],[594],[595],[596],[598],[599],[603],[605],[609],[610],[611],[612],[615],[616],[621],[622],[623],[625],[626],[628],[630],[631],[632],[633],[634],[635],[640],[645],[646],[647],[648],[649],[650],[654],[656],[657],[660],[662],[664],[665],[666],[667],[670],[671],[672],[675],[677],[680],[681],[684]]","[[348,363,370,373,374,376,391,395,400,412,423,428,434,436,438,461,465,475,483,492,500,506,513,514,515,524,542,553,559,561,566,567,591],[579,422,573,575,592,603,609,617,619,620,630,633,653,663,664,680,684,685],[637,584,601,629,639,678,679],[654,597,598,625,644],[614,378,431,669,683],[604,645,651],[34],[107],[173],[394],[427],[480],[496],[556],[558],[563],[574],[576],[577],[578],[580],[581],[582],[583],[586],[587],[588],[589],[590],[593],[594],[595],[599],[600],[605],[606],[610],[611],[612],[615],[616],[618],[621],[622],[623],[626],[627],[628],[631],[632],[634],[635],[636],[640],[641],[642],[643],[646],[647],[648],[649],[650],[652],[655],[656],[657],[658],[659],[660],[661],[662],[665],[666],[667],[670],[671],[672],[673],[675],[676],[677],[681],[682],[544],[596]]"
414,150,2,1024,1209.48,797.0,739.0,0.25,873,1002.1,591.0,558.5,True,102,40,8,5,0.002495,True,19.660679801348344,40.0,64,81,0.4,0.4,2,inf,80.252725,0.002798,80.255523,True,115,34,8,5,0.002517,True,14.713803409914,29.0,52,87,0.4,0.4,2,inf,90.055215,0.002614,90.057829,"[[376,348,363,370,373,374,378,391,395,400,412,423,428,431,434,436,438,461,465,475,483,492,500,506,513,514,515,524,542,544,553,559,561,566,567,591,604,606,614,651,669,683],[578,627,658,659],[600,643,661],[422,597,617,618,619,620,636,644,653,655,663,682,685],[581,642],[652,673],[637,496,584,601,629,639,641,678,679],[394,676],[34],[107],[173],[427],[480],[556],[558],[563],[573],[574],[575],[576],[577],[579],[580],[582],[583],[586],[587],[588],[589],[590],[592],[593],[594],[595],[596],[598],[599],[603],[605],[609],[610],[611],[612],[615],[616],[621],[622],[623],[625],[626],[628],[630],[631],[632],[633],[634],[635],[640],[645],[646],[647],[648],[649],[650],[654],[656],[657],[660],[662],[664],[665],[666],[667],[670],[671],[672],[675],[677],[680],[681],[684]]","[[373,348,363,370,374,376,378,391,395,400,412,423,428,431,434,436,438,461,465,475,483,492,500,506,513,514,515,524,542,553,559,561,566,567,591,604,651,669],[630,575,597,598,605,609,612,616,617,620,626,631,636,644,653,655,657,663,664,666,672,682,684,685],[563,544,645],[496,637],[579],[683],[34],[107],[173],[394],[422],[427],[480],[556],[558],[573],[574],[576],[577],[578],[580],[581],[582],[583],[584],[586],[587],[588],[589],[590],[592],[593],[594],[595],[596],[599],[600],[601],[603],[606],[610],[611],[614],[615],[618],[619],[621],[622],[623],[625],[627],[628],[629],[632],[633],[634],[635],[639],[640],[641],[642],[643],[646],[647],[648],[649],[650],[652],[654],[656],[658],[659],[660],[661],[662],[665],[667],[670],[671],[673],[675],[676],[677],[678],[679],[680],[681]]"
414,150,3,1024,1209.48,797.0,739.0,0.25,835,974.92,591.0,544.9999999999991,True,102,40,8,5,0.002495,True,19.660679801348344,40.0,64,81,0.4,0.4,2,inf,80.252725,0.002798,80.255523,True,150,40,8,5,0.002264,True,14.134873948892691,24.0,15,73,0.4,0.4,2,inf,160.048859,0.002783,160.051642,"[[376,348,363,370,373,374,378,391,395,400,412,423,428,431,434,436,438,461,465,475,483,492,500,506,513,514,515,524,542,544,553,559,561,566,567,591,604,606,614,651,669,683],[578,627,658,659],[600,643,661],[422,597,617,618,619,620,636,644,653,655,663,682,685],[581,642],[652,673],[637,496,584,601,629,639,641,678,679],[394,676],[34],[107],[173],[427],[480],[556],[558],[563],[573],[574],[575],[576],[577],[579],[580],[582],[583],[586],[587],[588],[589],[590],[592],[593],[594],[595],[596],[598],[599],[603],[605],[609],[610],[611],[612],[615],[616],[621],[622],[623],[625],[626],[628],[630],[631],[632],[633],[634],[635],[640],[645],[646],[647],[648],[649],[650],[654],[656],[657],[660],[662],[664],[665],[666],[667],[670],[671],[672],[675],[677],[680],[681],[684]]","[[373,348,370,376,378,391,395,400,412,423,428,431,436,438,461,465,475,483,492,500,506,513,515,524,542,544,553,559,561,566,567,591,669,683],[579,573,589,592,597,603,609,617,619,620,625,636,653,663,666,680,685],[630,574,584,596,605,612,616,618,626,631,644,655,657,664,672,682,684],[496,514,580,641],[678,637,639,679],[563,427,434,594,634],[654,422,588],[34],[107],[173],[363],[374],[394],[480],[556],[558],[575],[576],[577],[578],[581],[582],[583],[586],[587],[590],[593],[595],[598],[599],[600],[601],[604],[606],[610],[611],[614],[615],[621],[622],[623],[627],[628],[629],[632],[633],[635],[640],[642],[643],[645],[646],[647],[648],[649],[650],[651],[652],[656],[658],[659],[660],[661],[662],[665],[667],[670],[671],[673],[675],[676],[677],[681]]"
414,150,4,1024,1209.48,797.0,739.0,0.25,880,991.65,591.0,547.0,True,102,40,8,5,0.002495,True,19.660679801348344,40.0,64,81,0.4,0.4,2,inf,80.252725,0.002798,80.255523,True,123,32,8,5,0.002134,True,15.093574204214303,30.0,97,103,0.4,0.4,2,inf,106.620183,0.002621,106.622804,"[[376,348,363,370,373,374,378,391,395,400,412,423,428,431,434,436,438,461,465,475,483,492,500,506,513,514,515,524,542,544,553,559,561,566,567,591,604,606,614,651,669,683],[578,627,658,659],[600,643,661],[422,597,617,618,619,620,636,644,653,655,663,682,685],[581,642],[652,673],[637,496,584,601,629,639,641,678,679],[394,676],[34],[107],[173],[427],[480],[556],[558],[563],[573],[574],[575],[576],[577],[579],[580],[582],[583],[586],[587],[588],[589],[590],[592],[593],[594],[595],[596],[598],[599],[603],[605],[609],[610],[611],[612],[615],[616],[621],[622],[623],[625],[626],[628],[630],[631],[632],[633],[634],[635],[640],[645],[646],[647],[648],[649],[650],[654],[656],[657],[660],[662],[664],[665],[666],[667],[670],[671],[672],[675],[677],[680],[681],[684]]","[[376,348,370,373,374,378,391,395,400,412,423,428,431,434,436,438,461,465,475,483,492,500,506,513,514,515,524,544,553,559,561,566,567,591,606,669,683],[580,363,542],[651,634,645],[422,597,619,620,636,644,663,682],[614],[34],[107],[173],[394],[427],[480],[496],[556],[558],[563],[573],[574],[575],[576],[577],[578],[579],[581],[582],[583],[584],[586],[587],[588],[589],[590],[592],[593],[594],[595],[596],[598],[599],[600],[601],[603],[605],[609],[610],[611],[612],[615],[616],[617],[618],[621],[622],[623],[625],[626],[627],[628],[629],[630],[631],[632],[633],[635],[637],[639],[640],[641],[642],[643],[646],[647],[648],[649],[650],[652],[653],[654],[655],[656],[657],[658],[659],[660],[661],[662],[664],[665],[666],[667],[670],[671],[672],[673],[675],[676],[677],[678],[679],[680],[681],[684],[685],[604]]"
414,150,5,1024,1209.48,797.0,739.0,0.25,823,984.37,591.0,546.5,True,102,40,8,5,0.002495,True,19.660679801348344,40.0,64,81,0.4,0.4,2,inf,80.252725,0.002798,80.255523,True,112,30,8,5,0.002309,True,14.817947033501039,30.0,52,102,0.4,0.4,2,inf,101.332421,0.002776,101.335197,"[[376,348,363,370,373,374,378,391,395,400,412,423,428,431,434,436,438,461,465,475,483,492,500,506,513,514,515,524,542,544,553,559,561,566,567,591,604,606,614,651,669,683],[578,627,658,659],[600,643,661],[422,597,617,618,619,620,636,644,653,655,663,682,685],[581,642],[652,673],[637,496,584,601,629,639,641,678,679],[394,676],[34],[107],[173],[427],[480],[556],[558],[563],[573],[574],[575],[576],[577],[579],[580],[582],[583],[586],[587],[588],[589],[590],[592],[593],[594],[595],[596],[598],[599],[603],[605],[609],[610],[611],[612],[615],[616],[621],[622],[623],[625],[626],[628],[630],[631],[632],[633],[634],[635],[640],[645],[646],[647],[648],[649],[650],[654],[656],[657],[660],[662],[664],[665],[666],[667],[670],[671],[672],[675],[677],[680],[681],[684]]","[[376,348,363,370,373,374,378,395,400,412,423,428,431,436,438,461,465,475,483,492,500,506,513,515,524,542,544,553,559,561,566,567,591,604,606,614,651,669,683],[496,434,580],[634,563,645],[637,584,629,639,641,678,679],[34],[107],[173],[394],[422],[427],[480],[514],[556],[558],[573],[574],[575],[576],[577],[578],[579],[581],[582],[583],[586],[587],[588],[589],[590],[592],[593],[594],[595],[596],[597],[598],[599],[600],[601],[603],[605],[609],[610],[611],[612],[615],[616],[617],[618],[619],[620],[621],[622],[623],[625],[626],[627],[628],[630],[631],[632],[633],[635],[636],[640],[642],[643],[644],[646],[647],[648],[649],[650],[652],[653],[654],[655],[656],[657],[658],[659],[660],[661],[662],[663],[664],[665],[666],[667],[670],[671],[672],[673],[675],[676],[677],[680],[681],[682],[684],[685],[391]]"
414,150,6,1024,1209.48,797.0,739.0,0.25,879,1018.58,591.0,562.0000000000009,True,102,40,8,5,0.002495,True,19.660679801348344,40.0,64,81,0.4,0.4,2,inf,80.252725,0.002798,80.255523,True,113,30,8,5,0.002342,True,15.364847684699132,27.0,75,90,0.4,0.4,2,inf,127.364887,0.002663,127.36755,"[[376,348,363,370,373,374,378,391,395,400,412,423,428,431,434,436,438,461,465,475,483,492,500,506,513,514,515,524,542,544,553,559,561,566,567,591,604,606,614,651,669,683],[578,627,658,659],[600,643,661],[422,597,617,618,619,620,636,644,653,655,663,682,685],[581,642],[652,673],[637,496,584,601,629,639,641,678,679],[394,676],[34],[107],[173],[427],[480],[556],[558],[563],[573],[574],[575],[576],[577],[579],[580],[582],[583],[586],[587],[588],[589],[590],[592],[593],[594],[595],[596],[598],[599],[603],[605],[609],[610],[611],[612],[615],[616],[621],[622],[623],[625],[626],[628],[630],[631],[632],[633],[634],[635],[640],[645],[646],[647],[648],[649],[650],[654],[656],[657],[660],[662],[664],[665],[666],[667],[670],[671],[672],[675],[677],[680],[681],[684]]","[[376,348,363,370,373,378,391,395,400,412,423,428,431,436,438,465,475,483,492,500,506,513,524,542,544,553,556,559,561,563,566,567,591,606,614,651,669,683],[422,592,596,597,601,609,617,619,620,631,636,644,653,654,655,657,663,680,682,685],[580,496,641],[604,434],[461,374],[34],[107],[173],[394],[427],[480],[514],[515],[558],[573],[574],[575],[576],[577],[578],[579],[581],[582],[583],[584],[586],[587],[588],[589],[590],[593],[594],[595],[598],[599],[600],[603],[605],[610],[611],[612],[615],[616],[618],[621],[622],[623],[625],[626],[627],[628],[629],[630],[632],[633],[634],[635],[637],[639],[640],[642],[643],[645],[646],[647],[648],[649],[650],[652],[656],[658],[659],[660],[661],[662],[664],[665],[666],[667],[670],[671],[672],[673],[675],[676],[677],[678],[679],[681],[684]]"
414,150,7,1024,1209.48,797.0,739.0,0.25,835,1004.32,591.0,556.5,True,102,40,8,5,0.002495,True,19.660679801348344,40.0,64,81,0.4,0.4,2,inf,80.252725,0.002798,80.255523,True,110,34,8,5,0.002355,True,15.522160909176545,28.0,97,90,0.4,0.4,2,inf,129.757469,0.002729,129.760198,"[[376,348,363,370,373,374,378,391,395,400,412,423,428,431,434,436,438,461,465,475,483,492,500,506,513,514,515,524,542,544,553,559,561,566,567,591,604,606,614,651,669,683],[578,627,658,659],[600,643,661],[422,597,617,618,619,620,636,644,653,655,663,682,685],[581,642],[652,673],[637,496,584,601,629,639,641,678,679],[394,676],[34],[107],[173],[427],[480],[556],[558],[563],[573],[574],[575],[576],[577],[579],[580],[582],[583],[586],[587],[588],[589],[590],[592],[593],[594],[595],[596],[598],[599],[603],[605],[609],[610],[611],[612],[615],[616],[621],[622],[623],[625],[626],[628],[630],[631],[632],[633],[634],[635],[640],[645],[646],[647],[648],[649],[650],[654],[656],[657],[660],[662],[664],[665],[666],[667],[670],[671],[672],[675],[677],[680],[681],[684]]","[[348,370,373,374,376,378,391,394,395,400,412,423,428,431,434,436,438,461,465,475,483,492,496,500,506,513,514,515,524,542,544,553,559,561,566,567,591,669],[579,574,589,592,609,616,617,619,620,625,636,644,653,680,685],[556,614,683],[651,604,645],[363,580,637],[597,422,630,654],[563],[34],[107],[173],[427],[480],[558],[573],[575],[576],[577],[578],[581],[582],[583],[584],[586],[587],[588],[590],[593],[594],[595],[596],[598],[599],[600],[601],[603],[605],[606],[610],[611],[612],[615],[618],[621],[622],[623],[626],[627],[628],[629],[631],[632],[633],[634],[635],[639],[640],[641],[642],[643],[646],[647],[648],[649],[650],[652],[655],[656],[657],[658],[659],[660],[661],[662],[663],[664],[665],[666],[667],[670],[671],[672],[673],[675],[676],[677],[678],[679],[681],[682],[684]]"
414,150,8,1024,1209.48,797.0,739.0,0.25,900,1009.71,591.0,575.0000000000055,True,102,40,8,5,0.002495,True,19.660679801348344,40.0,64,81,0.4,0.4,2,inf,80.252725,0.002798,80.255523,True,118,35,8,5,0.00228,True,15.45377346900432,29.0,64,87,0.4,0.4,2,inf,137.452745,0.002681,137.455426,"[[376,348,363,370,373,374,378,391,395,400,412,423,428,431,434,436,438,461,465,475,483,492,500,506,513,514,515,524,542,544,553,559,561,566,567,591,604,606,614,651,669,683],[578,627,658,659],[600,643,661],[422,597,617,618,619,620,636,644,653,655,663,682,685],[581,642],[652,673],[637,496,584,601,629,639,641,678,679],[394,676],[34],[107],[173],[427],[480],[556],[558],[563],[573],[574],[575],[576],[577],[579],[580],[582],[583],[586],[587],[588],[589],[590],[592],[593],[594],[595],[596],[598],[599],[603],[605],[609],[610],[611],[612],[615],[616],[621],[622],[623],[625],[626],[628],[630],[631],[632],[633],[634],[635],[640],[645],[646],[647],[648],[649],[650],[654],[656],[657],[660],[662],[664],[665],[666],[667],[670],[671],[672],[675],[677],[680],[681],[684]]","[[376,348,363,370,373,378,391,395,400,412,423,428,431,436,438,461,465,475,483,492,500,506,513,515,524,542,544,553,559,561,566,567,591,606,614,669],[654,422,573,579,597,617,619,620,623,644,677,680,685],[580,107,434,496,601,637],[592,584,609,618,621,636,653],[604,563,645],[630,655,682],[374,556],[514],[34],[173],[394],[427],[480],[558],[574],[575],[576],[577],[578],[581],[582],[583],[586],[587],[588],[589],[590],[593],[594],[595],[596],[598],[599],[600],[603],[605],[610],[611],[612],[615],[616],[622],[625],[626],[627],[628],[629],[631],[632],[633],[634],[635],[639],[640],[641],[642],[643],[646],[647],[648],[649],[650],[651],[652],[656],[657],[658],[659],[660],[661],[662],[663],[664],[665],[666],[667],[670],[671],[672],[673],[675],[676],[678],[679],[681],[683],[684]]"
414,150,9,1024,1209.48,797.0,739.0,0.25,840,974.84,591.0,536.9999999999991,True,102,40,8,5,0.002495,True,19.660679801348344,40.0,64,81,0.4,0.4,2,inf,80.252725,0.002798,80.255523,True,150,39,8,5,0.002108,True,15.354623626369605,30.0,52,107,0.4,0.4,2,inf,98.29037,0.002743,98.293113,"[[376,348,363,370,373,374,378,391,395,400,412,423,428,431,434,436,438,461,465,475,483,492,500,506,513,514,515,524,542,544,553,559,561,566,567,591,604,606,614,651,669,683],[578,627,658,659],[600,643,661],[422,597,617,618,619,620,636,644,653,655,663,682,685],[581,642],[652,673],[637,496,584,601,629,639,641,678,679],[394,676],[34],[107],[173],[427],[480],[556],[558],[563],[573],[574],[575],[576],[577],[579],[580],[582],[583],[586],[587],[588],[589],[590],[592],[593],[594],[595],[596],[598],[599],[603],[605],[609],[610],[611],[612],[615],[616],[621],[622],[623],[625],[626],[628],[630],[631],[632],[633],[634],[635],[640],[645],[646],[647],[648],[649],[650],[654],[656],[657],[660],[662],[664],[665],[666],[667],[670],[671],[672],[675],[677],[680],[681],[684]]","[[376,348,373,378,391,395,412,423,428,431,436,438,461,465,475,483,492,500,506,513,515,524,542,553,559,561,566,591,606,614,683],[637,363,400,496,580,601,604,639,641,669,679],[370,544,567],[374,563],[434],[34],[107],[173],[394],[422],[427],[480],[514],[556],[558],[573],[574],[575],[576],[577],[578],[579],[581],[582],[583],[584],[586],[587],[588],[589],[590],[592],[593],[594],[595],[596],[597],[598],[599],[600],[603],[605],[609],[610],[611],[612],[615],[616],[617],[618],[619],[620],[621],[622],[623],[625],[626],[627],[628],[629],[630],[631],[632],[633],[634],[635],[636],[640],[642],[643],[644],[645],[646],[647],[648],[649],[650],[651],[652],[653],[654],[655],[656],[657],[658],[659],[660],[661],[662],[663],[664],[665],[666],[667],[670],[671],[672],[673],[675],[676],[677],[678],[680],[681],[682],[684],[685]]"
414,150,10,1024,1209.48,797.0,739.0,0.25,855,987.44,591.0,540.5,True,102,40,8,5,0.002495,True,19.660679801348344,40.0,64,81,0.4,0.4,2,inf,80.252725,0.002798,80.255523,True,150,39,8,5,0.002205,True,14.537015669939201,29.0,64,108,0.4,0.4,2,inf,117.539229,0.002642,117.541871,"[[376,348,363,370,373,374,378,391,395,400,412,423,428,431,434,436,438,461,465,475,483,492,500,506,513,514,515,524,542,544,553,559,561,566,567,591,604,606,614,651,669,683],[578,627,658,659],[600,643,661],[422,597,617,618,619,620,636,644,653,655,663,682,685],[581,642],[652,673],[637,496,584,601,629,639,641,678,679],[394,676],[34],[107],[173],[427],[480],[556],[558],[563],[573],[574],[575],[576],[577],[579],[580],[582],[583],[586],[587],[588],[589],[590],[592],[593],[594],[595],[596],[598],[599],[603],[605],[609],[610],[611],[612],[615],[616],[621],[622],[623],[625],[626],[628],[630],[631],[632],[633],[634],[635],[640],[645],[646],[647],[648],[649],[650],[654],[656],[657],[660],[662],[664],[665],[666],[667],[670],[671],[672],[675],[677],[680],[681],[684]]","[[428,348,370,373,376,378,391,395,400,412,423,431,436,438,461,465,475,483,492,500,506,513,524,542,544,553,559,561,567,591,604,606,614,669,683],[651,645,646],[363,566,637],[619,579,592,630],[514,580],[34],[107],[173],[374],[394],[422],[427],[434],[480],[496],[515],[556],[558],[563],[573],[574],[575],[576],[577],[578],[581],[582],[583],[584],[586],[587],[588],[589],[590],[593],[594],[595],[596],[597],[598],[599],[600],[601],[603],[605],[609],[610],[611],[612],[615],[616],[617],[618],[620],[621],[622],[623],[625],[626],[627],[628],[629],[631],[632],[633],[634],[635],[636],[639],[640],[641],[642],[643],[644],[647],[648],[649],[650],[652],[653],[654],[655],[656],[657],[658],[659],[660],[661],[662],[663],[664],[665],[666],[667],[670],[671],[672],[673],[675],[676],[677],[678],[679],[680],[681],[682],[684],[685]]"
414,150,11,1024,1209.48,797.0,739.0,0.25,855,981.32,591.0,533.0000000000009,True,102,40,8,5,0.002495,True,19.660679801348344,40.0,64,81,0.4,0.4,2,inf,80.252725,0.002798,80.255523,True,121,35,8,5,0.002411,True,15.109769741386643,25.0,46,83,0.4,0.4,2,inf,119.698152,0.002779,119.700931,"[[376,348,363,370,373,374,378,391,395,400,412,423,428,431,434,436,438,461,465,475,483,492,500,506,513,514,515,524,542,544,553,559,561,566,567,591,604,606,614,651,669,683],[578,627,658,659],[600,643,661],[422,597,617,618,619,620,636,644,653,655,663,682,685],[581,642],[652,673],[637,496,584,601,629,639,641,678,679],[394,676],[34],[107],[173],[427],[480],[556],[558],[563],[573],[574],[575],[576],[577],[579],[580],[582],[583],[586],[587],[588],[589],[590],[592],[593],[594],[595],[596],[598],[599],[603],[605],[609],[610],[611],[612],[615],[616],[621],[622],[623],[625],[626],[628],[630],[631],[632],[633],[634],[635],[640],[645],[646],[647],[648],[649],[650],[654],[656],[657],[660],[662],[664],[665],[666],[667],[670],[671],[672],[675],[677],[680],[681],[684]]","[[376,348,363,370,373,374,378,391,395,400,412,423,428,431,434,436,438,461,465,475,483,492,500,506,513,514,524,542,544,553,559,561,566,567,591,604,606,614,634,645,669,683],[592,422,579,597,598,609,617,618,619,620,622,630,636,644,653,654,680,682],[637,496,515,580,584,629,641,678,679],[556,394],[575],[596],[601],[657],[34],[107],[173],[427],[480],[558],[563],[573],[574],[576],[577],[578],[581],[582],[583],[586],[587],[588],[589],[590],[593],[594],[595],[599],[600],[603],[605],[610],[611],[612],[615],[616],[621],[623],[625],[626],[627],[628],[631],[632],[633],[635],[639],[640],[642],[643],[646],[647],[648],[649],[650],[651],[652],[655],[656],[658],[659],[660],[661],[662],[663],[664],[665],[666],[667],[670],[671],[672],[673],[675],[676],[677],[681],[684],[685]]"
414,150,12,1024,1209.48,797.0,739.0,0.25,794,1002.63,591.0,555.4999999999982,True,102,40,8,5,0.002495,True,19.660679801348344,40.0,64,81,0.4,0.4,2,inf,80.252725,0.002798,80.255523,True,112,31,8,5,0.002447,True,15.461979891640796,31.0,64,104,0.4,0.4,2,inf,132.751838,0.002634,132.754472,"[[376,348,363,370,373,374,378,391,395,400,412,423,428,431,434,436,438,461,465,475,483,492,500,506,513,514,515,524,542,544,553,559,561,566,567,591,604,606,614,651,669,683],[578,627,658,659],[600,643,661],[422,597,617,618,619,620,636,644,653,655,663,682,685],[581,642],[652,673],[637,496,584,601,629,639,641,678,679],[394,676],[34],[107],[173],[427],[480],[556],[558],[563],[573],[574],[575],[576],[577],[579],[580],[582],[583],[586],[587],[588],[589],[590],[592],[593],[594],[595],[596],[598],[599],[603],[605],[609],[610],[611],[612],[615],[616],[621],[622],[623],[625],[626],[628],[630],[631],[632],[633],[634],[635],[640],[645],[646],[647],[648],[649],[650],[654],[656],[657],[660],[662],[664],[665],[666],[667],[670],[671],[672],[675],[677],[680],[681],[684]]","[[376,348,363,370,373,374,378,391,395,400,412,423,428,431,434,436,438,465,475,483,492,500,506,513,514,515,524,542,544,553,559,561,563,566,567,580,591,606,614,651,669,683],[637,496,601],[556,676],[645,604,634],[34],[107],[173],[394],[422],[427],[461],[480],[558],[573],[574],[575],[576],[577],[578],[579],[581],[582],[583],[584],[586],[587],[588],[589],[590],[592],[593],[594],[595],[596],[597],[598],[599],[600],[603],[605],[609],[610],[611],[612],[615],[616],[617],[618],[619],[620],[621],[622],[623],[625],[626],[627],[628],[629],[630],[631],[632],[633],[635],[636],[639],[640],[641],[642],[643],[644],[646],[647],[648],[649],[650],[652],[653],[654],[655],[656],[657],[658],[659],[660],[661],[662],[663],[664],[665],[666],[667],[670],[671],[672],[673],[675],[677],[678],[679],[680],[681],[682],[684],[685]]"
414,150,13,1024,1209.48,797.0,739.0,0.25,819,985.69,591.0,552.25,True,102,40,8,5,0.002495,True,19.660679801348344,40.0,64,81,0.4,0.4,2,inf,80.252725,0.002798,80.255523,True,110,31,8,5,0.002217,True,15.345398414118968,26.0,75,88,0.4,0.4,2,inf,121.526303,0.002858,121.529161,"[[376,348,363,370,373,374,378,391,395,400,412,423,428,431,434,436,438,461,465,475,483,492,500,506,513,514,515,524,542,544,553,559,561,566,567,591,604,606,614,651,669,683],[578,627,658,659],[600,643,661],[422,597,617,618,619,620,636,644,653,655,663,682,685],[581,642],[652,673],[637,496,584,601,629,639,641,678,679],[394,676],[34],[107],[173],[427],[480],[556],[558],[563],[573],[574],[575],[576],[577],[579],[580],[582],[583],[586],[587],[588],[589],[590],[592],[593],[594],[595],[596],[598],[599],[603],[605],[609],[610],[611],[612],[615],[616],[621],[622],[623],[625],[626],[628],[630],[631],[632],[633],[634],[635],[640],[645],[646],[647],[648],[649],[650],[654],[656],[657],[660],[662],[664],[665],[666],[667],[670],[671],[672],[675],[677],[680],[681],[684]]","[[376,348,363,370,373,374,378,391,395,400,412,423,428,431,436,438,461,465,475,483,492,500,506,513,514,524,542,544,553,559,561,563,567,591,606,614,651,669,683],[630,422,573,579,592,596,597,598,609,617,618,636,644,653,657,663,666,678],[654,589,620,680],[515,496,566],[556,394,676],[604],[34],[107],[173],[427],[434],[480],[558],[574],[575],[576],[577],[578],[580],[581],[582],[583],[584],[586],[587],[588],[590],[593],[594],[595],[599],[600],[601],[603],[605],[610],[611],[612],[615],[616],[621],[622],[623],[625],[626],[627],[628],[629],[631],[632],[633],[634],[635],[637],[639],[640],[641],[642],[643],[646],[647],[648],[649],[650],[652],[655],[656],[658],[659],[660],[661],[662],[664],[665],[667],[670],[671],[672],[673],[675],[677],[679],[681],[682],[684],[685],[619],[645]]"
414,150,14,1024,1209.48,797.0,739.0,0.25,851,980.61,591.0,554.5,True,102,40,8,5,0.002495,True,19.660679801348344,40.0,64,81,0.4,0.4,2,inf,80.252725,0.002798,80.255523,True,117,33,8,5,0.002304,True,15.236579872459737,27.0,64,100,0.4,0.4,2,inf,121.384545,0.002771,121.387316,"[[376,348,363,370,373,374,378,391,395,400,412,423,428,431,434,436,438,461,465,475,483,492,500,506,513,514,515,524,542,544,553,559,561,566,567,591,604,606,614,651,669,683],[578,627,658,659],[600,643,661],[422,597,617,618,619,620,636,644,653,655,663,682,685],[581,642],[652,673],[637,496,584,601,629,639,641,678,679],[394,676],[34],[107],[173],[427],[480],[556],[558],[563],[573],[574],[575],[576],[577],[579],[580],[582],[583],[586],[587],[588],[589],[590],[592],[593],[594],[595],[596],[598],[599],[603],[605],[609],[610],[611],[612],[615],[616],[621],[622],[623],[625],[626],[628],[630],[631],[632],[633],[634],[635],[640],[645],[646],[647],[648],[649],[650],[654],[656],[657],[660],[662],[664],[665],[666],[667],[670],[671],[672],[675],[677],[680],[681],[684]]","[[376,348,363,370,373,378,395,400,412,423,428,431,436,438,461,465,475,483,492,500,506,513,514,515,524,542,544,553,559,561,566,567,591,604,606,614,637,651,669],[592,573,579,597,598,617,685],[580,496,641],[609,422,630,680],[394,556],[34],[107],[173],[374],[427],[480],[558],[563],[574],[575],[576],[577],[578],[581],[582],[583],[584],[586],[587],[588],[589],[590],[593],[594],[595],[596],[599],[600],[601],[603],[605],[610],[611],[612],[615],[616],[618],[619],[620],[621],[622],[623],[625],[626],[627],[628],[629],[631],[632],[633],[634],[635],[636],[639],[640],[642],[643],[644],[645],[646],[647],[648],[649],[650],[652],[653],[654],[655],[656],[657],[658],[659],[660],[661],[662],[663],[664],[665],[666],[667],[670],[671],[672],[673],[675],[676],[677],[678],[679],[681],[682],[683],[684],[434],[391]]"
414,150,15,1024,1209.48,797.0,739.0,0.25,792,988.25,591.0,547.0000000000009,True,102,40,8,5,0.002495,True,19.660679801348344,40.0,64,81,0.4,0.4,2,inf,80.252725,0.002798,80.255523,True,112,32,8,5,0.002284,True,15.048576975909175,26.0,15,85,0.4,0.4,2,inf,101.973339,0.002633,101.975972,"[[376,348,363,370,373,374,378,391,395,400,412,423,428,431,434,436,438,461,465,475,483,492,500,506,513,514,515,524,542,544,553,559,561,566,567,591,604,606,614,651,669,683],[578,627,658,659],[600,643,661],[422,597,617,618,619,620,636,644,653,655,663,682,685],[581,642],[652,673],[637,496,584,601,629,639,641,678,679],[394,676],[34],[107],[173],[427],[480],[556],[558],[563],[573],[574],[575],[576],[577],[579],[580],[582],[583],[586],[587],[588],[589],[590],[592],[593],[594],[595],[596],[598],[599],[603],[605],[609],[610],[611],[612],[615],[616],[621],[622],[623],[625],[626],[628],[630],[631],[632],[633],[634],[635],[640],[645],[646],[647],[648],[649],[650],[654],[656],[657],[660],[662],[664],[665],[666],[667],[670],[671],[672],[675],[677],[680],[681],[684]]","[[376,348,370,373,374,378,391,395,400,412,423,428,431,436,438,461,465,475,483,492,496,500,506,513,514,524,542,544,553,556,559,561,566,567,591,669,683],[592,579,597,598,609,616,619,620,623,625,626,630,636,644,653,654,680,685],[637,584,601,629,639,641,645,678,679],[422,596],[434,563,604],[515,614],[34],[107],[173],[363],[394],[427],[480],[558],[573],[574],[575],[576],[577],[578],[580],[581],[582],[583],[586],[587],[588],[589],[590],[593],[594],[595],[599],[600],[603],[605],[606],[610],[611],[612],[615],[618],[621],[622],[627],[628],[631],[632],[633],[634],[635],[640],[642],[643],[646],[647],[648],[649],[650],[651],[652],[655],[656],[657],[658],[659],[660],[661],[662],[663],[664],[665],[666],[667],[670],[671],[672],[673],[675],[676],[677],[681],[682],[684],[617]]"
414,150,16,1024,1209.48,797.0,739.0,0.25,821,997.72,591.0,544.5,True,102,40,8,5,0.002495,True,19.660679801348344,40.0,64,81,0.4,0.4,2,inf,80.252725,0.002798,80.255523,True,114,31,8,5,0.002221,True,14.82445891273775,27.0,52,82,0.4,0.4,2,inf,121.576836,0.00274,121.579576,"[[376,348,363,370,373,374,378,391,395,400,412,423,428,431,434,436,438,461,465,475,483,492,500,506,513,514,515,524,542,544,553,559,561,566,567,591,604,606,614,651,669,683],[578,627,658,659],[600,643,661],[422,597,617,618,619,620,636,644,653,655,663,682,685],[581,642],[652,673],[637,496,584,601,629,639,641,678,679],[394,676],[34],[107],[173],[427],[480],[556],[558],[563],[573],[574],[575],[576],[577],[579],[580],[582],[583],[586],[587],[588],[589],[590],[592],[593],[594],[595],[596],[598],[599],[603],[605],[609],[610],[611],[612],[615],[616],[621],[622],[623],[625],[626],[628],[630],[631],[632],[633],[634],[635],[640],[645],[646],[647],[648],[649],[650],[654],[656],[657],[660],[662],[664],[665],[666],[667],[670],[671],[672],[675],[677],[680],[681],[684]]","[[373,348,363,370,376,378,391,395,400,412,423,428,431,436,438,461,465,475,483,492,500,506,513,514,524,542,544,553,556,559,561,566,567,591,604,614,651,669,683],[422,593,597,618,619,631,636,653,655,657,663,680,682],[592,617,644,666,672,685],[515,374,580],[654,575,620,684],[496,641],[630,584,596,678],[573,605,623],[640,578,583],[609],[34],[107],[173],[394],[427],[434],[480],[558],[563],[574],[576],[577],[579],[581],[582],[586],[587],[588],[589],[590],[594],[595],[598],[599],[600],[601],[603],[606],[610],[611],[612],[615],[616],[621],[622],[625],[626],[627],[628],[629],[632],[633],[634],[635],[637],[639],[642],[643],[645],[646],[647],[648],[649],[650],[652],[656],[658],[659],[660],[661],[662],[664],[665],[667],[670],[671],[673],[675],[676],[677],[679],[681]]"
414,150,17,1024,1209.48,797.0,739.0,0.25,828,994.85,591.0,556.5,True,102,40,8,5,0.002495,True,19.660679801348344,40.0,64,81,0.4,0.4,2,inf,80.252725,0.002798,80.255523,True,113,31,8,5,0.002427,True,15.526371773654445,30.0,52,97,0.4,0.4,2,inf,99.505941,0.002772,99.508713,"[[376,348,363,370,373,374,378,391,395,400,412,423,428,431,434,436,438,461,465,475,483,492,500,506,513,514,515,524,542,544,553,559,561,566,567,591,604,606,614,651,669,683],[578,627,658,659],[600,643,661],[422,597,617,618,619,620,636,644,653,655,663,682,685],[581,642],[652,673],[637,496,584,601,629,639,641,678,679],[394,676],[34],[107],[173],[427],[480],[556],[558],[563],[573],[574],[575],[576],[577],[579],[580],[582],[583],[586],[587],[588],[589],[590],[592],[593],[594],[595],[596],[598],[599],[603],[605],[609],[610],[611],[612],[615],[616],[621],[622],[623],[625],[626],[628],[630],[631],[632],[633],[634],[635],[640],[645],[646],[647],[648],[649],[650],[654],[656],[657],[660],[662],[664],[665],[666],[667],[670],[671],[672],[675],[677],[680],[681],[684]]","[[376,348,370,373,374,378,391,400,423,428,431,436,438,461,465,475,483,492,500,506,513,514,515,524,542,544,553,559,561,566,567,580,591,604,606,614,651,669,676],[422,597,619,620,636,653,685],[556,683],[637,363,395,496],[563,634],[680,592,609],[645,646,671],[34],[107],[173],[394],[427],[434],[480],[558],[573],[574],[575],[576],[577],[578],[579],[581],[582],[583],[584],[586],[587],[588],[589],[590],[593],[594],[595],[596],[598],[599],[600],[601],[603],[605],[610],[611],[612],[615],[616],[617],[618],[621],[622],[623],[625],[626],[627],[628],[629],[630],[631],[632],[633],[635],[639],[640],[641],[642],[643],[644],[647],[648],[649],[650],[652],[654],[655],[656],[657],[658],[659],[660],[661],[662],[663],[664],[665],[666],[667],[670],[672],[673],[675],[677],[678],[679],[681],[682],[684],[412]]"
414,150,18,1024,1209.48,797.0,739.0,0.25,836,991.66,591.0,557.4999999999973,True,102,40,8,5,0.002495,True,19.660679801348344,40.0,64,81,0.4,0.4,2,inf,80.252725,0.002798,80.255523,True,108,33,8,5,0.00222,True,15.086275006833851,26.0,97,83,0.4,0.4,2,inf,110.308471,0.00272,110.311191,"[[376,348,363,370,373,374,378,391,395,400,412,423,428,431,434,436,438,461,465,475,483,492,500,506,513,514,515,524,542,544,553,559,561,566,567,591,604,606,614,651,669,683],[578,627,658,659],[600,643,661],[422,597,617,618,619,620,636,644,653,655,663,682,685],[581,642],[652,673],[637,496,584,601,629,639,641,678,679],[394,676],[34],[107],[173],[427],[480],[556],[558],[563],[573],[574],[575],[576],[577],[579],[580],[582],[583],[586],[587],[588],[589],[590],[592],[593],[594],[595],[596],[598],[599],[603],[605],[609],[610],[611],[612],[615],[616],[621],[622],[623],[625],[626],[628],[630],[631],[632],[633],[634],[635],[640],[645],[646],[647],[648],[649],[650],[654],[656],[657],[660],[662],[664],[665],[666],[667],[670],[671],[672],[675],[677],[680],[681],[684]]","[[376,348,363,370,373,374,378,391,395,400,412,423,428,431,436,438,461,465,475,483,492,500,506,513,524,544,553,559,561,566,567,591,604,606,614,651,669,683],[580,107,434,514,601,641,656],[592,573,579,589,597,598,603,605,611,619,625,633,644,653,654,666,677,680,685],[556,394,542,676],[515,496,637],[634,645],[34],[173],[422],[427],[480],[558],[574],[575],[576],[577],[578],[581],[582],[583],[584],[586],[587],[588],[590],[593],[594],[595],[596],[599],[600],[609],[610],[612],[615],[616],[617],[618],[620],[621],[622],[623],[626],[627],[628],[629],[630],[631],[632],[635],[636],[639],[640],[642],[643],[646],[647],[648],[649],[650],[652],[655],[657],[658],[659],[660],[661],[662],[663],[664],[665],[667],[670],[671],[672],[673],[675],[678],[679],[681],[682],[684],[563]]"
414,150,19,1024,1209.48,797.0,739.0,0.25,888,993.91,591.0,554.0,True,102,40,8,5,0.002495,True,19.660679801348344,40.0,64,81,0.4,0.4,2,inf,80.252725,0.002798,80.255523,True,111,31,8,5,0.002222,True,15.029001145291879,29.0,44,87,0.4,0.4,2,inf,102.053883,0.002629,102.056512,"[[376,348,363,370,373,374,378,391,395,400,412,423,428,431,434,436,438,461,465,475,483,492,500,506,513,514,515,524,542,544,553,559,561,566,567,591,604,606,614,651,669,683],[578,627,658,659],[600,643,661],[422,597,617,618,619,620,636,644,653,655,663,682,685],[581,642],[652,673],[637,496,584,601,629,639,641,678,679],[394,676],[34],[107],[173],[427],[480],[556],[558],[563],[573],[574],[575],[576],[577],[579],[580],[582],[583],[586],[587],[588],[589],[590],[592],[593],[594],[595],[596],[598],[599],[603],[605],[609],[610],[611],[612],[615],[616],[621],[622],[623],[625],[626],[628],[630],[631],[632],[633],[634],[635],[640],[645],[646],[647],[648],[649],[650],[654],[656],[657],[660],[662],[664],[665],[666],[667],[670],[671],[672],[675],[677],[680],[681],[684]]","[[428,348,370,373,374,376,378,391,395,400,412,423,431,434,436,438,461,465,475,483,492,500,506,513,514,515,524,542,544,553,559,561,567,591,604,614,669],[592,575,579,597,617,618,619,620,625,636,644,653,654,655,672,680,682,685],[422,596,657],[363,566,580],[556,394,563,652,673],[683,645,651],[34],[107],[173],[427],[480],[496],[558],[573],[574],[576],[577],[578],[581],[582],[583],[584],[586],[587],[588],[589],[590],[593],[594],[595],[598],[599],[600],[601],[603],[605],[606],[609],[610],[611],[612],[615],[616],[621],[622],[623],[626],[627],[628],[629],[630],[631],[632],[633],[634],[635],[637],[639],[640],[641],[642],[643],[646],[647],[648],[649],[650],[656],[658],[659],[660],[661],[662],[663],[664],[665],[666],[667],[670],[671],[675],[676],[677],[678],[679],[681],[684]]"
414,150,20,1024,1209.48,797.0,739.0,0.25,901,994.84,591.0,552.0,True,102,40,8,5,0.002495,True,19.660679801348344,40.0,64,81,0.4,0.4,2,inf,80.252725,0.002798,80.255523,True,113,30,8,5,0.002185,True,14.778854494063037,26.0,52,104,0.4,0.4,2,inf,93.974025,0.002784,93.976809,"[[376,348,363,370,373,374,378,391,395,400,412,423,428,431,434,436,438,461,465,475,483,492,500,506,513,514,515,524,542,544,553,559,561,566,567,591,604,606,614,651,669,683],[578,627,658,659],[600,643,661],[422,597,617,618,619,620,636,644,653,655,663,682,685],[581,642],[652,673],[637,496,584,601,629,639,641,678,679],[394,676],[34],[107],[173],[427],[480],[556],[558],[563],[573],[574],[575],[576],[577],[579],[580],[582],[583],[586],[587],[588],[589],[590],[592],[593],[594],[595],[596],[598],[599],[603],[605],[609],[610],[611],[612],[615],[616],[621],[622],[623],[625],[626],[628],[630],[631],[632],[633],[634],[635],[640],[645],[646],[647],[648],[649],[650],[654],[656],[657],[660],[662],[664],[665],[666],[667],[670],[671],[672],[675],[677],[680],[681],[684]]","[[373,348,370,376,378,391,395,400,412,423,428,431,436,438,461,465,475,483,492,496,500,506,513,514,524,542,544,553,556,559,561,566,567,591,604,614,669],[580,107,363,434,515,641],[685,422,579,592,630],[573,654],[34],[173],[374],[394],[427],[480],[558],[563],[574],[575],[576],[577],[578],[581],[582],[583],[584],[586],[587],[588],[589],[590],[593],[594],[595],[596],[597],[598],[599],[600],[601],[603],[605],[606],[609],[610],[611],[612],[615],[616],[617],[618],[619],[620],[621],[622],[623],[625],[626],[627],[628],[629],[631],[632],[633],[634],[635],[636],[637],[639],[640],[642],[643],[644],[646],[647],[648],[649],[650],[651],[652],[653],[655],[656],[657],[658],[659],[660],[661],[662],[663],[664],[665],[666],[667],[670],[671],[672],[673],[675],[676],[677],[678],[679],[680],[681],[682],[684],[645],[683]]"
414,150,21,1024,1209.48,797.0,739.0,0.25,833,993.9,591.0,557.0,True,102,40,8,5,0.002495,True,19.660679801348344,40.0,64,81,0.4,0.4,2,inf,80.252725,0.002798,80.255523,True,111,30,8,5,0.002154,True,14.788885961679572,28.0,46,99,0.4,0.4,2,inf,90.121573,0.002668,90.124241,"[[376,348,363,370,373,374,378,391,395,400,412,423,428,431,434,436,438,461,465,475,483,492,500,506,513,514,515,524,542,544,553,559,561,566,567,591,604,606,614,651,669,683],[578,627,658,659],[600,643,661],[422,597,617,618,619,620,636,644,653,655,663,682,685],[581,642],[652,673],[637,496,584,601,629,639,641,678,679],[394,676],[34],[107],[173],[427],[480],[556],[558],[563],[573],[574],[575],[576],[577],[579],[580],[582],[583],[586],[587],[588],[589],[590],[592],[593],[594],[595],[596],[598],[599],[603],[605],[609],[610],[611],[612],[615],[616],[621],[622],[623],[625],[626],[628],[630],[631],[632],[633],[634],[635],[640],[645],[646],[647],[648],[649],[650],[654],[656],[657],[660],[662],[664],[665],[666],[667],[670],[671],[672],[675],[677],[680],[681],[684]]","[[376,348,370,373,378,391,395,400,412,423,428,431,434,436,438,461,465,475,483,492,500,506,513,524,542,544,553,559,561,566,567,591,604,606,614,634,651,683],[556,374,394,676],[630,597,618,636,644,672,685],[363,514,669],[641,496,580],[592,605],[34],[107],[173],[422],[427],[480],[515],[558],[563],[573],[574],[575],[576],[577],[578],[579],[581],[582],[583],[584],[586],[587],[588],[589],[590],[593],[594],[595],[596],[598],[599],[600],[601],[603],[609],[610],[611],[612],[615],[616],[617],[619],[620],[621],[622],[623],[625],[626],[627],[628],[629],[631],[632],[633],[635],[637],[639],[640],[642],[643],[645],[646],[647],[648],[649],[650],[652],[653],[654],[655],[656],[657],[658],[659],[660],[661],[662],[663],[664],[665],[666],[667],[670],[671],[673],[675],[677],[678],[679],[680],[681],[682],[684]]"
414,150,22,1024,1209.48,797.0,739.0,0.25,845,954.07,591.0,522.0,True,102,40,8,5,0.002495,True,19.660679801348344,40.0,64,81,0.4,0.4,2,inf,80.252725,0.002798,80.255523,True,120,33,8,5,0.002245,True,14.357369060720702,29.0,97,81,0.4,0.4,2,inf,116.768874,0.002657,116.771531,"[[376,348,363,370,373,374,378,391,395,400,412,423,428,431,434,436,438,461,465,475,483,492,500,506,513,514,515,524,542,544,553,559,561,566,567,591,604,606,614,651,669,683],[578,627,658,659],[600,643,661],[422,597,617,618,619,620,636,644,653,655,663,682,685],[581,642],[652,673],[637,496,584,601,629,639,641,678,679],[394,676],[34],[107],[173],[427],[480],[556],[558],[563],[573],[574],[575],[576],[577],[579],[580],[582],[583],[586],[587],[588],[589],[590],[592],[593],[594],[595],[596],[598],[599],[603],[605],[609],[610],[611],[612],[615],[616],[621],[622],[623],[625],[626],[628],[630],[631],[632],[633],[634],[635],[640],[645],[646],[647],[648],[649],[650],[654],[656],[657],[660],[662],[664],[665],[666],[667],[670],[671],[672],[675],[677],[680],[681],[684]]","[[376,348,363,370,373,374,378,391,395,412,423,428,431,436,438,461,465,475,483,492,500,506,513,514,524,542,544,553,559,561,566,567,591,604,606,614,651,669,683],[592,573,575,579,597,598,609,617,626,644,653,654,664,680,684,685],[637,496,580,584,601,629,639,678],[422,596,618,619,631,663],[394,676],[636,630],[645,646],[515,434],[400],[34],[107],[173],[427],[480],[556],[558],[563],[574],[576],[577],[578],[581],[582],[583],[586],[587],[588],[589],[590],[593],[594],[595],[599],[600],[603],[605],[610],[611],[612],[615],[616],[620],[621],[622],[623],[625],[627],[628],[632],[633],[634],[635],[640],[641],[642],[643],[647],[648],[649],[650],[652],[655],[656],[657],[658],[659],[660],[661],[662],[665],[666],[667],[670],[671],[672],[673],[675],[677],[679],[681],[682]]"
414,150,23,1024,1209.48,797.0,739.0,0.25,865,1001.29,591.0,557.25,True,102,40,8,5,0.002495,True,19.660679801348344,40.0,64,81,0.4,0.4,2,inf,80.252725,0.002798,80.255523,True,114,33,8,5,0.002133,True,15.249227011789833,28.0,52,102,0.4,0.4,2,inf,94.666051,0.002786,94.668837,"[[376,348,363,370,373,374,378,391,395,400,412,423,428,431,434,436,438,461,465,475,483,492,500,506,513,514,515,524,542,544,553,559,561,566,567,591,604,606,614,651,669,683],[578,627,658,659],[600,643,661],[422,597,617,618,619,620,636,644,653,655,663,682,685],[581,642],[652,673],[637,496,584,601,629,639,641,678,679],[394,676],[34],[107],[173],[427],[480],[556],[558],[563],[573],[574],[575],[576],[577],[579],[580],[582],[583],[586],[587],[588],[589],[590],[592],[593],[594],[595],[596],[598],[599],[603],[605],[609],[610],[611],[612],[615],[616],[621],[622],[623],[625],[626],[628],[630],[631],[632],[633],[634],[635],[640],[645],[646],[647],[648],[649],[650],[654],[656],[657],[660],[662],[664],[665],[666],[667],[670],[671],[672],[675],[677],[680],[681],[684]]","[[376,348,363,370,373,378,391,395,400,412,423,428,431,436,438,461,465,475,483,492,500,506,513,514,515,524,553,559,561,566,567,580,591,604,614,669,683],[374,544,563],[637,496,601],[592,620,653,654,666,685],[556,394,676],[651,645],[606],[34],[107],[173],[422],[427],[434],[480],[542],[558],[573],[574],[575],[576],[577],[578],[579],[581],[582],[583],[584],[586],[587],[588],[589],[590],[593],[594],[595],[596],[597],[598],[599],[600],[603],[605],[609],[610],[611],[612],[615],[616],[617],[618],[619],[621],[622],[623],[625],[626],[627],[628],[629],[630],[631],[632],[633],[634],[635],[636],[639],[640],[641],[642],[643],[644],[646],[647],[648],[649],[650],[652],[655],[656],[657],[658],[659],[660],[661],[662],[663],[664],[665],[667],[670],[671],[672],[673],[675],[677],[678],[679],[680],[681],[682],[684]]"
414,150,24,1024,1209.48,797.0,739.0,0.25,804,977.41,591.0,537.5000000000009,True,102,40,8,5,0.002495,True,19.660679801348344,40.0,64,81,0.4,0.4,2,inf,80.252725,0.002798,80.255523,True,113,29,8,5,0.002468,True,15.215805277030588,29.0,64,92,0.4,0.4,2,inf,106.553066,0.002626,106.555692,"[[376,348,363,370,373,374,378,391,395,400,412,423,428,431,434,436,438,461,465,475,483,492,500,506,513,514,515,524,542,544,553,559,561,566,567,591,604,606,614,651,669,683],[578,627,658,659],[600,643,661],[422,597,617,618,619,620,636,644,653,655,663,682,685],[581,642],[652,673],[637,496,584,601,629,639,641,678,679],[394,676],[34],[107],[173],[427],[480],[556],[558],[563],[573],[574],[575],[576],[577],[579],[580],[582],[583],[586],[587],[588],[589],[590],[592],[593],[594],[595],[596],[598],[599],[603],[605],[609],[610],[611],[612],[615],[616],[621],[622],[623],[625],[626],[628],[630],[631],[632],[633],[634],[635],[640],[645],[646],[647],[648],[649],[650],[654],[656],[657],[660],[662],[664],[665],[666],[667],[670],[671],[672],[675],[677],[680],[681],[684]]","[[376,348,363,370,373,374,378,391,395,400,412,423,428,431,434,436,438,461,465,475,483,492,500,506,513,514,515,524,542,544,553,559,561,566,567,591,614,651,669,683],[422,584,596,597,601,609,617,618,619,620,636,653,655,663,680,682],[604,558,563],[641,580,637],[34],[107],[173],[394],[427],[480],[496],[556],[573],[574],[575],[576],[577],[578],[579],[581],[582],[583],[586],[587],[588],[589],[590],[592],[593],[594],[595],[598],[599],[600],[603],[605],[606],[610],[611],[612],[615],[616],[621],[622],[623],[625],[626],[627],[628],[629],[630],[631],[632],[633],[634],[635],[639],[640],[642],[643],[644],[645],[646],[647],[648],[649],[650],[652],[654],[656],[657],[658],[659],[660],[661],[662],[664],[665],[666],[667],[670],[671],[672],[673],[675],[676],[677],[678],[679],[681],[684],[685]]"
414,150,25,1024,1209.48,797.0,739.0,0.25,796,974.94,591.0,533.0,True,102,40,8,5,0.002495,True,19.660679801348344,40.0,64,81,0.4,0.4,2,inf,80.252725,0.002798,80.255523,True,112,34,8,5,0.002279,True,14.823457106466421,24.0,7,80,0.4,0.4,2,inf,166.629532,0.002805,166.632337,"[[376,348,363,370,373,374,378,391,395,400,412,423,428,431,434,436,438,461,465,475,483,492,500,506,513,514,515,524,542,544,553,559,561,566,567,591,604,606,614,651,669,683],[578,627,658,659],[600,643,661],[422,597,617,618,619,620,636,644,653,655,663,682,685],[581,642],[652,673],[637,496,584,601,629,639,641,678,679],[394,676],[34],[107],[173],[427],[480],[556],[558],[563],[573],[574],[575],[576],[577],[579],[580],[582],[583],[586],[587],[588],[589],[590],[592],[593],[594],[595],[596],[598],[599],[603],[605],[609],[610],[611],[612],[615],[616],[621],[622],[623],[625],[626],[628],[630],[631],[632],[633],[634],[635],[640],[645],[646],[647],[648],[649],[650],[654],[656],[657],[660],[662],[664],[665],[666],[667],[670],[671],[672],[675],[677],[680],[681],[684]]","[[376,348,363,370,373,378,391,395,400,412,423,428,431,436,438,461,465,475,483,492,500,506,513,514,515,524,542,544,553,559,561,566,567,591,606,651,669,683],[579,422,573,592,597,609,611,616,617,619,620,630,636,644,653,654,666,680,685],[637,584,601,629,639,641,678,679],[556,394,614,652,676],[580,496],[434,563],[645,586,671],[34],[107],[173],[374],[427],[480],[558],[574],[575],[576],[577],[578],[581],[582],[583],[587],[588],[589],[590],[593],[594],[595],[596],[598],[599],[600],[603],[604],[605],[610],[612],[615],[618],[621],[622],[623],[625],[626],[627],[628],[631],[632],[633],[634],[635],[640],[642],[643],[646],[647],[648],[649],[650],[655],[656],[657],[658],[659],[660],[661],[662],[663],[664],[665],[667],[670],[672],[673],[675],[677],[681],[682],[684]]"
414,150,26,1024,1209.48,797.0,739.0,0.25,845,982.65,591.0,536.0,True,102,40,8,5,0.002495,True,19.660679801348344,40.0,64,81,0.4,0.4,2,inf,80.252725,0.002798,80.255523,True,119,31,8,5,0.002464,True,14.517185761363924,28.0,52,105,0.4,0.4,2,inf,97.416044,0.002657,97.418701,"[[376,348,363,370,373,374,378,391,395,400,412,423,428,431,434,436,438,461,465,475,483,492,500,506,513,514,515,524,542,544,553,559,561,566,567,591,604,606,614,651,669,683],[578,627,658,659],[600,643,661],[422,597,617,618,619,620,636,644,653,655,663,682,685],[581,642],[652,673],[637,496,584,601,629,639,641,678,679],[394,676],[34],[107],[173],[427],[480],[556],[558],[563],[573],[574],[575],[576],[577],[579],[580],[582],[583],[586],[587],[588],[589],[590],[592],[593],[594],[595],[596],[598],[599],[603],[605],[609],[610],[611],[612],[615],[616],[621],[622],[623],[625],[626],[628],[630],[631],[632],[633],[634],[635],[640],[645],[646],[647],[648],[649],[650],[654],[656],[657],[660],[662],[664],[665],[666],[667],[670],[671],[672],[675],[677],[680],[681],[684]]","[[376,348,363,370,373,374,378,391,395,400,412,423,428,436,438,461,465,475,483,492,496,500,506,513,515,524,544,553,556,559,561,563,566,567,580,591,604,606,614,651,669,683],[685,579,592,630],[634,645],[431],[34],[107],[173],[394],[422],[427],[434],[480],[514],[542],[558],[573],[574],[575],[576],[577],[578],[581],[582],[583],[584],[586],[587],[588],[589],[590],[593],[594],[595],[596],[597],[598],[599],[600],[601],[603],[605],[609],[610],[611],[612],[615],[616],[617],[618],[619],[620],[621],[622],[623],[625],[626],[627],[628],[629],[631],[632],[633],[635],[636],[637],[639],[640],[641],[642],[643],[644],[646],[647],[648],[649],[650],[652],[653],[654],[655],[656],[657],[658],[659],[660],[661],[662],[663],[664],[665],[666],[667],[670],[671],[672],[673],[675],[676],[677],[678],[679],[680],[681],[682],[684]]"
414,150,27,1024,1209.48,797.0,739.0,0.25,870,1005.25,591.0,564.5,True,102,40,8,5,0.002495,True,19.660679801348344,40.0,64,81,0.4,0.4,2,inf,80.252725,0.002798,80.255523,True,118,31,8,5,0.002159,True,15.720592224936835,31.0,44,107,0.4,0.4,2,inf,116.13013,0.002673,116.132803,"[[376,348,363,370,373,374,378,391,395,400,412,423,428,431,434,436,438,461,465,475,483,492,500,506,513,514,515,524,542,544,553,559,561,566,567,591,604,606,614,651,669,683],[578,627,658,659],[600,643,661],[422,597,617,618,619,620,636,644,653,655,663,682,685],[581,642],[652,673],[637,496,584,601,629,639,641,678,679],[394,676],[34],[107],[173],[427],[480],[556],[558],[563],[573],[574],[575],[576],[577],[579],[580],[582],[583],[586],[587],[588],[589],[590],[592],[593],[594],[595],[596],[598],[599],[603],[605],[609],[610],[611],[612],[615],[616],[621],[622],[623],[625],[626],[628],[630],[631],[632],[633],[634],[635],[640],[645],[646],[647],[648],[649],[650],[654],[656],[657],[660],[662],[664],[665],[666],[667],[670],[671],[672],[675],[677],[680],[681],[684]]","[[428,348,370,373,376,378,391,395,400,412,423,431,434,436,438,461,465,475,492,500,506,513,514,524,544,553,559,561,563,567,591,604,614,651,669,683],[515,363,374,483,566,641],[645,586,634],[496,580],[34],[107],[173],[394],[422],[427],[480],[542],[556],[558],[573],[574],[575],[576],[577],[578],[579],[581],[582],[583],[584],[587],[588],[589],[590],[592],[593],[594],[595],[596],[597],[598],[599],[600],[601],[603],[605],[606],[609],[610],[611],[612],[615],[616],[617],[618],[619],[620],[621],[622],[623],[625],[626],[627],[628],[629],[630],[631],[632],[633],[635],[636],[637],[639],[640],[642],[643],[644],[646],[647],[648],[649],[650],[652],[653],[654],[655],[656],[657],[658],[659],[660],[661],[662],[663],[664],[665],[666],[667],[670],[671],[672],[673],[675],[676],[677],[678],[679],[680],[681],[682],[684],[685]]"
414,150,28,1024,1209.48,797.0,739.0,0.25,869,986.77,591.0,547.7499999999991,True,102,40,8,5,0.002495,True,19.660679801348344,40.0,64,81,0.4,0.4,2,inf,80.252725,0.002798,80.255523,True,113,32,8,5,0.002215,True,14.937984561737087,30.0,97,99,0.4,0.4,2,inf,114.590372,0.002766,114.593138,"[[376,348,363,370,373,374,378,391,395,400,412,423,428,431,434,436,438,461,465,475,483,492,500,506,513,514,515,524,542,544,553,559,561,566,567,591,604,606,614,651,669,683],[578,627,658,659],[600,643,661],[422,597,617,618,619,620,636,644,653,655,663,682,685],[581,642],[652,673],[637,496,584,601,629,639,641,678,679],[394,676],[34],[107],[173],[427],[480],[556],[558],[563],[573],[574],[575],[576],[577],[579],[580],[582],[583],[586],[587],[588],[589],[590],[592],[593],[594],[595],[596],[598],[599],[603],[605],[609],[610],[611],[612],[615],[616],[621],[622],[623],[625],[626],[628],[630],[631],[632],[633],[634],[635],[640],[645],[646],[647],[648],[649],[650],[654],[656],[657],[660],[662],[664],[665],[666],[667],[670],[671],[672],[675],[677],[680],[681],[684]]","[[376,348,370,373,378,391,395,400,412,423,428,431,436,438,461,475,483,492,500,506,513,514,515,524,542,544,553,559,561,566,567,591,606,645,651,669],[563,434,556],[637,601,629,639,641,678,679],[592,579,597,619],[580,107,363,656],[683,614],[604,465],[34],[173],[374],[394],[422],[427],[480],[496],[558],[573],[574],[575],[576],[577],[578],[581],[582],[583],[584],[586],[587],[588],[589],[590],[593],[594],[595],[596],[598],[599],[600],[603],[605],[609],[610],[611],[612],[615],[616],[617],[618],[620],[621],[622],[623],[625],[626],[627],[628],[630],[631],[632],[633],[634],[635],[636],[640],[642],[643],[644],[646],[647],[648],[649],[650],[652],[653],[654],[655],[657],[658],[659],[660],[661],[662],[663],[664],[665],[666],[667],[670],[671],[672],[673],[675],[676],[677],[680],[681],[682],[684],[685]]"
414,150,29,1024,1209.48,797.0,739.0,0.25,881,997.97,591.0,567.5000000000036,True,102,40,8,5,0.002495,True,19.660679801348344,40.0,64,81,0.4,0.4,2,inf,80.252725,0.002798,80.255523,True,110,33,8,5,0.002392,True,15.492320195125007,30.0,64,97,0.4,0.4,2,inf,133.422216,0.002635,133.424851,"[[376,348,363,370,373,374,378,391,395,400,412,423,428,431,434,436,438,461,465,475,483,492,500,506,513,514,515,524,542,544,553,559,561,566,567,591,604,606,614,651,669,683],[578,627,658,659],[600,643,661],[422,597,617,618,619,620,636,644,653,655,663,682,685],[581,642],[652,673],[637,496,584,601,629,639,641,678,679],[394,676],[34],[107],[173],[427],[480],[556],[558],[563],[573],[574],[575],[576],[577],[579],[580],[582],[583],[586],[587],[588],[589],[590],[592],[593],[594],[595],[596],[598],[599],[603],[605],[609],[610],[611],[612],[615],[616],[621],[622],[623],[625],[626],[628],[630],[631],[632],[633],[634],[635],[640],[645],[646],[647],[648],[649],[650],[654],[656],[657],[660],[662],[664],[665],[666],[667],[670],[671],[672],[675],[677],[680],[681],[684]]","[[376,348,363,370,373,374,378,395,400,412,423,428,431,434,436,438,461,465,475,483,492,500,506,513,514,515,524,542,553,559,561,566,567,591,604,606,614,683],[637,391,496,584,641],[630,579,596,597,605,609,620,626,636,644,653,666],[587,651],[34],[107],[173],[394],[422],[427],[480],[544],[556],[558],[563],[573],[574],[575],[576],[577],[578],[581],[582],[583],[586],[588],[589],[590],[592],[593],[594],[595],[598],[599],[600],[601],[603],[610],[611],[612],[615],[616],[617],[618],[619],[621],[622],[623],[625],[627],[628],[629],[631],[632],[633],[634],[635],[639],[640],[642],[643],[645],[646],[647],[648],[649],[650],[652],[654],[655],[656],[657],[658],[659],[660],[661],[662],[663],[664],[665],[667],[670],[671],[672],[673],[675],[676],[677],[678],[679],[680],[681],[682],[684],[685],[580],[669]]"
414,150,30,1024,1209.48,797.0,739.0,0.25,877,1007.58,591.0,553.0,True,102,40,8,5,0.002495,True,19.660679801348344,40.0,64,81,0.4,0.4,2,inf,80.252725,0.002798,80.255523,True,114,33,8,5,0.002637,True,15.048284397343929,31.0,97,82,0.4,0.4,2,inf,90.424909,0.002814,90.427723,"[[376,348,363,370,373,374,378,391,395,400,412,423,428,431,434,436,438,461,465,475,483,492,500,506,513,514,515,524,542,544,553,559,561,566,567,591,604,606,614,651,669,683],[578,627,658,659],[600,643,661],[422,597,617,618,619,620,636,644,653,655,663,682,685],[581,642],[652,673],[637,496,584,601,629,639,641,678,679],[394,676],[34],[107],[173],[427],[480],[556],[558],[563],[573],[574],[575],[576],[577],[579],[580],[582],[583],[586],[587],[588],[589],[590],[592],[593],[594],[595],[596],[598],[599],[603],[605],[609],[610],[611],[612],[615],[616],[621],[622],[623],[625],[626],[628],[630],[631],[632],[633],[634],[635],[640],[645],[646],[647],[648],[649],[650],[654],[656],[657],[660],[662],[664],[665],[666],[667],[670],[671],[672],[675],[677],[680],[681],[684]]","[[376,348,363,370,373,378,391,395,400,412,423,428,431,434,436,438,461,465,475,483,492,496,500,506,513,514,515,524,542,544,553,559,561,566,567,580,591,606,614,651,669,683],[592,573,579,597,616,617,618,619,626,636,644,653,655,664,680,682,685],[422,596,663],[620,609,630,654],[645,586,587,634,646],[394,676],[374,563],[34],[107],[173],[427],[480],[556],[558],[574],[575],[576],[577],[578],[581],[582],[583],[584],[588],[589],[590],[593],[594],[595],[598],[599],[600],[601],[603],[605],[610],[611],[612],[615],[621],[622],[623],[625],[627],[628],[629],[631],[632],[633],[635],[637],[639],[640],[641],[642],[643],[647],[648],[649],[650],[652],[656],[657],[658],[659],[660],[661],[662],[665],[666],[667],[670],[671],[672],[673],[675],[677],[678],[679],[681],[684],[604]]"
414,150,1,1024,1209.48,797.0,739.0,0.4,771,839.07,465.0,450.5,True,102,40,8,5,0.002495,True,19.660679801348344,40.0,64,81,0.4,0.4,2,inf,80.252725,0.002798,80.255523,True,150,37,8,5,0.002191,True,12.015620410480215,23.0,31,86,0.4,0.4,2,inf,122.137659,0.002702,122.140361,"[[376,348,363,370,373,374,378,391,395,400,412,423,428,431,434,436,438,461,465,475,483,492,500,506,513,514,515,524,542,544,553,559,561,566,567,591,604,606,614,651,669,683],[578,627,658,659],[600,643,661],[422,597,617,618,619,620,636,644,653,655,663,682,685],[581,642],[652,673],[637,496,584,601,629,639,641,678,679],[394,676],[34],[107],[173],[427],[480],[556],[558],[563],[573],[574],[575],[576],[577],[579],[580],[582],[583],[586],[587],[588],[589],[590],[592],[593],[594],[595],[596],[598],[599],[603],[605],[609],[610],[611],[612],[615],[616],[621],[622],[623],[625],[626],[628],[630],[631],[632],[633],[634],[635],[640],[645],[646],[647],[648],[649],[650],[654],[656],[657],[660],[662],[664],[665],[666],[667],[670],[671],[672],[675],[677],[680],[681],[684]]","[[376,348,363,370,373,374,378,391,395,400,412,423,428,431,434,436,438,461,465,475,483,492,496,500,513,514,515,524,542,553,559,561,566,567,591,614,669,683],[579,422,575,592,597,609,617,619,620,630,644,653,664,680,685],[637,584,601,629,639,678,679],[654,588,605,625,666,684],[544,563,604],[394],[34],[107],[173],[427],[480],[506],[556],[558],[573],[574],[576],[577],[578],[580],[581],[582],[583],[586],[587],[589],[590],[593],[594],[595],[598],[599],[600],[603],[606],[610],[611],[612],[615],[616],[618],[621],[622],[623],[626],[627],[628],[632],[633],[634],[635],[636],[640],[641],[642],[643],[645],[646],[647],[648],[649],[650],[652],[655],[656],[657],[658],[659],[660],[661],[662],[663],[665],[667],[670],[671],[672],[673],[675],[676],[677],[681],[682],[596],[631],[651]]"
414,150,2,1024,1209.48,797.0,739.0,0.4,746,822.55,465.0,442.16666666666606,True,102,40,8,5,0.002495,True,19.660679801348344,40.0,64,81,0.4,0.4,2,inf,80.252725,0.002798,80.255523,True,150,36,8,5,0.002197,True,12.38843138007155,25.0,52,87,0.4,0.4,2,inf,95.240765,0.002628,95.243393,"[[376,348,363,370,373,374,378,391,395,400,412,423,428,431,434,436,438,461,465,475,483,492,500,506,513,514,515,524,542,544,553,559,561,566,567,591,604,606,614,651,669,683],[578,627,658,659],[600,643,661],[422,597,617,618,619,620,636,644,653,655,663,682,685],[581,642],[652,673],[637,496,584,601,629,639,641,678,679],[394,676],[34],[107],[173],[427],[480],[556],[558],[563],[573],[574],[575],[576],[577],[579],[580],[582],[583],[586],[587],[588],[589],[590],[592],[593],[594],[595],[596],[598],[599],[603],[605],[609],[610],[611],[612],[615],[616],[621],[622],[623],[625],[626],[628],[630],[631],[632],[633],[634],[635],[640],[645],[646],[647],[648],[649],[650],[654],[656],[657],[660],[662],[664],[665],[666],[667],[670],[671],[672],[675],[677],[680],[681],[684]]","[[591,348,363,370,373,374,376,378,391,395,400,412,423,428,431,434,436,438,461,465,475,483,492,496,500,506,513,515,524,542,553,559,561,566,567,604,637,669,683],[630,422,574,575,596,597,609,612,616,617,619,620,626,636,653,655,657,663,664,666,678,684,685],[544,514,580,676],[34],[107],[173],[394],[427],[480],[556],[558],[563],[573],[576],[577],[578],[579],[581],[582],[583],[584],[586],[587],[588],[589],[590],[592],[593],[594],[595],[598],[599],[600],[601],[603],[605],[606],[610],[611],[615],[618],[621],[622],[623],[625],[627],[628],[629],[631],[632],[633],[634],[635],[639],[640],[641],[642],[643],[644],[645],[646],[647],[648],[649],[650],[651],[652],[654],[656],[658],[659],[660],[661],[662],[665],[667],[670],[671],[672],[673],[675],[677],[679],[680],[681],[682],[614]]"
414,150,3,1024,1209.48,797.0,739.0,0.4,715,793.11,465.0,423.625,True,102,40,8,5,0.002495,True,19.660679801348344,40.0,64,81,0.4,0.4,2,inf,80.252725,0.002798,80.255523,True,150,32,8,5,0.002373,True,11.458269938897654,19.0,52,78,0.4,0.4,2,inf,127.78791,0.002665,127.790575,"[[376,348,363,370,373,374,378,391,395,400,412,423,428,431,434,436,438,461,465,475,483,492,500,506,513,514,515,524,542,544,553,559,561,566,567,591,604,606,614,651,669,683],[578,627,658,659],[600,643,661],[422,597,617,618,619,620,636,644,653,655,663,682,685],[581,642],[652,673],[637,496,584,601,629,639,641,678,679],[394,676],[34],[107],[173],[427],[480],[556],[558],[563],[573],[574],[575],[576],[577],[579],[580],[582],[583],[586],[587],[588],[589],[590],[592],[593],[594],[595],[596],[598],[599],[603],[605],[609],[610],[611],[612],[615],[616],[621],[622],[623],[625],[626],[628],[630],[631],[632],[633],[634],[635],[640],[645],[646],[647],[648],[649],[650],[654],[656],[657],[660],[662],[664],[665],[666],[667],[670],[671],[672],[675],[677],[680],[681],[684]]","[[376,348,370,373,374,378,391,395,400,412,423,428,431,436,438,461,465,475,483,492,500,506,513,514,515,524,542,544,553,559,561,566,567,591,669,683],[630,574,579,584,592,596,597,605,609,612,616,620,625,636,644,655,657,663,664,672,682,684],[654,588,589,603,623,626,680],[678,619,637,639,679],[617,573,666],[580,363],[653,422],[606,604],[645,651],[34],[107],[173],[394],[427],[434],[480],[496],[556],[558],[563],[575],[576],[577],[578],[581],[582],[583],[586],[587],[590],[593],[594],[595],[598],[599],[600],[601],[610],[611],[614],[615],[618],[621],[622],[627],[628],[629],[631],[632],[633],[634],[635],[640],[641],[642],[643],[646],[647],[648],[649],[650],[652],[656],[658],[659],[660],[661],[662],[665],[667],[670],[671],[673],[675],[676],[677],[681],[685]]"
414,150,4,1024,1209.48,797.0,739.0,0.4,730,806.5,465.0,422.25,True,102,40,8,5,0.002495,True,19.660679801348344,40.0,64,81,0.4,0.4,2,inf,80.252725,0.002798,80.255523,True,150,35,8,5,0.002205,True,12.034352531236095,24.0,52,96,0.4,0.4,2,inf,73.934787,0.002652,73.937438,"[[376,348,363,370,373,374,378,391,395,400,412,423,428,431,434,436,438,461,465,475,483,492,500,506,513,514,515,524,542,544,553,559,561,566,567,591,604,606,614,651,669,683],[578,627,658,659],[600,643,661],[422,597,617,618,619,620,636,644,653,655,663,682,685],[581,642],[652,673],[637,496,584,601,629,639,641,678,679],[394,676],[34],[107],[173],[427],[480],[556],[558],[563],[573],[574],[575],[576],[577],[579],[580],[582],[583],[586],[587],[588],[589],[590],[592],[593],[594],[595],[596],[598],[599],[603],[605],[609],[610],[611],[612],[615],[616],[621],[622],[623],[625],[626],[628],[630],[631],[632],[633],[634],[635],[640],[645],[646],[647],[648],[649],[650],[654],[656],[657],[660],[662],[664],[665],[666],[667],[670],[671],[672],[675],[677],[680],[681],[684]]","[[376,348,370,373,374,378,391,395,400,412,423,428,431,434,436,438,461,465,475,483,492,500,506,513,524,542,544,553,561,566,567,580,591,604,606,669,683],[637,496,584,629,639,679],[630,575,597,619,636,653,663,682],[394,556],[515,363,559],[651,645],[422,609,617],[614],[34],[107],[173],[427],[480],[514],[558],[573],[574],[576],[577],[578],[579],[581],[582],[583],[586],[587],[588],[589],[590],[592],[593],[594],[595],[596],[598],[599],[600],[601],[603],[605],[610],[611],[612],[615],[616],[618],[620],[621],[622],[623],[625],[626],[627],[628],[631],[632],[633],[634],[635],[640],[641],[642],[643],[644],[646],[647],[648],[649],[650],[652],[654],[655],[656],[657],[658],[659],[660],[661],[662],[664],[665],[666],[667],[670],[671],[672],[673],[675],[676],[677],[678],[680],[681],[684],[685],[563]]"
414,150,5,1024,1209.48,797.0,739.0,0.4,717,805.41,465.0,428.5,True,102,40,8,5,0.002495,True,19.660679801348344,40.0,64,81,0.4,0.4,2,inf,80.252725,0.002798,80.255523,True,150,37,8,5,0.002122,True,11.948427050375031,21.0,52,95,0.4,0.4,2,inf,116.647257,0.002771,116.650028,"[[376,348,363,370,373,374,378,391,395,400,412,423,428,431,434,436,438,461,465,475,483,492,500,506,513,514,515,524,542,544,553,559,561,566,567,591,604,606,614,651,669,683],[578,627,658,659],[600,643,661],[422,597,617,618,619,620,636,644,653,655,663,682,685],[581,642],[652,673],[637,496,584,601,629,639,641,678,679],[394,676],[34],[107],[173],[427],[480],[556],[558],[563],[573],[574],[575],[576],[577],[579],[580],[582],[583],[586],[587],[588],[589],[590],[592],[593],[594],[595],[596],[598],[599],[603],[605],[609],[610],[611],[612],[615],[616],[621],[622],[623],[625],[626],[628],[630],[631],[632],[633],[634],[635],[640],[645],[646],[647],[648],[649],[650],[654],[656],[657],[660],[662],[664],[665],[666],[667],[670],[671],[672],[675],[677],[680],[681],[684]]","[[373,348,370,374,376,378,391,395,400,412,423,428,431,436,438,461,465,475,483,492,500,506,513,515,524,553,559,561,566,567,591,604,606,614,651,669],[645,544,563,634,646,671,683],[514,363,580],[654,573,592,603,612,677],[422,617,620,636,663],[637,641],[579,598,609],[434],[34],[107],[173],[394],[427],[480],[496],[556],[558],[574],[575],[576],[577],[578],[581],[582],[583],[584],[586],[587],[588],[589],[590],[593],[594],[595],[596],[597],[599],[600],[601],[605],[610],[611],[615],[616],[618],[619],[621],[622],[623],[625],[626],[627],[628],[629],[630],[631],[632],[633],[635],[639],[640],[642],[643],[644],[647],[648],[649],[650],[652],[653],[655],[656],[657],[658],[659],[660],[661],[662],[664],[665],[666],[667],[670],[672],[673],[675],[676],[678],[679],[680],[681],[682],[684],[685],[542]]"
414,150,6,1024,1209.48,797.0,739.0,0.4,703,831.02,465.0,443.2499999999991,True,102,40,8,5,0.002495,True,19.660679801348344,40.0,64,81,0.4,0.4,2,inf,80.252725,0.002798,80.255523,True,150,37,8,5,0.002116,True,12.71326797054175,21.0,14,101,0.4,0.4,2,inf,80.525641,0.002639,80.52828,"[[376,348,363,370,373,374,378,391,395,400,412,423,428,431,434,436,438,461,465,475,483,492,500,506,513,514,515,524,542,544,553,559,561,566,567,591,604,606,614,651,669,683],[578,627,658,659],[600,643,661],[422,597,617,618,619,620,636,644,653,655,663,682,685],[581,642],[652,673],[637,496,584,601,629,639,641,678,679],[394,676],[34],[107],[173],[427],[480],[556],[558],[563],[573],[574],[575],[576],[577],[579],[580],[582],[583],[586],[587],[588],[589],[590],[592],[593],[594],[595],[596],[598],[599],[603],[605],[609],[610],[611],[612],[615],[616],[621],[622],[623],[625],[626],[628],[630],[631],[632],[633],[634],[635],[640],[645],[646],[647],[648],[649],[650],[654],[656],[657],[660],[662],[664],[665],[666],[667],[670],[671],[672],[675],[677],[680],[681],[684]]","[[513,348,370,373,376,378,391,395,400,423,428,431,436,438,461,465,475,483,492,500,506,524,542,544,553,556,559,561,563,566,567,591,606,614,669,683],[604,412,434,558,645,651],[422,584,596,617,636,653,655,680],[363,637],[374,496],[34],[107],[173],[394],[427],[480],[514],[515],[573],[574],[575],[576],[577],[578],[579],[580],[581],[582],[583],[586],[587],[588],[589],[590],[592],[593],[594],[595],[597],[598],[599],[600],[601],[603],[605],[609],[610],[611],[612],[615],[616],[618],[619],[620],[621],[622],[623],[625],[626],[627],[628],[629],[630],[631],[632],[633],[634],[635],[639],[640],[641],[642],[643],[644],[646],[647],[648],[649],[650],[652],[654],[656],[657],[658],[659],[660],[661],[662],[663],[664],[665],[666],[667],[670],[671],[672],[673],[675],[676],[677],[678],[679],[681],[682],[684],[685]]"
414,150,7,1024,1209.48,797.0,739.0,0.4,743,838.06,465.0,439.8982300884936,True,102,40,8,5,0.002495,True,19.660679801348344,40.0,64,81,0.4,0.4,2,inf,80.252725,0.002798,80.255523,True,150,34,8,5,0.002289,True,12.013770888086796,24.0,97,91,0.4,0.4,2,inf,96.94693,0.002817,96.949747,"[[376,348,363,370,373,374,378,391,395,400,412,423,428,431,434,436,438,461,465,475,483,492,500,506,513,514,515,524,542,544,553,559,561,566,567,591,604,606,614,651,669,683],[578,627,658,659],[600,643,661],[422,597,617,618,619,620,636,644,653,655,663,682,685],[581,642],[652,673],[637,496,584,601,629,639,641,678,679],[394,676],[34],[107],[173],[427],[480],[556],[558],[563],[573],[574],[575],[576],[577],[579],[580],[582],[583],[586],[587],[588],[589],[590],[592],[593],[594],[595],[596],[598],[599],[603],[605],[609],[610],[611],[612],[615],[616],[621],[622],[623],[625],[626],[628],[630],[631],[632],[633],[634],[635],[640],[645],[646],[647],[648],[649],[650],[654],[656],[657],[660],[662],[664],[665],[666],[667],[670],[671],[672],[675],[677],[680],[681],[684]]","[[348,370,373,374,376,378,391,395,400,412,423,428,431,436,438,461,465,475,483,492,496,500,506,513,514,515,524,542,544,553,559,561,563,566,567,591,604,614,637,683],[579,573,575,589,592,605,611,617,625,626,664,666,685],[634,586,645,646],[580,363,669],[606,641],[616,630],[618,678],[34],[107],[173],[394],[422],[427],[434],[480],[556],[558],[574],[576],[577],[578],[581],[582],[583],[584],[587],[588],[590],[593],[594],[595],[596],[597],[598],[599],[600],[601],[603],[609],[610],[612],[615],[619],[620],[621],[622],[623],[627],[628],[629],[631],[632],[633],[635],[636],[639],[640],[642],[643],[644],[647],[648],[649],[650],[652],[653],[654],[655],[656],[657],[658],[659],[660],[661],[662],[663],[665],[667],[670],[671],[672],[673],[675],[676],[677],[679],[680],[681],[682],[684],[651]]"
414,150,8,1024,1209.48,797.0,739.0,0.4,764,843.11,465.0,456.25,True,102,40,8,5,0.002495,True,19.660679801348344,40.0,64,81,0.4,0.4,2,inf,80.252725,0.002798,80.255523,True,150,37,8,5,0.002315,True,12.268316298563771,23.0,97,90,0.4,0.4,2,inf,115.994255,0.002613,115.996868,"[[376,348,363,370,373,374,378,391,395,400,412,423,428,431,434,436,438,461,465,475,483,492,500,506,513,514,515,524,542,544,553,559,561,566,567,591,604,606,614,651,669,683],[578,627,658,659],[600,643,661],[422,597,617,618,619,620,636,644,653,655,663,682,685],[581,642],[652,673],[637,496,584,601,629,639,641,678,679],[394,676],[34],[107],[173],[427],[480],[556],[558],[563],[573],[574],[575],[576],[577],[579],[580],[582],[583],[586],[587],[588],[589],[590],[592],[593],[594],[595],[596],[598],[599],[603],[605],[609],[610],[611],[612],[615],[616],[621],[622],[623],[625],[626],[628],[630],[631],[632],[633],[634],[635],[640],[645],[646],[647],[648],[649],[650],[654],[656],[657],[660],[662],[664],[665],[666],[667],[670],[671],[672],[675],[677],[680],[681],[684]]","[[376,348,370,373,378,391,395,400,412,423,428,431,436,465,475,483,492,500,506,513,515,524,542,544,553,559,561,566,567,591,614,637,645,651,669,683],[422,596,597,618,654,685],[592,573,579,588,617,619,623,625,653,672],[580,107,434,496,514,601,641],[556,394,438,563],[636,609,630],[34],[173],[363],[374],[427],[461],[480],[558],[574],[575],[576],[577],[578],[581],[582],[583],[584],[586],[587],[589],[590],[593],[594],[595],[598],[599],[600],[603],[604],[605],[606],[610],[611],[612],[615],[616],[620],[621],[622],[626],[627],[628],[629],[631],[632],[633],[634],[635],[639],[640],[642],[643],[644],[646],[647],[648],[649],[650],[652],[655],[656],[657],[658],[659],[660],[661],[662],[663],[664],[665],[666],[667],[670],[671],[673],[675],[676],[677],[678],[679],[680],[681],[682],[684]]"
414,150,9,1024,1209.48,797.0,739.0,0.4,702,808.72,465.0,433.0,True,102,40,8,5,0.002495,True,19.660679801348344,40.0,64,81,0.4,0.4,2,inf,80.252725,0.002798,80.255523,True,150,34,8,5,0.002386,True,11.972176075571456,22.0,37,100,0.4,0.4,2,inf,88.450766,0.002732,88.453498,"[[376,348,363,370,373,374,378,391,395,400,412,423,428,431,434,436,438,461,465,475,483,492,500,506,513,514,515,524,542,544,553,559,561,566,567,591,604,606,614,651,669,683],[578,627,658,659],[600,643,661],[422,597,617,618,619,620,636,644,653,655,663,682,685],[581,642],[652,673],[637,496,584,601,629,639,641,678,679],[394,676],[34],[107],[173],[427],[480],[556],[558],[563],[573],[574],[575],[576],[577],[579],[580],[582],[583],[586],[587],[588],[589],[590],[592],[593],[594],[595],[596],[598],[599],[603],[605],[609],[610],[611],[612],[615],[616],[621],[622],[623],[625],[626],[628],[630],[631],[632],[633],[634],[635],[640],[645],[646],[647],[648],[649],[650],[654],[656],[657],[660],[662],[664],[665],[666],[667],[670],[671],[672],[675],[677],[680],[681],[684]]","[[373,348,370,376,378,391,395,400,412,423,428,431,436,438,461,465,475,483,492,500,506,513,524,553,559,561,567,591,606,651,683],[637,496,580,584,629,639,641,669],[614,374,514,556,645,676],[563,544,634],[579,597,623,636,653],[434,604],[363,515],[566],[34],[107],[173],[394],[422],[427],[480],[558],[573],[574],[575],[576],[577],[578],[581],[582],[583],[586],[587],[588],[589],[590],[592],[593],[594],[595],[596],[598],[599],[600],[601],[603],[605],[609],[610],[611],[612],[615],[616],[617],[618],[619],[620],[621],[622],[625],[626],[627],[628],[630],[631],[632],[633],[635],[640],[642],[643],[644],[646],[647],[648],[649],[650],[652],[654],[655],[656],[657],[658],[659],[660],[661],[662],[663],[664],[665],[666],[667],[670],[671],[672],[673],[675],[677],[678],[679],[680],[681],[682],[684],[685],[542]]"
414,150,10,1024,1209.48,797.0,739.0,0.4,705,816.22,465.0,424.5,True,102,40,8,5,0.002495,True,19.660679801348344,40.0,64,81,0.4,0.4,2,inf,80.252725,0.002798,80.255523,True,150,33,8,5,0.00212,True,11.762535800999007,24.0,5,103,0.4,0.4,2,inf,70.995127,0.002716,70.997843,"[[376,348,363,370,373,374,378,391,395,400,412,423,428,431,434,436,438,461,465,475,483,492,500,506,513,514,515,524,542,544,553,559,561,566,567,591,604,606,614,651,669,683],[578,627,658,659],[600,643,661],[422,597,617,618,619,620,636,644,653,655,663,682,685],[581,642],[652,673],[637,496,584,601,629,639,641,678,679],[394,676],[34],[107],[173],[427],[480],[556],[558],[563],[573],[574],[575],[576],[577],[579],[580],[582],[583],[586],[587],[588],[589],[590],[592],[593],[594],[595],[596],[598],[599],[603],[605],[609],[610],[611],[612],[615],[616],[621],[622],[623],[625],[626],[628],[630],[631],[632],[633],[634],[635],[640],[645],[646],[647],[648],[649],[650],[654],[656],[657],[660],[662],[664],[665],[666],[667],[670],[671],[672],[675],[677],[680],[681],[684]]","[[513,348,373,376,378,391,395,400,412,423,428,431,436,438,461,465,475,483,492,500,506,524,542,553,559,561,566,567,591,604,606,669,683],[422,619,663,685],[556,374,676],[514,544,580],[579,609,626,666,680],[515,496],[363,370,637],[634,651],[34],[107],[173],[394],[427],[434],[480],[558],[563],[573],[574],[575],[576],[577],[578],[581],[582],[583],[584],[586],[587],[588],[589],[590],[592],[593],[594],[595],[596],[597],[598],[599],[600],[601],[603],[605],[610],[611],[612],[615],[616],[617],[618],[620],[621],[622],[623],[625],[627],[628],[629],[630],[631],[632],[633],[635],[636],[639],[640],[641],[642],[643],[644],[645],[646],[647],[648],[649],[650],[652],[653],[654],[655],[656],[657],[658],[659],[660],[661],[662],[664],[665],[667],[670],[671],[672],[673],[675],[677],[678],[679],[681],[682],[684],[614]]"
414,150,11,1024,1209.48,797.0,739.0,0.4,742,804.25,465.0,424.0,True,102,40,8,5,0.002495,True,19.660679801348344,40.0,64,81,0.4,0.4,2,inf,80.252725,0.002798,80.255523,True,150,33,8,5,0.002242,True,11.689054042039418,24.0,52,86,0.4,0.4,2,inf,116.833011,0.002715,116.835726,"[[376,348,363,370,373,374,378,391,395,400,412,423,428,431,434,436,438,461,465,475,483,492,500,506,513,514,515,524,542,544,553,559,561,566,567,591,604,606,614,651,669,683],[578,627,658,659],[600,643,661],[422,597,617,618,619,620,636,644,653,655,663,682,685],[581,642],[652,673],[637,496,584,601,629,639,641,678,679],[394,676],[34],[107],[173],[427],[480],[556],[558],[563],[573],[574],[575],[576],[577],[579],[580],[582],[583],[586],[587],[588],[589],[590],[592],[593],[594],[595],[596],[598],[599],[603],[605],[609],[610],[611],[612],[615],[616],[621],[622],[623],[625],[626],[628],[630],[631],[632],[633],[634],[635],[640],[645],[646],[647],[648],[649],[650],[654],[656],[657],[660],[662],[664],[665],[666],[667],[670],[671],[672],[675],[677],[680],[681],[684]]","[[436,348,370,373,374,376,391,395,400,412,423,428,431,438,461,465,475,483,492,500,506,513,524,542,559,561,566,567,591,604,606,669,683],[422,592,593,597,601,617,619,620,631,636,644,654,655,663,680,685],[637,363,378,496,515,580,584,614,629,641],[556,394,676],[544,553],[563,434,634,645],[573,609,653],[34],[107],[173],[427],[480],[558],[574],[575],[576],[577],[578],[579],[581],[582],[583],[586],[587],[588],[589],[590],[594],[595],[596],[598],[599],[600],[603],[605],[610],[611],[612],[615],[616],[618],[621],[622],[623],[625],[626],[627],[628],[630],[632],[633],[635],[639],[640],[642],[643],[646],[647],[648],[649],[650],[651],[652],[656],[657],[658],[659],[660],[661],[662],[664],[665],[666],[667],[670],[671],[672],[673],[675],[677],[678],[679],[681],[682],[684],[514]]"
414,150,12,1024,1209.48,797.0,739.0,0.4,735,822.3,465.0,431.5,True,102,40,8,5,0.002495,True,19.660679801348344,40.0,64,81,0.4,0.4,2,inf,80.252725,0.002798,80.255523,True,150,39,8,5,0.002112,True,12.426859030252965,23.0,97,96,0.4,0.4,2,inf,93.544333,0.002684,93.547017,"[[376,348,363,370,373,374,378,391,395,400,412,423,428,431,434,436,438,461,465,475,483,492,500,506,513,514,515,524,542,544,553,559,561,566,567,591,604,606,614,651,669,683],[578,627,658,659],[600,643,661],[422,597,617,618,619,620,636,644,653,655,663,682,685],[581,642],[652,673],[637,496,584,601,629,639,641,678,679],[394,676],[34],[107],[173],[427],[480],[556],[558],[563],[573],[574],[575],[576],[577],[579],[580],[582],[583],[586],[587],[588],[589],[590],[592],[593],[594],[595],[596],[598],[599],[603],[605],[609],[610],[611],[612],[615],[616],[621],[622],[623],[625],[626],[628],[630],[631],[632],[633],[634],[635],[640],[645],[646],[647],[648],[649],[650],[654],[656],[657],[660],[662],[664],[665],[666],[667],[670],[671],[672],[675],[677],[680],[681],[684]]","[[376,107,348,370,373,374,378,391,395,400,412,423,428,434,436,438,465,475,483,492,500,506,513,514,515,524,542,544,553,559,561,563,566,567,580,591,604,606,651,669,683],[637,639,678,679],[614,394,422],[592,579,597,605,625,666,680],[630,685],[556,652,673],[496],[34],[173],[363],[427],[461],[480],[558],[573],[574],[575],[576],[577],[578],[581],[582],[583],[584],[586],[587],[588],[589],[590],[593],[594],[595],[596],[598],[599],[600],[601],[603],[609],[610],[611],[612],[615],[616],[617],[618],[619],[620],[621],[622],[623],[626],[627],[628],[629],[631],[632],[633],[634],[635],[636],[640],[641],[642],[643],[644],[645],[646],[647],[648],[649],[650],[653],[654],[655],[656],[657],[658],[659],[660],[661],[662],[663],[664],[665],[667],[670],[671],[672],[675],[676],[677],[681],[682],[684],[431]]"
414,150,13,1024,1209.48,797.0,739.0,0.4,738,794.16,465.0,423.0,True,102,40,8,5,0.002495,True,19.660679801348344,40.0,64,81,0.4,0.4,2,inf,80.252725,0.002798,80.255523,True,130,28,8,5,0.002131,True,12.191905412448282,26.0,38,96,0.4,0.4,2,inf,120.162344,0.002708,120.165052,"[[376,348,363,370,373,374,378,391,395,400,412,423,428,431,434,436,438,461,465,475,483,492,500,506,513,514,515,524,542,544,553,559,561,566,567,591,604,606,614,651,669,683],[578,627,658,659],[600,643,661],[422,597,617,618,619,620,636,644,653,655,663,682,685],[581,642],[652,673],[637,496,584,601,629,639,641,678,679],[394,676],[34],[107],[173],[427],[480],[556],[558],[563],[573],[574],[575],[576],[577],[579],[580],[582],[583],[586],[587],[588],[589],[590],[592],[593],[594],[595],[596],[598],[599],[603],[605],[609],[610],[611],[612],[615],[616],[621],[622],[623],[625],[626],[628],[630],[631],[632],[633],[634],[635],[640],[645],[646],[647],[648],[649],[650],[654],[656],[657],[660],[662],[664],[665],[666],[667],[670],[671],[672],[675],[677],[680],[681],[684]]","[[376,348,370,373,374,378,391,395,400,412,423,428,431,436,438,465,475,483,492,500,506,513,515,524,542,544,559,561,591,606,614,651,669],[592,573,579,589,596,597,609,619,620,636,644,653,666],[630,598,617,618,657],[683,461,514,567],[654,680],[363,566],[434,563],[34],[107],[173],[394],[422],[427],[480],[496],[556],[558],[574],[575],[576],[577],[578],[580],[581],[582],[583],[584],[586],[587],[588],[590],[593],[594],[595],[599],[600],[601],[603],[604],[605],[610],[611],[612],[615],[616],[621],[622],[623],[625],[626],[627],[628],[629],[631],[632],[633],[634],[635],[637],[639],[640],[641],[642],[643],[645],[646],[647],[648],[649],[650],[652],[655],[656],[658],[659],[660],[661],[662],[663],[664],[665],[667],[670],[671],[672],[673],[675],[676],[677],[678],[679],[681],[682],[684],[685],[553]]"
414,150,14,1024,1209.48,797.0,739.0,0.4,722,791.33,465.0,426.74999999999727,True,102,40,8,5,0.002495,True,19.660679801348344,40.0,64,81,0.4,0.4,2,inf,80.252725,0.002798,80.255523,True,150,36,8,5,0.002208,True,12.097791912010042,21.0,3,82,0.4,0.4,2,inf,98.052804,0.002735,98.055539,"[[376,348,363,370,373,374,378,391,395,400,412,423,428,431,434,436,438,461,465,475,483,492,500,506,513,514,515,524,542,544,553,559,561,566,567,591,604,606,614,651,669,683],[578,627,658,659],[600,643,661],[422,597,617,618,619,620,636,644,653,655,663,682,685],[581,642],[652,673],[637,496,584,601,629,639,641,678,679],[394,676],[34],[107],[173],[427],[480],[556],[558],[563],[573],[574],[575],[576],[577],[579],[580],[582],[583],[586],[587],[588],[589],[590],[592],[593],[594],[595],[596],[598],[599],[603],[605],[609],[610],[611],[612],[615],[616],[621],[622],[623],[625],[626],[628],[630],[631],[632],[633],[634],[635],[640],[645],[646],[647],[648],[649],[650],[654],[656],[657],[660],[662],[664],[665],[666],[667],[670],[671],[672],[675],[677],[680],[681],[684]]","[[513,370,373,376,378,391,395,400,412,423,428,436,438,461,465,475,483,492,500,506,514,515,524,544,559,561,566,567,591,604,614,669,683],[592,573,575,579,598,605,611,618,622,623,625,664,672,685],[348,363,431,553],[580,107,434,496,641],[422,593,596,601,609,617,619,620,630,631,644,653,654,657,678],[394,556],[651,563],[34],[173],[374],[427],[480],[542],[558],[574],[576],[577],[578],[581],[582],[583],[584],[586],[587],[588],[589],[590],[594],[595],[597],[599],[600],[603],[606],[610],[612],[615],[616],[621],[626],[627],[628],[629],[632],[633],[634],[635],[636],[639],[640],[642],[643],[645],[646],[647],[648],[649],[650],[652],[655],[656],[658],[659],[660],[661],[662],[663],[665],[666],[667],[670],[671],[673],[675],[676],[677],[679],[680],[681],[682],[684],[637]]"
414,150,15,1024,1209.48,797.0,739.0,0.4,721,843.98,465.0,447.25,True,102,40,8,5,0.002495,True,19.660679801348344,40.0,64,81,0.4,0.4,2,inf,80.252725,0.002798,80.255523,True,150,36,8,5,0.002127,True,12.523366775911693,23.0,15,78,0.4,0.4,2,inf,152.915261,0.002647,152.917908,"[[376,348,363,370,373,374,378,391,395,400,412,423,428,431,434,436,438,461,465,475,483,492,500,506,513,514,515,524,542,544,553,559,561,566,567,591,604,606,614,651,669,683],[578,627,658,659],[600,643,661],[422,597,617,618,619,620,636,644,653,655,663,682,685],[581,642],[652,673],[637,496,584,601,629,639,641,678,679],[394,676],[34],[107],[173],[427],[480],[556],[558],[563],[573],[574],[575],[576],[577],[579],[580],[582],[583],[586],[587],[588],[589],[590],[592],[593],[594],[595],[596],[598],[599],[603],[605],[609],[610],[611],[612],[615],[616],[621],[622],[623],[625],[626],[628],[630],[631],[632],[633],[634],[635],[640],[645],[646],[647],[648],[649],[650],[654],[656],[657],[660],[662],[664],[665],[666],[667],[670],[671],[672],[675],[677],[680],[681],[684]]","[[376,348,363,370,373,374,378,391,395,400,412,423,428,436,438,461,465,475,483,492,496,500,506,513,524,542,544,553,559,561,566,567,669,683],[579,588,592,597,598,605,609,617,619,620,623,626,636,644,654,663,666,680],[630,574,612,616,618,631,655,657,664,672,684],[637,580,601,614,641,645],[596,422,584,653],[394,556],[563,431,434],[651,604],[34],[107],[173],[427],[480],[514],[515],[558],[573],[575],[576],[577],[578],[581],[582],[583],[586],[587],[589],[590],[593],[594],[595],[599],[600],[603],[606],[610],[611],[615],[621],[622],[625],[627],[628],[629],[632],[633],[634],[635],[639],[640],[642],[643],[646],[647],[648],[649],[650],[652],[656],[658],[659],[660],[661],[662],[665],[667],[670],[671],[673],[675],[676],[677],[678],[679],[681],[682],[685],[591]]"
414,150,16,1024,1209.48,797.0,739.0,0.4,714,813.03,465.0,423.5,True,102,40,8,5,0.002495,True,19.660679801348344,40.0,64,81,0.4,0.4,2,inf,80.252725,0.002798,80.255523,True,150,36,8,5,0.002196,True,12.288673494647027,22.0,9,88,0.4,0.4,2,inf,105.917157,0.002805,105.919962,"[[376,348,363,370,373,374,378,391,395,400,412,423,428,431,434,436,438,461,465,475,483,492,500,506,513,514,515,524,542,544,553,559,561,566,567,591,604,606,614,651,669,683],[578,627,658,659],[600,643,661],[422,597,617,618,619,620,636,644,653,655,663,682,685],[581,642],[652,673],[637,496,584,601,629,639,641,678,679],[394,676],[34],[107],[173],[427],[480],[556],[558],[563],[573],[574],[575],[576],[577],[579],[580],[582],[583],[586],[587],[588],[589],[590],[592],[593],[594],[595],[596],[598],[599],[603],[605],[609],[610],[611],[612],[615],[616],[621],[622],[623],[625],[626],[628],[630],[631],[632],[633],[634],[635],[640],[645],[646],[647],[648],[649],[650],[654],[656],[657],[660],[662],[664],[665],[666],[667],[670],[671],[672],[675],[677],[680],[681],[684]]","[[373,348,370,374,376,391,395,400,412,423,428,431,436,461,465,475,483,492,506,513,514,524,542,544,553,556,559,561,567,591,604,614,645,669,683],[630,422,574,579,596,609,612,636,655,663,666,682],[515,394,434,496,580,620,641],[566,378,500,651],[654,573,575,625,677],[563,427,438,594],[605,653],[34],[107],[173],[363],[480],[558],[576],[577],[578],[581],[582],[583],[584],[586],[587],[588],[589],[590],[592],[593],[595],[597],[598],[599],[600],[601],[603],[606],[610],[611],[615],[616],[617],[618],[619],[621],[622],[623],[626],[627],[628],[629],[631],[632],[633],[634],[635],[639],[640],[642],[643],[644],[646],[647],[648],[649],[650],[652],[656],[657],[658],[659],[660],[661],[662],[664],[665],[667],[670],[671],[672],[673],[675],[676],[678],[679],[680],[681],[684],[685],[637]]"
414,150,17,1024,1209.48,797.0,739.0,0.4,716,809.54,465.0,435.5,True,102,40,8,5,0.002495,True,19.660679801348344,40.0,64,81,0.4,0.4,2,inf,80.252725,0.002798,80.255523,True,150,34,8,5,0.002185,True,12.216304619874034,24.0,14,91,0.4,0.4,2,inf,159.87918,0.002666,159.881846,"[[376,348,363,370,373,374,378,391,395,400,412,423,428,431,434,436,438,461,465,475,483,492,500,506,513,514,515,524,542,544,553,559,561,566,567,591,604,606,614,651,669,683],[578,627,658,659],[600,643,661],[422,597,617,618,619,620,636,644,653,655,663,682,685],[581,642],[652,673],[637,496,584,601,629,639,641,678,679],[394,676],[34],[107],[173],[427],[480],[556],[558],[563],[573],[574],[575],[576],[577],[579],[580],[582],[583],[586],[587],[588],[589],[590],[592],[593],[594],[595],[596],[598],[599],[603],[605],[609],[610],[611],[612],[615],[616],[621],[622],[623],[625],[626],[628],[630],[631],[632],[633],[634],[635],[640],[645],[646],[647],[648],[649],[650],[654],[656],[657],[660],[662],[664],[665],[666],[667],[670],[671],[672],[675],[677],[680],[681],[684]]","[[376,348,373,374,378,391,400,428,431,436,438,461,465,475,483,492,500,506,513,514,515,524,542,544,553,559,566,591,614,669],[654,422,592,609,611,617,644,653,684],[604,423,563,567,645,651,676],[561,412,606],[637,363,496,601],[579,597,619,620,625,663,664],[683,370,394],[596,618,655],[587,634],[395],[636],[34],[107],[173],[427],[434],[480],[556],[558],[573],[574],[575],[576],[577],[578],[581],[582],[583],[584],[586],[588],[589],[590],[593],[594],[595],[598],[599],[600],[603],[605],[610],[612],[615],[616],[621],[622],[623],[626],[627],[628],[629],[630],[631],[632],[633],[635],[639],[640],[641],[642],[643],[646],[647],[648],[649],[650],[652],[656],[657],[658],[659],[660],[661],[662],[665],[666],[667],[670],[671],[672],[673],[675],[677],[678],[679],[680],[681],[682],[685],[580]]"
414,150,18,1024,1209.48,797.0,739.0,0.4,742,813.82,465.0,437.75,True,102,40,8,5,0.002495,True,19.660679801348344,40.0,64,81,0.4,0.4,2,inf,80.252725,0.002798,80.255523,True,150,39,8,5,0.002151,True,12.149605623378218,23.0,52,92,0.4,0.4,2,inf,131.891955,0.002644,131.894599,"[[376,348,363,370,373,374,378,391,395,400,412,423,428,431,434,436,438,461,465,475,483,492,500,506,513,514,515,524,542,544,553,559,561,566,567,591,604,606,614,651,669,683],[578,627,658,659],[600,643,661],[422,597,617,618,619,620,636,644,653,655,663,682,685],[581,642],[652,673],[637,496,584,601,629,639,641,678,679],[394,676],[34],[107],[173],[427],[480],[556],[558],[563],[573],[574],[575],[576],[577],[579],[580],[582],[583],[586],[587],[588],[589],[590],[592],[593],[594],[595],[596],[598],[599],[603],[605],[609],[610],[611],[612],[615],[616],[621],[622],[623],[625],[626],[628],[630],[631],[632],[633],[634],[635],[640],[645],[646],[647],[648],[649],[650],[654],[656],[657],[660],[662],[664],[665],[666],[667],[670],[671],[672],[675],[677],[680],[681],[684]]","[[513,348,363,370,373,374,376,378,391,395,400,412,423,428,431,436,438,461,465,475,483,492,500,506,514,515,524,544,553,559,561,563,566,567,591,604,614,637,651,683],[422,597,618,619,620,630,636,644,653,678,680,685],[580,107,434,601,641],[556,542,676],[645,634,669],[606],[34],[173],[427],[480],[496],[558],[573],[574],[575],[576],[577],[578],[579],[581],[582],[583],[584],[586],[587],[588],[589],[590],[592],[593],[594],[595],[596],[598],[599],[600],[603],[605],[609],[610],[611],[612],[615],[616],[617],[621],[622],[623],[625],[626],[627],[628],[629],[631],[632],[633],[635],[639],[640],[642],[643],[646],[647],[648],[649],[650],[652],[654],[655],[656],[657],[658],[659],[660],[661],[662],[663],[664],[665],[666],[667],[670],[671],[672],[673],[675],[677],[679],[681],[682],[684],[394]]"
414,150,19,1024,1209.48,797.0,739.0,0.4,732,836.76,465.0,446.25,True,102,40,8,5,0.002495,True,19.660679801348344,40.0,64,81,0.4,0.4,2,inf,80.252725,0.002798,80.255523,True,150,38,8,5,0.002115,True,12.53217634186243,22.0,33,100,0.4,0.4,2,inf,100.134781,0.002839,100.13762,"[[376,348,363,370,373,374,378,391,395,400,412,423,428,431,434,436,438,461,465,475,483,492,500,506,513,514,515,524,542,544,553,559,561,566,567,591,604,606,614,651,669,683],[578,627,658,659],[600,643,661],[422,597,617,618,619,620,636,644,653,655,663,682,685],[581,642],[652,673],[637,496,584,601,629,639,641,678,679],[394,676],[34],[107],[173],[427],[480],[556],[558],[563],[573],[574],[575],[576],[577],[579],[580],[582],[583],[586],[587],[588],[589],[590],[592],[593],[594],[595],[596],[598],[599],[603],[605],[609],[610],[611],[612],[615],[616],[621],[622],[623],[625],[626],[628],[630],[631],[632],[633],[634],[635],[640],[645],[646],[647],[648],[649],[650],[654],[656],[657],[660],[662],[664],[665],[666],[667],[670],[671],[672],[675],[677],[680],[681],[684]]","[[376,348,363,370,373,374,378,391,395,400,412,423,428,431,436,438,461,465,475,483,492,500,506,513,515,524,542,544,553,559,561,566,567,580,591,604,614,637,651,669,683],[645,586,587,606,634,671],[394,556,620],[434,496],[422,653,685],[34],[107],[173],[427],[480],[558],[563],[573],[574],[575],[576],[577],[578],[579],[581],[582],[583],[584],[588],[589],[590],[592],[593],[594],[595],[596],[597],[598],[599],[600],[601],[603],[605],[609],[610],[611],[612],[615],[616],[617],[618],[619],[621],[622],[623],[625],[626],[627],[628],[629],[630],[631],[632],[633],[635],[636],[639],[640],[641],[642],[643],[644],[646],[647],[648],[649],[650],[652],[654],[655],[656],[657],[658],[659],[660],[661],[662],[663],[664],[665],[666],[667],[670],[672],[673],[675],[676],[677],[678],[679],[680],[681],[682],[684],[514]]"
414,150,20,1024,1209.48,797.0,739.0,0.4,759,830.45,465.0,435.0,True,102,40,8,5,0.002495,True,19.660679801348344,40.0,64,81,0.4,0.4,2,inf,80.252725,0.002798,80.255523,True,150,38,8,5,0.002448,True,11.983365638379079,25.0,52,91,0.4,0.4,2,inf,103.521239,0.002767,103.524006,"[[376,348,363,370,373,374,378,391,395,400,412,423,428,431,434,436,438,461,465,475,483,492,500,506,513,514,515,524,542,544,553,559,561,566,567,591,604,606,614,651,669,683],[578,627,658,659],[600,643,661],[422,597,617,618,619,620,636,644,653,655,663,682,685],[581,642],[652,673],[637,496,584,601,629,639,641,678,679],[394,676],[34],[107],[173],[427],[480],[556],[558],[563],[573],[574],[575],[576],[577],[579],[580],[582],[583],[586],[587],[588],[589],[590],[592],[593],[594],[595],[596],[598],[599],[603],[605],[609],[610],[611],[612],[615],[616],[621],[622],[623],[625],[626],[628],[630],[631],[632],[633],[634],[635],[640],[645],[646],[647],[648],[649],[650],[654],[656],[657],[660],[662],[664],[665],[666],[667],[670],[671],[672],[675],[677],[680],[681],[684]]","[[376,348,370,373,378,391,395,400,412,428,431,434,436,438,461,465,475,483,492,496,500,506,513,514,524,542,544,553,559,561,566,567,591,614,669],[580,107,515,641,656],[630,597,598,612,616,620,626,663,664,685],[604,645,676],[683,423,556],[592,573,605,636,666],[601,394,637],[634,587,651],[34],[173],[363],[374],[422],[427],[480],[558],[563],[574],[575],[576],[577],[578],[581],[582],[583],[584],[586],[588],[589],[590],[593],[594],[595],[596],[599],[600],[603],[606],[609],[610],[611],[615],[617],[618],[619],[621],[622],[623],[625],[627],[628],[629],[631],[632],[633],[635],[639],[640],[642],[643],[644],[646],[647],[648],[649],[650],[652],[653],[654],[655],[657],[658],[659],[660],[661],[662],[665],[667],[670],[671],[672],[673],[675],[677],[678],[679],[680],[681],[682],[684],[579]]"
414,150,21,1024,1209.48,797.0,739.0,0.4,686,819.59,465.0,439.75,True,102,40,8,5,0.002495,True,19.660679801348344,40.0,64,81,0.4,0.4,2,inf,80.252725,0.002798,80.255523,True,150,38,8,5,0.00218,True,12.016973384424269,20.0,37,97,0.4,0.4,2,inf,90.248824,0.002624,90.251448,"[[376,348,363,370,373,374,378,391,395,400,412,423,428,431,434,436,438,461,465,475,483,492,500,506,513,514,515,524,542,544,553,559,561,566,567,591,604,606,614,651,669,683],[578,627,658,659],[600,643,661],[422,597,617,618,619,620,636,644,653,655,663,682,685],[581,642],[652,673],[637,496,584,601,629,639,641,678,679],[394,676],[34],[107],[173],[427],[480],[556],[558],[563],[573],[574],[575],[576],[577],[579],[580],[582],[583],[586],[587],[588],[589],[590],[592],[593],[594],[595],[596],[598],[599],[603],[605],[609],[610],[611],[612],[615],[616],[621],[622],[623],[625],[626],[628],[630],[631],[632],[633],[634],[635],[640],[645],[646],[647],[648],[649],[650],[654],[656],[657],[660],[662],[664],[665],[666],[667],[670],[671],[672],[675],[677],[680],[681],[684]]","[[492,348,370,373,376,378,391,395,400,412,423,428,431,434,436,438,461,465,475,483,500,506,513,515,524,542,553,559,561,566,567,591,604,614,651,683],[630,605,609,617,618,636,644,684,685],[606,669],[676,544,556],[573,579,592,598,619,680],[580,514,641],[34],[107],[173],[363],[374],[394],[422],[427],[480],[496],[558],[563],[574],[575],[576],[577],[578],[581],[582],[583],[584],[586],[587],[588],[589],[590],[593],[594],[595],[596],[597],[599],[600],[601],[603],[610],[611],[612],[615],[616],[620],[621],[622],[623],[625],[626],[627],[628],[629],[631],[632],[633],[634],[635],[637],[639],[640],[642],[643],[645],[646],[647],[648],[649],[650],[652],[653],[654],[655],[656],[657],[658],[659],[660],[661],[662],[663],[664],[665],[666],[667],[670],[671],[672],[673],[675],[677],[678],[679],[681],[682]]"
414,150,22,1024,1209.48,797.0,739.0,0.4,691,792.23,465.0,405.0,True,102,40,8,5,0.002495,True,19.660679801348344,40.0,64,81,0.4,0.4,2,inf,80.252725,0.002798,80.255523,True,150,37,8,5,0.002157,True,11.234677068577057,19.0,120,81,0.4,0.4,2,inf,141.635996,0.00281,141.638806,"[[376,348,363,370,373,374,378,391,395,400,412,423,428,431,434,436,438,461,465,475,483,492,500,506,513,514,515,524,542,544,553,559,561,566,567,591,604,606,614,651,669,683],[578,627,658,659],[600,643,661],[422,597,617,618,619,620,636,644,653,655,663,682,685],[581,642],[652,673],[637,496,584,601,629,639,641,678,679],[394,676],[34],[107],[173],[427],[480],[556],[558],[563],[573],[574],[575],[576],[577],[579],[580],[582],[583],[586],[587],[588],[589],[590],[592],[593],[594],[595],[596],[598],[599],[603],[605],[609],[610],[611],[612],[615],[616],[621],[622],[623],[625],[626],[628],[630],[631],[632],[633],[634],[635],[640],[645],[646],[647],[648],[649],[650],[654],[656],[657],[660],[662],[664],[665],[666],[667],[670],[671],[672],[675],[677],[680],[681],[684]]","[[376,348,363,370,373,374,378,391,395,400,412,423,428,431,436,438,461,465,475,483,492,500,506,513,514,515,524,542,544,553,559,561,566,567,591,604,614,651,669,683],[592,422,579,597,617,619,630,636,644,653,664,685],[573,605,666,684],[394,601,620,676],[654,588,589,611,626],[637,496,580],[609,596,680],[645,587,606,646],[563,594],[678,682],[34],[107],[173],[427],[434],[480],[556],[558],[574],[575],[576],[577],[578],[581],[582],[583],[584],[586],[590],[593],[595],[598],[599],[600],[603],[610],[612],[615],[616],[618],[621],[622],[623],[625],[627],[628],[629],[631],[632],[633],[634],[635],[639],[640],[641],[642],[643],[647],[648],[649],[650],[652],[655],[656],[657],[658],[659],[660],[661],[662],[663],[665],[667],[670],[671],[672],[673],[675],[677],[679],[681]]"
414,150,23,1024,1209.48,797.0,739.0,0.4,736,811.73,465.0,434.5,True,102,40,8,5,0.002495,True,19.660679801348344,40.0,64,81,0.4,0.4,2,inf,80.252725,0.002798,80.255523,True,150,35,8,5,0.002453,True,11.907905520571143,22.0,52,99,0.4,0.4,2,inf,107.061313,0.002679,107.063992,"[[376,348,363,370,373,374,378,391,395,400,412,423,428,431,434,436,438,461,465,475,483,492,500,506,513,514,515,524,542,544,553,559,561,566,567,591,604,606,614,651,669,683],[578,627,658,659],[600,643,661],[422,597,617,618,619,620,636,644,653,655,663,682,685],[581,642],[652,673],[637,496,584,601,629,639,641,678,679],[394,676],[34],[107],[173],[427],[480],[556],[558],[563],[573],[574],[575],[576],[577],[579],[580],[582],[583],[586],[587],[588],[589],[590],[592],[593],[594],[595],[596],[598],[599],[603],[605],[609],[610],[611],[612],[615],[616],[621],[622],[623],[625],[626],[628],[630],[631],[632],[633],[634],[635],[640],[645],[646],[647],[648],[649],[650],[654],[656],[657],[660],[662],[664],[665],[666],[667],[670],[671],[672],[675],[677],[680],[681],[684]]","[[513,348,373,376,378,391,395,400,412,423,428,431,436,438,461,465,475,483,492,500,506,514,515,524,544,553,559,561,566,591,604,606,645,651,669],[592,573,588,598,603,605,612,619,636,653,654],[637,496,601,614],[394,556,683],[542,580],[363,370],[34],[107],[173],[374],[422],[427],[434],[480],[558],[563],[567],[574],[575],[576],[577],[578],[579],[581],[582],[583],[584],[586],[587],[589],[590],[593],[594],[595],[596],[597],[599],[600],[609],[610],[611],[615],[616],[617],[618],[620],[621],[622],[623],[625],[626],[627],[628],[629],[630],[631],[632],[633],[634],[635],[639],[640],[641],[642],[643],[644],[646],[647],[648],[649],[650],[652],[655],[656],[657],[658],[659],[660],[661],[662],[663],[664],[665],[666],[667],[670],[671],[672],[673],[675],[676],[677],[678],[679],[680],[681],[682],[684],[685]]"
414,150,24,1024,1209.48,797.0,739.0,0.4,722,800.43,465.0,429.0,True,102,40,8,5,0.002495,True,19.660679801348344,40.0,64,81,0.4,0.4,2,inf,80.252725,0.002798,80.255523,True,150,35,8,5,0.002136,True,12.184343438489881,25.0,97,105,0.4,0.4,2,inf,94.28703,0.002629,94.289659,"[[376,348,363,370,373,374,378,391,395,400,412,423,428,431,434,436,438,461,465,475,483,492,500,506,513,514,515,524,542,544,553,559,561,566,567,591,604,606,614,651,669,683],[578,627,658,659],[600,643,661],[422,597,617,618,619,620,636,644,653,655,663,682,685],[581,642],[652,673],[637,496,584,601,629,639,641,678,679],[394,676],[34],[107],[173],[427],[480],[556],[558],[563],[573],[574],[575],[576],[577],[579],[580],[582],[583],[586],[587],[588],[589],[590],[592],[593],[594],[595],[596],[598],[599],[603],[605],[609],[610],[611],[612],[615],[616],[621],[622],[623],[625],[626],[628],[630],[631],[632],[633],[634],[635],[640],[645],[646],[647],[648],[649],[650],[654],[656],[657],[660],[662],[664],[665],[666],[667],[670],[671],[672],[675],[677],[680],[681],[684]]","[[376,348,363,370,373,374,378,391,395,400,412,423,428,431,436,438,461,465,475,483,492,500,506,513,514,515,524,542,544,553,559,561,566,567,591,614,669,683],[394,556,676],[563,434,594,604,645],[641,580,637],[34],[107],[173],[422],[427],[480],[496],[558],[573],[574],[575],[576],[577],[578],[579],[581],[582],[583],[584],[586],[587],[588],[589],[590],[592],[593],[595],[596],[597],[598],[599],[600],[601],[603],[605],[606],[609],[610],[611],[612],[615],[616],[617],[618],[619],[620],[621],[622],[623],[625],[626],[627],[628],[629],[630],[631],[632],[633],[634],[635],[636],[639],[640],[642],[643],[644],[646],[647],[648],[649],[650],[651],[652],[653],[654],[655],[656],[657],[658],[659],[660],[661],[662],[663],[664],[665],[666],[667],[670],[671],[672],[673],[675],[677],[678],[679],[680],[681],[682],[684],[685]]"
414,150,25,1024,1209.48,797.0,739.0,0.4,695,807.89,465.0,427.5,True,102,40,8,5,0.002495,True,19.660679801348344,40.0,64,81,0.4,0.4,2,inf,80.252725,0.002798,80.255523,True,150,38,8,5,0.002225,True,11.862162230958427,20.0,97,70,0.4,0.4,2,inf,98.210823,0.002714,98.213537,"[[376,348,363,370,373,374,378,391,395,400,412,423,428,431,434,436,438,461,465,475,483,492,500,506,513,514,515,524,542,544,553,559,561,566,567,591,604,606,614,651,669,683],[578,627,658,659],[600,643,661],[422,597,617,618,619,620,636,644,653,655,663,682,685],[581,642],[652,673],[637,496,584,601,629,639,641,678,679],[394,676],[34],[107],[173],[427],[480],[556],[558],[563],[573],[574],[575],[576],[577],[579],[580],[582],[583],[586],[587],[588],[589],[590],[592],[593],[594],[595],[596],[598],[599],[603],[605],[609],[610],[611],[612],[615],[616],[621],[622],[623],[625],[626],[628],[630],[631],[632],[633],[634],[635],[640],[645],[646],[647],[648],[649],[650],[654],[656],[657],[660],[662],[664],[665],[666],[667],[670],[671],[672],[675],[677],[680],[681],[684]]","[[376,348,363,373,378,391,395,400,412,423,428,431,436,438,461,465,475,483,492,500,506,513,514,515,524,542,544,553,559,561,566,580,591,606,614,651,669,683],[579,573,575,592,597,603,611,612,616,617,619,620,622,626,636,644,653,654,663,664,666,677,680,684,685],[637,496,584,629,639,641,678,679],[556,394,652,676],[422,593,596,601,618,631,655],[563,370],[604,434,567],[34],[107],[173],[427],[480],[558],[574],[576],[577],[578],[581],[582],[583],[586],[587],[588],[589],[590],[594],[595],[598],[599],[600],[605],[609],[610],[615],[621],[623],[625],[627],[628],[630],[632],[633],[634],[635],[640],[642],[643],[645],[646],[647],[648],[649],[650],[656],[657],[658],[659],[660],[661],[662],[665],[667],[670],[671],[672],[673],[675],[681],[682],[374]]"
414,150,26,1024,1209.48,797.0,739.0,0.4,705,789.8,465.0,418.5,True,102,40,8,5,0.002495,True,19.660679801348344,40.0,64,81,0.4,0.4,2,inf,80.252725,0.002798,80.255523,True,150,34,8,5,0.00226,True,11.735549741554888,24.0,97,112,0.4,0.4,2,inf,106.876634,0.002795,106.879429,"[[376,348,363,370,373,374,378,391,395,400,412,423,428,431,434,436,438,461,465,475,483,492,500,506,513,514,515,524,542,544,553,559,561,566,567,591,604,606,614,651,669,683],[578,627,658,659],[600,643,661],[422,597,617,618,619,620,636,644,653,655,663,682,685],[581,642],[652,673],[637,496,584,601,629,639,641,678,679],[394,676],[34],[107],[173],[427],[480],[556],[558],[563],[573],[574],[575],[576],[577],[579],[580],[582],[583],[586],[587],[588],[589],[590],[592],[593],[594],[595],[596],[598],[599],[603],[605],[609],[610],[611],[612],[615],[616],[621],[622],[623],[625],[626],[628],[630],[631],[632],[633],[634],[635],[640],[645],[646],[647],[648],[649],[650],[654],[656],[657],[660],[662],[664],[665],[666],[667],[670],[671],[672],[675],[677],[680],[681],[684]]","[[376,348,363,370,373,378,395,400,412,423,428,436,438,461,465,483,500,506,513,524,553,556,559,561,567,580,591,604,606,669,683],[514,374,475,544,566],[645,634,637,651],[391,614],[34],[107],[173],[394],[422],[427],[434],[480],[496],[515],[542],[558],[563],[573],[574],[575],[576],[577],[578],[579],[581],[582],[583],[584],[586],[587],[588],[589],[590],[592],[593],[594],[595],[596],[597],[598],[599],[600],[601],[603],[605],[609],[610],[611],[612],[615],[616],[617],[618],[619],[620],[621],[622],[623],[625],[626],[627],[628],[629],[630],[631],[632],[633],[635],[636],[639],[640],[641],[642],[643],[644],[646],[647],[648],[649],[650],[652],[653],[654],[655],[656],[657],[658],[659],[660],[661],[662],[663],[664],[665],[666],[667],[670],[671],[672],[673],[675],[676],[677],[678],[679],[680],[681],[682],[684],[685],[492],[431]]"
414,150,27,1024,1209.48,797.0,739.0,0.4,755,838.02,465.0,460.0,True,102,40,8,5,0.002495,True,19.660679801348344,40.0,64,81,0.4,0.4,2,inf,80.252725,0.002798,80.255523,True,150,33,8,5,0.002178,True,12.858389815706916,24.0,34,100,0.4,0.4,2,inf,92.310239,0.002593,92.312832,"[[376,348,363,370,373,374,378,391,395,400,412,423,428,431,434,436,438,461,465,475,483,492,500,506,513,514,515,524,542,544,553,559,561,566,567,591,604,606,614,651,669,683],[578,627,658,659],[600,643,661],[422,597,617,618,619,620,636,644,653,655,663,682,685],[581,642],[652,673],[637,496,584,601,629,639,641,678,679],[394,676],[34],[107],[173],[427],[480],[556],[558],[563],[573],[574],[575],[576],[577],[579],[580],[582],[583],[586],[587],[588],[589],[590],[592],[593],[594],[595],[596],[598],[599],[603],[605],[609],[610],[611],[612],[615],[616],[621],[622],[623],[625],[626],[628],[630],[631],[632],[633],[634],[635],[640],[645],[646],[647],[648],[649],[650],[654],[656],[657],[660],[662],[664],[665],[666],[667],[670],[671],[672],[675],[677],[680],[681],[684]]","[[591,348,363,370,373,374,376,378,391,395,400,412,423,428,431,434,436,438,461,465,475,483,492,500,506,513,524,553,559,561,563,566,567,614,651],[669,514,544,604,606,645],[580,496,542],[637,584,601,629,641,678,679],[630,605,636],[592,597],[515],[34],[107],[173],[394],[422],[427],[480],[556],[558],[573],[574],[575],[576],[577],[578],[579],[581],[582],[583],[586],[587],[588],[589],[590],[593],[594],[595],[596],[598],[599],[600],[603],[609],[610],[611],[612],[615],[616],[617],[618],[619],[620],[621],[622],[623],[625],[626],[627],[628],[631],[632],[633],[634],[635],[639],[640],[642],[643],[644],[646],[647],[648],[649],[650],[652],[653],[654],[655],[656],[657],[658],[659],[660],[661],[662],[663],[664],[665],[666],[667],[670],[671],[672],[673],[675],[676],[677],[680],[681],[682],[683],[684],[685]]"
414,150,28,1024,1209.48,797.0,739.0,0.4,734,806.86,465.0,432.0,True,102,40,8,5,0.002495,True,19.660679801348344,40.0,64,81,0.4,0.4,2,inf,80.252725,0.002798,80.255523,True,150,34,8,5,0.002215,True,11.866600910456164,25.0,97,95,0.4,0.4,2,inf,89.88279,0.002791,89.885581,"[[376,348,363,370,373,374,378,391,395,400,412,423,428,431,434,436,438,461,465,475,483,492,500,506,513,514,515,524,542,544,553,559,561,566,567,591,604,606,614,651,669,683],[578,627,658,659],[600,643,661],[422,597,617,618,619,620,636,644,653,655,663,682,685],[581,642],[652,673],[637,496,584,601,629,639,641,678,679],[394,676],[34],[107],[173],[427],[480],[556],[558],[563],[573],[574],[575],[576],[577],[579],[580],[582],[583],[586],[587],[588],[589],[590],[592],[593],[594],[595],[596],[598],[599],[603],[605],[609],[610],[611],[612],[615],[616],[621],[622],[623],[625],[626],[628],[630],[631],[632],[633],[634],[635],[640],[645],[646],[647],[648],[649],[650],[654],[656],[657],[660],[662],[664],[665],[666],[667],[670],[671],[672],[675],[677],[680],[681],[684]]","[[376,370,373,378,412,423,428,431,436,438,461,465,475,483,492,496,500,506,513,514,524,544,553,559,561,566,567,591,604,606,645,651,669],[592,597,616,618,619,620,626,654,664,680,684,685],[580,107,434,601,641,656],[422,596,617,663],[614,515,683],[395,400,637],[348],[34],[173],[363],[374],[394],[427],[480],[542],[556],[558],[563],[573],[574],[575],[576],[577],[578],[579],[581],[582],[583],[584],[586],[587],[588],[589],[590],[593],[594],[595],[598],[599],[600],[603],[605],[609],[610],[611],[612],[615],[621],[622],[623],[625],[627],[628],[629],[631],[632],[633],[634],[635],[636],[639],[640],[642],[643],[644],[646],[647],[648],[649],[650],[652],[653],[655],[657],[658],[659],[660],[661],[662],[665],[666],[667],[670],[671],[672],[673],[675],[676],[677],[678],[679],[681],[682],[391],[630]]"
414,150,29,1024,1209.48,797.0,739.0,0.4,747,823.54,465.0,454.5,True,102,40,8,5,0.002495,True,19.660679801348344,40.0,64,81,0.4,0.4,2,inf,80.252725,0.002798,80.255523,True,150,36,8,5,0.002346,True,12.67594701209566,23.0,64,81,0.4,0.4,2,inf,91.427809,0.002786,91.430595,"[[376,348,363,370,373,374,378,391,395,400,412,423,428,431,434,436,438,461,465,475,483,492,500,506,513,514,515,524,542,544,553,559,561,566,567,591,604,606,614,651,669,683],[578,627,658,659],[600,643,661],[422,597,617,618,619,620,636,644,653,655,663,682,685],[581,642],[652,673],[637,496,584,601,629,639,641,678,679],[394,676],[34],[107],[173],[427],[480],[556],[558],[563],[573],[574],[575],[576],[577],[579],[580],[582],[583],[586],[587],[588],[589],[590],[592],[593],[594],[595],[596],[598],[599],[603],[605],[609],[610],[611],[612],[615],[616],[621],[622],[623],[625],[626],[628],[630],[631],[632],[633],[634],[635],[640],[645],[646],[647],[648],[649],[650],[654],[656],[657],[660],[662],[664],[665],[666],[667],[670],[671],[672],[675],[677],[680],[681],[684]]","[[475,348,363,370,373,374,376,378,391,395,400,412,423,428,431,436,438,461,465,483,492,496,500,506,513,514,515,524,542,553,559,561,567,591,604],[630,574,575,579,596,598,605,609,612,616,617,625,626,631,636,644,653,655,657,663,664,666],[637,614,641,669],[544,394,566,676],[651,587,634,646],[422,593,619,620,685],[645,683],[34],[107],[173],[427],[434],[480],[556],[558],[563],[573],[576],[577],[578],[581],[582],[583],[584],[586],[588],[589],[590],[592],[594],[595],[597],[599],[600],[601],[603],[606],[610],[611],[615],[618],[621],[622],[623],[627],[628],[629],[632],[633],[635],[639],[640],[642],[643],[647],[648],[649],[650],[652],[654],[656],[658],[659],[660],[661],[662],[665],[667],[670],[671],[672],[673],[675],[677],[678],[679],[680],[681],[682],[684],[580]]"
414,150,30,1024,1209.48,797.0,739.0,0.4,747,835.7,465.0,437.9999999999982,True,102,40,8,5,0.002495,True,19.660679801348344,40.0,64,81,0.4,0.4,2,inf,80.252725,0.002798,80.255523,True,150,39,8,5,0.002424,True,12.321412244909759,23.0,52,87,0.4,0.4,2,inf,94.564732,0.00279,94.567522,"[[376,348,363,370,373,374,378,391,395,400,412,423,428,431,434,436,438,461,465,475,483,492,500,506,513,514,515,524,542,544,553,559,561,566,567,591,604,606,614,651,669,683],[578,627,658,659],[600,643,661],[422,597,617,618,619,620,636,644,653,655,663,682,685],[581,642],[652,673],[637,496,584,601,629,639,641,678,679],[394,676],[34],[107],[173],[427],[480],[556],[558],[563],[573],[574],[575],[576],[577],[579],[580],[582],[583],[586],[587],[588],[589],[590],[592],[593],[594],[595],[596],[598],[599],[603],[605],[609],[610],[611],[612],[615],[616],[621],[622],[623],[625],[626],[628],[630],[631],[632],[633],[634],[635],[640],[645],[646],[647],[648],[649],[650],[654],[656],[657],[660],[662],[664],[665],[666],[667],[670],[671],[672],[675],[677],[680],[681],[684]]","[[376,348,370,373,374,378,391,395,400,412,423,428,431,436,438,461,465,483,492,496,500,506,513,514,515,524,542,544,553,559,561,566,567,580,591,606,614,669,683],[422,593,596,620,636,644,655,657,663,680,682,685],[645,587,651],[434,563,604],[592,573,597,611,616,618,626,653,684],[619,630],[475,363],[34],[107],[173],[394],[427],[480],[556],[558],[574],[575],[576],[577],[578],[579],[581],[582],[583],[584],[586],[588],[589],[590],[594],[595],[598],[599],[600],[601],[603],[605],[609],[610],[612],[615],[617],[621],[622],[623],[625],[627],[628],[629],[631],[632],[633],[634],[635],[637],[639],[640],[641],[642],[643],[646],[647],[648],[649],[650],[652],[654],[656],[658],[659],[660],[661],[662],[664],[665],[666],[667],[670],[671],[672],[673],[675],[676],[677],[678],[679],[681]]"
686,168,1,1338,1649.13,,826.5,0.05,1233,1522.15,,775.0,True,107,58,8,5,0.003366,True,30.47983593606501,69.0,160,100,0.4,0.4,2,inf,121.405524,0.003413,121.408937,True,115,52,8,5,0.003448,True,28.883539273101597,65.0,25,113,0.4,0.4,2,inf,153.717216,0.003422,153.720638,"[[828,687,693,696,698,706,708,709,711,718,726,727,731,737,739,741,751,752,754,759,760,764,766,770,772,773,774,778,780,784,792,800,807,810,814,815,817,819,829,834,835,837,838,840,842,844,845,847,848,849,851,853,856],[827,694,697,719,724,745,781,805,823,824,830],[713,695,722,738,762,787,831],[705],[688],[689],[690],[691],[699],[700],[701],[702],[703],[704],[707],[710],[712],[714],[715],[716],[717],[720],[721],[723],[725],[728],[729],[730],[732],[733],[734],[735],[736],[740],[742],[743],[744],[746],[747],[748],[749],[750],[753],[755],[756],[757],[758],[761],[763],[765],[767],[768],[769],[771],[775],[776],[777],[779],[782],[783],[785],[786],[788],[789],[790],[791],[793],[794],[795],[796],[797],[798],[799],[802],[803],[804],[806],[808],[809],[811],[812],[813],[816],[818],[820],[821],[822],[825],[826],[832],[833],[836],[839],[841],[843],[846],[850],[852],[854],[855]]","[[828,688,693,696,698,706,708,726,727,731,737,739,741,751,752,754,760,764,766,772,773,774,778,780,784,800,807,810,814,815,817,819,820,827,829,830,834,838,840,842,844,845,847,849,851,853],[724,694,697,719,745,781,805,823,824],[856,687,769],[728],[747],[689],[690],[691],[695],[699],[700],[701],[702],[704],[707],[709],[710],[711],[712],[714],[715],[716],[717],[718],[720],[721],[722],[723],[725],[729],[730],[732],[733],[734],[735],[736],[738],[740],[742],[743],[744],[746],[748],[749],[750],[753],[755],[756],[757],[758],[759],[761],[762],[763],[765],[767],[768],[770],[771],[775],[776],[777],[779],[782],[783],[785],[786],[787],[788],[789],[790],[791],[792],[793],[794],[795],[796],[797],[798],[799],[802],[803],[804],[806],[808],[809],[811],[812],[813],[816],[818],[821],[822],[825],[826],[831],[832],[833],[835],[836],[837],[839],[841],[843],[846],[848],[850],[852],[854],[855],[703],[705],[713]]"
686,168,2,1338,1649.13,,826.5,0.05,1301,1530.89,,779.0,True,107,58,8,5,0.003366,True,30.47983593606501,69.0,160,100,0.4,0.4,2,inf,121.405524,0.003413,121.408937,True,115,51,8,5,0.003253,True,28.361829818192074,57.0,25,107,0.4,0.4,2,inf,150.525084,0.003351,150.528435,"[[828,687,693,696,698,706,708,709,711,718,726,727,731,737,739,741,751,752,754,759,760,764,766,770,772,773,774,778,780,784,792,800,807,810,814,815,817,819,829,834,835,837,838,840,842,844,845,847,848,849,851,853,856],[827,694,697,719,724,745,781,805,823,824,830],[713,695,722,738,762,787,831],[705],[688],[689],[690],[691],[699],[700],[701],[702],[703],[704],[707],[710],[712],[714],[715],[716],[717],[720],[721],[723],[725],[728],[729],[730],[732],[733],[734],[735],[736],[740],[742],[743],[744],[746],[747],[748],[749],[750],[753],[755],[756],[757],[758],[761],[763],[765],[767],[768],[769],[771],[775],[776],[777],[779],[782],[783],[785],[786],[788],[789],[790],[791],[793],[794],[795],[796],[797],[798],[799],[802],[803],[804],[806],[808],[809],[811],[812],[813],[816],[818],[820],[821],[822],[825],[826],[832],[833],[836],[839],[841],[843],[846],[850],[852],[854],[855]]","[[828,693,696,697,698,706,708,724,726,727,731,741,751,754,760,766,772,773,774,778,780,784,800,807,814,815,817,819,824,829,834,840,842,844,845,847,848,851,853],[752,694,713,719,745,781,805,810,823,827,830],[705,718,722,728,738,759,762,770,787,820,831,835,849],[703,764],[688],[687],[689],[690],[691],[695],[699],[700],[701],[702],[704],[707],[709],[710],[711],[712],[714],[715],[716],[717],[720],[721],[723],[725],[729],[730],[732],[733],[734],[735],[736],[737],[739],[740],[742],[743],[744],[746],[747],[748],[749],[750],[753],[755],[756],[757],[758],[761],[763],[765],[767],[768],[769],[771],[775],[776],[777],[779],[782],[783],[785],[786],[788],[789],[790],[791],[792],[793],[794],[795],[796],[797],[798],[799],[802],[803],[804],[806],[808],[809],[811],[812],[813],[816],[818],[821],[822],[825],[826],[832],[833],[836],[837],[838],[839],[841],[843],[846],[850],[852],[854],[855],[856]]"
686,168,3,1338,1649.13,,826.5,0.05,1302,1554.32,,780.0,True,107,58,8,5,0.003366,True,30.47983593606501,69.0,160,100,0.4,0.4,2,inf,121.405524,0.003413,121.408937,True,115,53,8,5,0.00321,True,28.831247442168337,67.0,17,100,0.4,0.4,2,inf,148.272162,0.003397,148.275559,"[[828,687,693,696,698,706,708,709,711,718,726,727,731,737,739,741,751,752,754,759,760,764,766,770,772,773,774,778,780,784,792,800,807,810,814,815,817,819,829,834,835,837,838,840,842,844,845,847,848,849,851,853,856],[827,694,697,719,724,745,781,805,823,824,830],[713,695,722,738,762,787,831],[705],[688],[689],[690],[691],[699],[700],[701],[702],[703],[704],[707],[710],[712],[714],[715],[716],[717],[720],[721],[723],[725],[728],[729],[730],[732],[733],[734],[735],[736],[740],[742],[743],[744],[746],[747],[748],[749],[750],[753],[755],[756],[757],[758],[761],[763],[765],[767],[768],[769],[771],[775],[776],[777],[779],[782],[783],[785],[786],[788],[789],[790],[791],[793],[794],[795],[796],[797],[798],[799],[802],[803],[804],[806],[808],[809],[811],[812],[813],[816],[818],[820],[821],[822],[825],[826],[832],[833],[836],[839],[841],[843],[846],[850],[852],[854],[855]]","[[828,687,693,696,698,706,708,709,711,718,723,726,727,731,737,739,741,751,752,754,759,760,764,766,769,770,772,773,774,778,780,792,800,807,810,814,815,817,820,827,829,834,835,837,838,840,842,844,845,847,848,853,856],[724,697,719,745,781,784,805,823,824,830],[703,728],[713,695,722,738,762,787,831],[688],[689],[690],[691],[699],[700],[701],[702],[704],[705],[707],[710],[712],[714],[715],[716],[717],[720],[721],[725],[729],[730],[732],[733],[734],[735],[736],[740],[742],[743],[744],[746],[747],[748],[749],[750],[753],[755],[756],[757],[758],[761],[763],[765],[767],[768],[771],[775],[776],[777],[779],[782],[783],[785],[786],[788],[789],[790],[791],[793],[794],[795],[796],[797],[798],[799],[802],[803],[804],[806],[808],[809],[811],[812],[813],[816],[818],[819],[821],[822],[825],[826],[832],[833],[836],[839],[841],[843],[846],[849],[850],[851],[852],[854],[855],[694]]"
686,168,4,1338,1649.13,,826.5,0.05,1282,1550.63,,784.5,True,107,58,8,5,0.003366,True,30.47983593606501,69.0,160,100,0.4,0.4,2,inf,121.405524,0.003413,121.408937,True,116,49,8,5,0.003208,True,28.66260896419648,65.0,17,104,0.4,0.4,2,inf,123.755723,0.003282,123.759005,"[[828,687,693,696,698,706,708,709,711,718,726,727,731,737,739,741,751,752,754,759,760,764,766,770,772,773,774,778,780,784,792,800,807,810,814,815,817,819,829,834,835,837,838,840,842,844,845,847,848,849,851,853,856],[827,694,697,719,724,745,781,805,823,824,830],[713,695,722,738,762,787,831],[705],[688],[689],[690],[691],[699],[700],[701],[702],[703],[704],[707],[710],[712],[714],[715],[716],[717],[720],[721],[723],[725],[728],[729],[730],[732],[733],[734],[735],[736],[740],[742],[743],[744],[746],[747],[748],[749],[750],[753],[755],[756],[757],[758],[761],[763],[765],[767],[768],[769],[771],[775],[776],[777],[779],[782],[783],[785],[786],[788],[789],[790],[791],[793],[794],[795],[796],[797],[798],[799],[802],[803],[804],[806],[808],[809],[811],[812],[813],[816],[818],[820],[821],[822],[825],[826],[832],[833],[836],[839],[841],[843],[846],[850],[852],[854],[855]]","[[828,687,693,696,698,706,708,709,718,723,726,727,731,739,741,751,752,754,760,764,766,770,772,774,778,792,807,810,814,817,819,826,834,835,838,840,842,844,845,847,848,849,851,853,856],[773,694,719,724,745,781,784,823,824,827,829],[713,695,722,738,748,762,787,800,831],[815,697,830],[805],[688],[689],[690],[691],[699],[700],[701],[702],[703],[704],[707],[710],[711],[712],[714],[715],[716],[717],[720],[721],[725],[728],[729],[730],[732],[733],[734],[735],[736],[737],[740],[742],[743],[744],[746],[747],[749],[750],[753],[755],[756],[757],[758],[759],[761],[763],[765],[767],[768],[769],[771],[775],[776],[777],[779],[780],[782],[783],[785],[786],[788],[789],[790],[791],[793],[794],[795],[796],[797],[798],[799],[802],[803],[804],[806],[808],[809],[811],[812],[813],[816],[818],[820],[821],[822],[825],[832],[833],[836],[837],[839],[841],[843],[846],[850],[852],[854],[855],[705]]"
686,168,5,1338,1649.13,,826.5,0.05,1270,1551.6,,783.0,True,107,58,8,5,0.003366,True,30.47983593606501,69.0,160,100,0.4,0.4,2,inf,121.405524,0.003413,121.408937,True,113,55,8,5,0.003189,True,28.768540468997433,56.0,30,110,0.4,0.4,2,inf,131.916482,0.003417,131.919899,"[[828,687,693,696,698,706,708,709,711,718,726,727,731,737,739,741,751,752,754,759,760,764,766,770,772,773,774,778,780,784,792,800,807,810,814,815,817,819,829,834,835,837,838,840,842,844,845,847,848,849,851,853,856],[827,694,697,719,724,745,781,805,823,824,830],[713,695,722,738,762,787,831],[705],[688],[689],[690],[691],[699],[700],[701],[702],[703],[704],[707],[710],[712],[714],[715],[716],[717],[720],[721],[723],[725],[728],[729],[730],[732],[733],[734],[735],[736],[740],[742],[743],[744],[746],[747],[748],[749],[750],[753],[755],[756],[757],[758],[761],[763],[765],[767],[768],[769],[771],[775],[776],[777],[779],[782],[783],[785],[786],[788],[789],[790],[791],[793],[794],[795],[796],[797],[798],[799],[802],[803],[804],[806],[808],[809],[811],[812],[813],[816],[818],[820],[821],[822],[825],[826],[832],[833],[836],[839],[841],[843],[846],[850],[852],[854],[855]]","[[828,687,696,698,706,708,718,726,727,731,737,739,741,751,752,759,760,764,766,770,772,773,774,778,780,792,800,807,810,814,817,819,838,840,842,844,845,847,848,856],[834,694,697,705,713,719,724,745,781,784,805,823,824,827,829,830,853],[748,787],[728,703,754],[688],[689],[690],[691],[693],[695],[699],[700],[701],[702],[704],[707],[709],[710],[711],[712],[714],[715],[716],[717],[720],[721],[722],[723],[725],[729],[730],[732],[733],[734],[735],[736],[738],[740],[742],[743],[744],[746],[747],[749],[750],[753],[755],[756],[757],[758],[761],[762],[763],[765],[767],[768],[769],[771],[775],[776],[777],[779],[782],[783],[785],[786],[788],[789],[790],[791],[793],[794],[795],[796],[797],[798],[799],[802],[803],[804],[806],[808],[809],[811],[812],[813],[815],[816],[818],[820],[821],[822],[825],[826],[831],[832],[833],[835],[836],[837],[839],[841],[843],[846],[849],[850],[851],[852],[854],[855]]"
686,168,6,1338,1649.13,,826.5,0.05,1299,1563.68,,786.5,True,107,58,8,5,0.003366,True,30.47983593606501,69.0,160,100,0.4,0.4,2,inf,121.405524,0.003413,121.408937,True,113,56,8,5,0.003221,True,28.33717402709975,63.0,17,102,0.4,0.4,2,inf,124.904336,0.003335,124.907671,"[[828,687,693,696,698,706,708,709,711,718,726,727,731,737,739,741,751,752,754,759,760,764,766,770,772,773,774,778,780,784,792,800,807,810,814,815,817,819,829,834,835,837,838,840,842,844,845,847,848,849,851,853,856],[827,694,697,719,724,745,781,805,823,824,830],[713,695,722,738,762,787,831],[705],[688],[689],[690],[691],[699],[700],[701],[702],[703],[704],[707],[710],[712],[714],[715],[716],[717],[720],[721],[723],[725],[728],[729],[730],[732],[733],[734],[735],[736],[740],[742],[743],[744],[746],[747],[748],[749],[750],[753],[755],[756],[757],[758],[761],[763],[765],[767],[768],[769],[771],[775],[776],[777],[779],[782],[783],[785],[786],[788],[789],[790],[791],[793],[794],[795],[796],[797],[798],[799],[802],[803],[804],[806],[808],[809],[811],[812],[813],[816],[818],[820],[821],[822],[825],[826],[832],[833],[836],[839],[841],[843],[846],[850],[852],[854],[855]]","[[828,687,693,696,698,706,709,711,718,723,727,731,737,739,741,751,752,754,759,764,770,772,778,792,807,810,814,817,826,834,835,837,838,840,842,844,845,847,848,851,853,856],[713,695,701,722,726,734,738,760,762,787,831],[773,694,719,724,745,781,784,823,827,829],[766,697,805,815,824,830],[780,819],[688],[689],[690],[691],[699],[700],[702],[703],[704],[705],[707],[708],[710],[712],[714],[715],[716],[717],[720],[721],[725],[728],[729],[730],[732],[733],[735],[736],[740],[742],[743],[744],[746],[747],[748],[749],[750],[753],[755],[756],[757],[758],[761],[763],[765],[767],[768],[769],[771],[774],[775],[776],[777],[779],[782],[783],[785],[786],[788],[789],[790],[791],[793],[794],[795],[796],[797],[798],[799],[802],[803],[804],[806],[808],[809],[811],[812],[813],[816],[818],[820],[821],[822],[825],[832],[833],[836],[839],[841],[843],[846],[849],[850],[852],[854],[855],[800]]"
686,168,7,1338,1649.13,,826.5,0.05,1271,1557.74,,788.5,True,107,58,8,5,0.003366,True,30.47983593606501,69.0,160,100,0.4,0.4,2,inf,121.405524,0.003413,121.408937,True,111,53,8,5,0.003659,True,29.196076943551116,57.0,25,113,0.4,0.4,2,inf,146.045934,0.003417,146.049351,"[[828,687,693,696,698,706,708,709,711,718,726,727,731,737,739,741,751,752,754,759,760,764,766,770,772,773,774,778,780,784,792,800,807,810,814,815,817,819,829,834,835,837,838,840,842,844,845,847,848,849,851,853,856],[827,694,697,719,724,745,781,805,823,824,830],[713,695,722,738,762,787,831],[705],[688],[689],[690],[691],[699],[700],[701],[702],[703],[704],[707],[710],[712],[714],[715],[716],[717],[720],[721],[723],[725],[728],[729],[730],[732],[733],[734],[735],[736],[740],[742],[743],[744],[746],[747],[748],[749],[750],[753],[755],[756],[757],[758],[761],[763],[765],[767],[768],[769],[771],[775],[776],[777],[779],[782],[783],[785],[786],[788],[789],[790],[791],[793],[794],[795],[796],[797],[798],[799],[802],[803],[804],[806],[808],[809],[811],[812],[813],[816],[818],[820],[821],[822],[825],[826],[832],[833],[836],[839],[841],[843],[846],[850],[852],[854],[855]]","[[828,687,693,696,698,706,708,718,728,731,737,739,741,751,752,754,760,764,766,772,773,774,778,780,800,810,814,815,817,819,824,829,834,835,840,842,845,847,848,849,853],[726,694,697,705,713,719,745,781,784,805,823,830],[827,724,762],[703,807],[748,787],[688],[689],[690],[691],[695],[699],[700],[701],[702],[704],[707],[709],[710],[711],[712],[714],[715],[716],[717],[720],[721],[722],[723],[725],[727],[729],[730],[732],[733],[734],[735],[736],[738],[740],[742],[743],[744],[746],[747],[749],[750],[753],[755],[756],[757],[758],[759],[761],[763],[765],[767],[768],[769],[770],[771],[775],[776],[777],[779],[782],[783],[785],[786],[788],[789],[790],[791],[792],[793],[794],[795],[796],[797],[798],[799],[802],[803],[804],[806],[808],[809],[811],[812],[813],[816],[818],[820],[821],[822],[825],[826],[831],[832],[833],[836],[837],[838],[839],[841],[843],[846],[850],[851],[852],[854],[855],[856],[844]]"
686,168,8,1338,1649.13,,826.5,0.05,1270,1554.02,,790.5,True,107,58,8,5,0.003366,True,30.47983593606501,69.0,160,100,0.4,0.4,2,inf,121.405524,0.003413,121.408937,True,113,51,8,5,0.003288,True,29.349863223269804,67.0,17,115,0.4,0.4,2,inf,101.390518,0.003401,101.393919,"[[828,687,693,696,698,706,708,709,711,718,726,727,731,737,739,741,751,752,754,759,760,764,766,770,772,773,774,778,780,784,792,800,807,810,814,815,817,819,829,834,835,837,838,840,842,844,845,847,848,849,851,853,856],[827,694,697,719,724,745,781,805,823,824,830],[713,695,722,738,762,787,831],[705],[688],[689],[690],[691],[699],[700],[701],[702],[703],[704],[707],[710],[712],[714],[715],[716],[717],[720],[721],[723],[725],[728],[729],[730],[732],[733],[734],[735],[736],[740],[742],[743],[744],[746],[747],[748],[749],[750],[753],[755],[756],[757],[758],[761],[763],[765],[767],[768],[769],[771],[775],[776],[777],[779],[782],[783],[785],[786],[788],[789],[790],[791],[793],[794],[795],[796],[797],[798],[799],[802],[803],[804],[806],[808],[809],[811],[812],[813],[816],[818],[820],[821],[822],[825],[826],[832],[833],[836],[839],[841],[843],[846],[850],[852],[854],[855]]","[[828,693,694,696,698,706,708,718,724,726,728,731,737,739,741,751,752,754,760,764,766,770,772,773,774,778,780,784,800,807,810,814,815,817,819,820,823,824,827,829,830,834,835,840,842,844,845,847,848,853],[781,697,719,745,805],[687],[688],[689],[690],[691],[695],[699],[700],[701],[702],[704],[707],[709],[710],[711],[712],[714],[715],[716],[717],[720],[721],[722],[723],[725],[727],[729],[730],[732],[733],[734],[735],[736],[738],[740],[742],[743],[744],[746],[747],[748],[749],[750],[753],[755],[756],[757],[758],[759],[761],[762],[763],[765],[767],[768],[769],[771],[775],[776],[777],[779],[782],[783],[785],[786],[787],[788],[789],[790],[791],[792],[793],[794],[795],[796],[797],[798],[799],[802],[803],[804],[806],[808],[809],[811],[812],[813],[816],[818],[821],[822],[825],[826],[831],[832],[833],[836],[837],[838],[839],[841],[843],[846],[849],[850],[851],[852],[854],[855],[856],[703],[705],[713]]"
686,168,9,1338,1649.13,,826.5,0.05,1320,1568.75,,786.0,True,107,58,8,5,0.003366,True,30.47983593606501,69.0,160,100,0.4,0.4,2,inf,121.405524,0.003413,121.408937,True,113,50,8,5,0.003223,True,28.901028930482024,59.0,17,107,0.4,0.4,2,inf,129.198321,0.003408,129.201729,"[[828,687,693,696,698,706,708,709,711,718,726,727,731,737,739,741,751,752,754,759,760,764,766,770,772,773,774,778,780,784,792,800,807,810,814,815,817,819,829,834,835,837,838,840,842,844,845,847,848,849,851,853,856],[827,694,697,719,724,745,781,805,823,824,830],[713,695,722,738,762,787,831],[705],[688],[689],[690],[691],[699],[700],[701],[702],[703],[704],[707],[710],[712],[714],[715],[716],[717],[720],[721],[723],[725],[728],[729],[730],[732],[733],[734],[735],[736],[740],[742],[743],[744],[746],[747],[748],[749],[750],[753],[755],[756],[757],[758],[761],[763],[765],[767],[768],[769],[771],[775],[776],[777],[779],[782],[783],[785],[786],[788],[789],[790],[791],[793],[794],[795],[796],[797],[798],[799],[802],[803],[804],[806],[808],[809],[811],[812],[813],[816],[818],[820],[821],[822],[825],[826],[832],[833],[836],[839],[841],[843],[846],[850],[852],[854],[855]]","[[828,687,693,696,698,706,708,709,718,726,727,731,737,739,741,751,752,754,759,760,764,766,770,772,773,778,792,807,810,814,815,817,819,829,830,834,835,838,840,847,848,849,851],[784,694,713,719,724,745,781,800,827,842,853],[705,722,738,748,762,787,831,845],[703,728],[697,780],[688],[689],[690],[691],[695],[699],[700],[701],[702],[704],[707],[710],[711],[712],[714],[715],[716],[717],[720],[721],[723],[725],[729],[730],[732],[733],[734],[735],[736],[740],[742],[743],[744],[746],[747],[749],[750],[753],[755],[756],[757],[758],[761],[763],[765],[767],[768],[769],[771],[774],[775],[776],[777],[779],[782],[783],[785],[786],[788],[789],[790],[791],[793],[794],[795],[796],[797],[798],[799],[802],[803],[804],[806],[808],[809],[811],[812],[813],[816],[818],[820],[821],[822],[824],[825],[826],[832],[833],[836],[837],[839],[841],[843],[844],[846],[850],[852],[854],[855],[856],[805],[823]]"
686,168,10,1338,1649.13,,826.5,0.05,1287,1556.71,,783.5,True,107,58,8,5,0.003366,True,30.47983593606501,69.0,160,100,0.4,0.4,2,inf,121.405524,0.003413,121.408937,True,111,50,8,5,0.003204,True,28.81121450117855,65.0,139,115,0.4,0.4,2,inf,137.940089,0.003488,137.943577,"[[828,687,693,696,698,706,708,709,711,718,726,727,731,737,739,741,751,752,754,759,760,764,766,770,772,773,774,778,780,784,792,800,807,810,814,815,817,819,829,834,835,837,838,840,842,844,845,847,848,849,851,853,856],[827,694,697,719,724,745,781,805,823,824,830],[713,695,722,738,762,787,831],[705],[688],[689],[690],[691],[699],[700],[701],[702],[703],[704],[707],[710],[712],[714],[715],[716],[717],[720],[721],[723],[725],[728],[729],[730],[732],[733],[734],[735],[736],[740],[742],[743],[744],[746],[747],[748],[749],[750],[753],[755],[756],[757],[758],[761],[763],[765],[767],[768],[769],[771],[775],[776],[777],[779],[782],[783],[785],[786],[788],[789],[790],[791],[793],[794],[795],[796],[797],[798],[799],[802],[803],[804],[806],[808],[809],[811],[812],[813],[816],[818],[820],[821],[822],[825],[826],[832],[833],[836],[839],[841],[843],[846],[850],[852],[854],[855]]","[[713,693,695,696,698,706,708,726,731,751,752,760,766,772,773,774,778,780,784,800,810,815,817,819,829,831,834,840,842,844,845,847,848,851,853],[814,705,719,724,745,781,805,827,828],[739,754,792,807],[824,694,697,823,830],[764,703,718],[820,849],[741,770],[687],[688],[689],[690],[691],[699],[700],[701],[702],[704],[707],[709],[710],[711],[712],[714],[715],[716],[717],[720],[721],[722],[723],[725],[727],[728],[729],[730],[732],[733],[734],[735],[736],[737],[738],[740],[742],[743],[744],[746],[747],[748],[749],[750],[753],[755],[756],[757],[758],[759],[761],[762],[763],[765],[767],[768],[769],[771],[775],[776],[777],[779],[782],[783],[785],[786],[787],[788],[789],[790],[791],[793],[794],[795],[796],[797],[798],[799],[802],[803],[804],[806],[808],[809],[811],[812],[813],[816],[818],[821],[822],[825],[826],[832],[833],[835],[836],[837],[838],[839],[841],[843],[846],[850],[852],[854],[855],[856]]"
686,168,11,1338,1649.13,,826.5,0.05,1308,1538.47,,775.0,True,107,58,8,5,0.003366,True,30.47983593606501,69.0,160,100,0.4,0.4,2,inf,121.405524,0.003413,121.408937,True,113,52,8,5,0.003362,True,28.685019400328716,57.0,17,107,0.4,0.4,2,inf,109.043797,0.003356,109.047153,"[[828,687,693,696,698,706,708,709,711,718,726,727,731,737,739,741,751,752,754,759,760,764,766,770,772,773,774,778,780,784,792,800,807,810,814,815,817,819,829,834,835,837,838,840,842,844,845,847,848,849,851,853,856],[827,694,697,719,724,745,781,805,823,824,830],[713,695,722,738,762,787,831],[705],[688],[689],[690],[691],[699],[700],[701],[702],[703],[704],[707],[710],[712],[714],[715],[716],[717],[720],[721],[723],[725],[728],[729],[730],[732],[733],[734],[735],[736],[740],[742],[743],[744],[746],[747],[748],[749],[750],[753],[755],[756],[757],[758],[761],[763],[765],[767],[768],[769],[771],[775],[776],[777],[779],[782],[783],[785],[786],[788],[789],[790],[791],[793],[794],[795],[796],[797],[798],[799],[802],[803],[804],[806],[808],[809],[811],[812],[813],[816],[818],[820],[821],[822],[825],[826],[832],[833],[836],[839],[841],[843],[846],[850],[852],[854],[855]]","[[828,687,693,696,698,706,708,709,711,726,727,737,739,741,752,759,760,764,766,770,772,774,778,792,800,807,810,812,814,815,817,819,826,834,835,837,838,840,842,844,845,847,849,851,856],[731,694,705,713,719,745,781,784,805,853],[773,724,823,824,827,829],[703,718,728],[780,697],[762],[830],[688],[689],[690],[691],[695],[699],[700],[701],[702],[704],[707],[710],[712],[714],[715],[716],[717],[720],[721],[722],[723],[725],[729],[730],[732],[733],[734],[735],[736],[738],[740],[742],[743],[744],[746],[747],[748],[749],[750],[751],[753],[754],[755],[756],[757],[758],[761],[763],[765],[767],[768],[769],[771],[775],[776],[777],[779],[782],[783],[785],[786],[787],[788],[789],[790],[791],[793],[794],[795],[796],[797],[798],[799],[802],[803],[804],[806],[808],[809],[811],[813],[816],[818],[820],[821],[822],[825],[831],[832],[833],[836],[839],[841],[843],[846],[848],[850],[852],[854],[855]]"
686,168,12,1338,1649.13,,826.5,0.05,1285,1528.99,,778.0,True,107,58,8,5,0.003366,True,30.47983593606501,69.0,160,100,0.4,0.4,2,inf,121.405524,0.003413,121.408937,True,114,52,8,5,0.003208,True,27.80322505099989,58.0,17,104,0.4,0.4,2,inf,128.025928,0.003325,128.029253,"[[828,687,693,696,698,706,708,709,711,718,726,727,731,737,739,741,751,752,754,759,760,764,766,770,772,773,774,778,780,784,792,800,807,810,814,815,817,819,829,834,835,837,838,840,842,844,845,847,848,849,851,853,856],[827,694,697,719,724,745,781,805,823,824,830],[713,695,722,738,762,787,831],[705],[688],[689],[690],[691],[699],[700],[701],[702],[703],[704],[707],[710],[712],[714],[715],[716],[717],[720],[721],[723],[725],[728],[729],[730],[732],[733],[734],[735],[736],[740],[742],[743],[744],[746],[747],[748],[749],[750],[753],[755],[756],[757],[758],[761],[763],[765],[767],[768],[769],[771],[775],[776],[777],[779],[782],[783],[785],[786],[788],[789],[790],[791],[793],[794],[795],[796],[797],[798],[799],[802],[803],[804],[806],[808],[809],[811],[812],[813],[816],[818],[820],[821],[822],[825],[826],[832],[833],[836],[839],[841],[843],[846],[850],[852],[854],[855]]","[[828,687,693,696,698,706,708,709,726,727,731,737,739,751,752,754,759,760,764,766,770,772,773,774,778,792,807,810,814,817,819,820,834,835,838,840,842,844,845,847,848,849,851,853,856],[829,694,713,719,724,745,781,784,805,824],[705,722,738,762,787,831],[703,728],[800,697,823,827,830],[695,794],[688],[689],[690],[691],[699],[700],[701],[702],[704],[707],[710],[711],[712],[714],[715],[716],[717],[718],[720],[721],[723],[725],[729],[730],[732],[733],[734],[735],[736],[740],[741],[742],[743],[744],[746],[747],[748],[749],[750],[753],[755],[756],[757],[758],[761],[763],[765],[767],[768],[769],[771],[775],[776],[777],[779],[780],[782],[783],[785],[786],[788],[789],[790],[791],[793],[795],[796],[797],[798],[799],[802],[803],[804],[806],[808],[809],[811],[812],[813],[815],[816],[818],[821],[822],[825],[826],[832],[833],[836],[837],[839],[841],[843],[846],[850],[852],[854],[855]]"
686,168,13,1338,1649.13,,826.5,0.05,1282,1536.63,,776.0,True,107,58,8,5,0.003366,True,30.47983593606501,69.0,160,100,0.4,0.4,2,inf,121.405524,0.003413,121.408937,True,115,54,8,5,0.003412,True,28.920407568413612,49.0,139,131,0.4,0.4,2,inf,129.84373,0.003529,129.847259,"[[828,687,693,696,698,706,708,709,711,718,726,727,731,737,739,741,751,752,754,759,760,764,766,770,772,773,774,778,780,784,792,800,807,810,814,815,817,819,829,834,835,837,838,840,842,844,845,847,848,849,851,853,856],[827,694,697,719,724,745,781,805,823,824,830],[713,695,722,738,762,787,831],[705],[688],[689],[690],[691],[699],[700],[701],[702],[703],[704],[707],[710],[712],[714],[715],[716],[717],[720],[721],[723],[725],[728],[729],[730],[732],[733],[734],[735],[736],[740],[742],[743],[744],[746],[747],[748],[749],[750],[753],[755],[756],[757],[758],[761],[763],[765],[767],[768],[769],[771],[775],[776],[777],[779],[782],[783],[785],[786],[788],[789],[790],[791],[793],[794],[795],[796],[797],[798],[799],[802],[803],[804],[806],[808],[809],[811],[812],[813],[816],[818],[820],[821],[822],[825],[826],[832],[833],[836],[839],[841],[843],[846],[850],[852],[854],[855]]","[[834,694,697,705,713,719,724,726,731,745,752,760,773,781,800,805,810,823,824,827,828,829,830,842,847,853],[739,754,807],[764,703,718,728,747],[840,688,696,774],[741,835],[814,772],[778,693],[766],[722],[737],[844],[687],[689],[690],[691],[695],[698],[699],[700],[701],[702],[704],[707],[708],[709],[710],[711],[712],[714],[715],[716],[717],[720],[721],[723],[725],[727],[729],[730],[732],[733],[734],[735],[736],[738],[740],[742],[743],[744],[746],[748],[749],[750],[751],[753],[755],[756],[757],[758],[759],[761],[762],[763],[765],[767],[768],[769],[770],[771],[775],[776],[777],[779],[780],[782],[783],[785],[786],[787],[788],[789],[790],[791],[792],[793],[794],[795],[796],[797],[798],[799],[802],[803],[804],[806],[808],[809],[811],[812],[813],[815],[816],[817],[818],[819],[820],[821],[822],[825],[826],[831],[832],[833],[836],[837],[838],[839],[841],[843],[845],[846],[848],[849],[850],[851],[852],[854],[855],[856],[706],[784]]"
686,168,14,1338,1649.13,,826.5,0.05,1297,1566.91,,784.0,True,107,58,8,5,0.003366,True,30.47983593606501,69.0,160,100,0.4,0.4,2,inf,121.405524,0.003413,121.408937,True,113,52,8,5,0.003259,True,29.002664519279886,67.0,17,119,0.4,0.4,2,inf,173.625788,0.003419,173.629207,"[[828,687,693,696,698,706,708,709,711,718,726,727,731,737,739,741,751,752,754,759,760,764,766,770,772,773,774,778,780,784,792,800,807,810,814,815,817,819,829,834,835,837,838,840,842,844,845,847,848,849,851,853,856],[827,694,697,719,724,745,781,805,823,824,830],[713,695,722,738,762,787,831],[705],[688],[689],[690],[691],[699],[700],[701],[702],[703],[704],[707],[710],[712],[714],[715],[716],[717],[720],[721],[723],[725],[728],[729],[730],[732],[733],[734],[735],[736],[740],[742],[743],[744],[746],[747],[748],[749],[750],[753],[755],[756],[757],[758],[761],[763],[765],[767],[768],[769],[771],[775],[776],[777],[779],[782],[783],[785],[786],[788],[789],[790],[791],[793],[794],[795],[796],[797],[798],[799],[802],[803],[804],[806],[808],[809],[811],[812],[813],[816],[818],[820],[821],[822],[825],[826],[832],[833],[836],[839],[841],[843],[846],[850],[852],[854],[855]]","[[828,693,696,697,698,706,708,724,726,731,737,739,741,752,754,759,760,764,766,772,773,774,778,780,784,800,807,810,814,815,817,819,830,834,835,840,842,844,845,847,848,853],[694,719,745,781,805,823,827,829],[728,703],[687],[688],[689],[690],[691],[695],[699],[700],[701],[702],[704],[707],[709],[710],[711],[712],[714],[715],[716],[717],[718],[720],[721],[722],[723],[725],[727],[729],[730],[732],[733],[734],[735],[736],[738],[740],[742],[743],[744],[746],[747],[748],[749],[750],[751],[753],[755],[756],[757],[758],[761],[762],[763],[765],[767],[768],[769],[770],[771],[775],[776],[777],[779],[782],[783],[785],[786],[787],[788],[789],[790],[791],[792],[793],[794],[795],[796],[797],[798],[799],[802],[803],[804],[806],[808],[809],[811],[812],[813],[816],[818],[820],[821],[822],[825],[826],[831],[832],[833],[836],[837],[838],[839],[841],[843],[846],[849],[850],[851],[852],[854],[855],[856],[824],[713],[705]]"
686,168,15,1338,1649.13,,826.5,0.05,1276,1540.03,,780.5,True,107,58,8,5,0.003366,True,30.47983593606501,69.0,160,100,0.4,0.4,2,inf,121.405524,0.003413,121.408937,True,112,52,8,5,0.003281,True,28.764692302316696,64.0,17,113,0.4,0.4,2,inf,119.032559,0.00337,119.035929,"[[828,687,693,696,698,706,708,709,711,718,726,727,731,737,739,741,751,752,754,759,760,764,766,770,772,773,774,778,780,784,792,800,807,810,814,815,817,819,829,834,835,837,838,840,842,844,845,847,848,849,851,853,856],[827,694,697,719,724,745,781,805,823,824,830],[713,695,722,738,762,787,831],[705],[688],[689],[690],[691],[699],[700],[701],[702],[703],[704],[707],[710],[712],[714],[715],[716],[717],[720],[721],[723],[725],[728],[729],[730],[732],[733],[734],[735],[736],[740],[742],[743],[744],[746],[747],[748],[749],[750],[753],[755],[756],[757],[758],[761],[763],[765],[767],[768],[769],[771],[775],[776],[777],[779],[782],[783],[785],[786],[788],[789],[790],[791],[793],[794],[795],[796],[797],[798],[799],[802],[803],[804],[806],[808],[809],[811],[812],[813],[816],[818],[820],[821],[822],[825],[826],[832],[833],[836],[839],[841],[843],[846],[850],[852],[854],[855]]","[[828,693,694,696,697,698,706,708,718,724,726,727,731,737,739,752,754,760,764,766,770,772,773,774,778,780,784,800,807,810,814,815,817,819,820,823,824,827,829,830,834,840,842,844,845,847,848,849,853],[695,688,713,719,745,781],[738,705],[728,703],[687],[689],[690],[691],[699],[700],[701],[702],[704],[707],[709],[710],[711],[712],[714],[715],[716],[717],[720],[721],[722],[723],[725],[729],[730],[732],[733],[734],[735],[736],[740],[741],[742],[743],[744],[746],[747],[748],[749],[750],[751],[753],[755],[756],[757],[758],[759],[761],[762],[763],[765],[767],[768],[769],[771],[775],[776],[777],[779],[782],[783],[785],[786],[787],[788],[789],[790],[791],[792],[793],[794],[795],[796],[797],[798],[799],[802],[803],[804],[806],[808],[809],[811],[812],[813],[816],[818],[821],[822],[825],[826],[831],[832],[833],[835],[836],[837],[838],[839],[841],[843],[846],[850],[851],[852],[854],[855],[856],[805]]"
686,168,16,1338,1649.13,,826.5,0.05,1291,1563.2,,785.5,True,107,58,8,5,0.003366,True,30.47983593606501,69.0,160,100,0.4,0.4,2,inf,121.405524,0.003413,121.408937,True,115,54,8,5,0.003256,True,28.73006840014173,65.0,25,118,0.4,0.4,2,inf,123.420372,0.003419,123.423791,"[[828,687,693,696,698,706,708,709,711,718,726,727,731,737,739,741,751,752,754,759,760,764,766,770,772,773,774,778,780,784,792,800,807,810,814,815,817,819,829,834,835,837,838,840,842,844,845,847,848,849,851,853,856],[827,694,697,719,724,745,781,805,823,824,830],[713,695,722,738,762,787,831],[705],[688],[689],[690],[691],[699],[700],[701],[702],[703],[704],[707],[710],[712],[714],[715],[716],[717],[720],[721],[723],[725],[728],[729],[730],[732],[733],[734],[735],[736],[740],[742],[743],[744],[746],[747],[748],[749],[750],[753],[755],[756],[757],[758],[761],[763],[765],[767],[768],[769],[771],[775],[776],[777],[779],[782],[783],[785],[786],[788],[789],[790],[791],[793],[794],[795],[796],[797],[798],[799],[802],[803],[804],[806],[808],[809],[811],[812],[813],[816],[818],[820],[821],[822],[825],[826],[832],[833],[836],[839],[841],[843],[846],[850],[852],[854],[855]]","[[828,693,696,698,706,718,726,727,731,737,751,752,754,760,764,766,770,772,773,774,778,780,784,807,810,814,815,817,819,823,827,829,834,835,840,842,844,845,847,848,849,853],[800,694,697,705,719,745,805,830],[703,728],[724,781],[687],[689],[690],[691],[695],[699],[700],[701],[702],[704],[707],[708],[709],[710],[711],[712],[714],[715],[716],[717],[720],[721],[722],[723],[725],[729],[730],[732],[733],[734],[735],[736],[738],[739],[740],[741],[742],[743],[744],[746],[747],[748],[749],[750],[753],[755],[756],[757],[758],[759],[761],[762],[763],[765],[767],[768],[769],[771],[775],[776],[777],[779],[782],[783],[785],[786],[787],[788],[789],[790],[791],[792],[793],[794],[795],[796],[797],[798],[799],[802],[803],[804],[806],[808],[809],[811],[812],[813],[816],[818],[820],[821],[822],[825],[826],[831],[832],[833],[836],[837],[838],[839],[841],[843],[846],[850],[851],[852],[854],[855],[856],[688],[824],[713]]"
686,168,17,1338,1649.13,,826.5,0.05,1287,1547.94,,779.0,True,107,58,8,5,0.003366,True,30.47983593606501,69.0,160,100,0.4,0.4,2,inf,121.405524,0.003413,121.408937,True,114,50,8,5,0.003299,True,28.34398532675843,67.0,25,110,0.4,0.4,2,inf,115.879348,0.003367,115.882715,"[[828,687,693,696,698,706,708,709,711,718,726,727,731,737,739,741,751,752,754,759,760,764,766,770,772,773,774,778,780,784,792,800,807,810,814,815,817,819,829,834,835,837,838,840,842,844,845,847,848,849,851,853,856],[827,694,697,719,724,745,781,805,823,824,830],[713,695,722,738,762,787,831],[705],[688],[689],[690],[691],[699],[700],[701],[702],[703],[704],[707],[710],[712],[714],[715],[716],[717],[720],[721],[723],[725],[728],[729],[730],[732],[733],[734],[735],[736],[740],[742],[743],[744],[746],[747],[748],[749],[750],[753],[755],[756],[757],[758],[761],[763],[765],[767],[768],[769],[771],[775],[776],[777],[779],[782],[783],[785],[786],[788],[789],[790],[791],[793],[794],[795],[796],[797],[798],[799],[802],[803],[804],[806],[808],[809],[811],[812],[813],[816],[818],[820],[821],[822],[825],[826],[832],[833],[836],[839],[841],[843],[846],[850],[852],[854],[855]]","[[828,693,696,698,706,708,726,731,737,751,752,760,764,766,772,773,774,778,780,784,800,810,814,815,817,819,829,834,840,842,844,845,848,851,853],[705,718,722,738,739,741,748,762,787,807,820,831,835,847,849],[724,694,719,745,781,805,823,824,827,830],[695,713],[687],[688],[689],[690],[691],[697],[699],[700],[701],[702],[703],[704],[707],[709],[710],[711],[712],[714],[715],[716],[717],[720],[721],[723],[725],[727],[728],[729],[730],[732],[733],[734],[735],[736],[740],[742],[743],[744],[746],[747],[749],[750],[753],[754],[755],[756],[757],[758],[759],[761],[763],[765],[767],[768],[769],[770],[771],[775],[776],[777],[779],[782],[783],[785],[786],[788],[789],[790],[791],[792],[793],[794],[795],[796],[797],[798],[799],[802],[803],[804],[806],[808],[809],[811],[812],[813],[816],[818],[821],[822],[825],[826],[832],[833],[836],[837],[838],[839],[841],[843],[846],[850],[852],[854],[855],[856]]"
686,168,18,1338,1649.13,,826.5,0.05,1306,1565.38,,790.5,True,107,58,8,5,0.003366,True,30.47983593606501,69.0,160,100,0.4,0.4,2,inf,121.405524,0.003413,121.408937,True,110,54,8,5,0.003387,True,28.866258320856378,55.0,17,114,0.4,0.4,2,inf,154.19656,0.003408,154.199968,"[[828,687,693,696,698,706,708,709,711,718,726,727,731,737,739,741,751,752,754,759,760,764,766,770,772,773,774,778,780,784,792,800,807,810,814,815,817,819,829,834,835,837,838,840,842,844,845,847,848,849,851,853,856],[827,694,697,719,724,745,781,805,823,824,830],[713,695,722,738,762,787,831],[705],[688],[689],[690],[691],[699],[700],[701],[702],[703],[704],[707],[710],[712],[714],[715],[716],[717],[720],[721],[723],[725],[728],[729],[730],[732],[733],[734],[735],[736],[740],[742],[743],[744],[746],[747],[748],[749],[750],[753],[755],[756],[757],[758],[761],[763],[765],[767],[768],[769],[771],[775],[776],[777],[779],[782],[783],[785],[786],[788],[789],[790],[791],[793],[794],[795],[796],[797],[798],[799],[802],[803],[804],[806],[808],[809],[811],[812],[813],[816],[818],[820],[821],[822],[825],[826],[832],[833],[836],[839],[841],[843],[846],[850],[852],[854],[855]]","[[828,693,696,698,706,708,718,726,731,737,739,741,751,752,754,760,764,766,770,772,773,774,778,780,800,807,810,814,815,817,819,823,834,835,840,842,844,845,847,848,853],[829,694,695,705,713,719,724,745,781,784,805,824],[830,688,697,827],[687],[689],[690],[691],[699],[700],[701],[702],[703],[704],[707],[709],[710],[711],[712],[714],[715],[716],[717],[720],[721],[722],[723],[725],[727],[728],[729],[730],[732],[733],[734],[735],[736],[738],[740],[742],[743],[744],[746],[748],[749],[750],[753],[755],[756],[757],[758],[759],[761],[762],[763],[765],[767],[768],[769],[771],[775],[776],[777],[779],[782],[783],[785],[786],[787],[788],[789],[790],[791],[792],[793],[794],[795],[796],[797],[798],[799],[802],[803],[804],[806],[808],[809],[811],[812],[813],[816],[818],[820],[821],[822],[825],[826],[831],[832],[833],[836],[837],[838],[839],[841],[843],[846],[849],[850],[851],[852],[854],[855],[856],[747]]"
686,168,19,1338,1649.13,,826.5,0.05,1286,1543.71,,779.0,True,107,58,8,5,0.003366,True,30.47983593606501,69.0,160,100,0.4,0.4,2,inf,121.405524,0.003413,121.408937,True,115,51,8,5,0.003219,True,28.883950103138645,62.0,139,100,0.4,0.4,2,inf,143.401732,0.003371,143.405103,"[[828,687,693,696,698,706,708,709,711,718,726,727,731,737,739,741,751,752,754,759,760,764,766,770,772,773,774,778,780,784,792,800,807,810,814,815,817,819,829,834,835,837,838,840,842,844,845,847,848,849,851,853,856],[827,694,697,719,724,745,781,805,823,824,830],[713,695,722,738,762,787,831],[705],[688],[689],[690],[691],[699],[700],[701],[702],[703],[704],[707],[710],[712],[714],[715],[716],[717],[720],[721],[723],[725],[728],[729],[730],[732],[733],[734],[735],[736],[740],[742],[743],[744],[746],[747],[748],[749],[750],[753],[755],[756],[757],[758],[761],[763],[765],[767],[768],[769],[771],[775],[776],[777],[779],[782],[783],[785],[786],[788],[789],[790],[791],[793],[794],[795],[796],[797],[798],[799],[802],[803],[804],[806],[808],[809],[811],[812],[813],[816],[818],[820],[821],[822],[825],[826],[832],[833],[836],[839],[841],[843],[846],[850],[852],[854],[855]]","[[713,693,695,696,698,706,708,724,726,731,751,752,760,766,772,773,774,778,780,784,800,810,814,815,817,819,829,834,840,842,844,845,847,848,851,853],[705,718,722,737,738,739,741,748,754,762,764,770,787,807,831,835],[830,688,694,697,719,745,781,823,824,827,828],[747,687,701,769,792,838,849,856],[703,728],[689],[690],[691],[699],[700],[702],[704],[707],[709],[710],[711],[712],[714],[715],[716],[717],[720],[721],[723],[725],[727],[729],[730],[732],[733],[734],[735],[736],[740],[742],[743],[744],[746],[749],[750],[753],[755],[756],[757],[758],[759],[761],[763],[765],[767],[768],[771],[775],[776],[777],[779],[782],[783],[785],[786],[788],[789],[790],[791],[793],[794],[795],[796],[797],[798],[799],[802],[803],[804],[806],[808],[809],[811],[812],[813],[816],[818],[820],[821],[822],[825],[826],[832],[833],[836],[837],[839],[841],[843],[846],[850],[852],[854],[855],[805]]"
686,168,20,1338,1649.13,,826.5,0.05,1314,1566.72,,791.5,True,107,58,8,5,0.003366,True,30.47983593606501,69.0,160,100,0.4,0.4,2,inf,121.405524,0.003413,121.408937,True,112,53,8,5,0.00324,True,28.62181424335188,58.0,140,111,0.4,0.4,2,inf,104.274746,0.003357,104.278103,"[[828,687,693,696,698,706,708,709,711,718,726,727,731,737,739,741,751,752,754,759,760,764,766,770,772,773,774,778,780,784,792,800,807,810,814,815,817,819,829,834,835,837,838,840,842,844,845,847,848,849,851,853,856],[827,694,697,719,724,745,781,805,823,824,830],[713,695,722,738,762,787,831],[705],[688],[689],[690],[691],[699],[700],[701],[702],[703],[704],[707],[710],[712],[714],[715],[716],[717],[720],[721],[723],[725],[728],[729],[730],[732],[733],[734],[735],[736],[740],[742],[743],[744],[746],[747],[748],[749],[750],[753],[755],[756],[757],[758],[761],[763],[765],[767],[768],[769],[771],[775],[776],[777],[779],[782],[783],[785],[786],[788],[789],[790],[791],[793],[794],[795],[796],[797],[798],[799],[802],[803],[804],[806],[808],[809],[811],[812],[813],[816],[818],[820],[821],[822],[825],[826],[832],[833],[836],[839],[841],[843],[846],[850],[852],[854],[855]]","[[828,687,693,698,706,708,709,726,727,731,737,739,741,751,754,759,760,764,766,770,772,773,778,792,800,807,810,814,815,817,827,829,834,835,838,840,842,844,845,847,848,851],[752,694,705,713,719,724,745,781,784,805,824,853],[696,688],[819,697,780,823,830],[689],[690],[691],[695],[699],[700],[701],[702],[703],[704],[707],[710],[711],[712],[714],[715],[716],[717],[718],[720],[721],[722],[723],[725],[728],[729],[730],[732],[733],[734],[735],[736],[738],[740],[742],[743],[744],[746],[747],[748],[749],[750],[753],[755],[756],[757],[758],[761],[762],[763],[765],[767],[768],[769],[771],[774],[775],[776],[777],[779],[782],[783],[785],[786],[787],[788],[789],[790],[791],[793],[794],[795],[796],[797],[798],[799],[802],[803],[804],[806],[808],[809],[811],[812],[813],[816],[818],[820],[821],[822],[825],[826],[831],[832],[833],[836],[837],[839],[841],[843],[846],[849],[850],[852],[854],[855],[856]]"
686,168,21,1338,1649.13,,826.5,0.05,1267,1551.38,,785.5,True,107,58,8,5,0.003366,True,30.47983593606501,69.0,160,100,0.4,0.4,2,inf,121.405524,0.003413,121.408937,True,113,54,8,5,0.003562,True,29.191190970151244,69.0,25,113,0.4,0.4,2,inf,152.248835,0.003441,152.252276,"[[828,687,693,696,698,706,708,709,711,718,726,727,731,737,739,741,751,752,754,759,760,764,766,770,772,773,774,778,780,784,792,800,807,810,814,815,817,819,829,834,835,837,838,840,842,844,845,847,848,849,851,853,856],[827,694,697,719,724,745,781,805,823,824,830],[713,695,722,738,762,787,831],[705],[688],[689],[690],[691],[699],[700],[701],[702],[703],[704],[707],[710],[712],[714],[715],[716],[717],[720],[721],[723],[725],[728],[729],[730],[732],[733],[734],[735],[736],[740],[742],[743],[744],[746],[747],[748],[749],[750],[753],[755],[756],[757],[758],[761],[763],[765],[767],[768],[769],[771],[775],[776],[777],[779],[782],[783],[785],[786],[788],[789],[790],[791],[793],[794],[795],[796],[797],[798],[799],[802],[803],[804],[806],[808],[809],[811],[812],[813],[816],[818],[820],[821],[822],[825],[826],[832],[833],[836],[839],[841],[843],[846],[850],[852],[854],[855]]","[[828,688,693,694,696,706,708,718,726,728,731,737,739,751,752,754,759,760,764,766,772,773,774,778,780,784,800,810,814,815,817,819,820,824,829,830,834,840,842,844,845,847,848,851,853],[827,697,719,724,745,781,805,823],[695,734,794],[703,687,747],[689],[690],[691],[698],[699],[700],[701],[702],[704],[707],[709],[710],[711],[712],[714],[715],[716],[717],[720],[721],[722],[723],[725],[727],[729],[730],[732],[733],[735],[736],[738],[740],[741],[742],[743],[744],[746],[748],[749],[750],[753],[755],[756],[757],[758],[761],[762],[763],[765],[767],[768],[769],[770],[771],[775],[776],[777],[779],[782],[783],[785],[786],[787],[788],[789],[790],[791],[792],[793],[795],[796],[797],[798],[799],[802],[803],[804],[806],[807],[808],[809],[811],[812],[813],[816],[818],[821],[822],[825],[826],[831],[832],[833],[835],[836],[837],[838],[839],[841],[843],[846],[849],[850],[852],[854],[855],[856],[705],[713]]"
686,168,22,1338,1649.13,,826.5,0.05,1283,1527.31,,772.5,True,107,58,8,5,0.003366,True,30.47983593606501,69.0,160,100,0.4,0.4,2,inf,121.405524,0.003413,121.408937,True,114,50,8,5,0.003214,True,28.46644041086483,61.0,17,104,0.4,0.4,2,inf,123.675862,0.003329,123.679191,"[[828,687,693,696,698,706,708,709,711,718,726,727,731,737,739,741,751,752,754,759,760,764,766,770,772,773,774,778,780,784,792,800,807,810,814,815,817,819,829,834,835,837,838,840,842,844,845,847,848,849,851,853,856],[827,694,697,719,724,745,781,805,823,824,830],[713,695,722,738,762,787,831],[705],[688],[689],[690],[691],[699],[700],[701],[702],[703],[704],[707],[710],[712],[714],[715],[716],[717],[720],[721],[723],[725],[728],[729],[730],[732],[733],[734],[735],[736],[740],[742],[743],[744],[746],[747],[748],[749],[750],[753],[755],[756],[757],[758],[761],[763],[765],[767],[768],[769],[771],[775],[776],[777],[779],[782],[783],[785],[786],[788],[789],[790],[791],[793],[794],[795],[796],[797],[798],[799],[802],[803],[804],[806],[808],[809],[811],[812],[813],[816],[818],[820],[821],[822],[825],[826],[832],[833],[836],[839],[841],[843],[846],[850],[852],[854],[855]]","[[828,687,693,696,698,706,708,709,711,718,723,726,727,731,737,739,741,751,752,754,760,764,766,770,772,773,778,792,800,807,810,814,815,817,819,826,829,830,834,835,837,838,840,842,844,845,847,848,851,853,856],[748,705,713,747,831],[827,694,719,724,745,781,784],[780,697,805,823,824],[728],[688],[689],[690],[691],[695],[699],[700],[701],[702],[703],[704],[707],[710],[712],[714],[715],[716],[717],[720],[721],[722],[725],[729],[730],[732],[733],[734],[735],[736],[738],[740],[742],[743],[744],[746],[749],[750],[753],[755],[756],[757],[758],[759],[761],[762],[763],[765],[767],[768],[769],[771],[774],[775],[776],[777],[779],[782],[783],[785],[786],[787],[788],[789],[790],[791],[793],[794],[795],[796],[797],[798],[799],[802],[803],[804],[806],[808],[809],[811],[812],[813],[816],[818],[820],[821],[822],[825],[832],[833],[836],[839],[841],[843],[846],[849],[850],[852],[854],[855]]"
686,168,23,1338,1649.13,,826.5,0.05,1270,1552.65,,794.0,True,107,58,8,5,0.003366,True,30.47983593606501,69.0,160,100,0.4,0.4,2,inf,121.405524,0.003413,121.408937,True,110,53,8,5,0.003378,True,29.310530251687602,61.0,25,117,0.4,0.4,2,inf,148.055096,0.00341,148.058506,"[[828,687,693,696,698,706,708,709,711,718,726,727,731,737,739,741,751,752,754,759,760,764,766,770,772,773,774,778,780,784,792,800,807,810,814,815,817,819,829,834,835,837,838,840,842,844,845,847,848,849,851,853,856],[827,694,697,719,724,745,781,805,823,824,830],[713,695,722,738,762,787,831],[705],[688],[689],[690],[691],[699],[700],[701],[702],[703],[704],[707],[710],[712],[714],[715],[716],[717],[720],[721],[723],[725],[728],[729],[730],[732],[733],[734],[735],[736],[740],[742],[743],[744],[746],[747],[748],[749],[750],[753],[755],[756],[757],[758],[761],[763],[765],[767],[768],[769],[771],[775],[776],[777],[779],[782],[783],[785],[786],[788],[789],[790],[791],[793],[794],[795],[796],[797],[798],[799],[802],[803],[804],[806],[808],[809],[811],[812],[813],[816],[818],[820],[821],[822],[825],[826],[832],[833],[836],[839],[841],[843],[846],[850],[852],[854],[855]]","[[828,688,693,694,696,698,706,708,718,726,731,741,751,752,754,760,764,766,770,772,773,774,778,780,800,807,810,814,815,817,819,823,827,829,830,834,840,842,844,845,847,849,853],[784,705,713,719,724,745,781],[697,805,824],[728,820],[687],[689],[690],[691],[695],[699],[700],[701],[702],[703],[704],[707],[709],[710],[711],[712],[714],[715],[716],[717],[720],[721],[722],[723],[725],[727],[729],[730],[732],[733],[734],[735],[736],[737],[738],[739],[740],[742],[743],[744],[746],[747],[748],[749],[750],[753],[755],[756],[757],[758],[759],[761],[762],[763],[765],[767],[768],[769],[771],[775],[776],[777],[779],[782],[783],[785],[786],[787],[788],[789],[790],[791],[792],[793],[794],[795],[796],[797],[798],[799],[802],[803],[804],[806],[808],[809],[811],[812],[813],[816],[818],[821],[822],[825],[826],[831],[832],[833],[835],[836],[837],[838],[839],[841],[843],[846],[848],[850],[851],[852],[854],[855],[856]]"
686,168,24,1338,1649.13,,826.5,0.05,1250,1545.77,,779.0,True,107,58,8,5,0.003366,True,30.47983593606501,69.0,160,100,0.4,0.4,2,inf,121.405524,0.003413,121.408937,True,111,56,8,5,0.003355,True,29.134429469636032,65.0,30,102,0.4,0.4,2,inf,109.59149,0.003369,109.594859,"[[828,687,693,696,698,706,708,709,711,718,726,727,731,737,739,741,751,752,754,759,760,764,766,770,772,773,774,778,780,784,792,800,807,810,814,815,817,819,829,834,835,837,838,840,842,844,845,847,848,849,851,853,856],[827,694,697,719,724,745,781,805,823,824,830],[713,695,722,738,762,787,831],[705],[688],[689],[690],[691],[699],[700],[701],[702],[703],[704],[707],[710],[712],[714],[715],[716],[717],[720],[721],[723],[725],[728],[729],[730],[732],[733],[734],[735],[736],[740],[742],[743],[744],[746],[747],[748],[749],[750],[753],[755],[756],[757],[758],[761],[763],[765],[767],[768],[769],[771],[775],[776],[777],[779],[782],[783],[785],[786],[788],[789],[790],[791],[793],[794],[795],[796],[797],[798],[799],[802],[803],[804],[806],[808],[809],[811],[812],[813],[816],[818],[820],[821],[822],[825],[826],[832],[833],[836],[839],[841],[843],[846],[850],[852],[854],[855]]","[[828,687,693,698,706,708,709,711,718,723,726,727,728,731,737,739,741,751,752,754,759,760,764,766,770,772,773,778,779,780,784,792,807,810,815,817,819,820,826,834,835,837,838,840,842,844,845,847,848,849,851,853,856],[814,705,713,719,724,745,781,800,805,827,829],[830,694,697,823,824],[703],[688],[689],[690],[691],[695],[696],[699],[700],[701],[702],[704],[707],[710],[712],[714],[715],[716],[717],[720],[721],[722],[725],[729],[730],[732],[733],[734],[735],[736],[738],[740],[742],[743],[744],[746],[747],[748],[749],[750],[753],[755],[756],[757],[758],[761],[762],[763],[765],[767],[768],[769],[771],[774],[775],[776],[777],[782],[783],[785],[786],[787],[788],[789],[790],[791],[793],[794],[795],[796],[797],[798],[799],[802],[803],[804],[806],[808],[809],[811],[812],[813],[816],[818],[821],[822],[825],[831],[832],[833],[836],[839],[841],[843],[846],[850],[852],[854],[855]]"
686,168,25,1338,1649.13,,826.5,0.05,1284,1525.11,,779.0,True,107,58,8,5,0.003366,True,30.47983593606501,69.0,160,100,0.4,0.4,2,inf,121.405524,0.003413,121.408937,True,112,53,8,5,0.011995,True,28.28186499145048,58.0,17,106,0.4,0.4,2,inf,161.769482,0.003367,161.772849,"[[828,687,693,696,698,706,708,709,711,718,726,727,731,737,739,741,751,752,754,759,760,764,766,770,772,773,774,778,780,784,792,800,807,810,814,815,817,819,829,834,835,837,838,840,842,844,845,847,848,849,851,853,856],[827,694,697,719,724,745,781,805,823,824,830],[713,695,722,738,762,787,831],[705],[688],[689],[690],[691],[699],[700],[701],[702],[703],[704],[707],[710],[712],[714],[715],[716],[717],[720],[721],[723],[725],[728],[729],[730],[732],[733],[734],[735],[736],[740],[742],[743],[744],[746],[747],[748],[749],[750],[753],[755],[756],[757],[758],[761],[763],[765],[767],[768],[769],[771],[775],[776],[777],[779],[782],[783],[785],[786],[788],[789],[790],[791],[793],[794],[795],[796],[797],[798],[799],[802],[803],[804],[806],[808],[809],[811],[812],[813],[816],[818],[820],[821],[822],[825],[826],[832],[833],[836],[839],[841],[843],[846],[850],[852],[854],[855]]","[[828,693,696,706,724,726,731,737,741,751,752,754,760,764,766,772,773,774,778,780,784,800,807,810,814,815,817,819,823,824,827,829,830,834,835,840,842,844,845,847,848,853],[762,705,713,719,745,781,805],[747,687,698,701,708,748,769,792,797,831,838,849,856],[697,688,694],[718,703],[689],[690],[691],[695],[699],[700],[702],[704],[707],[709],[710],[711],[712],[714],[715],[716],[717],[720],[721],[722],[723],[725],[727],[728],[729],[730],[732],[733],[734],[735],[736],[738],[739],[740],[742],[743],[744],[746],[749],[750],[753],[755],[756],[757],[758],[759],[761],[763],[765],[767],[768],[770],[771],[775],[776],[777],[779],[782],[783],[785],[786],[787],[788],[789],[790],[791],[793],[794],[795],[796],[798],[799],[802],[803],[804],[806],[808],[809],[811],[812],[813],[816],[818],[820],[821],[822],[825],[826],[832],[833],[836],[837],[839],[841],[843],[846],[850],[851],[852],[854],[855]]"
686,168,26,1338,1649.13,,826.5,0.05,1339,1547.33,,785.0,True,107,58,8,5,0.003366,True,30.47983593606501,69.0,160,100,0.4,0.4,2,inf,121.405524,0.003413,121.408937,True,112,52,8,5,0.003806,True,28.95612594005472,69.0,140,97,0.4,0.4,2,inf,126.68495,0.003388,126.688338,"[[828,687,693,696,698,706,708,709,711,718,726,727,731,737,739,741,751,752,754,759,760,764,766,770,772,773,774,778,780,784,792,800,807,810,814,815,817,819,829,834,835,837,838,840,842,844,845,847,848,849,851,853,856],[827,694,697,719,724,745,781,805,823,824,830],[713,695,722,738,762,787,831],[705],[688],[689],[690],[691],[699],[700],[701],[702],[703],[704],[707],[710],[712],[714],[715],[716],[717],[720],[721],[723],[725],[728],[729],[730],[732],[733],[734],[735],[736],[740],[742],[743],[744],[746],[747],[748],[749],[750],[753],[755],[756],[757],[758],[761],[763],[765],[767],[768],[769],[771],[775],[776],[777],[779],[782],[783],[785],[786],[788],[789],[790],[791],[793],[794],[795],[796],[797],[798],[799],[802],[803],[804],[806],[808],[809],[811],[812],[813],[816],[818],[820],[821],[822],[825],[826],[832],[833],[836],[839],[841],[843],[846],[850],[852],[854],[855]]","[[828,687,693,696,698,706,708,709,711,718,723,726,727,731,737,739,741,751,752,754,759,760,764,766,769,770,772,773,774,778,779,780,792,797,800,807,810,814,815,817,819,820,823,824,826,829,830,835,837,838,840,842,844,845,847,848,849,851,853,856],[834,694,697,705,713,719,724,745,781,784,805,827],[703,728],[688],[689],[690],[691],[695],[699],[700],[701],[702],[704],[707],[710],[712],[714],[715],[716],[717],[720],[721],[722],[725],[729],[730],[732],[733],[734],[735],[736],[738],[740],[742],[743],[744],[746],[747],[748],[749],[750],[753],[755],[756],[757],[758],[761],[762],[763],[765],[767],[768],[771],[775],[776],[777],[782],[783],[785],[786],[787],[788],[789],[790],[791],[793],[794],[795],[796],[798],[799],[802],[803],[804],[806],[808],[809],[811],[812],[813],[816],[818],[821],[822],[825],[831],[832],[833],[836],[839],[841],[843],[846],[850],[852],[854],[855]]"
686,168,27,1338,1649.13,,826.5,0.05,1269,1548.11,,779.5,True,107,58,8,5,0.003366,True,30.47983593606501,69.0,160,100,0.4,0.4,2,inf,121.405524,0.003413,121.408937,True,111,54,8,5,0.003687,True,28.882050204089175,59.0,25,106,0.4,0.4,2,inf,128.739432,0.003409,128.742841,"[[828,687,693,696,698,706,708,709,711,718,726,727,731,737,739,741,751,752,754,759,760,764,766,770,772,773,774,778,780,784,792,800,807,810,814,815,817,819,829,834,835,837,838,840,842,844,845,847,848,849,851,853,856],[827,694,697,719,724,745,781,805,823,824,830],[713,695,722,738,762,787,831],[705],[688],[689],[690],[691],[699],[700],[701],[702],[703],[704],[707],[710],[712],[714],[715],[716],[717],[720],[721],[723],[725],[728],[729],[730],[732],[733],[734],[735],[736],[740],[742],[743],[744],[746],[747],[748],[749],[750],[753],[755],[756],[757],[758],[761],[763],[765],[767],[768],[769],[771],[775],[776],[777],[779],[782],[783],[785],[786],[788],[789],[790],[791],[793],[794],[795],[796],[797],[798],[799],[802],[803],[804],[806],[808],[809],[811],[812],[813],[816],[818],[820],[821],[822],[825],[826],[832],[833],[836],[839],[841],[843],[846],[850],[852],[854],[855]]","[[828,687,693,696,698,706,708,709,718,726,727,737,739,741,751,752,754,759,760,764,766,770,772,773,774,778,800,807,810,814,815,817,820,834,835,837,838,840,844,845,847,848,849,851,853,856],[731,694,705,713,719,724,745,784,805,827],[688,697,780,819,823,824,830],[842,781,829],[689],[690],[691],[695],[699],[700],[701],[702],[703],[704],[707],[710],[711],[712],[714],[715],[716],[717],[720],[721],[722],[723],[725],[728],[729],[730],[732],[733],[734],[735],[736],[738],[740],[742],[743],[744],[746],[747],[748],[749],[750],[753],[755],[756],[757],[758],[761],[762],[763],[765],[767],[768],[769],[771],[775],[776],[777],[779],[782],[783],[785],[786],[787],[788],[789],[790],[791],[792],[793],[794],[795],[796],[797],[798],[799],[802],[803],[804],[806],[808],[809],[811],[812],[813],[816],[818],[821],[822],[825],[826],[831],[832],[833],[836],[839],[841],[843],[846],[850],[852],[854],[855]]"
686,168,28,1338,1649.13,,826.5,0.05,1321,1555.59,,784.0,True,107,58,8,5,0.003366,True,30.47983593606501,69.0,160,100,0.4,0.4,2,inf,121.405524,0.003413,121.408937,True,112,54,8,5,0.003428,True,28.877752957550033,56.0,82,107,0.4,0.4,2,inf,127.72663,0.003395,127.730025,"[[828,687,693,696,698,706,708,709,711,718,726,727,731,737,739,741,751,752,754,759,760,764,766,770,772,773,774,778,780,784,792,800,807,810,814,815,817,819,829,834,835,837,838,840,842,844,845,847,848,849,851,853,856],[827,694,697,719,724,745,781,805,823,824,830],[713,695,722,738,762,787,831],[705],[688],[689],[690],[691],[699],[700],[701],[702],[703],[704],[707],[710],[712],[714],[715],[716],[717],[720],[721],[723],[725],[728],[729],[730],[732],[733],[734],[735],[736],[740],[742],[743],[744],[746],[747],[748],[749],[750],[753],[755],[756],[757],[758],[761],[763],[765],[767],[768],[769],[771],[775],[776],[777],[779],[782],[783],[785],[786],[788],[789],[790],[791],[793],[794],[795],[796],[797],[798],[799],[802],[803],[804],[806],[808],[809],[811],[812],[813],[816],[818],[820],[821],[822],[825],[826],[832],[833],[836],[839],[841],[843],[846],[850],[852],[854],[855]]","[[828,687,693,696,698,708,709,711,718,726,731,737,739,741,751,752,754,759,760,764,766,770,772,773,778,780,792,807,810,814,815,817,819,823,829,834,835,838,840,844,845,847,848,851,853,856],[842,694,697,705,713,719,724,745,781,784,800,805,824,827],[695,734],[688,774,830],[689],[690],[691],[699],[700],[701],[702],[703],[704],[707],[710],[712],[714],[715],[716],[717],[720],[721],[722],[723],[725],[727],[728],[729],[730],[732],[733],[735],[736],[740],[742],[743],[744],[746],[747],[748],[749],[750],[753],[755],[756],[757],[758],[761],[762],[763],[765],[767],[768],[769],[771],[775],[776],[777],[779],[782],[783],[785],[786],[787],[788],[789],[790],[791],[793],[794],[795],[796],[797],[798],[799],[802],[803],[804],[806],[808],[809],[811],[812],[813],[816],[818],[820],[821],[822],[825],[826],[831],[832],[833],[836],[837],[839],[841],[843],[846],[849],[850],[852],[854],[855],[738],[706]]"
686,168,29,1338,1649.13,,826.5,0.05,1279,1540.37,,782.5,True,107,58,8,5,0.003366,True,30.47983593606501,69.0,160,100,0.4,0.4,2,inf,121.405524,0.003413,121.408937,True,115,53,8,5,0.00336,True,28.94011473325631,62.0,25,115,0.4,0.4,2,inf,114.78289,0.003417,114.786307,"[[828,687,693,696,698,706,708,709,711,718,726,727,731,737,739,741,751,752,754,759,760,764,766,770,772,773,774,778,780,784,792,800,807,810,814,815,817,819,829,834,835,837,838,840,842,844,845,847,848,849,851,853,856],[827,694,697,719,724,745,781,805,823,824,830],[713,695,722,738,762,787,831],[705],[688],[689],[690],[691],[699],[700],[701],[702],[703],[704],[707],[710],[712],[714],[715],[716],[717],[720],[721],[723],[725],[728],[729],[730],[732],[733],[734],[735],[736],[740],[742],[743],[744],[746],[747],[748],[749],[750],[753],[755],[756],[757],[758],[761],[763],[765],[767],[768],[769],[771],[775],[776],[777],[779],[782],[783],[785],[786],[788],[789],[790],[791],[793],[794],[795],[796],[797],[798],[799],[802],[803],[804],[806],[808],[809],[811],[812],[813],[816],[818],[820],[821],[822],[825],[826],[832],[833],[836],[839],[841],[843],[846],[850],[852],[854],[855]]","[[828,693,694,696,698,706,708,724,726,731,737,741,751,752,754,760,764,766,772,773,774,778,780,784,800,807,810,814,815,817,819,820,823,824,827,829,830,834,835,840,842,844,845,847,848,849,853],[697,705,713,719,745,805],[739,703,728],[781],[687],[688],[689],[690],[691],[695],[699],[700],[701],[702],[704],[707],[709],[710],[711],[712],[714],[715],[716],[717],[718],[720],[721],[722],[723],[725],[727],[729],[730],[732],[733],[734],[735],[736],[738],[740],[742],[743],[744],[746],[748],[749],[750],[753],[755],[756],[757],[758],[759],[761],[762],[763],[765],[767],[768],[769],[770],[771],[775],[776],[777],[779],[782],[783],[785],[786],[787],[788],[789],[790],[791],[792],[793],[794],[795],[796],[797],[798],[799],[802],[803],[804],[806],[808],[809],[811],[812],[813],[816],[818],[821],[822],[825],[826],[831],[832],[833],[836],[837],[838],[839],[841],[843],[846],[850],[851],[852],[854],[855],[856],[747]]"
686,168,30,1338,1649.13,,826.5,0.05,1300,1560.35,,788.0,True,107,58,8,5,0.003366,True,30.47983593606501,69.0,160,100,0.4,0.4,2,inf,121.405524,0.003413,121.408937,True,111,51,8,5,0.003232,True,28.32227893945636,62.0,160,102,0.4,0.4,2,inf,112.123769,0.003329,112.127098,"[[828,687,693,696,698,706,708,709,711,718,726,727,731,737,739,741,751,752,754,759,760,764,766,770,772,773,774,778,780,784,792,800,807,810,814,815,817,819,829,834,835,837,838,840,842,844,845,847,848,849,851,853,856],[827,694,697,719,724,745,781,805,823,824,830],[713,695,722,738,762,787,831],[705],[688],[689],[690],[691],[699],[700],[701],[702],[703],[704],[707],[710],[712],[714],[715],[716],[717],[720],[721],[723],[725],[728],[729],[730],[732],[733],[734],[735],[736],[740],[742],[743],[744],[746],[747],[748],[749],[750],[753],[755],[756],[757],[758],[761],[763],[765],[767],[768],[769],[771],[775],[776],[777],[779],[782],[783],[785],[786],[788],[789],[790],[791],[793],[794],[795],[796],[797],[798],[799],[802],[803],[804],[806],[808],[809],[811],[812],[813],[816],[818],[820],[821],[822],[825],[826],[832],[833],[836],[839],[841],[843],[846],[850],[852],[854],[855]]","[[828,687,693,696,698,706,708,709,711,718,723,726,727,731,737,739,741,751,754,759,760,764,766,772,773,778,779,780,792,797,800,807,810,814,815,817,819,826,834,835,837,838,840,842,844,845,847,848,849,851,856],[752,694,705,713,719,724,745,781,784,805,823,824,827,829,830,853],[688,697],[689],[690],[691],[695],[699],[700],[701],[702],[703],[704],[707],[710],[712],[714],[715],[716],[717],[720],[721],[722],[725],[728],[729],[730],[732],[733],[734],[735],[736],[738],[740],[742],[743],[744],[746],[747],[748],[749],[750],[753],[755],[756],[757],[758],[761],[762],[763],[765],[767],[768],[769],[770],[771],[774],[775],[776],[777],[782],[783],[785],[786],[787],[788],[789],[790],[791],[793],[794],[795],[796],[798],[799],[802],[803],[804],[806],[808],[809],[811],[812],[813],[816],[818],[820],[821],[822],[825],[831],[832],[833],[836],[839],[841],[843],[846],[850],[852],[854],[855]]"
686,168,1,1338,1649.13,,826.5,0.15,1173,1331.57,,687.5,True,107,58,8,5,0.003366,True,30.47983593606501,69.0,160,100,0.4,0.4,2,inf,121.405524,0.003413,121.408937,True,126,46,8,5,0.003149,True,24.550301220416397,52.0,25,96,0.4,0.4,2,inf,176.606216,0.003333,176.609549,"[[828,687,693,696,698,706,708,709,711,718,726,727,731,737,739,741,751,752,754,759,760,764,766,770,772,773,774,778,780,784,792,800,807,810,814,815,817,819,829,834,835,837,838,840,842,844,845,847,848,849,851,853,856],[827,694,697,719,724,745,781,805,823,824,830],[713,695,722,738,762,787,831],[705],[688],[689],[690],[691],[699],[700],[701],[702],[703],[704],[707],[710],[712],[714],[715],[716],[717],[720],[721],[723],[725],[728],[729],[730],[732],[733],[734],[735],[736],[740],[742],[743],[744],[746],[747],[748],[749],[750],[753],[755],[756],[757],[758],[761],[763],[765],[767],[768],[769],[771],[775],[776],[777],[779],[782],[783],[785],[786],[788],[789],[790],[791],[793],[794],[795],[796],[797],[798],[799],[802],[803],[804],[806],[808],[809],[811],[812],[813],[816],[818],[820],[821],[822],[825],[826],[832],[833],[836],[839],[841],[843],[846],[850],[852],[854],[855]]","[[828,688,693,696,698,706,724,726,727,731,745,751,752,754,760,764,766,772,774,778,780,784,800,810,814,815,817,819,829,834,840,842,844,847,853],[773,694,705,713,719,781,823,824,827],[747,687,701,708,718,739,748,753,758,763,765,769,770,783,792,793,797,803,804,807,809,831,837,849,856],[697,805,830,848],[741,703,728,820],[689],[690],[691],[695],[699],[700],[702],[704],[707],[709],[710],[711],[712],[714],[715],[716],[717],[720],[721],[722],[723],[725],[729],[730],[732],[733],[734],[735],[736],[737],[738],[740],[742],[743],[744],[746],[749],[750],[755],[756],[757],[759],[761],[762],[767],[768],[771],[775],[776],[777],[779],[782],[785],[786],[787],[788],[789],[790],[791],[794],[795],[796],[798],[799],[802],[806],[808],[811],[812],[813],[816],[818],[821],[822],[825],[826],[832],[833],[835],[836],[838],[839],[841],[843],[845],[846],[850],[851],[852],[854],[855]]"
686,168,2,1338,1649.13,,826.5,0.15,1176,1333.65,,689.5,True,107,58,8,5,0.003366,True,30.47983593606501,69.0,160,100,0.4,0.4,2,inf,121.405524,0.003413,121.408937,True,127,48,8,5,0.0031,True,24.715484031499905,54.0,25,110,0.4,0.4,2,inf,187.569954,0.00339,187.573344,"[[828,687,693,696,698,706,708,709,711,718,726,727,731,737,739,741,751,752,754,759,760,764,766,770,772,773,774,778,780,784,792,800,807,810,814,815,817,819,829,834,835,837,838,840,842,844,845,847,848,849,851,853,856],[827,694,697,719,724,745,781,805,823,824,830],[713,695,722,738,762,787,831],[705],[688],[689],[690],[691],[699],[700],[701],[702],[703],[704],[707],[710],[712],[714],[715],[716],[717],[720],[721],[723],[725],[728],[729],[730],[732],[733],[734],[735],[736],[740],[742],[743],[744],[746],[747],[748],[749],[750],[753],[755],[756],[757],[758],[761],[763],[765],[767],[768],[769],[771],[775],[776],[777],[779],[782],[783],[785],[786],[788],[789],[790],[791],[793],[794],[795],[796],[797],[798],[799],[802],[803],[804],[806],[808],[809],[811],[812],[813],[816],[818],[820],[821],[822],[825],[826],[832],[833],[836],[839],[841],[843],[846],[850],[852],[854],[855]]","[[828,693,696,697,698,706,708,724,726,728,731,745,751,760,766,772,773,774,778,780,784,800,814,817,819,820,823,824,827,829,834,838,840,842,844,847,851,853],[845,688,694,713,719,830],[705,718,722,737,738,748,752,754,755,758,762,764,787,831,849],[810,781,805],[687],[689],[690],[691],[695],[699],[700],[701],[702],[703],[704],[707],[709],[710],[711],[712],[714],[715],[716],[717],[720],[721],[723],[725],[727],[729],[730],[732],[733],[734],[735],[736],[739],[740],[741],[742],[743],[744],[746],[747],[749],[750],[753],[756],[757],[759],[761],[763],[765],[767],[768],[769],[770],[771],[775],[776],[777],[779],[782],[783],[785],[786],[788],[789],[790],[791],[792],[793],[794],[795],[796],[797],[798],[799],[802],[803],[804],[806],[807],[808],[809],[811],[812],[813],[816],[818],[821],[822],[825],[826],[832],[833],[835],[836],[837],[839],[841],[843],[846],[848],[850],[852],[854],[855],[856],[815]]"
686,168,3,1338,1649.13,,826.5,0.15,1175,1368.64,,701.5,True,107,58,8,5,0.003366,True,30.47983593606501,69.0,160,100,0.4,0.4,2,inf,121.405524,0.003413,121.408937,True,126,43,8,5,0.003092,True,26.13809327592604,53.0,17,99,0.4,0.4,2,inf,144.536409,0.003292,144.539701,"[[828,687,693,696,698,706,708,709,711,718,726,727,731,737,739,741,751,752,754,759,760,764,766,770,772,773,774,778,780,784,792,800,807,810,814,815,817,819,829,834,835,837,838,840,842,844,845,847,848,849,851,853,856],[827,694,697,719,724,745,781,805,823,824,830],[713,695,722,738,762,787,831],[705],[688],[689],[690],[691],[699],[700],[701],[702],[703],[704],[707],[710],[712],[714],[715],[716],[717],[720],[721],[723],[725],[728],[729],[730],[732],[733],[734],[735],[736],[740],[742],[743],[744],[746],[747],[748],[749],[750],[753],[755],[756],[757],[758],[761],[763],[765],[767],[768],[769],[771],[775],[776],[777],[779],[782],[783],[785],[786],[788],[789],[790],[791],[793],[794],[795],[796],[797],[798],[799],[802],[803],[804],[806],[808],[809],[811],[812],[813],[816],[818],[820],[821],[822],[825],[826],[832],[833],[836],[839],[841],[843],[846],[850],[852],[854],[855]]","[[828,687,693,696,698,706,708,709,711,718,723,726,727,731,737,739,741,751,752,759,760,764,766,769,770,772,773,778,779,780,781,792,797,807,810,812,814,817,826,827,835,837,838,840,842,844,845,847,848,851],[834,697,713,719,724,745,784,805,824,853],[705,720,722,738,748,762,787,809,831,849],[694,800,829],[688],[689],[690],[691],[695],[699],[700],[701],[702],[703],[704],[707],[710],[712],[714],[715],[716],[717],[721],[725],[728],[729],[730],[732],[733],[734],[735],[736],[740],[742],[743],[744],[746],[747],[749],[750],[753],[754],[755],[756],[757],[758],[761],[763],[765],[767],[768],[771],[774],[775],[776],[777],[782],[783],[785],[786],[788],[789],[790],[791],[793],[794],[795],[796],[798],[799],[802],[803],[804],[806],[808],[811],[813],[815],[816],[818],[819],[820],[821],[822],[823],[825],[830],[832],[833],[836],[839],[841],[843],[846],[850],[852],[854],[855],[856]]"
686,168,4,1338,1649.13,,826.5,0.15,1178,1354.26,,693.0,True,107,58,8,5,0.003366,True,30.47983593606501,69.0,160,100,0.4,0.4,2,inf,121.405524,0.003413,121.408937,True,125,42,8,5,0.003205,True,24.879125442755612,51.0,31,114,0.4,0.4,2,inf,140.751788,0.003384,140.755172,"[[828,687,693,696,698,706,708,709,711,718,726,727,731,737,739,741,751,752,754,759,760,764,766,770,772,773,774,778,780,784,792,800,807,810,814,815,817,819,829,834,835,837,838,840,842,844,845,847,848,849,851,853,856],[827,694,697,719,724,745,781,805,823,824,830],[713,695,722,738,762,787,831],[705],[688],[689],[690],[691],[699],[700],[701],[702],[703],[704],[707],[710],[712],[714],[715],[716],[717],[720],[721],[723],[725],[728],[729],[730],[732],[733],[734],[735],[736],[740],[742],[743],[744],[746],[747],[748],[749],[750],[753],[755],[756],[757],[758],[761],[763],[765],[767],[768],[769],[771],[775],[776],[777],[779],[782],[783],[785],[786],[788],[789],[790],[791],[793],[794],[795],[796],[797],[798],[799],[802],[803],[804],[806],[808],[809],[811],[812],[813],[816],[818],[820],[821],[822],[825],[826],[832],[833],[836],[839],[841],[843],[846],[850],[852],[854],[855]]","[[828,693,696,698,706,709,723,726,727,731,739,751,752,760,766,770,772,773,774,778,792,807,810,814,817,819,826,834,835,840,842,844,845,847,849,851,853,856],[713,690,695,701,722,724,734,738,762,784,787,794,800,848],[764,703,705,718,747],[719],[694],[805],[687],[688],[689],[691],[697],[699],[700],[702],[704],[707],[708],[710],[711],[712],[714],[715],[716],[717],[720],[721],[725],[728],[729],[730],[732],[733],[735],[736],[737],[740],[741],[742],[743],[744],[746],[748],[749],[750],[753],[754],[755],[756],[757],[758],[759],[761],[763],[765],[767],[768],[769],[771],[775],[776],[777],[779],[780],[782],[783],[785],[786],[788],[789],[790],[791],[793],[795],[796],[797],[798],[799],[802],[803],[804],[806],[808],[809],[811],[812],[813],[815],[816],[818],[820],[821],[822],[823],[825],[827],[829],[830],[831],[832],[833],[836],[837],[838],[839],[841],[843],[846],[850],[852],[854],[855],[781],[745],[824]]"
686,168,5,1338,1649.13,,826.5,0.15,1167,1412.14,,715.0,True,107,58,8,5,0.003366,True,30.47983593606501,69.0,160,100,0.4,0.4,2,inf,121.405524,0.003413,121.408937,True,122,45,8,5,0.003126,True,26.106198827735053,52.0,72,100,0.4,0.4,2,inf,116.174852,0.003337,116.178189,"[[828,687,693,696,698,706,708,709,711,718,726,727,731,737,739,741,751,752,754,759,760,764,766,770,772,773,774,778,780,784,792,800,807,810,814,815,817,819,829,834,835,837,838,840,842,844,845,847,848,849,851,853,856],[827,694,697,719,724,745,781,805,823,824,830],[713,695,722,738,762,787,831],[705],[688],[689],[690],[691],[699],[700],[701],[702],[703],[704],[707],[710],[712],[714],[715],[716],[717],[720],[721],[723],[725],[728],[729],[730],[732],[733],[734],[735],[736],[740],[742],[743],[744],[746],[747],[748],[749],[750],[753],[755],[756],[757],[758],[761],[763],[765],[767],[768],[769],[771],[775],[776],[777],[779],[782],[783],[785],[786],[788],[789],[790],[791],[793],[794],[795],[796],[797],[798],[799],[802],[803],[804],[806],[808],[809],[811],[812],[813],[816],[818],[820],[821],[822],[825],[826],[832],[833],[836],[839],[841],[843],[846],[850],[852],[854],[855]]","[[828,687,696,698,703,706,708,709,718,723,726,727,731,737,739,741,751,752,759,760,766,770,772,773,774,778,779,780,784,792,800,807,814,815,817,819,826,829,837,838,840,845,847,848,856],[834,694,697,705,719,724,745,781,805,810,823,824,827,830,842,853],[713,701,722,738,748,762,787,831,844],[728,764],[688],[689],[690],[691],[693],[695],[699],[700],[702],[704],[707],[710],[711],[712],[714],[715],[716],[717],[720],[721],[725],[729],[730],[732],[733],[734],[735],[736],[740],[742],[743],[744],[746],[747],[749],[750],[753],[754],[755],[756],[757],[758],[761],[763],[765],[767],[768],[769],[771],[775],[776],[777],[782],[783],[785],[786],[788],[789],[790],[791],[793],[794],[795],[796],[797],[798],[799],[802],[803],[804],[806],[808],[809],[811],[812],[813],[816],[818],[820],[821],[822],[825],[832],[833],[835],[836],[839],[841],[843],[846],[849],[850],[851],[852],[854],[855]]"
686,168,6,1338,1649.13,,826.5,0.15,1171,1374.34,,699.5,True,107,58,8,5,0.003366,True,30.47983593606501,69.0,160,100,0.4,0.4,2,inf,121.405524,0.003413,121.408937,True,124,45,8,5,0.003465,True,25.376751334943513,57.0,17,106,0.4,0.4,2,inf,116.082453,0.003338,116.085791,"[[828,687,693,696,698,706,708,709,711,718,726,727,731,737,739,741,751,752,754,759,760,764,766,770,772,773,774,778,780,784,792,800,807,810,814,815,817,819,829,834,835,837,838,840,842,844,845,847,848,849,851,853,856],[827,694,697,719,724,745,781,805,823,824,830],[713,695,722,738,762,787,831],[705],[688],[689],[690],[691],[699],[700],[701],[702],[703],[704],[707],[710],[712],[714],[715],[716],[717],[720],[721],[723],[725],[728],[729],[730],[732],[733],[734],[735],[736],[740],[742],[743],[744],[746],[747],[748],[749],[750],[753],[755],[756],[757],[758],[761],[763],[765],[767],[768],[769],[771],[775],[776],[777],[779],[782],[783],[785],[786],[788],[789],[790],[791],[793],[794],[795],[796],[797],[798],[799],[802],[803],[804],[806],[808],[809],[811],[812],[813],[816],[818],[820],[821],[822],[825],[826],[832],[833],[836],[839],[841],[843],[846],[850],[852],[854],[855]]","[[828,687,688,693,696,698,706,708,709,711,723,727,731,737,739,741,751,754,759,764,766,769,772,773,778,779,792,797,800,810,814,817,819,826,835,837,838,842,844,845,846,847,848,851,853,856],[713,695,722,726,738,760,762,831,834],[752,694,719,745,781,824,827],[718,705],[780,697,830],[689],[690],[691],[699],[700],[701],[702],[703],[704],[707],[710],[712],[714],[715],[716],[717],[720],[721],[724],[725],[728],[729],[730],[732],[733],[734],[735],[736],[740],[742],[743],[744],[746],[747],[748],[749],[750],[753],[755],[756],[757],[758],[761],[763],[765],[767],[768],[770],[771],[774],[775],[776],[777],[782],[783],[784],[785],[786],[787],[788],[789],[790],[791],[793],[794],[795],[796],[798],[799],[802],[803],[804],[805],[806],[807],[808],[809],[811],[812],[813],[815],[816],[818],[820],[821],[822],[823],[825],[829],[832],[833],[836],[839],[840],[841],[843],[849],[850],[852],[854],[855]]"
686,168,7,1338,1649.13,,826.5,0.15,1177,1395.1,,709.0,True,107,58,8,5,0.003366,True,30.47983593606501,69.0,160,100,0.4,0.4,2,inf,121.405524,0.003413,121.408937,True,123,43,8,5,0.003241,True,26.484817486632814,53.0,17,112,0.4,0.4,2,inf,170.540399,0.003412,170.543811,"[[828,687,693,696,698,706,708,709,711,718,726,727,731,737,739,741,751,752,754,759,760,764,766,770,772,773,774,778,780,784,792,800,807,810,814,815,817,819,829,834,835,837,838,840,842,844,845,847,848,849,851,853,856],[827,694,697,719,724,745,781,805,823,824,830],[713,695,722,738,762,787,831],[705],[688],[689],[690],[691],[699],[700],[701],[702],[703],[704],[707],[710],[712],[714],[715],[716],[717],[720],[721],[723],[725],[728],[729],[730],[732],[733],[734],[735],[736],[740],[742],[743],[744],[746],[747],[748],[749],[750],[753],[755],[756],[757],[758],[761],[763],[765],[767],[768],[769],[771],[775],[776],[777],[779],[782],[783],[785],[786],[788],[789],[790],[791],[793],[794],[795],[796],[797],[798],[799],[802],[803],[804],[806],[808],[809],[811],[812],[813],[816],[818],[820],[821],[822],[825],[826],[832],[833],[836],[839],[841],[843],[846],[850],[852],[854],[855]]","[[828,693,696,697,698,706,708,728,731,739,741,751,752,760,764,766,770,772,773,778,780,792,810,814,817,819,820,823,827,834,835,840,842,845,847,848,849,853],[726,694,705,713,745,781,784,805,824,830,844],[719,724,762,800,829],[703,718,807],[688,687,774],[738,722],[689],[690],[691],[695],[699],[700],[701],[702],[704],[707],[709],[710],[711],[712],[714],[715],[716],[717],[720],[721],[723],[725],[727],[729],[730],[732],[733],[734],[735],[736],[737],[740],[742],[743],[744],[746],[748],[749],[750],[753],[754],[755],[756],[757],[758],[759],[761],[763],[765],[767],[768],[769],[771],[775],[776],[777],[779],[782],[783],[785],[786],[787],[788],[789],[790],[791],[793],[794],[795],[796],[797],[798],[799],[802],[803],[804],[806],[808],[809],[811],[812],[813],[815],[816],[818],[821],[822],[825],[826],[831],[832],[833],[836],[837],[838],[839],[841],[843],[846],[850],[851],[852],[854],[855],[856],[747]]"
686,168,8,1338,1649.13,,826.5,0.15,1169,1400.77,,715.5,True,107,58,8,5,0.003366,True,30.47983593606501,69.0,160,100,0.4,0.4,2,inf,121.405524,0.003413,121.408937,True,121,48,8,5,0.003131,True,26.401541191136555,59.0,17,116,0.4,0.4,2,inf,109.609771,0.003404,109.613175,"[[828,687,693,696,698,706,708,709,711,718,726,727,731,737,739,741,751,752,754,759,760,764,766,770,772,773,774,778,780,784,792,800,807,810,814,815,817,819,829,834,835,837,838,840,842,844,845,847,848,849,851,853,856],[827,694,697,719,724,745,781,805,823,824,830],[713,695,722,738,762,787,831],[705],[688],[689],[690],[691],[699],[700],[701],[702],[703],[704],[707],[710],[712],[714],[715],[716],[717],[720],[721],[723],[725],[728],[729],[730],[732],[733],[734],[735],[736],[740],[742],[743],[744],[746],[747],[748],[749],[750],[753],[755],[756],[757],[758],[761],[763],[765],[767],[768],[769],[771],[775],[776],[777],[779],[782],[783],[785],[786],[788],[789],[790],[791],[793],[794],[795],[796],[797],[798],[799],[802],[803],[804],[806],[808],[809],[811],[812],[813],[816],[818],[820],[821],[822],[825],[826],[832],[833],[836],[839],[841],[843],[846],[850],[852],[854],[855]]","[[828,693,694,696,698,703,706,718,726,728,731,739,741,752,754,759,760,764,766,773,774,778,780,781,784,800,807,810,814,815,817,819,820,823,824,827,829,830,834,835,840,842,844,845,847,848,849,853],[772,697,705,713,719],[745,724],[687],[688],[689],[690],[691],[695],[699],[700],[701],[702],[704],[707],[708],[709],[710],[711],[712],[714],[715],[716],[717],[720],[721],[722],[723],[725],[727],[729],[730],[732],[733],[734],[735],[736],[737],[738],[740],[742],[743],[744],[746],[747],[748],[749],[750],[751],[753],[755],[756],[757],[758],[761],[762],[763],[765],[767],[768],[769],[770],[771],[775],[776],[777],[779],[782],[783],[785],[786],[787],[788],[789],[790],[791],[792],[793],[794],[795],[796],[797],[798],[799],[802],[803],[804],[806],[808],[809],[811],[812],[813],[816],[818],[821],[822],[825],[826],[831],[832],[833],[836],[837],[838],[839],[841],[843],[846],[850],[851],[852],[854],[855],[856],[805]]"
686,168,9,1338,1649.13,,826.5,0.15,1181,1386.37,,704.5,True,107,58,8,5,0.003366,True,30.47983593606501,69.0,160,100,0.4,0.4,2,inf,121.405524,0.003413,121.408937,True,126,41,8,5,0.003468,True,25.852599357783323,49.0,17,119,0.4,0.4,2,inf,132.245245,0.003426,132.248671,"[[828,687,693,696,698,706,708,709,711,718,726,727,731,737,739,741,751,752,754,759,760,764,766,770,772,773,774,778,780,784,792,800,807,810,814,815,817,819,829,834,835,837,838,840,842,844,845,847,848,849,851,853,856],[827,694,697,719,724,745,781,805,823,824,830],[713,695,722,738,762,787,831],[705],[688],[689],[690],[691],[699],[700],[701],[702],[703],[704],[707],[710],[712],[714],[715],[716],[717],[720],[721],[723],[725],[728],[729],[730],[732],[733],[734],[735],[736],[740],[742],[743],[744],[746],[747],[748],[749],[750],[753],[755],[756],[757],[758],[761],[763],[765],[767],[768],[769],[771],[775],[776],[777],[779],[782],[783],[785],[786],[788],[789],[790],[791],[793],[794],[795],[796],[797],[798],[799],[802],[803],[804],[806],[808],[809],[811],[812],[813],[816],[818],[820],[821],[822],[825],[826],[832],[833],[836],[839],[841],[843],[846],[850],[852],[854],[855]]","[[828,688,693,694,696,698,706,708,726,731,737,739,751,752,754,760,766,770,772,773,774,778,780,800,807,810,814,815,819,820,829,830,835,848,849],[834,705,713,719,724,745,781,784,805,823,824,827,842,853],[703,728,764],[762],[687],[689],[690],[691],[695],[699],[700],[701],[702],[704],[707],[709],[710],[711],[712],[714],[715],[716],[717],[718],[720],[721],[722],[723],[725],[727],[729],[730],[732],[733],[734],[735],[736],[738],[740],[741],[742],[743],[744],[746],[747],[748],[749],[750],[753],[755],[756],[757],[758],[759],[761],[763],[765],[767],[768],[769],[771],[775],[776],[777],[779],[782],[783],[785],[786],[787],[788],[789],[790],[791],[792],[793],[794],[795],[796],[797],[798],[799],[802],[803],[804],[806],[808],[809],[811],[812],[813],[816],[817],[818],[821],[822],[825],[826],[831],[832],[833],[836],[837],[838],[839],[840],[841],[843],[844],[846],[847],[850],[851],[852],[854],[855],[856],[697],[845]]"
686,168,10,1338,1649.13,,826.5,0.15,1206,1357.18,,693.5,True,107,58,8,5,0.003366,True,30.47983593606501,69.0,160,100,0.4,0.4,2,inf,121.405524,0.003413,121.408937,True,124,45,8,5,0.003163,True,25.11511472887962,50.0,139,113,0.4,0.4,2,inf,121.149599,0.003411,121.15301,"[[828,687,693,696,698,706,708,709,711,718,726,727,731,737,739,741,751,752,754,759,760,764,766,770,772,773,774,778,780,784,792,800,807,810,814,815,817,819,829,834,835,837,838,840,842,844,845,847,848,849,851,853,856],[827,694,697,719,724,745,781,805,823,824,830],[713,695,722,738,762,787,831],[705],[688],[689],[690],[691],[699],[700],[701],[702],[703],[704],[707],[710],[712],[714],[715],[716],[717],[720],[721],[723],[725],[728],[729],[730],[732],[733],[734],[735],[736],[740],[742],[743],[744],[746],[747],[748],[749],[750],[753],[755],[756],[757],[758],[761],[763],[765],[767],[768],[769],[771],[775],[776],[777],[779],[782],[783],[785],[786],[788],[789],[790],[791],[793],[794],[795],[796],[797],[798],[799],[802],[803],[804],[806],[808],[809],[811],[812],[813],[816],[818],[820],[821],[822],[825],[826],[832],[833],[836],[839],[841],[843],[846],[850],[852],[854],[855]]","[[713,693,695,696,698,701,706,708,731,734,751,760,762,766,772,773,778,784,810,815,817,831,834,840,842,844,845,847,848,851],[752,694,705,719,724,726,745,800,823,824,827,828,830,853],[739,687,754,764,780,792],[703,728],[814,781,805,829],[718,747],[741,770],[688,774],[820,849],[697],[689],[690],[691],[699],[700],[702],[704],[707],[709],[710],[711],[712],[714],[715],[716],[717],[720],[721],[722],[723],[725],[727],[729],[730],[732],[733],[735],[736],[737],[738],[740],[742],[743],[744],[746],[748],[749],[750],[753],[755],[756],[757],[758],[759],[761],[763],[765],[767],[768],[769],[771],[775],[776],[777],[779],[782],[783],[785],[786],[787],[788],[789],[790],[791],[793],[794],[795],[796],[797],[798],[799],[802],[803],[804],[806],[807],[808],[809],[811],[812],[813],[816],[818],[819],[821],[822],[825],[826],[832],[833],[835],[836],[837],[838],[839],[841],[843],[846],[850],[852],[854],[855],[856]]"
686,168,11,1338,1649.13,,826.5,0.15,1197,1352.79,,687.5,True,107,58,8,5,0.003366,True,30.47983593606501,69.0,160,100,0.4,0.4,2,inf,121.405524,0.003413,121.408937,True,128,45,8,5,0.003222,True,25.085244187564815,54.0,17,114,0.4,0.4,2,inf,144.552125,0.003417,144.555542,"[[828,687,693,696,698,706,708,709,711,718,726,727,731,737,739,741,751,752,754,759,760,764,766,770,772,773,774,778,780,784,792,800,807,810,814,815,817,819,829,834,835,837,838,840,842,844,845,847,848,849,851,853,856],[827,694,697,719,724,745,781,805,823,824,830],[713,695,722,738,762,787,831],[705],[688],[689],[690],[691],[699],[700],[701],[702],[703],[704],[707],[710],[712],[714],[715],[716],[717],[720],[721],[723],[725],[728],[729],[730],[732],[733],[734],[735],[736],[740],[742],[743],[744],[746],[747],[748],[749],[750],[753],[755],[756],[757],[758],[761],[763],[765],[767],[768],[769],[771],[775],[776],[777],[779],[782],[783],[785],[786],[788],[789],[790],[791],[793],[794],[795],[796],[797],[798],[799],[802],[803],[804],[806],[808],[809],[811],[812],[813],[816],[818],[820],[821],[822],[825],[826],[832],[833],[836],[839],[841],[843],[846],[850],[852],[854],[855]]","[[828,687,693,696,698,703,706,718,726,727,737,739,741,752,759,760,764,766,772,773,778,792,807,810,814,815,817,819,820,827,834,835,838,840,842,845,853],[847,694,705,719,745,805,824],[713,708,731,738,748,762,774,781,831],[724,784,823,829,830],[800],[747],[688],[689],[690],[691],[695],[697],[699],[700],[701],[702],[704],[707],[709],[710],[711],[712],[714],[715],[716],[717],[720],[721],[722],[723],[725],[728],[729],[730],[732],[733],[734],[735],[736],[740],[742],[743],[744],[746],[749],[750],[751],[753],[754],[755],[756],[757],[758],[761],[763],[765],[767],[768],[769],[770],[771],[775],[776],[777],[779],[780],[782],[783],[785],[786],[787],[788],[789],[790],[791],[793],[794],[795],[796],[797],[798],[799],[802],[803],[804],[806],[808],[809],[811],[812],[813],[816],[818],[821],[822],[825],[826],[832],[833],[836],[837],[839],[841],[843],[844],[846],[848],[849],[850],[851],[852],[854],[855],[856]]"
686,168,12,1338,1649.13,,826.5,0.15,1175,1363.17,,705.0,True,107,58,8,5,0.003366,True,30.47983593606501,69.0,160,100,0.4,0.4,2,inf,121.405524,0.003413,121.408937,True,124,45,8,5,0.003115,True,25.399194641132397,54.0,25,116,0.4,0.4,2,inf,155.45942,0.00337,155.46279,"[[828,687,693,696,698,706,708,709,711,718,726,727,731,737,739,741,751,752,754,759,760,764,766,770,772,773,774,778,780,784,792,800,807,810,814,815,817,819,829,834,835,837,838,840,842,844,845,847,848,849,851,853,856],[827,694,697,719,724,745,781,805,823,824,830],[713,695,722,738,762,787,831],[705],[688],[689],[690],[691],[699],[700],[701],[702],[703],[704],[707],[710],[712],[714],[715],[716],[717],[720],[721],[723],[725],[728],[729],[730],[732],[733],[734],[735],[736],[740],[742],[743],[744],[746],[747],[748],[749],[750],[753],[755],[756],[757],[758],[761],[763],[765],[767],[768],[769],[771],[775],[776],[777],[779],[782],[783],[785],[786],[788],[789],[790],[791],[793],[794],[795],[796],[797],[798],[799],[802],[803],[804],[806],[808],[809],[811],[812],[813],[816],[818],[820],[821],[822],[825],[826],[832],[833],[836],[839],[841],[843],[846],[850],[852],[854],[855]]","[[828,687,688,693,694,696,698,706,708,724,726,731,739,752,760,766,772,773,774,778,780,784,792,800,810,814,817,819,823,824,830,834,840,842,844,845,847,848,849,853],[815,697,713,719,745,781,805],[705,718,728,748,754,764,820],[695,794],[689],[690],[691],[699],[700],[701],[702],[703],[704],[707],[709],[710],[711],[712],[714],[715],[716],[717],[720],[721],[722],[723],[725],[727],[729],[730],[732],[733],[734],[735],[736],[737],[738],[740],[741],[742],[743],[744],[746],[747],[749],[750],[751],[753],[755],[756],[757],[758],[759],[761],[762],[763],[765],[767],[768],[769],[770],[771],[775],[776],[777],[779],[782],[783],[785],[786],[787],[788],[789],[790],[791],[793],[795],[796],[797],[798],[799],[802],[803],[804],[806],[807],[808],[809],[811],[812],[813],[816],[818],[821],[822],[825],[826],[831],[832],[833],[835],[836],[837],[838],[839],[841],[843],[846],[850],[851],[852],[854],[855],[856],[827],[829]]"
686,168,13,1338,1649.13,,826.5,0.15,1172,1364.24,,702.0,True,107,58,8,5,0.003366,True,30.47983593606501,69.0,160,100,0.4,0.4,2,inf,121.405524,0.003413,121.408937,True,127,40,8,5,0.003182,True,25.621747747295547,58.0,17,113,0.4,0.4,2,inf,146.507405,0.003398,146.510803,"[[828,687,693,696,698,706,708,709,711,718,726,727,731,737,739,741,751,752,754,759,760,764,766,770,772,773,774,778,780,784,792,800,807,810,814,815,817,819,829,834,835,837,838,840,842,844,845,847,848,849,851,853,856],[827,694,697,719,724,745,781,805,823,824,830],[713,695,722,738,762,787,831],[705],[688],[689],[690],[691],[699],[700],[701],[702],[703],[704],[707],[710],[712],[714],[715],[716],[717],[720],[721],[723],[725],[728],[729],[730],[732],[733],[734],[735],[736],[740],[742],[743],[744],[746],[747],[748],[749],[750],[753],[755],[756],[757],[758],[761],[763],[765],[767],[768],[769],[771],[775],[776],[777],[779],[782],[783],[785],[786],[788],[789],[790],[791],[793],[794],[795],[796],[797],[798],[799],[802],[803],[804],[806],[808],[809],[811],[812],[813],[816],[818],[820],[821],[822],[825],[826],[832],[833],[836],[839],[841],[843],[846],[850],[852],[854],[855]]","[[828,693,694,696,698,703,706,708,709,718,724,726,727,728,731,737,739,745,752,754,760,766,770,772,773,774,778,780,781,784,800,807,810,814,817,823,824,830,834,840,842,844,845,847,849,853,856],[713,688,697,722,738,815,819,829],[695,734],[747,764],[687],[689],[690],[691],[699],[700],[701],[702],[704],[707],[710],[711],[712],[714],[715],[716],[717],[720],[721],[723],[725],[729],[730],[732],[733],[735],[736],[740],[741],[742],[743],[744],[746],[748],[749],[750],[751],[753],[755],[756],[757],[758],[759],[761],[762],[763],[765],[767],[768],[769],[771],[775],[776],[777],[779],[782],[783],[785],[786],[787],[788],[789],[790],[791],[792],[793],[794],[795],[796],[797],[798],[799],[802],[803],[804],[806],[808],[809],[811],[812],[813],[816],[818],[820],[821],[822],[825],[826],[831],[832],[833],[835],[836],[837],[838],[839],[841],[843],[846],[848],[850],[851],[852],[854],[855],[827],[805],[719],[705]]"
686,168,14,1338,1649.13,,826.5,0.15,1165,1335.71,,687.5,True,107,58,8,5,0.003366,True,30.47983593606501,69.0,160,100,0.4,0.4,2,inf,121.405524,0.003413,121.408937,True,124,46,8,5,0.003145,True,25.63083525934168,54.0,17,114,0.4,0.4,2,inf,133.792876,0.003403,133.796279,"[[828,687,693,696,698,706,708,709,711,718,726,727,731,737,739,741,751,752,754,759,760,764,766,770,772,773,774,778,780,784,792,800,807,810,814,815,817,819,829,834,835,837,838,840,842,844,845,847,848,849,851,853,856],[827,694,697,719,724,745,781,805,823,824,830],[713,695,722,738,762,787,831],[705],[688],[689],[690],[691],[699],[700],[701],[702],[703],[704],[707],[710],[712],[714],[715],[716],[717],[720],[721],[723],[725],[728],[729],[730],[732],[733],[734],[735],[736],[740],[742],[743],[744],[746],[747],[748],[749],[750],[753],[755],[756],[757],[758],[761],[763],[765],[767],[768],[769],[771],[775],[776],[777],[779],[782],[783],[785],[786],[788],[789],[790],[791],[793],[794],[795],[796],[797],[798],[799],[802],[803],[804],[806],[808],[809],[811],[812],[813],[816],[818],[820],[821],[822],[825],[826],[832],[833],[836],[839],[841],[843],[846],[850],[852],[854],[855]]","[[828,693,694,696,697,698,703,706,708,718,724,727,731,737,739,741,752,754,759,760,764,766,772,773,778,780,784,800,807,810,815,817,819,823,824,830,834,835,838,840,842,844,845,847,848,853],[814,705,719,745,781,805,827],[713,726,829],[728,747],[687],[688],[689],[690],[691],[695],[699],[700],[701],[702],[704],[707],[709],[710],[711],[712],[714],[715],[716],[717],[720],[721],[722],[723],[725],[729],[730],[732],[733],[734],[735],[736],[738],[740],[742],[743],[744],[746],[748],[749],[750],[751],[753],[755],[756],[757],[758],[761],[762],[763],[765],[767],[768],[769],[770],[771],[774],[775],[776],[777],[779],[782],[783],[785],[786],[787],[788],[789],[790],[791],[792],[793],[794],[795],[796],[797],[798],[799],[802],[803],[804],[806],[808],[809],[811],[812],[813],[816],[818],[820],[821],[822],[825],[826],[831],[832],[833],[836],[837],[839],[841],[843],[846],[849],[850],[851],[852],[854],[855],[856]]"
686,168,15,1338,1649.13,,826.5,0.15,1220,1387.01,,705.5,True,107,58,8,5,0.003366,True,30.47983593606501,69.0,160,100,0.4,0.4,2,inf,121.405524,0.003413,121.408937,True,122,46,8,5,0.003119,True,25.5562635560997,53.0,17,113,0.4,0.4,2,inf,125.829505,0.003397,125.832901,"[[828,687,693,696,698,706,708,709,711,718,726,727,731,737,739,741,751,752,754,759,760,764,766,770,772,773,774,778,780,784,792,800,807,810,814,815,817,819,829,834,835,837,838,840,842,844,845,847,848,849,851,853,856],[827,694,697,719,724,745,781,805,823,824,830],[713,695,722,738,762,787,831],[705],[688],[689],[690],[691],[699],[700],[701],[702],[703],[704],[707],[710],[712],[714],[715],[716],[717],[720],[721],[723],[725],[728],[729],[730],[732],[733],[734],[735],[736],[740],[742],[743],[744],[746],[747],[748],[749],[750],[753],[755],[756],[757],[758],[761],[763],[765],[767],[768],[769],[771],[775],[776],[777],[779],[782],[783],[785],[786],[788],[789],[790],[791],[793],[794],[795],[796],[797],[798],[799],[802],[803],[804],[806],[808],[809],[811],[812],[813],[816],[818],[820],[821],[822],[825],[826],[832],[833],[836],[839],[841],[843],[846],[850],[852],[854],[855]]","[[828,693,694,696,698,703,706,708,719,724,726,727,731,737,739,741,752,754,764,770,772,773,774,778,780,784,800,807,810,814,815,817,819,820,827,829,834,840,842,844,845,847,848,849,853],[760,695,697,705,713,766,781,805,823,830],[722,738,745],[728],[687],[688],[689],[690],[691],[699],[700],[701],[702],[704],[707],[709],[710],[711],[712],[714],[715],[716],[717],[718],[720],[721],[723],[725],[729],[730],[732],[733],[734],[735],[736],[740],[742],[743],[744],[746],[747],[748],[749],[750],[751],[753],[755],[756],[757],[758],[759],[761],[762],[763],[765],[767],[768],[769],[771],[775],[776],[777],[779],[782],[783],[785],[786],[787],[788],[789],[790],[791],[792],[793],[794],[795],[796],[797],[798],[799],[802],[803],[804],[806],[808],[809],[811],[812],[813],[816],[818],[821],[822],[825],[826],[831],[832],[833],[835],[836],[837],[838],[839],[841],[843],[846],[850],[851],[852],[854],[855],[856],[824]]"
686,168,16,1338,1649.13,,826.5,0.15,1130,1382.86,,696.5,True,107,58,8,5,0.003366,True,30.47983593606501,69.0,160,100,0.4,0.4,2,inf,121.405524,0.003413,121.408937,True,124,49,8,5,0.003326,True,25.89024348497386,61.0,139,124,0.4,0.4,2,inf,116.866367,0.003431,116.869798,"[[828,687,693,696,698,706,708,709,711,718,726,727,731,737,739,741,751,752,754,759,760,764,766,770,772,773,774,778,780,784,792,800,807,810,814,815,817,819,829,834,835,837,838,840,842,844,845,847,848,849,851,853,856],[827,694,697,719,724,745,781,805,823,824,830],[713,695,722,738,762,787,831],[705],[688],[689],[690],[691],[699],[700],[701],[702],[703],[704],[707],[710],[712],[714],[715],[716],[717],[720],[721],[723],[725],[728],[729],[730],[732],[733],[734],[735],[736],[740],[742],[743],[744],[746],[747],[748],[749],[750],[753],[755],[756],[757],[758],[761],[763],[765],[767],[768],[769],[771],[775],[776],[777],[779],[782],[783],[785],[786],[788],[789],[790],[791],[793],[794],[795],[796],[797],[798],[799],[802],[803],[804],[806],[808],[809],[811],[812],[813],[816],[818],[820],[821],[822],[825],[826],[832],[833],[836],[839],[841],[843],[846],[850],[852],[854],[855]]","[[713,693,696,706,722,726,731,738,751,752,760,766,772,773,778,780,784,787,810,814,829,834,840,842,844,845,847,848,853],[724,694,697,719,745,781,805,823,824,827,830],[764,703,705,828],[695,794],[728,741,807],[800],[688],[687],[689],[690],[691],[698],[699],[700],[701],[702],[704],[707],[708],[709],[710],[711],[712],[714],[715],[716],[717],[718],[720],[721],[723],[725],[727],[729],[730],[732],[733],[734],[735],[736],[737],[739],[740],[742],[743],[744],[746],[747],[748],[749],[750],[753],[754],[755],[756],[757],[758],[759],[761],[762],[763],[765],[767],[768],[769],[770],[771],[774],[775],[776],[777],[779],[782],[783],[785],[786],[788],[789],[790],[791],[792],[793],[795],[796],[797],[798],[799],[802],[803],[804],[806],[808],[809],[811],[812],[813],[816],[817],[818],[819],[820],[821],[822],[825],[826],[831],[832],[833],[835],[836],[837],[838],[839],[841],[843],[846],[849],[850],[851],[852],[854],[855],[856],[815]]"
686,168,17,1338,1649.13,,826.5,0.15,1174,1347.84,,685.0,True,107,58,8,5,0.003366,True,30.47983593606501,69.0,160,100,0.4,0.4,2,inf,121.405524,0.003413,121.408937,True,128,45,8,5,0.003382,True,24.713706797228845,54.0,31,105,0.4,0.4,2,inf,138.659543,0.003318,138.662861,"[[828,687,693,696,698,706,708,709,711,718,726,727,731,737,739,741,751,752,754,759,760,764,766,770,772,773,774,778,780,784,792,800,807,810,814,815,817,819,829,834,835,837,838,840,842,844,845,847,848,849,851,853,856],[827,694,697,719,724,745,781,805,823,824,830],[713,695,722,738,762,787,831],[705],[688],[689],[690],[691],[699],[700],[701],[702],[703],[704],[707],[710],[712],[714],[715],[716],[717],[720],[721],[723],[725],[728],[729],[730],[732],[733],[734],[735],[736],[740],[742],[743],[744],[746],[747],[748],[749],[750],[753],[755],[756],[757],[758],[761],[763],[765],[767],[768],[769],[771],[775],[776],[777],[779],[782],[783],[785],[786],[788],[789],[790],[791],[793],[794],[795],[796],[797],[798],[799],[802],[803],[804],[806],[808],[809],[811],[812],[813],[816],[818],[820],[821],[822],[825],[826],[832],[833],[836],[839],[841],[843],[846],[850],[852],[854],[855]]","[[828,687,693,696,698,706,709,711,727,731,737,739,741,751,754,760,764,772,774,778,780,784,797,800,807,810,814,815,817,826,834,835,837,838,840,842,844,845,848,851,853,856],[713,690,695,701,708,722,734,738,748,762,766,773,787,794,831,847],[781,726,745,752,827],[705,820,849],[694,829],[824],[688],[689],[691],[697],[699],[700],[702],[703],[704],[707],[710],[712],[714],[715],[716],[717],[718],[720],[721],[723],[724],[725],[728],[729],[730],[732],[733],[735],[736],[740],[742],[743],[744],[746],[747],[749],[750],[753],[755],[756],[757],[758],[759],[761],[763],[765],[767],[768],[769],[770],[771],[775],[776],[777],[779],[782],[783],[785],[786],[788],[789],[790],[791],[792],[793],[795],[796],[798],[799],[802],[803],[804],[806],[808],[809],[811],[812],[813],[816],[818],[819],[821],[822],[823],[825],[830],[832],[833],[836],[839],[841],[843],[846],[850],[852],[854],[855],[805],[719]]"
686,168,18,1338,1649.13,,826.5,0.15,1173,1382.93,,702.5,True,107,58,8,5,0.003366,True,30.47983593606501,69.0,160,100,0.4,0.4,2,inf,121.405524,0.003413,121.408937,True,126,45,8,5,0.003173,True,25.018229319722554,49.0,25,110,0.4,0.4,2,inf,140.635821,0.003419,140.63924,"[[828,687,693,696,698,706,708,709,711,718,726,727,731,737,739,741,751,752,754,759,760,764,766,770,772,773,774,778,780,784,792,800,807,810,814,815,817,819,829,834,835,837,838,840,842,844,845,847,848,849,851,853,856],[827,694,697,719,724,745,781,805,823,824,830],[713,695,722,738,762,787,831],[705],[688],[689],[690],[691],[699],[700],[701],[702],[703],[704],[707],[710],[712],[714],[715],[716],[717],[720],[721],[723],[725],[728],[729],[730],[732],[733],[734],[735],[736],[740],[742],[743],[744],[746],[747],[748],[749],[750],[753],[755],[756],[757],[758],[761],[763],[765],[767],[768],[769],[771],[775],[776],[777],[779],[782],[783],[785],[786],[788],[789],[790],[791],[793],[794],[795],[796],[797],[798],[799],[802],[803],[804],[806],[808],[809],[811],[812],[813],[816],[818],[820],[821],[822],[825],[826],[832],[833],[836],[839],[841],[843],[846],[850],[852],[854],[855]]","[[828,694,696,698,706,708,718,723,731,737,741,752,754,760,764,766,772,773,774,778,800,807,810,814,815,817,823,834,835,840,842,844,845,847,848],[726,695,697,705,713,719,724,745,784,805,824,830],[747,739,769,770,792,797,837,838,856],[853,781,827,829],[688,780,819],[687],[689],[690],[691],[693],[699],[700],[701],[702],[703],[704],[707],[709],[710],[711],[712],[714],[715],[716],[717],[720],[721],[722],[725],[727],[728],[729],[730],[732],[733],[735],[736],[738],[740],[742],[743],[744],[746],[748],[749],[750],[751],[753],[755],[756],[757],[758],[759],[761],[762],[763],[765],[767],[768],[771],[775],[776],[777],[779],[782],[783],[785],[786],[787],[788],[789],[790],[791],[793],[794],[795],[796],[798],[799],[802],[803],[804],[806],[808],[809],[811],[812],[813],[816],[818],[820],[821],[822],[825],[826],[831],[832],[833],[836],[839],[841],[843],[846],[849],[850],[851],[852],[854],[855],[734]]"
686,168,19,1338,1649.13,,826.5,0.15,1216,1375.89,,705.0,True,107,58,8,5,0.003366,True,30.47983593606501,69.0,160,100,0.4,0.4,2,inf,121.405524,0.003413,121.408937,True,125,45,8,5,0.003589,True,25.422381295222742,57.0,25,103,0.4,0.4,2,inf,246.334726,0.00341,246.338136,"[[828,687,693,696,698,706,708,709,711,718,726,727,731,737,739,741,751,752,754,759,760,764,766,770,772,773,774,778,780,784,792,800,807,810,814,815,817,819,829,834,835,837,838,840,842,844,845,847,848,849,851,853,856],[827,694,697,719,724,745,781,805,823,824,830],[713,695,722,738,762,787,831],[705],[688],[689],[690],[691],[699],[700],[701],[702],[703],[704],[707],[710],[712],[714],[715],[716],[717],[720],[721],[723],[725],[728],[729],[730],[732],[733],[734],[735],[736],[740],[742],[743],[744],[746],[747],[748],[749],[750],[753],[755],[756],[757],[758],[761],[763],[765],[767],[768],[769],[771],[775],[776],[777],[779],[782],[783],[785],[786],[788],[789],[790],[791],[793],[794],[795],[796],[797],[798],[799],[802],[803],[804],[806],[808],[809],[811],[812],[813],[816],[818],[820],[821],[822],[825],[826],[832],[833],[836],[839],[841],[843],[846],[850],[852],[854],[855]]","[[828,693,696,698,706,708,711,718,723,726,731,739,741,751,752,754,760,764,766,770,772,773,778,784,792,800,807,812,814,815,817,823,824,829,834,835,838,840,842,844,845,847,848,851,853,856],[781,694,724,745,810,827],[774,713,719,805],[747,701,748,797,831,849],[705,722,737,738,780,787],[819,697,830],[687],[688],[689],[690],[691],[695],[699],[700],[702],[703],[704],[707],[709],[710],[712],[714],[715],[716],[717],[720],[721],[725],[727],[728],[729],[730],[732],[733],[734],[735],[736],[740],[742],[743],[744],[746],[749],[750],[753],[755],[756],[757],[758],[759],[761],[762],[763],[765],[767],[768],[769],[771],[775],[776],[777],[779],[782],[783],[785],[786],[788],[789],[790],[791],[793],[794],[795],[796],[798],[799],[802],[803],[804],[806],[808],[809],[811],[813],[816],[818],[820],[821],[822],[825],[826],[832],[833],[836],[837],[839],[841],[843],[846],[850],[852],[854],[855]]"
686,168,20,1338,1649.13,,826.5,0.15,1205,1361.93,,703.5,True,107,58,8,5,0.003366,True,30.47983593606501,69.0,160,100,0.4,0.4,2,inf,121.405524,0.003413,121.408937,True,126,43,8,5,0.003355,True,25.156769326807694,53.0,31,110,0.4,0.4,2,inf,138.357793,0.003349,138.361142,"[[828,687,693,696,698,706,708,709,711,718,726,727,731,737,739,741,751,752,754,759,760,764,766,770,772,773,774,778,780,784,792,800,807,810,814,815,817,819,829,834,835,837,838,840,842,844,845,847,848,849,851,853,856],[827,694,697,719,724,745,781,805,823,824,830],[713,695,722,738,762,787,831],[705],[688],[689],[690],[691],[699],[700],[701],[702],[703],[704],[707],[710],[712],[714],[715],[716],[717],[720],[721],[723],[725],[728],[729],[730],[732],[733],[734],[735],[736],[740],[742],[743],[744],[746],[747],[748],[749],[750],[753],[755],[756],[757],[758],[761],[763],[765],[767],[768],[769],[771],[775],[776],[777],[779],[782],[783],[785],[786],[788],[789],[790],[791],[793],[794],[795],[796],[797],[798],[799],[802],[803],[804],[806],[808],[809],[811],[812],[813],[816],[818],[820],[821],[822],[825],[826],[832],[833],[836],[839],[841],[843],[846],[850],[852],[854],[855]]","[[713,693,694,695,696,698,701,706,708,722,731,734,752,760,762,766,772,773,774,778,780,784,810,814,815,817,824,827,829,831,834,840,842,845,847,848,853],[705,718,726,728,737,738,739,741,748,759,764,770,807,835,844,849],[800,719,781,805,823,828],[819,697,830],[687],[688],[689],[690],[691],[699],[700],[702],[703],[704],[707],[709],[710],[711],[712],[714],[715],[716],[717],[720],[721],[723],[725],[727],[729],[730],[732],[733],[735],[736],[740],[742],[743],[744],[746],[747],[749],[750],[751],[753],[754],[755],[756],[757],[758],[761],[763],[765],[767],[768],[769],[771],[775],[776],[777],[779],[782],[783],[785],[786],[787],[788],[789],[790],[791],[792],[793],[794],[795],[796],[797],[798],[799],[802],[803],[804],[806],[808],[809],[811],[812],[813],[816],[818],[820],[821],[822],[825],[826],[832],[833],[836],[837],[838],[839],[841],[843],[846],[850],[851],[852],[854],[855],[856],[724],[745]]"
686,168,21,1338,1649.13,,826.5,0.15,1185,1386.51,,708.0,True,107,58,8,5,0.003366,True,30.47983593606501,69.0,160,100,0.4,0.4,2,inf,121.405524,0.003413,121.408937,True,123,43,8,5,0.003282,True,26.389360164659543,55.0,25,103,0.4,0.4,2,inf,151.016114,0.003392,151.019506,"[[828,687,693,696,698,706,708,709,711,718,726,727,731,737,739,741,751,752,754,759,760,764,766,770,772,773,774,778,780,784,792,800,807,810,814,815,817,819,829,834,835,837,838,840,842,844,845,847,848,849,851,853,856],[827,694,697,719,724,745,781,805,823,824,830],[713,695,722,738,762,787,831],[705],[688],[689],[690],[691],[699],[700],[701],[702],[703],[704],[707],[710],[712],[714],[715],[716],[717],[720],[721],[723],[725],[728],[729],[730],[732],[733],[734],[735],[736],[740],[742],[743],[744],[746],[747],[748],[749],[750],[753],[755],[756],[757],[758],[761],[763],[765],[767],[768],[769],[771],[775],[776],[777],[779],[782],[783],[785],[786],[788],[789],[790],[791],[793],[794],[795],[796],[797],[798],[799],[802],[803],[804],[806],[808],[809],[811],[812],[813],[816],[818],[820],[821],[822],[825],[826],[832],[833],[836],[839],[841],[843],[846],[850],[852],[854],[855]]","[[828,693,696,706,708,718,727,731,737,739,741,751,752,754,759,760,764,766,772,773,778,780,784,800,810,814,815,817,819,823,829,830,834,837,840,842,844,845,847,848,851,853,856],[726,688,694,697,713,719,724,745,781,805,824],[695,734,794],[747,703,820,838,849],[705,728,738,762,770,787,831,835],[687],[689],[690],[691],[698],[699],[700],[701],[702],[704],[707],[709],[710],[711],[712],[714],[715],[716],[717],[720],[721],[722],[723],[725],[729],[730],[732],[733],[735],[736],[740],[742],[743],[744],[746],[748],[749],[750],[753],[755],[756],[757],[758],[761],[763],[765],[767],[768],[769],[771],[775],[776],[777],[779],[782],[783],[785],[786],[788],[789],[790],[791],[792],[793],[795],[796],[797],[798],[799],[802],[803],[804],[806],[807],[808],[809],[811],[812],[813],[816],[818],[821],[822],[825],[826],[832],[833],[836],[839],[841],[843],[846],[850],[852],[854],[855],[774],[827]]"
686,168,22,1338,1649.13,,826.5,0.15,1149,1347.78,,684.0,True,107,58,8,5,0.003366,True,30.47983593606501,69.0,160,100,0.4,0.4,2,inf,121.405524,0.003413,121.408937,True,128,43,8,5,0.003156,True,24.530244627909443,54.0,25,109,0.4,0.4,2,inf,119.398416,0.003354,119.40177,"[[828,687,693,696,698,706,708,709,711,718,726,727,731,737,739,741,751,752,754,759,760,764,766,770,772,773,774,778,780,784,792,800,807,810,814,815,817,819,829,834,835,837,838,840,842,844,845,847,848,849,851,853,856],[827,694,697,719,724,745,781,805,823,824,830],[713,695,722,738,762,787,831],[705],[688],[689],[690],[691],[699],[700],[701],[702],[703],[704],[707],[710],[712],[714],[715],[716],[717],[720],[721],[723],[725],[728],[729],[730],[732],[733],[734],[735],[736],[740],[742],[743],[744],[746],[747],[748],[749],[750],[753],[755],[756],[757],[758],[761],[763],[765],[767],[768],[769],[771],[775],[776],[777],[779],[782],[783],[785],[786],[788],[789],[790],[791],[793],[794],[795],[796],[797],[798],[799],[802],[803],[804],[806],[808],[809],[811],[812],[813],[816],[818],[820],[821],[822],[825],[826],[832],[833],[836],[839],[841],[843],[846],[850],[852],[854],[855]]","[[828,687,693,698,706,708,709,711,723,726,727,731,737,739,741,751,764,769,770,772,778,779,792,797,807,812,814,826,835,837,838,840,844,845,848,851,856],[705,722,728,738,748,754,762,784,787,827],[773,694,719,724,745,752,834,842,853],[774,696,713],[781,760,810],[805,800,847],[688],[689],[690],[691],[695],[697],[699],[700],[701],[702],[703],[704],[707],[710],[712],[714],[715],[716],[717],[718],[720],[721],[725],[729],[730],[732],[733],[734],[735],[736],[740],[742],[743],[744],[746],[747],[749],[750],[753],[755],[756],[757],[758],[759],[761],[763],[765],[766],[767],[768],[771],[775],[776],[777],[780],[782],[783],[785],[786],[788],[789],[790],[791],[793],[794],[795],[796],[798],[799],[802],[803],[804],[806],[808],[809],[811],[813],[815],[816],[817],[818],[819],[820],[821],[822],[823],[824],[825],[829],[830],[831],[832],[833],[836],[839],[841],[843],[846],[849],[850],[852],[854],[855]]"
686,168,23,1338,1649.13,,826.5,0.15,1160,1361.93,,705.5,True,107,58,8,5,0.003366,True,30.47983593606501,69.0,160,100,0.4,0.4,2,inf,121.405524,0.003413,121.408937,True,121,47,8,5,0.003139,True,26.250997547511908,55.0,25,116,0.4,0.4,2,inf,186.32484,0.003384,186.328224,"[[828,687,693,696,698,706,708,709,711,718,726,727,731,737,739,741,751,752,754,759,760,764,766,770,772,773,774,778,780,784,792,800,807,810,814,815,817,819,829,834,835,837,838,840,842,844,845,847,848,849,851,853,856],[827,694,697,719,724,745,781,805,823,824,830],[713,695,722,738,762,787,831],[705],[688],[689],[690],[691],[699],[700],[701],[702],[703],[704],[707],[710],[712],[714],[715],[716],[717],[720],[721],[723],[725],[728],[729],[730],[732],[733],[734],[735],[736],[740],[742],[743],[744],[746],[747],[748],[749],[750],[753],[755],[756],[757],[758],[761],[763],[765],[767],[768],[769],[771],[775],[776],[777],[779],[782],[783],[785],[786],[788],[789],[790],[791],[793],[794],[795],[796],[797],[798],[799],[802],[803],[804],[806],[808],[809],[811],[812],[813],[816],[818],[820],[821],[822],[825],[826],[832],[833],[836],[839],[841],[843],[846],[850],[852],[854],[855]]","[[828,693,696,698,706,708,718,726,727,731,737,739,741,752,754,759,760,766,770,772,773,774,778,780,800,807,810,817,819,840,842,845,847,849,853,856],[784,705,719,724,745,781,824,827,834],[829,713,805],[703,728,764],[688,697,815,830],[787,814],[823,694],[747],[687],[689],[690],[691],[695],[699],[700],[701],[702],[704],[707],[709],[710],[711],[712],[714],[715],[716],[717],[720],[721],[722],[723],[725],[729],[730],[732],[733],[734],[735],[736],[738],[740],[742],[743],[744],[746],[748],[749],[750],[751],[753],[755],[756],[757],[758],[761],[762],[763],[765],[767],[768],[769],[771],[775],[776],[777],[779],[782],[783],[785],[786],[788],[789],[790],[791],[792],[793],[794],[795],[796],[797],[798],[799],[802],[803],[804],[806],[808],[809],[811],[812],[813],[816],[818],[820],[821],[822],[825],[826],[831],[832],[833],[835],[836],[837],[838],[839],[841],[843],[844],[846],[848],[850],[851],[852],[854],[855]]"
686,168,24,1338,1649.13,,826.5,0.15,1142,1376.28,,700.0,True,107,58,8,5,0.003366,True,30.47983593606501,69.0,160,100,0.4,0.4,2,inf,121.405524,0.003413,121.408937,True,127,44,8,5,0.003121,True,25.761676342618514,61.0,17,100,0.4,0.4,2,inf,136.534143,0.003375,136.537518,"[[828,687,693,696,698,706,708,709,711,718,726,727,731,737,739,741,751,752,754,759,760,764,766,770,772,773,774,778,780,784,792,800,807,810,814,815,817,819,829,834,835,837,838,840,842,844,845,847,848,849,851,853,856],[827,694,697,719,724,745,781,805,823,824,830],[713,695,722,738,762,787,831],[705],[688],[689],[690],[691],[699],[700],[701],[702],[703],[704],[707],[710],[712],[714],[715],[716],[717],[720],[721],[723],[725],[728],[729],[730],[732],[733],[734],[735],[736],[740],[742],[743],[744],[746],[747],[748],[749],[750],[753],[755],[756],[757],[758],[761],[763],[765],[767],[768],[769],[771],[775],[776],[777],[779],[782],[783],[785],[786],[788],[789],[790],[791],[793],[794],[795],[796],[797],[798],[799],[802],[803],[804],[806],[808],[809],[811],[812],[813],[816],[818],[820],[821],[822],[825],[826],[832],[833],[836],[839],[841],[843],[846],[850],[852],[854],[855]]","[[713,693,695,698,701,706,708,722,731,734,738,748,751,760,762,766,772,774,778,784,787,794,800,810,814,817,829,831,834,840,842,844,845,847,848,853],[828,687,709,711,718,723,727,728,737,739,741,752,754,759,764,770,773,792,820,835,837,838],[726,694,697,719,724,745,781,805,823,824],[688,696],[830,780,815],[689],[690],[691],[699],[700],[702],[703],[704],[707],[710],[712],[714],[715],[716],[717],[720],[721],[725],[729],[730],[732],[733],[735],[736],[740],[742],[743],[744],[746],[747],[749],[750],[753],[755],[756],[757],[758],[761],[763],[765],[767],[768],[769],[771],[775],[776],[777],[779],[782],[783],[785],[786],[788],[789],[790],[791],[793],[795],[796],[797],[798],[799],[802],[803],[804],[806],[807],[808],[809],[811],[812],[813],[816],[818],[819],[821],[822],[825],[826],[832],[833],[836],[839],[841],[843],[846],[849],[850],[851],[852],[854],[855],[856],[705],[827]]"
686,168,25,1338,1649.13,,826.5,0.15,1173,1341.86,,697.5,True,107,58,8,5,0.003366,True,30.47983593606501,69.0,160,100,0.4,0.4,2,inf,121.405524,0.003413,121.408937,True,125,44,8,5,0.003523,True,24.932685760127804,52.0,25,123,0.4,0.4,2,inf,162.29874,0.003426,162.302166,"[[828,687,693,696,698,706,708,709,711,718,726,727,731,737,739,741,751,752,754,759,760,764,766,770,772,773,774,778,780,784,792,800,807,810,814,815,817,819,829,834,835,837,838,840,842,844,845,847,848,849,851,853,856],[827,694,697,719,724,745,781,805,823,824,830],[713,695,722,738,762,787,831],[705],[688],[689],[690],[691],[699],[700],[701],[702],[703],[704],[707],[710],[712],[714],[715],[716],[717],[720],[721],[723],[725],[728],[729],[730],[732],[733],[734],[735],[736],[740],[742],[743],[744],[746],[747],[748],[749],[750],[753],[755],[756],[757],[758],[761],[763],[765],[767],[768],[769],[771],[775],[776],[777],[779],[782],[783],[785],[786],[788],[789],[790],[791],[793],[794],[795],[796],[797],[798],[799],[802],[803],[804],[806],[808],[809],[811],[812],[813],[816],[818],[820],[821],[822],[825],[826],[832],[833],[836],[839],[841],[843],[846],[850],[852],[854],[855]]","[[828,693,696,697,706,718,724,726,731,739,745,754,760,764,766,772,773,774,778,780,781,784,800,810,814,815,819,820,827,829,834,840,842,844,845,847,851,853],[752,694,705,713,719,805,823,830],[824,688],[687],[689],[690],[691],[695],[698],[699],[700],[701],[702],[703],[704],[707],[708],[709],[710],[711],[712],[714],[715],[716],[717],[720],[721],[722],[723],[725],[727],[728],[729],[730],[732],[733],[734],[735],[736],[737],[738],[740],[741],[742],[743],[744],[746],[747],[748],[749],[750],[751],[753],[755],[756],[757],[758],[759],[761],[763],[765],[767],[768],[769],[770],[771],[775],[776],[777],[779],[782],[783],[785],[786],[787],[788],[789],[790],[791],[792],[793],[794],[795],[796],[797],[798],[799],[802],[803],[804],[806],[807],[808],[809],[811],[812],[813],[816],[817],[818],[821],[822],[825],[826],[831],[832],[833],[835],[836],[837],[838],[839],[841],[843],[846],[848],[849],[850],[852],[854],[855],[856],[762]]"
686,168,26,1338,1649.13,,826.5,0.15,1199,1394.67,,719.0,True,107,58,8,5,0.003366,True,30.47983593606501,69.0,160,100,0.4,0.4,2,inf,121.405524,0.003413,121.408937,True,118,44,8,5,0.003408,True,26.354904147575326,60.0,140,95,0.4,0.4,2,inf,125.276034,0.003298,125.279332,"[[828,687,693,696,698,706,708,709,711,718,726,727,731,737,739,741,751,752,754,759,760,764,766,770,772,773,774,778,780,784,792,800,807,810,814,815,817,819,829,834,835,837,838,840,842,844,845,847,848,849,851,853,856],[827,694,697,719,724,745,781,805,823,824,830],[713,695,722,738,762,787,831],[705],[688],[689],[690],[691],[699],[700],[701],[702],[703],[704],[707],[710],[712],[714],[715],[716],[717],[720],[721],[723],[725],[728],[729],[730],[732],[733],[734],[735],[736],[740],[742],[743],[744],[746],[747],[748],[749],[750],[753],[755],[756],[757],[758],[761],[763],[765],[767],[768],[769],[771],[775],[776],[777],[779],[782],[783],[785],[786],[788],[789],[790],[791],[793],[794],[795],[796],[797],[798],[799],[802],[803],[804],[806],[808],[809],[811],[812],[813],[816],[818],[820],[821],[822],[825],[826],[832],[833],[836],[839],[841],[843],[846],[850],[852],[854],[855]]","[[828,687,693,696,697,698,706,708,709,711,718,723,726,727,728,731,737,739,741,751,752,754,759,760,764,766,769,770,772,773,774,778,779,780,781,792,797,800,807,810,812,814,815,817,819,823,824,826,827,829,830,835,837,838,840,842,844,845,847,848,849,853,856],[834,694,705,713,719,724,745,784,805],[747,701,748,831],[820],[688],[689],[690],[691],[695],[699],[700],[702],[703],[704],[707],[710],[712],[714],[715],[716],[717],[720],[721],[722],[725],[729],[730],[732],[733],[734],[735],[736],[738],[740],[742],[743],[744],[746],[749],[750],[753],[755],[756],[757],[758],[761],[762],[763],[765],[767],[768],[771],[775],[776],[777],[782],[783],[785],[786],[787],[788],[789],[790],[791],[793],[794],[795],[796],[798],[799],[802],[803],[804],[806],[808],[809],[811],[813],[816],[818],[821],[822],[825],[832],[833],[836],[839],[841],[843],[846],[850],[851],[852],[854],[855]]"
686,168,27,1338,1649.13,,826.5,0.15,1222,1381.58,,702.0,True,107,58,8,5,0.003366,True,30.47983593606501,69.0,160,100,0.4,0.4,2,inf,121.405524,0.003413,121.408937,True,128,42,8,5,0.003074,True,25.663316677130627,52.0,128,104,0.4,0.4,2,inf,140.083839,0.003368,140.087207,"[[828,687,693,696,698,706,708,709,711,718,726,727,731,737,739,741,751,752,754,759,760,764,766,770,772,773,774,778,780,784,792,800,807,810,814,815,817,819,829,834,835,837,838,840,842,844,845,847,848,849,851,853,856],[827,694,697,719,724,745,781,805,823,824,830],[713,695,722,738,762,787,831],[705],[688],[689],[690],[691],[699],[700],[701],[702],[703],[704],[707],[710],[712],[714],[715],[716],[717],[720],[721],[723],[725],[728],[729],[730],[732],[733],[734],[735],[736],[740],[742],[743],[744],[746],[747],[748],[749],[750],[753],[755],[756],[757],[758],[761],[763],[765],[767],[768],[769],[771],[775],[776],[777],[779],[782],[783],[785],[786],[788],[789],[790],[791],[793],[794],[795],[796],[797],[798],[799],[802],[803],[804],[806],[808],[809],[811],[812],[813],[816],[818],[820],[821],[822],[825],[826],[832],[833],[836],[839],[841],[843],[846],[850],[852],[854],[855]]","[[828,687,693,696,706,708,709,711,718,723,726,727,737,739,741,751,754,759,760,766,772,773,774,778,779,780,797,800,807,810,814,815,817,819,820,824,834,837,838,844,845,847,848,851,853,856],[752,688,694,705,713,719,724,731,745,781,784,805,823,827,829,830,842],[764,703,728],[697,695],[689],[690],[691],[698],[699],[700],[701],[702],[704],[707],[710],[712],[714],[715],[716],[717],[720],[721],[722],[725],[729],[730],[732],[733],[734],[735],[736],[738],[740],[742],[743],[744],[746],[748],[749],[750],[753],[755],[756],[757],[758],[761],[762],[763],[765],[767],[768],[769],[770],[771],[775],[776],[777],[782],[783],[785],[786],[787],[788],[789],[790],[791],[792],[793],[794],[795],[796],[798],[799],[802],[803],[804],[806],[808],[809],[811],[812],[813],[816],[818],[821],[822],[825],[826],[831],[832],[833],[835],[836],[839],[840],[841],[843],[846],[849],[850],[852],[854],[855],[747]]"
686,168,28,1338,1649.13,,826.5,0.15,1201,1374.48,,700.0,True,107,58,8,5,0.003366,True,30.47983593606501,69.0,160,100,0.4,0.4,2,inf,121.405524,0.003413,121.408937,True,125,45,8,5,0.003235,True,24.80620775849289,49.0,135,113,0.4,0.4,2,inf,5027.49594,0.005333,5027.501273,"[[828,687,693,696,698,706,708,709,711,718,726,727,731,737,739,741,751,752,754,759,760,764,766,770,772,773,774,778,780,784,792,800,807,810,814,815,817,819,829,834,835,837,838,840,842,844,845,847,848,849,851,853,856],[827,694,697,719,724,745,781,805,823,824,830],[713,695,722,738,762,787,831],[705],[688],[689],[690],[691],[699],[700],[701],[702],[703],[704],[707],[710],[712],[714],[715],[716],[717],[720],[721],[723],[725],[728],[729],[730],[732],[733],[734],[735],[736],[740],[742],[743],[744],[746],[747],[748],[749],[750],[753],[755],[756],[757],[758],[761],[763],[765],[767],[768],[769],[771],[775],[776],[777],[779],[782],[783],[785],[786],[788],[789],[790],[791],[793],[794],[795],[796],[797],[798],[799],[802],[803],[804],[806],[808],[809],[811],[812],[813],[816],[818],[820],[821],[822],[825],[826],[832],[833],[836],[839],[841],[843],[846],[850],[852],[854],[855]]","[[828,687,693,696,698,708,709,711,723,726,731,737,741,751,752,759,766,770,772,778,779,792,810,812,814,815,826,838,840,844,845,847,856],[773,694,705,719,724,745,781,827,829,834,842,853],[713,706,722,738,760,787,800],[764,703,728],[747,748,769,837],[824,784],[688],[689],[690],[691],[695],[697],[699],[700],[701],[702],[704],[707],[710],[712],[714],[715],[716],[717],[718],[720],[721],[725],[727],[729],[730],[732],[733],[734],[735],[736],[739],[740],[742],[743],[744],[746],[749],[750],[753],[754],[755],[756],[757],[758],[761],[762],[763],[765],[767],[768],[771],[774],[775],[776],[777],[780],[782],[783],[785],[786],[788],[789],[790],[791],[793],[794],[795],[796],[797],[798],[799],[802],[803],[804],[806],[807],[808],[809],[811],[813],[816],[817],[818],[819],[820],[821],[822],[823],[825],[830],[831],[832],[833],[835],[836],[839],[841],[843],[846],[848],[849],[850],[851],[852],[854],[855],[805]]"
686,168,29,1338,1649.13,,826.5,0.15,1166,1367.79,,703.5,True,107,58,8,5,0.003366,True,30.47983593606501,69.0,160,100,0.4,0.4,2,inf,121.405524,0.003413,121.408937,True,127,42,8,5,0.003431,True,25.657383328838435,54.0,139,117,0.4,0.4,2,inf,133.750836,0.003261,133.754097,"[[828,687,693,696,698,706,708,709,711,718,726,727,731,737,739,741,751,752,754,759,760,764,766,770,772,773,774,778,780,784,792,800,807,810,814,815,817,819,829,834,835,837,838,840,842,844,845,847,848,849,851,853,856],[827,694,697,719,724,745,781,805,823,824,830],[713,695,722,738,762,787,831],[705],[688],[689],[690],[691],[699],[700],[701],[702],[703],[704],[707],[710],[712],[714],[715],[716],[717],[720],[721],[723],[725],[728],[729],[730],[732],[733],[734],[735],[736],[740],[742],[743],[744],[746],[747],[748],[749],[750],[753],[755],[756],[757],[758],[761],[763],[765],[767],[768],[769],[771],[775],[776],[777],[779],[782],[783],[785],[786],[788],[789],[790],[791],[793],[794],[795],[796],[797],[798],[799],[802],[803],[804],[806],[808],[809],[811],[812],[813],[816],[818],[820],[821],[822],[825],[826],[832],[833],[836],[839],[841],[843],[846],[850],[852],[854],[855]]","[[713,688,693,695,696,697,698,706,708,724,726,731,738,752,760,762,766,772,773,774,778,781,800,814,815,819,827,829,834,840,842,844,845,847,848,853],[810,694,705,719,745,784,805,823,828],[747,718,728,741,754,849],[830,737,780],[703,764],[824],[687],[689],[690],[691],[699],[700],[701],[702],[704],[707],[709],[710],[711],[712],[714],[715],[716],[717],[720],[721],[722],[723],[725],[727],[729],[730],[732],[733],[734],[735],[736],[739],[740],[742],[743],[744],[746],[748],[749],[750],[751],[753],[755],[756],[757],[758],[759],[761],[763],[765],[767],[768],[769],[770],[771],[775],[776],[777],[779],[782],[783],[785],[786],[787],[788],[789],[790],[791],[792],[793],[794],[795],[796],[797],[798],[799],[802],[803],[804],[806],[807],[808],[809],[811],[812],[813],[816],[817],[818],[820],[821],[822],[825],[826],[831],[832],[833],[835],[836],[837],[838],[839],[841],[843],[846],[850],[851],[852],[854],[855],[856]]"
686,168,30,1338,1649.13,,826.5,0.15,1230,1383.56,,709.5,True,107,58,8,5,0.003366,True,30.47983593606501,69.0,160,100,0.4,0.4,2,inf,121.405524,0.003413,121.408937,True,121,38,8,5,0.003266,True,25.19446917860535,54.0,72,105,0.4,0.4,2,inf,123.737246,0.003261,123.740507,"[[828,687,693,696,698,706,708,709,711,718,726,727,731,737,739,741,751,752,754,759,760,764,766,770,772,773,774,778,780,784,792,800,807,810,814,815,817,819,829,834,835,837,838,840,842,844,845,847,848,849,851,853,856],[827,694,697,719,724,745,781,805,823,824,830],[713,695,722,738,762,787,831],[705],[688],[689],[690],[691],[699],[700],[701],[702],[703],[704],[707],[710],[712],[714],[715],[716],[717],[720],[721],[723],[725],[728],[729],[730],[732],[733],[734],[735],[736],[740],[742],[743],[744],[746],[747],[748],[749],[750],[753],[755],[756],[757],[758],[761],[763],[765],[767],[768],[769],[771],[775],[776],[777],[779],[782],[783],[785],[786],[788],[789],[790],[791],[793],[794],[795],[796],[797],[798],[799],[802],[803],[804],[806],[808],[809],[811],[812],[813],[816],[818],[820],[821],[822],[825],[826],[832],[833],[836],[839],[841],[843],[846],[850],[852],[854],[855]]","[[828,687,693,696,698,703,706,708,709,711,718,723,726,727,731,741,751,754,759,760,764,769,770,772,773,778,779,792,797,807,810,814,815,817,829,835,838,840,842,844,845,847,848,849,851,856],[752,694,713,724,745,781,784,800,824,827,830,834],[762,705,719,805],[695,734],[697,766],[819,780,823],[853],[688],[689],[690],[691],[699],[700],[701],[702],[704],[707],[710],[712],[714],[715],[716],[717],[720],[721],[722],[725],[728],[729],[730],[732],[733],[735],[736],[737],[738],[739],[740],[742],[743],[744],[746],[747],[748],[749],[750],[753],[755],[756],[757],[758],[761],[763],[765],[767],[768],[771],[774],[775],[776],[777],[782],[783],[785],[786],[787],[788],[789],[790],[791],[793],[794],[795],[796],[798],[799],[802],[803],[804],[806],[808],[809],[811],[812],[813],[816],[818],[820],[821],[822],[825],[826],[831],[832],[833],[836],[837],[839],[841],[843],[846],[850],[852],[854],[855]]"
686,168,1,1338,1649.13,,826.5,0.25,1017,1171.75,,612.0,True,107,58,8,5,0.003366,True,30.47983593606501,69.0,160,100,0.4,0.4,2,inf,121.405524,0.003413,121.408937,True,135,44,8,5,0.003043,True,21.731693458091687,45.0,116,101,0.4,0.4,2,inf,143.677603,0.003193,143.680796,"[[828,687,693,696,698,706,708,709,711,718,726,727,731,737,739,741,751,752,754,759,760,764,766,770,772,773,774,778,780,784,792,800,807,810,814,815,817,819,829,834,835,837,838,840,842,844,845,847,848,849,851,853,856],[827,694,697,719,724,745,781,805,823,824,830],[713,695,722,738,762,787,831],[705],[688],[689],[690],[691],[699],[700],[701],[702],[703],[704],[707],[710],[712],[714],[715],[716],[717],[720],[721],[723],[725],[728],[729],[730],[732],[733],[734],[735],[736],[740],[742],[743],[744],[746],[747],[748],[749],[750],[753],[755],[756],[757],[758],[761],[763],[765],[767],[768],[769],[771],[775],[776],[777],[779],[782],[783],[785],[786],[788],[789],[790],[791],[793],[794],[795],[796],[797],[798],[799],[802],[803],[804],[806],[808],[809],[811],[812],[813],[816],[818],[820],[821],[822],[825],[826],[832],[833],[836],[839],[841],[843],[846],[850],[852],[854],[855]]","[[828,688,694,696,698,706,719,724,726,727,731,741,745,751,752,754,760,764,766,772,773,774,780,784,810,814,815,819,829,834,840,842,847,851,853],[713,695,697,701,734,781,800,817,827,844,848],[747,687,708,739,748,753,758,763,769,770,783,792,793,797,803,804,807,809,831,837,849,856],[830,823,824],[705],[689],[690],[691],[693],[699],[700],[702],[703],[704],[707],[709],[710],[711],[712],[714],[715],[716],[717],[718],[720],[721],[722],[723],[725],[728],[729],[730],[732],[733],[735],[736],[737],[738],[740],[742],[743],[744],[746],[749],[750],[755],[756],[757],[759],[761],[762],[765],[767],[768],[771],[775],[776],[777],[778],[779],[782],[785],[786],[787],[788],[789],[790],[791],[794],[795],[796],[798],[799],[802],[806],[808],[811],[812],[813],[816],[818],[820],[821],[822],[825],[826],[832],[833],[835],[836],[838],[839],[841],[843],[845],[846],[850],[852],[854],[855],[805]]"
686,168,2,1338,1649.13,,826.5,0.25,1048,1169.67,,603.5,True,107,58,8,5,0.003366,True,30.47983593606501,69.0,160,100,0.4,0.4,2,inf,121.405524,0.003413,121.408937,True,141,37,8,5,0.003043,True,21.748028591203962,44.0,25,98,0.4,0.4,2,inf,168.258397,0.003202,168.261599,"[[828,687,693,696,698,706,708,709,711,718,726,727,731,737,739,741,751,752,754,759,760,764,766,770,772,773,774,778,780,784,792,800,807,810,814,815,817,819,829,834,835,837,838,840,842,844,845,847,848,849,851,853,856],[827,694,697,719,724,745,781,805,823,824,830],[713,695,722,738,762,787,831],[705],[688],[689],[690],[691],[699],[700],[701],[702],[703],[704],[707],[710],[712],[714],[715],[716],[717],[720],[721],[723],[725],[728],[729],[730],[732],[733],[734],[735],[736],[740],[742],[743],[744],[746],[747],[748],[749],[750],[753],[755],[756],[757],[758],[761],[763],[765],[767],[768],[769],[771],[775],[776],[777],[779],[782],[783],[785],[786],[788],[789],[790],[791],[793],[794],[795],[796],[797],[798],[799],[802],[803],[804],[806],[808],[809],[811],[812],[813],[816],[818],[820],[821],[822],[825],[826],[832],[833],[836],[839],[841],[843],[846],[850],[852],[854],[855]]","[[828,688,693,696,697,698,708,709,724,726,728,731,751,760,766,772,774,780,792,800,805,812,814,817,819,820,823,826,827,829,834,838,840,842,844,847,853],[705,715,718,720,737,738,739,748,752,754,755,758,759,761,762,763,764,770,778,787,799,808,831,835,836,849],[815,713,719,745,781,824,830],[773,694,784,810],[687],[689],[690],[691],[695],[699],[700],[701],[702],[703],[704],[706],[707],[710],[711],[712],[714],[716],[717],[721],[722],[723],[725],[727],[729],[730],[732],[733],[734],[735],[736],[740],[741],[742],[743],[744],[746],[747],[749],[750],[753],[756],[757],[765],[767],[768],[769],[771],[775],[776],[777],[779],[782],[783],[785],[786],[788],[789],[790],[791],[793],[794],[795],[796],[797],[798],[802],[803],[804],[806],[807],[809],[811],[813],[816],[818],[821],[822],[825],[832],[833],[837],[839],[841],[843],[846],[848],[850],[851],[852],[854],[855],[856],[845]]"
686,168,3,1338,1649.13,,826.5,0.25,1068,1179.35,,610.0,True,107,58,8,5,0.003366,True,30.47983593606501,69.0,160,100,0.4,0.4,2,inf,121.405524,0.003413,121.408937,True,135,39,8,5,0.003129,True,22.07832727490573,46.0,17,104,0.4,0.4,2,inf,171.073248,0.003185,171.076433,"[[828,687,693,696,698,706,708,709,711,718,726,727,731,737,739,741,751,752,754,759,760,764,766,770,772,773,774,778,780,784,792,800,807,810,814,815,817,819,829,834,835,837,838,840,842,844,845,847,848,849,851,853,856],[827,694,697,719,724,745,781,805,823,824,830],[713,695,722,738,762,787,831],[705],[688],[689],[690],[691],[699],[700],[701],[702],[703],[704],[707],[710],[712],[714],[715],[716],[717],[720],[721],[723],[725],[728],[729],[730],[732],[733],[734],[735],[736],[740],[742],[743],[744],[746],[747],[748],[749],[750],[753],[755],[756],[757],[758],[761],[763],[765],[767],[768],[769],[771],[775],[776],[777],[779],[782],[783],[785],[786],[788],[789],[790],[791],[793],[794],[795],[796],[797],[798],[799],[802],[803],[804],[806],[808],[809],[811],[812],[813],[816],[818],[820],[821],[822],[825],[826],[832],[833],[836],[839],[841],[843],[846],[850],[852],[854],[855]]","[[828,693,696,698,709,711,723,726,731,737,739,741,751,752,759,764,769,770,772,773,774,778,779,780,792,797,807,812,815,817,826,835,837,838,840,844,845,846,847,848,851],[805,695,706,738,762,810,829,831,834,842,853],[760,694,719,724,745,781,800,827],[748,697,705,713,747,830],[824,784,823],[687],[688],[689],[690],[691],[699],[700],[701],[702],[703],[704],[707],[708],[710],[712],[714],[715],[716],[717],[718],[720],[721],[722],[725],[727],[728],[729],[730],[732],[733],[734],[735],[736],[740],[742],[743],[744],[746],[749],[750],[753],[754],[755],[756],[757],[758],[761],[763],[765],[766],[767],[768],[771],[775],[776],[777],[782],[783],[785],[786],[787],[788],[789],[790],[791],[793],[794],[795],[796],[798],[799],[802],[803],[804],[806],[808],[809],[811],[813],[814],[816],[818],[819],[820],[821],[822],[825],[832],[833],[836],[839],[841],[843],[849],[850],[852],[854],[855],[856]]"
686,168,4,1338,1649.13,,826.5,0.25,1028,1174.66,,617.0,True,107,58,8,5,0.003366,True,30.47983593606501,69.0,160,100,0.4,0.4,2,inf,121.405524,0.003413,121.408937,True,139,42,8,5,0.00313,True,21.882776319706,47.0,72,97,0.4,0.4,2,inf,169.223355,0.003264,169.226619,"[[828,687,693,696,698,706,708,709,711,718,726,727,731,737,739,741,751,752,754,759,760,764,766,770,772,773,774,778,780,784,792,800,807,810,814,815,817,819,829,834,835,837,838,840,842,844,845,847,848,849,851,853,856],[827,694,697,719,724,745,781,805,823,824,830],[713,695,722,738,762,787,831],[705],[688],[689],[690],[691],[699],[700],[701],[702],[703],[704],[707],[710],[712],[714],[715],[716],[717],[720],[721],[723],[725],[728],[729],[730],[732],[733],[734],[735],[736],[740],[742],[743],[744],[746],[747],[748],[749],[750],[753],[755],[756],[757],[758],[761],[763],[765],[767],[768],[769],[771],[775],[776],[777],[779],[782],[783],[785],[786],[788],[789],[790],[791],[793],[794],[795],[796],[797],[798],[799],[802],[803],[804],[806],[808],[809],[811],[812],[813],[816],[818],[820],[821],[822],[825],[826],[832],[833],[836],[839],[841],[843],[846],[850],[852],[854],[855]]","[[828,693,696,709,718,723,726,727,731,739,751,752,760,764,766,769,770,773,774,778,779,780,792,797,807,810,812,814,817,819,826,834,835,842,844,845,846,847,851,853,856],[772,694,697,705,713,781,800,805,827],[747,687,708,728,741,748,753,758,763,765,803,804,809,837,838,848],[719,706,745,784,815,829,830],[688,840],[824,724],[689],[690],[691],[695],[698],[699],[700],[701],[702],[703],[704],[707],[710],[711],[712],[714],[715],[716],[717],[720],[721],[722],[725],[729],[730],[732],[733],[734],[735],[736],[737],[738],[740],[742],[743],[744],[746],[749],[750],[754],[755],[756],[757],[759],[761],[762],[767],[768],[771],[775],[776],[777],[782],[783],[785],[786],[787],[788],[789],[790],[791],[793],[794],[795],[796],[798],[799],[802],[806],[808],[811],[813],[816],[818],[820],[821],[822],[825],[831],[832],[833],[836],[839],[841],[843],[849],[850],[852],[854],[855],[823]]"
686,168,5,1338,1649.13,,826.5,0.25,1038,1203.78,,623.5,True,107,58,8,5,0.003366,True,30.47983593606501,69.0,160,100,0.4,0.4,2,inf,121.405524,0.003413,121.408937,True,137,38,8,5,0.003032,True,22.61412843132255,48.0,25,97,0.4,0.4,2,inf,136.30881,0.003287,136.312097,"[[828,687,693,696,698,706,708,709,711,718,726,727,731,737,739,741,751,752,754,759,760,764,766,770,772,773,774,778,780,784,792,800,807,810,814,815,817,819,829,834,835,837,838,840,842,844,845,847,848,849,851,853,856],[827,694,697,719,724,745,781,805,823,824,830],[713,695,722,738,762,787,831],[705],[688],[689],[690],[691],[699],[700],[701],[702],[703],[704],[707],[710],[712],[714],[715],[716],[717],[720],[721],[723],[725],[728],[729],[730],[732],[733],[734],[735],[736],[740],[742],[743],[744],[746],[747],[748],[749],[750],[753],[755],[756],[757],[758],[761],[763],[765],[767],[768],[769],[771],[775],[776],[777],[779],[782],[783],[785],[786],[788],[789],[790],[791],[793],[794],[795],[796],[797],[798],[799],[802],[803],[804],[806],[808],[809],[811],[812],[813],[816],[818],[820],[821],[822],[825],[826],[832],[833],[836],[839],[841],[843],[846],[850],[852],[854],[855]]","[[705,693,703,706,715,718,720,722,731,737,738,748,755,758,759,760,761,764,770,772,778,780,784,787,803,807,810,814,819,827,831,834,835,843,844,845,847],[828,687,696,708,709,711,723,726,727,728,739,741,751,773,774,779,792,815,817,838,840,848,853,856],[694,697,719,724,745,752,805,823,824,842],[688,701,713],[766,830],[689],[690],[691],[695],[698],[699],[700],[702],[704],[707],[710],[712],[714],[716],[717],[721],[725],[729],[730],[732],[733],[734],[735],[736],[740],[742],[743],[744],[746],[747],[749],[750],[753],[754],[756],[757],[762],[763],[765],[767],[768],[769],[771],[775],[776],[777],[781],[782],[783],[785],[786],[788],[789],[790],[791],[793],[794],[795],[796],[797],[798],[799],[802],[804],[806],[808],[809],[811],[812],[813],[816],[818],[820],[821],[822],[825],[826],[829],[832],[833],[836],[837],[839],[841],[846],[849],[850],[851],[852],[854],[855],[800]]"
686,168,6,1338,1649.13,,826.5,0.25,1063,1210.08,,625.5,True,107,58,8,5,0.003366,True,30.47983593606501,69.0,160,100,0.4,0.4,2,inf,121.405524,0.003413,121.408937,True,136,39,8,5,0.003059,True,22.86914140486237,50.0,109,105,0.4,0.4,2,inf,150.475741,0.003276,150.479017,"[[828,687,693,696,698,706,708,709,711,718,726,727,731,737,739,741,751,752,754,759,760,764,766,770,772,773,774,778,780,784,792,800,807,810,814,815,817,819,829,834,835,837,838,840,842,844,845,847,848,849,851,853,856],[827,694,697,719,724,745,781,805,823,824,830],[713,695,722,738,762,787,831],[705],[688],[689],[690],[691],[699],[700],[701],[702],[703],[704],[707],[710],[712],[714],[715],[716],[717],[720],[721],[723],[725],[728],[729],[730],[732],[733],[734],[735],[736],[740],[742],[743],[744],[746],[747],[748],[749],[750],[753],[755],[756],[757],[758],[761],[763],[765],[767],[768],[769],[771],[775],[776],[777],[779],[782],[783],[785],[786],[788],[789],[790],[791],[793],[794],[795],[796],[797],[798],[799],[802],[803],[804],[806],[808],[809],[811],[812],[813],[816],[818],[820],[821],[822],[825],[826],[832],[833],[836],[839],[841],[843],[846],[850],[852],[854],[855]]","[[828,687,688,693,696,706,708,709,711,723,731,737,739,741,751,752,754,759,766,769,770,772,773,774,778,779,780,784,792,797,800,810,814,817,819,820,823,824,826,835,837,838,842,844,845,846,848,851,853,856],[713,695,722,726,738,760,762,834,840],[847,694,705,745,805,829],[697,830],[719],[781],[689],[690],[691],[698],[699],[700],[701],[702],[703],[704],[707],[710],[712],[714],[715],[716],[717],[718],[720],[721],[725],[727],[728],[729],[730],[732],[733],[734],[735],[736],[740],[742],[743],[744],[746],[747],[748],[749],[750],[753],[755],[756],[757],[758],[761],[763],[764],[765],[767],[768],[771],[775],[776],[777],[782],[783],[785],[786],[787],[788],[789],[790],[791],[793],[794],[795],[796],[798],[799],[802],[803],[804],[806],[807],[808],[809],[811],[812],[813],[815],[816],[818],[821],[822],[825],[827],[831],[832],[833],[836],[839],[841],[843],[849],[850],[852],[854],[855],[724]]"
686,168,7,1338,1649.13,,826.5,0.25,1085,1203.28,,626.5,True,107,58,8,5,0.003366,True,30.47983593606501,69.0,160,100,0.4,0.4,2,inf,121.405524,0.003413,121.408937,True,134,41,8,5,0.003277,True,22.894235708505757,50.0,25,115,0.4,0.4,2,inf,128.122261,0.003299,128.12556,"[[828,687,693,696,698,706,708,709,711,718,726,727,731,737,739,741,751,752,754,759,760,764,766,770,772,773,774,778,780,784,792,800,807,810,814,815,817,819,829,834,835,837,838,840,842,844,845,847,848,849,851,853,856],[827,694,697,719,724,745,781,805,823,824,830],[713,695,722,738,762,787,831],[705],[688],[689],[690],[691],[699],[700],[701],[702],[703],[704],[707],[710],[712],[714],[715],[716],[717],[720],[721],[723],[725],[728],[729],[730],[732],[733],[734],[735],[736],[740],[742],[743],[744],[746],[747],[748],[749],[750],[753],[755],[756],[757],[758],[761],[763],[765],[767],[768],[769],[771],[775],[776],[777],[779],[782],[783],[785],[786],[788],[789],[790],[791],[793],[794],[795],[796],[797],[798],[799],[802],[803],[804],[806],[808],[809],[811],[812],[813],[816],[818],[820],[821],[822],[825],[826],[832],[833],[836],[839],[841],[843],[846],[850],[852],[854],[855]]","[[828,693,696,697,698,706,708,711,728,731,739,741,751,752,760,764,766,770,772,773,778,792,810,814,817,820,823,824,827,829,834,835,840,842,845,847,848,849,853],[762,705,713,719,745,781,805],[747,687,831],[694,724,726,774,780,784,800],[830,844],[819],[688],[689],[690],[691],[695],[699],[700],[701],[702],[703],[704],[707],[709],[710],[712],[714],[715],[716],[717],[718],[720],[721],[722],[723],[725],[727],[729],[730],[732],[733],[734],[735],[736],[737],[738],[740],[742],[743],[744],[746],[748],[749],[750],[753],[754],[755],[756],[757],[758],[759],[761],[763],[765],[767],[768],[769],[771],[775],[776],[777],[779],[782],[783],[785],[786],[787],[788],[789],[790],[791],[793],[794],[795],[796],[797],[798],[799],[802],[803],[804],[806],[807],[808],[809],[811],[812],[813],[815],[816],[818],[821],[822],[825],[826],[832],[833],[836],[837],[838],[839],[841],[843],[846],[850],[851],[852],[854],[855],[856]]"
686,168,8,1338,1649.13,,826.5,0.25,1043,1233.76,,638.0,True,107,58,8,5,0.003366,True,30.47983593606501,69.0,160,100,0.4,0.4,2,inf,121.405524,0.003413,121.408937,True,137,41,8,5,0.003245,True,23.498352006346376,52.0,17,115,0.4,0.4,2,inf,138.976867,0.003421,138.980289,"[[828,687,693,696,698,706,708,709,711,718,726,727,731,737,739,741,751,752,754,759,760,764,766,770,772,773,774,778,780,784,792,800,807,810,814,815,817,819,829,834,835,837,838,840,842,844,845,847,848,849,851,853,856],[827,694,697,719,724,745,781,805,823,824,830],[713,695,722,738,762,787,831],[705],[688],[689],[690],[691],[699],[700],[701],[702],[703],[704],[707],[710],[712],[714],[715],[716],[717],[720],[721],[723],[725],[728],[729],[730],[732],[733],[734],[735],[736],[740],[742],[743],[744],[746],[747],[748],[749],[750],[753],[755],[756],[757],[758],[761],[763],[765],[767],[768],[769],[771],[775],[776],[777],[779],[782],[783],[785],[786],[788],[789],[790],[791],[793],[794],[795],[796],[797],[798],[799],[802],[803],[804],[806],[808],[809],[811],[812],[813],[816],[818],[820],[821],[822],[825],[826],[832],[833],[836],[839],[841],[843],[846],[850],[852],[854],[855]]","[[828,687,688,693,696,706,711,723,726,731,739,741,751,752,759,760,764,766,770,778,781,800,807,810,814,815,819,823,824,827,834,835,838,840,842,844,847,848,853],[713,724,738,772,773,774,830,845],[737,694,705,719,745,805],[780,697,754],[703,728],[689],[690],[691],[695],[698],[699],[700],[701],[702],[704],[707],[708],[709],[710],[712],[714],[715],[716],[717],[718],[720],[721],[722],[725],[727],[729],[730],[732],[733],[734],[735],[736],[740],[742],[743],[744],[746],[747],[748],[749],[750],[753],[755],[756],[757],[758],[761],[762],[763],[765],[767],[768],[769],[771],[775],[776],[777],[779],[782],[783],[785],[786],[787],[788],[789],[790],[791],[792],[793],[794],[795],[796],[797],[798],[799],[802],[803],[804],[806],[808],[809],[811],[812],[813],[816],[817],[818],[820],[821],[822],[825],[826],[831],[832],[833],[836],[837],[839],[841],[843],[846],[849],[850],[851],[852],[854],[855],[856],[829],[784]]"
686,168,9,1338,1649.13,,826.5,0.25,1031,1163.04,,615.0,True,107,58,8,5,0.003366,True,30.47983593606501,69.0,160,100,0.4,0.4,2,inf,121.405524,0.003413,121.408937,True,136,37,8,5,0.003125,True,22.405847371614385,53.0,25,125,0.4,0.4,2,inf,150.430308,0.003481,150.433789,"[[828,687,693,696,698,706,708,709,711,718,726,727,731,737,739,741,751,752,754,759,760,764,766,770,772,773,774,778,780,784,792,800,807,810,814,815,817,819,829,834,835,837,838,840,842,844,845,847,848,849,851,853,856],[827,694,697,719,724,745,781,805,823,824,830],[713,695,722,738,762,787,831],[705],[688],[689],[690],[691],[699],[700],[701],[702],[703],[704],[707],[710],[712],[714],[715],[716],[717],[720],[721],[723],[725],[728],[729],[730],[732],[733],[734],[735],[736],[740],[742],[743],[744],[746],[747],[748],[749],[750],[753],[755],[756],[757],[758],[761],[763],[765],[767],[768],[769],[771],[775],[776],[777],[779],[782],[783],[785],[786],[788],[789],[790],[791],[793],[794],[795],[796],[797],[798],[799],[802],[803],[804],[806],[808],[809],[811],[812],[813],[816],[818],[820],[821],[822],[825],[826],[832],[833],[836],[839],[841],[843],[846],[850],[852],[854],[855]]","[[828,693,696,698,706,724,726,731,737,751,752,754,760,766,772,773,780,810,815,817,819,820,829,830,835,848,851],[719,694,708,762,764,781,800,814,834,845,847],[703,718,728],[784,713],[853,745,823,842],[695,844],[805],[827],[697],[687],[688],[689],[690],[691],[699],[700],[701],[702],[704],[707],[709],[710],[711],[712],[714],[715],[716],[717],[720],[721],[722],[723],[725],[727],[729],[730],[732],[733],[734],[735],[736],[738],[739],[740],[741],[742],[743],[744],[746],[747],[748],[749],[750],[753],[755],[756],[757],[758],[759],[761],[763],[765],[767],[768],[769],[770],[771],[774],[775],[776],[777],[778],[779],[782],[783],[785],[786],[787],[788],[789],[790],[791],[792],[793],[794],[795],[796],[797],[798],[799],[802],[803],[804],[806],[807],[808],[809],[811],[812],[813],[816],[818],[821],[822],[825],[826],[831],[832],[833],[836],[837],[838],[839],[840],[841],[843],[846],[849],[850],[852],[854],[855],[856],[824],[705]]"
686,168,10,1338,1649.13,,826.5,0.25,1007,1177.9,,609.0,True,107,58,8,5,0.003366,True,30.47983593606501,69.0,160,100,0.4,0.4,2,inf,121.405524,0.003413,121.408937,True,142,40,8,5,0.003148,True,22.068968696038812,48.0,116,100,0.4,0.4,2,inf,146.880819,0.003245,146.884064,"[[828,687,693,696,698,706,708,709,711,718,726,727,731,737,739,741,751,752,754,759,760,764,766,770,772,773,774,778,780,784,792,800,807,810,814,815,817,819,829,834,835,837,838,840,842,844,845,847,848,849,851,853,856],[827,694,697,719,724,745,781,805,823,824,830],[713,695,722,738,762,787,831],[705],[688],[689],[690],[691],[699],[700],[701],[702],[703],[704],[707],[710],[712],[714],[715],[716],[717],[720],[721],[723],[725],[728],[729],[730],[732],[733],[734],[735],[736],[740],[742],[743],[744],[746],[747],[748],[749],[750],[753],[755],[756],[757],[758],[761],[763],[765],[767],[768],[769],[771],[775],[776],[777],[779],[782],[783],[785],[786],[788],[789],[790],[791],[793],[794],[795],[796],[797],[798],[799],[802],[803],[804],[806],[808],[809],[811],[812],[813],[816],[818],[820],[821],[822],[825],[826],[832],[833],[836],[839],[841],[843],[846],[850],[852],[854],[855]]","[[705,693,703,706,715,718,720,722,731,737,739,741,748,752,754,758,759,760,762,763,764,770,787,799,803,807,808,809,810,814,820,827,831,835,836,842,844,849],[713,695,696,698,701,708,734,772,773,778,784,815,817,833,840,845,848],[828,687,688,727,781,792,800,829],[766,719,830],[726,694,724,823,824,834,853],[745],[805],[689],[690],[691],[697],[699],[700],[702],[704],[707],[709],[710],[711],[712],[714],[716],[717],[721],[723],[725],[728],[729],[730],[732],[733],[735],[736],[738],[740],[742],[743],[744],[746],[747],[749],[750],[751],[753],[755],[756],[757],[761],[765],[767],[768],[769],[771],[774],[775],[776],[777],[779],[780],[782],[783],[785],[786],[788],[789],[790],[791],[793],[794],[795],[796],[797],[798],[802],[804],[806],[811],[812],[813],[816],[818],[819],[821],[822],[825],[826],[832],[837],[838],[839],[841],[843],[846],[847],[850],[851],[852],[854],[855],[856]]"
686,168,11,1338,1649.13,,826.5,0.25,1042,1168.74,,604.5,True,107,58,8,5,0.003366,True,30.47983593606501,69.0,160,100,0.4,0.4,2,inf,121.405524,0.003413,121.408937,True,138,38,8,5,0.003051,True,22.44562917937294,51.0,139,110,0.4,0.4,2,inf,128.282285,0.003225,128.28551,"[[828,687,693,696,698,706,708,709,711,718,726,727,731,737,739,741,751,752,754,759,760,764,766,770,772,773,774,778,780,784,792,800,807,810,814,815,817,819,829,834,835,837,838,840,842,844,845,847,848,849,851,853,856],[827,694,697,719,724,745,781,805,823,824,830],[713,695,722,738,762,787,831],[705],[688],[689],[690],[691],[699],[700],[701],[702],[703],[704],[707],[710],[712],[714],[715],[716],[717],[720],[721],[723],[725],[728],[729],[730],[732],[733],[734],[735],[736],[740],[742],[743],[744],[746],[747],[748],[749],[750],[753],[755],[756],[757],[758],[761],[763],[765],[767],[768],[769],[771],[775],[776],[777],[779],[782],[783],[785],[786],[788],[789],[790],[791],[793],[794],[795],[796],[797],[798],[799],[802],[803],[804],[806],[808],[809],[811],[812],[813],[816],[818],[820],[821],[822],[825],[826],[832],[833],[836],[839],[841],[843],[846],[850],[852],[854],[855]]","[[713,693,694,696,698,706,708,726,731,738,751,760,762,766,772,774,778,780,781,784,800,810,814,815,817,819,827,834,840,842,848,851,853],[705,703,718,728,737,741,748,752,754,764,807,820,835,844,845,847,849],[773,719,724,745,824,828],[739,747,792,805,823],[697,830],[687],[688],[689],[690],[691],[695],[699],[700],[701],[702],[704],[707],[709],[710],[711],[712],[714],[715],[716],[717],[720],[721],[722],[723],[725],[727],[729],[730],[732],[733],[734],[735],[736],[740],[742],[743],[744],[746],[749],[750],[753],[755],[756],[757],[758],[759],[761],[763],[765],[767],[768],[769],[770],[771],[775],[776],[777],[779],[782],[783],[785],[786],[787],[788],[789],[790],[791],[793],[794],[795],[796],[797],[798],[799],[802],[803],[804],[806],[808],[809],[811],[812],[813],[816],[818],[821],[822],[825],[826],[831],[832],[833],[836],[837],[838],[839],[841],[843],[846],[850],[852],[854],[855],[856],[829]]"
686,168,12,1338,1649.13,,826.5,0.25,1029,1183.53,,620.5,True,107,58,8,5,0.003366,True,30.47983593606501,69.0,160,100,0.4,0.4,2,inf,121.405524,0.003413,121.408937,True,135,35,8,5,0.003455,True,22.038264212701385,38.0,17,123,0.4,0.4,2,inf,142.244776,0.003373,142.248149,"[[828,687,693,696,698,706,708,709,711,718,726,727,731,737,739,741,751,752,754,759,760,764,766,770,772,773,774,778,780,784,792,800,807,810,814,815,817,819,829,834,835,837,838,840,842,844,845,847,848,849,851,853,856],[827,694,697,719,724,745,781,805,823,824,830],[713,695,722,738,762,787,831],[705],[688],[689],[690],[691],[699],[700],[701],[702],[703],[704],[707],[710],[712],[714],[715],[716],[717],[720],[721],[723],[725],[728],[729],[730],[732],[733],[734],[735],[736],[740],[742],[743],[744],[746],[747],[748],[749],[750],[753],[755],[756],[757],[758],[761],[763],[765],[767],[768],[769],[771],[775],[776],[777],[779],[782],[783],[785],[786],[788],[789],[790],[791],[793],[794],[795],[796],[797],[798],[799],[802],[803],[804],[806],[808],[809],[811],[812],[813],[816],[818],[820],[821],[822],[825],[826],[832],[833],[836],[839],[841],[843],[846],[850],[852],[854],[855]]","[[694,696,697,706,713,719,724,726,731,745,752,760,766,772,773,781,784,800,805,810,815,823,824,828,829,830,834,842,847,853],[705,693,718,728,748,762,778,814,820,844,845,849],[688,695,774,780,819,840],[827],[687],[689],[690],[691],[699],[700],[701],[702],[703],[704],[707],[708],[709],[710],[711],[712],[714],[715],[716],[717],[720],[721],[722],[723],[725],[727],[729],[730],[732],[733],[734],[735],[736],[737],[738],[739],[740],[741],[742],[743],[744],[746],[747],[749],[750],[751],[753],[754],[755],[756],[757],[758],[759],[761],[763],[764],[765],[767],[768],[769],[770],[771],[775],[776],[777],[779],[782],[783],[785],[786],[787],[788],[789],[790],[791],[792],[793],[794],[795],[796],[797],[798],[799],[802],[803],[804],[806],[807],[808],[809],[811],[812],[813],[816],[817],[818],[821],[822],[825],[826],[831],[832],[833],[835],[836],[837],[838],[839],[841],[843],[846],[850],[851],[852],[854],[855],[856],[698],[848]]"
686,168,13,1338,1649.13,,826.5,0.25,1007,1196.19,,622.0,True,107,58,8,5,0.003366,True,30.47983593606501,69.0,160,100,0.4,0.4,2,inf,121.405524,0.003413,121.408937,True,135,38,8,5,0.003028,True,21.881968808830024,46.0,25,116,0.4,0.4,2,inf,138.599663,0.003281,138.602944,"[[828,687,693,696,698,706,708,709,711,718,726,727,731,737,739,741,751,752,754,759,760,764,766,770,772,773,774,778,780,784,792,800,807,810,814,815,817,819,829,834,835,837,838,840,842,844,845,847,848,849,851,853,856],[827,694,697,719,724,745,781,805,823,824,830],[713,695,722,738,762,787,831],[705],[688],[689],[690],[691],[699],[700],[701],[702],[703],[704],[707],[710],[712],[714],[715],[716],[717],[720],[721],[723],[725],[728],[729],[730],[732],[733],[734],[735],[736],[740],[742],[743],[744],[746],[747],[748],[749],[750],[753],[755],[756],[757],[758],[761],[763],[765],[767],[768],[769],[771],[775],[776],[777],[779],[782],[783],[785],[786],[788],[789],[790],[791],[793],[794],[795],[796],[797],[798],[799],[802],[803],[804],[806],[808],[809],[811],[812],[813],[816],[818],[820],[821],[822],[825],[826],[832],[833],[836],[839],[841],[843],[846],[850],[852],[854],[855]]","[[828,693,696,698,706,709,724,726,727,728,731,737,739,752,754,760,766,770,772,773,778,784,800,807,810,814,824,830,834,837,838,842,845,847,853],[819,688,705,713,719,815,823],[805,762,780,817,829,840,844],[764,703,747],[697,694,745,781,827],[687],[689],[690],[691],[695],[699],[700],[701],[702],[704],[707],[708],[710],[711],[712],[714],[715],[716],[717],[718],[720],[721],[722],[723],[725],[729],[730],[732],[733],[734],[735],[736],[738],[740],[741],[742],[743],[744],[746],[748],[749],[750],[751],[753],[755],[756],[757],[758],[759],[761],[763],[765],[767],[768],[769],[771],[774],[775],[776],[777],[779],[782],[783],[785],[786],[787],[788],[789],[790],[791],[792],[793],[794],[795],[796],[797],[798],[799],[802],[803],[804],[806],[808],[809],[811],[812],[813],[816],[818],[820],[821],[822],[825],[826],[831],[832],[833],[835],[836],[839],[841],[843],[846],[848],[849],[850],[851],[852],[854],[855],[856]]"
686,168,14,1338,1649.13,,826.5,0.25,998,1153.73,,603.0,True,107,58,8,5,0.003366,True,30.47983593606501,69.0,160,100,0.4,0.4,2,inf,121.405524,0.003413,121.408937,True,137,42,8,5,0.003073,True,22.394768894142004,48.0,17,112,0.4,0.4,2,inf,153.414024,0.003375,153.417399,"[[828,687,693,696,698,706,708,709,711,718,726,727,731,737,739,741,751,752,754,759,760,764,766,770,772,773,774,778,780,784,792,800,807,810,814,815,817,819,829,834,835,837,838,840,842,844,845,847,848,849,851,853,856],[827,694,697,719,724,745,781,805,823,824,830],[713,695,722,738,762,787,831],[705],[688],[689],[690],[691],[699],[700],[701],[702],[703],[704],[707],[710],[712],[714],[715],[716],[717],[720],[721],[723],[725],[728],[729],[730],[732],[733],[734],[735],[736],[740],[742],[743],[744],[746],[747],[748],[749],[750],[753],[755],[756],[757],[758],[761],[763],[765],[767],[768],[769],[771],[775],[776],[777],[779],[782],[783],[785],[786],[788],[789],[790],[791],[793],[794],[795],[796],[797],[798],[799],[802],[803],[804],[806],[808],[809],[811],[812],[813],[816],[818],[820],[821],[822],[825],[826],[832],[833],[836],[839],[841],[843],[846],[850],[852],[854],[855]]","[[828,687,693,694,696,697,703,708,718,724,731,737,739,741,752,754,759,760,764,766,772,773,774,780,784,800,807,810,815,823,824,827,829,830,834,835,838,840,842,844,845,847,848,849,853],[705,706,728,738,755,781,814,820],[726,713,719,745,805],[688,856],[747],[689],[690],[691],[695],[698],[699],[700],[701],[702],[704],[707],[709],[710],[711],[712],[714],[715],[716],[717],[720],[721],[722],[723],[725],[727],[729],[730],[732],[733],[734],[735],[736],[740],[742],[743],[744],[746],[748],[749],[750],[751],[753],[756],[757],[758],[761],[762],[763],[765],[767],[768],[769],[770],[771],[775],[776],[777],[778],[779],[782],[783],[785],[786],[787],[788],[789],[790],[791],[792],[793],[794],[795],[796],[797],[798],[799],[802],[803],[804],[806],[808],[809],[811],[812],[813],[816],[817],[818],[819],[821],[822],[825],[826],[831],[832],[833],[836],[837],[839],[841],[843],[846],[850],[851],[852],[854],[855]]"
686,168,15,1338,1649.13,,826.5,0.25,1094,1226.51,,630.0,True,107,58,8,5,0.003366,True,30.47983593606501,69.0,160,100,0.4,0.4,2,inf,121.405524,0.003413,121.408937,True,138,37,8,5,0.003168,True,22.06247678352705,47.0,139,117,0.4,0.4,2,inf,182.800019,0.003378,182.803397,"[[828,687,693,696,698,706,708,709,711,718,726,727,731,737,739,741,751,752,754,759,760,764,766,770,772,773,774,778,780,784,792,800,807,810,814,815,817,819,829,834,835,837,838,840,842,844,845,847,848,849,851,853,856],[827,694,697,719,724,745,781,805,823,824,830],[713,695,722,738,762,787,831],[705],[688],[689],[690],[691],[699],[700],[701],[702],[703],[704],[707],[710],[712],[714],[715],[716],[717],[720],[721],[723],[725],[728],[729],[730],[732],[733],[734],[735],[736],[740],[742],[743],[744],[746],[747],[748],[749],[750],[753],[755],[756],[757],[758],[761],[763],[765],[767],[768],[769],[771],[775],[776],[777],[779],[782],[783],[785],[786],[788],[789],[790],[791],[793],[794],[795],[796],[797],[798],[799],[802],[803],[804],[806],[808],[809],[811],[812],[813],[816],[818],[820],[821],[822],[825],[826],[832],[833],[836],[839],[841],[843],[846],[850],[852],[854],[855]]","[[713,693,695,696,706,708,722,731,738,751,752,760,766,772,773,774,778,780,815,819,834,840,844,845,847,848,853],[842,694,697,705,745,784,800,805,810,824,827,828,829],[807,703,728,739,747,764,823],[719,724,726,781,814,830],[754,688],[820,741],[687],[689],[690],[691],[698],[699],[700],[701],[702],[704],[707],[709],[710],[711],[712],[714],[715],[716],[717],[718],[720],[721],[723],[725],[727],[729],[730],[732],[733],[734],[735],[736],[737],[740],[742],[743],[744],[746],[748],[749],[750],[753],[755],[756],[757],[758],[759],[761],[762],[763],[765],[767],[768],[769],[770],[771],[775],[776],[777],[779],[782],[783],[785],[786],[787],[788],[789],[790],[791],[792],[793],[794],[795],[796],[797],[798],[799],[802],[803],[804],[806],[808],[809],[811],[812],[813],[816],[817],[818],[821],[822],[825],[826],[831],[832],[833],[835],[836],[837],[838],[839],[841],[843],[846],[849],[850],[851],[852],[854],[855],[856]]"
686,168,16,1338,1649.13,,826.5,0.25,1002,1171.09,,607.0,True,107,58,8,5,0.003366,True,30.47983593606501,69.0,160,100,0.4,0.4,2,inf,121.405524,0.003413,121.408937,True,131,40,8,5,0.003375,True,22.599898659221754,50.0,139,121,0.4,0.4,2,inf,114.861046,0.003275,114.864321,"[[828,687,693,696,698,706,708,709,711,718,726,727,731,737,739,741,751,752,754,759,760,764,766,770,772,773,774,778,780,784,792,800,807,810,814,815,817,819,829,834,835,837,838,840,842,844,845,847,848,849,851,853,856],[827,694,697,719,724,745,781,805,823,824,830],[713,695,722,738,762,787,831],[705],[688],[689],[690],[691],[699],[700],[701],[702],[703],[704],[707],[710],[712],[714],[715],[716],[717],[720],[721],[723],[725],[728],[729],[730],[732],[733],[734],[735],[736],[740],[742],[743],[744],[746],[747],[748],[749],[750],[753],[755],[756],[757],[758],[761],[763],[765],[767],[768],[769],[771],[775],[776],[777],[779],[782],[783],[785],[786],[788],[789],[790],[791],[793],[794],[795],[796],[797],[798],[799],[802],[803],[804],[806],[808],[809],[811],[812],[813],[816],[818],[820],[821],[822],[825],[826],[832],[833],[836],[839],[841],[843],[846],[850],[852],[854],[855]]","[[713,688,695,696,697,706,719,722,724,726,731,738,748,751,760,766,772,773,778,780,810,814,815,829,834,840,842,844,845,847,848,853],[752,694,705,745,781,784,805,823,828,830],[824,693,764],[703,754,838],[728,739,835],[800,827],[687],[689],[690],[691],[698],[699],[700],[701],[702],[704],[707],[708],[709],[710],[711],[712],[714],[715],[716],[717],[718],[720],[721],[723],[725],[727],[729],[730],[732],[733],[734],[735],[736],[737],[740],[741],[742],[743],[744],[746],[747],[749],[750],[753],[755],[756],[757],[758],[759],[761],[762],[763],[765],[767],[768],[769],[770],[771],[774],[775],[776],[777],[779],[782],[783],[785],[786],[787],[788],[789],[790],[791],[792],[793],[794],[795],[796],[797],[798],[799],[802],[803],[804],[806],[807],[808],[809],[811],[812],[813],[816],[817],[818],[819],[820],[821],[822],[825],[826],[831],[832],[833],[836],[837],[839],[841],[843],[846],[849],[850],[851],[852],[854],[855],[856]]"
686,168,17,1338,1649.13,,826.5,0.25,1025,1155.25,,601.0,True,107,58,8,5,0.003366,True,30.47983593606501,69.0,160,100,0.4,0.4,2,inf,121.405524,0.003413,121.408937,True,140,41,8,5,0.003213,True,21.861394543414438,52.0,25,109,0.4,0.4,2,inf,143.757891,0.00323,143.761121,"[[828,687,693,696,698,706,708,709,711,718,726,727,731,737,739,741,751,752,754,759,760,764,766,770,772,773,774,778,780,784,792,800,807,810,814,815,817,819,829,834,835,837,838,840,842,844,845,847,848,849,851,853,856],[827,694,697,719,724,745,781,805,823,824,830],[713,695,722,738,762,787,831],[705],[688],[689],[690],[691],[699],[700],[701],[702],[703],[704],[707],[710],[712],[714],[715],[716],[717],[720],[721],[723],[725],[728],[729],[730],[732],[733],[734],[735],[736],[740],[742],[743],[744],[746],[747],[748],[749],[750],[753],[755],[756],[757],[758],[761],[763],[765],[767],[768],[769],[771],[775],[776],[777],[779],[782],[783],[785],[786],[788],[789],[790],[791],[793],[794],[795],[796],[797],[798],[799],[802],[803],[804],[806],[808],[809],[811],[812],[813],[816],[818],[820],[821],[822],[825],[826],[832],[833],[836],[839],[841],[843],[846],[850],[852],[854],[855]]","[[828,693,696,698,706,709,724,726,727,731,737,751,752,754,760,772,774,778,780,784,800,810,814,815,817,823,829,834,840,842,844,845,848,853],[719,694,695,708,718,745,762,766,781,819,827,847],[747,748,769,770,792,797,831,837,838,849,856],[764,703,728],[773,713],[722,705],[830,697],[687],[688],[689],[690],[691],[699],[700],[701],[702],[704],[707],[710],[711],[712],[714],[715],[716],[717],[720],[721],[723],[725],[729],[730],[732],[733],[734],[735],[736],[738],[739],[740],[741],[742],[743],[744],[746],[749],[750],[753],[755],[756],[757],[758],[759],[761],[763],[765],[767],[768],[771],[775],[776],[777],[779],[782],[783],[785],[786],[787],[788],[789],[790],[791],[793],[794],[795],[796],[798],[799],[802],[803],[804],[806],[807],[808],[809],[811],[812],[813],[816],[818],[820],[821],[822],[825],[826],[832],[833],[835],[836],[839],[841],[843],[846],[850],[851],[852],[854],[855],[824],[805]]"
686,168,18,1338,1649.13,,826.5,0.25,1000,1197.55,,616.0,True,107,58,8,5,0.003366,True,30.47983593606501,69.0,160,100,0.4,0.4,2,inf,121.405524,0.003413,121.408937,True,142,39,8,5,0.003165,True,21.226888921711794,48.0,17,116,0.4,0.4,2,inf,133.366443,0.00333,133.369773,"[[828,687,693,696,698,706,708,709,711,718,726,727,731,737,739,741,751,752,754,759,760,764,766,770,772,773,774,778,780,784,792,800,807,810,814,815,817,819,829,834,835,837,838,840,842,844,845,847,848,849,851,853,856],[827,694,697,719,724,745,781,805,823,824,830],[713,695,722,738,762,787,831],[705],[688],[689],[690],[691],[699],[700],[701],[702],[703],[704],[707],[710],[712],[714],[715],[716],[717],[720],[721],[723],[725],[728],[729],[730],[732],[733],[734],[735],[736],[740],[742],[743],[744],[746],[747],[748],[749],[750],[753],[755],[756],[757],[758],[761],[763],[765],[767],[768],[769],[771],[775],[776],[777],[779],[782],[783],[785],[786],[788],[789],[790],[791],[793],[794],[795],[796],[797],[798],[799],[802],[803],[804],[806],[808],[809],[811],[812],[813],[816],[818],[820],[821],[822],[825],[826],[832],[833],[836],[839],[841],[843],[846],[850],[852],[854],[855]]","[[805,695,696,706,709,715,726,727,731,734,737,738,752,754,761,762,764,766,772,792,800,807,810,814,817,823,829,831,840,844,847],[784,694,713,719,724,760,781,827,842,853],[747,687,698,769,797,803,838,856],[773,705,824,828],[834,697,745],[728,703],[688],[689],[690],[691],[693],[699],[700],[701],[702],[704],[707],[708],[710],[711],[712],[714],[716],[717],[718],[720],[721],[722],[723],[725],[729],[730],[732],[733],[735],[736],[739],[740],[741],[742],[743],[744],[746],[748],[749],[750],[751],[753],[755],[756],[757],[758],[759],[763],[765],[767],[768],[770],[771],[774],[775],[776],[777],[778],[779],[780],[782],[783],[785],[786],[787],[788],[789],[790],[791],[793],[794],[795],[796],[798],[799],[802],[804],[806],[808],[809],[811],[812],[813],[815],[816],[818],[819],[820],[821],[822],[825],[826],[830],[832],[833],[835],[836],[837],[839],[841],[843],[845],[846],[848],[849],[850],[851],[852],[854],[855]]"
686,168,19,1338,1649.13,,826.5,0.25,1067,1195.53,,621.0,True,107,58,8,5,0.003366,True,30.47983593606501,69.0,160,100,0.4,0.4,2,inf,121.405524,0.003413,121.408937,True,140,39,8,5,0.003325,True,22.26603161151834,46.0,139,106,0.4,0.4,2,inf,160.353374,0.003374,160.356748,"[[828,687,693,696,698,706,708,709,711,718,726,727,731,737,739,741,751,752,754,759,760,764,766,770,772,773,774,778,780,784,792,800,807,810,814,815,817,819,829,834,835,837,838,840,842,844,845,847,848,849,851,853,856],[827,694,697,719,724,745,781,805,823,824,830],[713,695,722,738,762,787,831],[705],[688],[689],[690],[691],[699],[700],[701],[702],[703],[704],[707],[710],[712],[714],[715],[716],[717],[720],[721],[723],[725],[728],[729],[730],[732],[733],[734],[735],[736],[740],[742],[743],[744],[746],[747],[748],[749],[750],[753],[755],[756],[757],[758],[761],[763],[765],[767],[768],[769],[771],[775],[776],[777],[779],[782],[783],[785],[786],[788],[789],[790],[791],[793],[794],[795],[796],[797],[798],[799],[802],[803],[804],[806],[808],[809],[811],[812],[813],[816],[818],[820],[821],[822],[825],[826],[832],[833],[836],[839],[841],[843],[846],[850],[852],[854],[855]]","[[713,690,693,698,701,706,708,722,731,734,738,742,746,748,751,760,762,774,777,782,784,787,794,810,813,815,816,817,829,831,834,840,842,847,848,853],[752,719,724,726,745,766,781,805,823,824,827,828],[705,718,737,739,741,754,764,772,807,814,820,844],[696,688,697,830],[800,694],[838,703],[687],[689],[691],[695],[699],[700],[702],[704],[707],[709],[710],[711],[712],[714],[715],[716],[717],[720],[721],[723],[725],[727],[728],[729],[730],[732],[733],[735],[736],[740],[743],[744],[747],[749],[750],[753],[755],[756],[757],[758],[759],[761],[763],[765],[767],[768],[769],[770],[771],[773],[775],[776],[778],[779],[780],[783],[785],[786],[788],[789],[790],[791],[792],[793],[795],[796],[797],[798],[799],[802],[803],[804],[806],[808],[809],[811],[812],[818],[819],[821],[822],[825],[826],[832],[833],[835],[836],[837],[839],[841],[843],[845],[846],[849],[850],[851],[852],[854],[855],[856]]"
686,168,20,1338,1649.13,,826.5,0.25,1073,1204.92,,622.0,True,107,58,8,5,0.003366,True,30.47983593606501,69.0,160,100,0.4,0.4,2,inf,121.405524,0.003413,121.408937,True,137,39,8,5,0.003021,True,22.145933162873703,43.0,25,120,0.4,0.4,2,inf,182.771912,0.003373,182.775285,"[[828,687,693,696,698,706,708,709,711,718,726,727,731,737,739,741,751,752,754,759,760,764,766,770,772,773,774,778,780,784,792,800,807,810,814,815,817,819,829,834,835,837,838,840,842,844,845,847,848,849,851,853,856],[827,694,697,719,724,745,781,805,823,824,830],[713,695,722,738,762,787,831],[705],[688],[689],[690],[691],[699],[700],[701],[702],[703],[704],[707],[710],[712],[714],[715],[716],[717],[720],[721],[723],[725],[728],[729],[730],[732],[733],[734],[735],[736],[740],[742],[743],[744],[746],[747],[748],[749],[750],[753],[755],[756],[757],[758],[761],[763],[765],[767],[768],[769],[771],[775],[776],[777],[779],[782],[783],[785],[786],[788],[789],[790],[791],[793],[794],[795],[796],[797],[798],[799],[802],[803],[804],[806],[808],[809],[811],[812],[813],[816],[818],[820],[821],[822],[825],[826],[832],[833],[836],[839],[841],[843],[846],[850],[852],[854],[855]]","[[705,693,706,715,718,726,728,731,737,738,739,760,762,764,772,778,780,784,800,807,810,834,844,845,847,849,853],[829,694,713,719,724,734,745,752,781,805,814,828,842],[823,766,815,819,824,840,848],[827,697,773,830],[688,696],[687],[689],[690],[691],[695],[698],[699],[700],[701],[702],[703],[704],[707],[708],[709],[710],[711],[712],[714],[716],[717],[720],[721],[722],[723],[725],[727],[729],[730],[732],[733],[735],[736],[740],[741],[742],[743],[744],[746],[747],[748],[749],[750],[751],[753],[754],[755],[756],[757],[758],[759],[761],[763],[765],[767],[768],[769],[770],[771],[774],[775],[776],[777],[779],[782],[783],[785],[786],[787],[788],[789],[790],[791],[792],[793],[794],[795],[796],[797],[798],[799],[802],[803],[804],[806],[808],[809],[811],[812],[813],[816],[817],[818],[820],[821],[822],[825],[826],[831],[832],[833],[835],[836],[837],[838],[839],[841],[843],[846],[850],[851],[852],[854],[855],[856]]"
686,168,21,1338,1649.13,,826.5,0.25,1057,1193.35,,628.5,True,107,58,8,5,0.003366,True,30.47983593606501,69.0,160,100,0.4,0.4,2,inf,121.405524,0.003413,121.408937,True,134,36,8,5,0.003291,True,23.366207100078654,50.0,17,113,0.4,0.4,2,inf,138.003791,0.003404,138.007195,"[[828,687,693,696,698,706,708,709,711,718,726,727,731,737,739,741,751,752,754,759,760,764,766,770,772,773,774,778,780,784,792,800,807,810,814,815,817,819,829,834,835,837,838,840,842,844,845,847,848,849,851,853,856],[827,694,697,719,724,745,781,805,823,824,830],[713,695,722,738,762,787,831],[705],[688],[689],[690],[691],[699],[700],[701],[702],[703],[704],[707],[710],[712],[714],[715],[716],[717],[720],[721],[723],[725],[728],[729],[730],[732],[733],[734],[735],[736],[740],[742],[743],[744],[746],[747],[748],[749],[750],[753],[755],[756],[757],[758],[761],[763],[765],[767],[768],[769],[771],[775],[776],[777],[779],[782],[783],[785],[786],[788],[789],[790],[791],[793],[794],[795],[796],[797],[798],[799],[802],[803],[804],[806],[808],[809],[811],[812],[813],[816],[818],[820],[821],[822],[825],[826],[832],[833],[836],[839],[841],[843],[846],[850],[852],[854],[855]]","[[828,693,696,697,706,708,718,731,739,741,751,752,754,759,760,766,772,773,778,780,800,810,814,815,817,819,820,823,824,829,830,834,835,840,842,844,845,847,848,851,853,856],[713,694,695,724,726,738,745,762,784,787,827],[728,705,719],[747,764],[688,774],[687],[689],[690],[691],[698],[699],[700],[701],[702],[703],[704],[707],[709],[710],[711],[712],[714],[715],[716],[717],[720],[721],[722],[723],[725],[727],[729],[730],[732],[733],[734],[735],[736],[737],[740],[742],[743],[744],[746],[748],[749],[750],[753],[755],[756],[757],[758],[761],[763],[765],[767],[768],[769],[770],[771],[775],[776],[777],[779],[782],[783],[785],[786],[788],[789],[790],[791],[792],[793],[794],[795],[796],[797],[798],[799],[802],[803],[804],[806],[807],[808],[809],[811],[812],[813],[816],[818],[821],[822],[825],[826],[831],[832],[833],[836],[837],[838],[839],[841],[843],[846],[849],[850],[852],[854],[855],[805],[781]]"
686,168,22,1338,1649.13,,826.5,0.25,1003,1180.82,,611.5,True,107,58,8,5,0.003366,True,30.47983593606501,69.0,160,100,0.4,0.4,2,inf,121.405524,0.003413,121.408937,True,137,39,8,5,0.003036,True,21.91962389035734,46.0,25,101,0.4,0.4,2,inf,157.713662,0.003567,157.717229,"[[828,687,693,696,698,706,708,709,711,718,726,727,731,737,739,741,751,752,754,759,760,764,766,770,772,773,774,778,780,784,792,800,807,810,814,815,817,819,829,834,835,837,838,840,842,844,845,847,848,849,851,853,856],[827,694,697,719,724,745,781,805,823,824,830],[713,695,722,738,762,787,831],[705],[688],[689],[690],[691],[699],[700],[701],[702],[703],[704],[707],[710],[712],[714],[715],[716],[717],[720],[721],[723],[725],[728],[729],[730],[732],[733],[734],[735],[736],[740],[742],[743],[744],[746],[747],[748],[749],[750],[753],[755],[756],[757],[758],[761],[763],[765],[767],[768],[769],[771],[775],[776],[777],[779],[782],[783],[785],[786],[788],[789],[790],[791],[793],[794],[795],[796],[797],[798],[799],[802],[803],[804],[806],[808],[809],[811],[812],[813],[816],[818],[820],[821],[822],[825],[826],[832],[833],[836],[839],[841],[843],[846],[850],[852],[854],[855]]","[[705,693,706,715,720,722,726,728,731,737,738,739,741,748,754,755,761,762,763,770,778,780,784,787,799,800,803,807,809,814,827,831,836,845,847,849,853],[828,687,688,696,708,709,723,727,760,772,792,797,810,826,837,844,848,856],[842,694,719,724,745,752,773,781,829,834],[805,774,815],[840,747],[820,830],[713,766],[689],[690],[691],[695],[698],[699],[700],[701],[702],[703],[704],[707],[710],[711],[712],[714],[716],[717],[718],[721],[725],[729],[730],[732],[733],[734],[735],[736],[740],[742],[743],[744],[746],[749],[750],[751],[753],[756],[757],[758],[759],[764],[765],[767],[768],[769],[771],[775],[776],[777],[779],[782],[783],[785],[786],[788],[789],[790],[791],[793],[794],[795],[796],[798],[802],[804],[806],[808],[811],[812],[813],[816],[817],[818],[819],[821],[822],[823],[825],[832],[833],[835],[838],[839],[841],[843],[846],[850],[851],[852],[854],[855],[697],[824]]"
686,168,23,1338,1649.13,,826.5,0.25,1061,1195.05,,621.5,True,107,58,8,5,0.003366,True,30.47983593606501,69.0,160,100,0.4,0.4,2,inf,121.405524,0.003413,121.408937,True,132,42,8,5,0.00299,True,22.908384243764605,49.0,31,106,0.4,0.4,2,inf,183.654218,0.003324,183.657542,"[[828,687,693,696,698,706,708,709,711,718,726,727,731,737,739,741,751,752,754,759,760,764,766,770,772,773,774,778,780,784,792,800,807,810,814,815,817,819,829,834,835,837,838,840,842,844,845,847,848,849,851,853,856],[827,694,697,719,724,745,781,805,823,824,830],[713,695,722,738,762,787,831],[705],[688],[689],[690],[691],[699],[700],[701],[702],[703],[704],[707],[710],[712],[714],[715],[716],[717],[720],[721],[723],[725],[728],[729],[730],[732],[733],[734],[735],[736],[740],[742],[743],[744],[746],[747],[748],[749],[750],[753],[755],[756],[757],[758],[761],[763],[765],[767],[768],[769],[771],[775],[776],[777],[779],[782],[783],[785],[786],[788],[789],[790],[791],[793],[794],[795],[796],[797],[798],[799],[802],[803],[804],[806],[808],[809],[811],[812],[813],[816],[818],[820],[821],[822],[825],[826],[832],[833],[836],[839],[841],[843],[846],[850],[852],[854],[855]]","[[828,693,696,706,708,709,711,718,723,726,727,731,737,739,741,751,752,760,766,769,770,772,774,779,780,781,792,797,800,807,810,812,817,819,826,827,830,835,837,838,842,845,846,847,849,851,853,856],[784,705,724,745,773,824,834],[764,703,719,728,747],[713,695,762,805,829,831],[687],[688],[689],[690],[691],[694],[698],[699],[700],[701],[702],[704],[707],[710],[712],[714],[715],[716],[717],[720],[721],[722],[725],[729],[730],[732],[733],[734],[735],[736],[738],[740],[742],[743],[744],[746],[748],[749],[750],[753],[754],[755],[756],[757],[758],[759],[761],[763],[765],[767],[768],[771],[775],[776],[777],[778],[782],[783],[785],[786],[787],[788],[789],[790],[791],[793],[794],[795],[796],[798],[799],[802],[803],[804],[806],[808],[809],[811],[813],[814],[815],[816],[818],[820],[821],[822],[823],[825],[832],[833],[836],[839],[840],[841],[843],[844],[848],[850],[852],[854],[855],[697]]"
686,168,24,1338,1649.13,,826.5,0.25,1036,1188.78,,607.0,True,107,58,8,5,0.003366,True,30.47983593606501,69.0,160,100,0.4,0.4,2,inf,121.405524,0.003413,121.408937,True,140,43,8,5,0.003119,True,22.470278733244495,46.0,25,108,0.4,0.4,2,inf,151.478906,0.003304,151.48221,"[[828,687,693,696,698,706,708,709,711,718,726,727,731,737,739,741,751,752,754,759,760,764,766,770,772,773,774,778,780,784,792,800,807,810,814,815,817,819,829,834,835,837,838,840,842,844,845,847,848,849,851,853,856],[827,694,697,719,724,745,781,805,823,824,830],[713,695,722,738,762,787,831],[705],[688],[689],[690],[691],[699],[700],[701],[702],[703],[704],[707],[710],[712],[714],[715],[716],[717],[720],[721],[723],[725],[728],[729],[730],[732],[733],[734],[735],[736],[740],[742],[743],[744],[746],[747],[748],[749],[750],[753],[755],[756],[757],[758],[761],[763],[765],[767],[768],[769],[771],[775],[776],[777],[779],[782],[783],[785],[786],[788],[789],[790],[791],[793],[794],[795],[796],[797],[798],[799],[802],[803],[804],[806],[808],[809],[811],[812],[813],[816],[818],[820],[821],[822],[825],[826],[832],[833],[836],[839],[841],[843],[846],[850],[852],[854],[855]]","[[705,693,706,715,720,722,728,738,739,741,748,754,755,758,759,760,762,763,764,770,778,784,787,803,807,808,809,814,820,831,835,843,844,845],[834,694,696,713,719,726,745,752,805,823,824,827,828,842,853],[727,688,697,766,800,830],[781,724,731,772,829],[815,695],[774,773,840],[847,810],[687],[689],[690],[691],[698],[699],[700],[701],[702],[703],[704],[707],[708],[709],[710],[711],[712],[714],[716],[717],[718],[721],[723],[725],[729],[730],[732],[733],[734],[735],[736],[740],[742],[743],[744],[746],[747],[749],[750],[751],[753],[756],[757],[761],[765],[767],[768],[769],[771],[775],[776],[777],[779],[780],[782],[783],[785],[786],[788],[789],[790],[791],[792],[793],[794],[795],[796],[797],[798],[799],[802],[804],[806],[811],[812],[813],[816],[817],[818],[819],[821],[822],[825],[826],[832],[833],[836],[837],[838],[839],[841],[846],[848],[849],[850],[851],[852],[854],[855],[856],[737]]"
686,168,25,1338,1649.13,,826.5,0.25,1040,1175.75,,615.0,True,107,58,8,5,0.003366,True,30.47983593606501,69.0,160,100,0.4,0.4,2,inf,121.405524,0.003413,121.408937,True,138,38,8,5,0.003097,True,21.944095089031617,51.0,17,123,0.4,0.4,2,inf,133.212461,0.003346,133.215807,"[[828,687,693,696,698,706,708,709,711,718,726,727,731,737,739,741,751,752,754,759,760,764,766,770,772,773,774,778,780,784,792,800,807,810,814,815,817,819,829,834,835,837,838,840,842,844,845,847,848,849,851,853,856],[827,694,697,719,724,745,781,805,823,824,830],[713,695,722,738,762,787,831],[705],[688],[689],[690],[691],[699],[700],[701],[702],[703],[704],[707],[710],[712],[714],[715],[716],[717],[720],[721],[723],[725],[728],[729],[730],[732],[733],[734],[735],[736],[740],[742],[743],[744],[746],[747],[748],[749],[750],[753],[755],[756],[757],[758],[761],[763],[765],[767],[768],[769],[771],[775],[776],[777],[779],[782],[783],[785],[786],[788],[789],[790],[791],[793],[794],[795],[796],[797],[798],[799],[802],[803],[804],[806],[808],[809],[811],[812],[813],[816],[818],[820],[821],[822],[825],[826],[832],[833],[836],[839],[841],[843],[846],[850],[852],[854],[855]]","[[828,693,696,706,718,726,728,737,739,751,764,766,770,772,773,774,778,780,800,807,810,814,819,827,829,830,834,844,845,847,853],[731,694,713,719,724,752,781,805],[705,738,759,842],[688,840],[760,745,784,823,824],[687],[689],[690],[691],[695],[698],[699],[700],[701],[702],[703],[704],[707],[708],[709],[710],[711],[712],[714],[715],[716],[717],[720],[721],[722],[723],[725],[727],[729],[730],[732],[733],[734],[735],[736],[740],[741],[742],[743],[744],[746],[747],[748],[749],[750],[753],[754],[755],[756],[757],[758],[761],[762],[763],[765],[767],[768],[769],[771],[775],[776],[777],[779],[782],[783],[785],[786],[787],[788],[789],[790],[791],[792],[793],[794],[795],[796],[797],[798],[799],[802],[803],[804],[806],[808],[809],[811],[812],[813],[815],[816],[817],[818],[820],[821],[822],[825],[826],[831],[832],[833],[835],[836],[837],[838],[839],[841],[843],[846],[848],[849],[850],[851],[852],[854],[855],[856],[697]]"
686,168,26,1338,1649.13,,826.5,0.25,1085,1226.62,,638.5,True,107,58,8,5,0.003366,True,30.47983593606501,69.0,160,100,0.4,0.4,2,inf,121.405524,0.003413,121.408937,True,133,43,8,5,0.003483,True,22.76964648259178,46.0,116,94,0.4,0.4,2,inf,140.802381,0.003297,140.805678,"[[828,687,693,696,698,706,708,709,711,718,726,727,731,737,739,741,751,752,754,759,760,764,766,770,772,773,774,778,780,784,792,800,807,810,814,815,817,819,829,834,835,837,838,840,842,844,845,847,848,849,851,853,856],[827,694,697,719,724,745,781,805,823,824,830],[713,695,722,738,762,787,831],[705],[688],[689],[690],[691],[699],[700],[701],[702],[703],[704],[707],[710],[712],[714],[715],[716],[717],[720],[721],[723],[725],[728],[729],[730],[732],[733],[734],[735],[736],[740],[742],[743],[744],[746],[747],[748],[749],[750],[753],[755],[756],[757],[758],[761],[763],[765],[767],[768],[769],[771],[775],[776],[777],[779],[782],[783],[785],[786],[788],[789],[790],[791],[793],[794],[795],[796],[797],[798],[799],[802],[803],[804],[806],[808],[809],[811],[812],[813],[816],[818],[820],[821],[822],[825],[826],[832],[833],[836],[839],[841],[843],[846],[850],[852],[854],[855]]","[[828,693,696,698,706,708,709,711,718,723,724,726,727,728,731,737,739,752,759,760,766,773,778,780,781,792,797,800,807,814,815,817,823,824,829,830,837,838,840,842,844,845,847,849,853],[834,694,697,705,713,719,745,784,805,827],[747,701,716,741,748,753,758,763,765,783,793,803,804,809,810,819,831,848],[703,764],[769,856],[770,820],[772,688],[695],[687],[689],[690],[691],[699],[700],[702],[704],[707],[710],[712],[714],[715],[717],[720],[721],[722],[725],[729],[730],[732],[733],[734],[735],[736],[738],[740],[742],[743],[744],[746],[749],[750],[751],[754],[755],[756],[757],[761],[762],[767],[768],[771],[774],[775],[776],[777],[779],[782],[785],[786],[787],[788],[789],[790],[791],[794],[795],[796],[798],[799],[802],[806],[808],[811],[812],[813],[816],[818],[821],[822],[825],[826],[832],[833],[835],[836],[839],[841],[843],[846],[850],[851],[852],[854],[855]]"
686,168,27,1338,1649.13,,826.5,0.25,1078,1203.28,,620.5,True,107,58,8,5,0.003366,True,30.47983593606501,69.0,160,100,0.4,0.4,2,inf,121.405524,0.003413,121.408937,True,134,38,8,5,0.003024,True,22.334519983358803,49.0,25,106,0.4,0.4,2,inf,133.862288,0.003197,133.865485,"[[828,687,693,696,698,706,708,709,711,718,726,727,731,737,739,741,751,752,754,759,760,764,766,770,772,773,774,778,780,784,792,800,807,810,814,815,817,819,829,834,835,837,838,840,842,844,845,847,848,849,851,853,856],[827,694,697,719,724,745,781,805,823,824,830],[713,695,722,738,762,787,831],[705],[688],[689],[690],[691],[699],[700],[701],[702],[703],[704],[707],[710],[712],[714],[715],[716],[717],[720],[721],[723],[725],[728],[729],[730],[732],[733],[734],[735],[736],[740],[742],[743],[744],[746],[747],[748],[749],[750],[753],[755],[756],[757],[758],[761],[763],[765],[767],[768],[769],[771],[775],[776],[777],[779],[782],[783],[785],[786],[788],[789],[790],[791],[793],[794],[795],[796],[797],[798],[799],[802],[803],[804],[806],[808],[809],[811],[812],[813],[816],[818],[820],[821],[822],[825],[826],[832],[833],[836],[839],[841],[843],[846],[850],[852],[854],[855]]","[[828,687,693,696,706,708,709,711,723,727,737,739,741,751,754,759,772,773,779,797,807,812,814,820,824,826,837,838,844,845,846,847,848,851,856],[705,722,726,731,738,748,752,760,762,764,787,800,810,829,831,842,849],[819,697,713,805,823],[724,694,745,781,827,834,853],[815,695,719],[688],[689],[690],[691],[698],[699],[700],[701],[702],[703],[704],[707],[710],[712],[714],[715],[716],[717],[718],[720],[721],[725],[728],[729],[730],[732],[733],[734],[735],[736],[740],[742],[743],[744],[746],[747],[749],[750],[753],[755],[756],[757],[758],[761],[763],[765],[766],[767],[768],[769],[770],[771],[774],[775],[776],[777],[778],[780],[782],[783],[784],[785],[786],[788],[789],[790],[791],[792],[793],[794],[795],[796],[798],[799],[802],[803],[804],[806],[808],[809],[811],[813],[816],[817],[818],[821],[822],[825],[830],[832],[833],[835],[836],[839],[840],[841],[843],[850],[852],[854],[855]]"
686,168,28,1338,1649.13,,826.5,0.25,1076,1194.83,,618.5,True,107,58,8,5,0.003366,True,30.47983593606501,69.0,160,100,0.4,0.4,2,inf,121.405524,0.003413,121.408937,True,136,43,8,5,0.003139,True,21.220206533938807,46.0,139,108,0.4,0.4,2,inf,135.513848,0.003393,135.517241,"[[828,687,693,696,698,706,708,709,711,718,726,727,731,737,739,741,751,752,754,759,760,764,766,770,772,773,774,778,780,784,792,800,807,810,814,815,817,819,829,834,835,837,838,840,842,844,845,847,848,849,851,853,856],[827,694,697,719,724,745,781,805,823,824,830],[713,695,722,738,762,787,831],[705],[688],[689],[690],[691],[699],[700],[701],[702],[703],[704],[707],[710],[712],[714],[715],[716],[717],[720],[721],[723],[725],[728],[729],[730],[732],[733],[734],[735],[736],[740],[742],[743],[744],[746],[747],[748],[749],[750],[753],[755],[756],[757],[758],[761],[763],[765],[767],[768],[769],[771],[775],[776],[777],[779],[782],[783],[785],[786],[788],[789],[790],[791],[793],[794],[795],[796],[797],[798],[799],[802],[803],[804],[806],[808],[809],[811],[812],[813],[816],[818],[820],[821],[822],[825],[826],[832],[833],[836],[839],[841],[843],[846],[850],[852],[854],[855]]","[[747,687,701,716,730,739,741,748,753,758,763,765,769,770,793,797,803,807,809,820,831,837,838,848,856],[719,694,696,698,706,708,726,727,731,737,759,760,766,772,773,784,815,819,827,834,840,842,845,847,853],[810,705,713,745,752,781,800,805,823,828],[764,703,728],[724,814],[697],[824],[688],[689],[690],[691],[693],[695],[699],[700],[702],[704],[707],[709],[710],[711],[712],[714],[715],[717],[718],[720],[721],[722],[723],[725],[729],[732],[733],[734],[735],[736],[738],[740],[742],[743],[744],[746],[749],[750],[751],[754],[755],[756],[757],[761],[762],[767],[768],[771],[774],[775],[776],[777],[778],[779],[780],[782],[783],[785],[786],[787],[788],[789],[790],[791],[792],[794],[795],[796],[798],[799],[802],[804],[806],[808],[811],[812],[813],[816],[817],[818],[821],[822],[825],[826],[829],[830],[832],[833],[835],[836],[839],[841],[843],[844],[846],[849],[850],[851],[852],[854],[855]]"
686,168,29,1338,1649.13,,826.5,0.25,1053,1175.49,,614.5,True,107,58,8,5,0.003366,True,30.47983593606501,69.0,160,100,0.4,0.4,2,inf,121.405524,0.003413,121.408937,True,141,40,8,5,0.003006,True,21.289310263182863,46.0,17,97,0.4,0.4,2,inf,148.375828,0.003341,148.379169,"[[828,687,693,696,698,706,708,709,711,718,726,727,731,737,739,741,751,752,754,759,760,764,766,770,772,773,774,778,780,784,792,800,807,810,814,815,817,819,829,834,835,837,838,840,842,844,845,847,848,849,851,853,856],[827,694,697,719,724,745,781,805,823,824,830],[713,695,722,738,762,787,831],[705],[688],[689],[690],[691],[699],[700],[701],[702],[703],[704],[707],[710],[712],[714],[715],[716],[717],[720],[721],[723],[725],[728],[729],[730],[732],[733],[734],[735],[736],[740],[742],[743],[744],[746],[747],[748],[749],[750],[753],[755],[756],[757],[758],[761],[763],[765],[767],[768],[769],[771],[775],[776],[777],[779],[782],[783],[785],[786],[788],[789],[790],[791],[793],[794],[795],[796],[797],[798],[799],[802],[803],[804],[806],[808],[809],[811],[812],[813],[816],[818],[820],[821],[822],[825],[826],[832],[833],[836],[839],[841],[843],[846],[850],[852],[854],[855]]","[[713,688,693,694,696,697,706,708,724,726,731,745,752,760,766,772,773,774,778,794,800,814,815,817,819,824,827,829,834,840,842,844,845,847,848,853],[747,687,701,716,728,730,739,741,753,754,758,763,765,769,770,783,792,793,797,807,809,820,831,837,856],[810,695,705,719,781,805,823,828],[764,703,718,787],[830,737,780],[784],[689],[690],[691],[698],[699],[700],[702],[704],[707],[709],[710],[711],[712],[714],[715],[717],[720],[721],[722],[723],[725],[727],[729],[732],[733],[734],[735],[736],[738],[740],[742],[743],[744],[746],[748],[749],[750],[751],[755],[756],[757],[759],[761],[762],[767],[768],[771],[775],[776],[777],[779],[782],[785],[786],[788],[789],[790],[791],[795],[796],[798],[799],[802],[803],[804],[806],[808],[811],[812],[813],[816],[818],[821],[822],[825],[826],[832],[833],[835],[836],[838],[839],[841],[843],[846],[849],[850],[851],[852],[854],[855]]"
686,168,30,1338,1649.13,,826.5,0.25,1064,1174.84,,619.0,True,107,58,8,5,0.003366,True,30.47983593606501,69.0,160,100,0.4,0.4,2,inf,121.405524,0.003413,121.408937,True,133,36,8,5,0.003604,True,22.08763485134166,46.0,17,113,0.4,0.4,2,inf,134.397062,0.003369,134.400431,"[[828,687,693,696,698,706,708,709,711,718,726,727,731,737,739,741,751,752,754,759,760,764,766,770,772,773,774,778,780,784,792,800,807,810,814,815,817,819,829,834,835,837,838,840,842,844,845,847,848,849,851,853,856],[827,694,697,719,724,745,781,805,823,824,830],[713,695,722,738,762,787,831],[705],[688],[689],[690],[691],[699],[700],[701],[702],[703],[704],[707],[710],[712],[714],[715],[716],[717],[720],[721],[723],[725],[728],[729],[730],[732],[733],[734],[735],[736],[740],[742],[743],[744],[746],[747],[748],[749],[750],[753],[755],[756],[757],[758],[761],[763],[765],[767],[768],[769],[771],[775],[776],[777],[779],[782],[783],[785],[786],[788],[789],[790],[791],[793],[794],[795],[796],[797],[798],[799],[802],[803],[804],[806],[808],[809],[811],[812],[813],[816],[818],[820],[821],[822],[825],[826],[832],[833],[836],[839],[841],[843],[846],[850],[852],[854],[855]]","[[828,687,688,693,696,698,703,706,708,709,711,726,727,731,739,741,751,759,760,772,773,778,779,780,792,807,810,814,815,827,829,835,838,840,842,844,845,847,848,849,853,856],[713,734,752,762,766,819],[834,694,697,719,724,784,800,824,830],[728,764],[781],[823],[745],[689],[690],[691],[695],[699],[700],[701],[702],[704],[707],[710],[712],[714],[715],[716],[717],[718],[720],[721],[722],[723],[725],[729],[730],[732],[733],[735],[736],[737],[738],[740],[742],[743],[744],[746],[747],[748],[749],[750],[753],[754],[755],[756],[757],[758],[761],[763],[765],[767],[768],[769],[770],[771],[774],[775],[776],[777],[782],[783],[785],[786],[787],[788],[789],[790],[791],[793],[794],[795],[796],[797],[798],[799],[802],[803],[804],[806],[808],[809],[811],[812],[813],[816],[817],[818],[820],[821],[822],[825],[826],[831],[832],[833],[836],[837],[839],[841],[843],[846],[850],[851],[852],[854],[855],[705],[805]]"
686,168,1,1338,1649.13,,826.5,0.4,823,903.22,,486.75,True,107,58,8,5,0.003366,True,30.47983593606501,69.0,160,100,0.4,0.4,2,inf,121.405524,0.003413,121.408937,True,163,45,8,5,0.003051,True,16.967422387980925,37.0,135,105,0.4,0.4,2,inf,139.913934,0.003305,139.917239,"[[828,687,693,696,698,706,708,709,711,718,726,727,731,737,739,741,751,752,754,759,760,764,766,770,772,773,774,778,780,784,792,800,807,810,814,815,817,819,829,834,835,837,838,840,842,844,845,847,848,849,851,853,856],[827,694,697,719,724,745,781,805,823,824,830],[713,695,722,738,762,787,831],[705],[688],[689],[690],[691],[699],[700],[701],[702],[703],[704],[707],[710],[712],[714],[715],[716],[717],[720],[721],[723],[725],[728],[729],[730],[732],[733],[734],[735],[736],[740],[742],[743],[744],[746],[747],[748],[749],[750],[753],[755],[756],[757],[758],[761],[763],[765],[767],[768],[769],[771],[775],[776],[777],[779],[782],[783],[785],[786],[788],[789],[790],[791],[793],[794],[795],[796],[797],[798],[799],[802],[803],[804],[806],[808],[809],[811],[812],[813],[816],[818],[820],[821],[822],[825],[826],[832],[833],[836],[839],[841],[843],[846],[850],[852],[854],[855]]","[[828,688,696,709,711,724,726,727,731,752,754,760,764,766,772,774,780,810,814,819,834,840,842,847,853],[747,687,698,708,728,739,741,748,753,758,763,770,783,797,803,804,807,809,820,831,837,849,856],[713,695,697,706,773,815,827,829,844,848],[830,745,823,824],[737,705,719,805],[784,694,781],[689],[690],[691],[693],[699],[700],[701],[702],[703],[704],[707],[710],[712],[714],[715],[716],[717],[718],[720],[721],[722],[723],[725],[729],[730],[732],[733],[734],[735],[736],[738],[740],[742],[743],[744],[746],[749],[750],[751],[755],[756],[757],[759],[761],[762],[765],[767],[768],[769],[771],[775],[776],[777],[778],[779],[782],[785],[786],[787],[788],[789],[790],[791],[793],[794],[795],[796],[798],[799],[800],[802],[806],[808],[811],[812],[813],[816],[817],[818],[821],[822],[825],[826],[832],[833],[835],[836],[838],[839],[841],[843],[845],[846],[850],[851],[852],[854],[855],[792]]"
686,168,2,1338,1649.13,,826.5,0.4,831,897.61,,486.0,True,107,58,8,5,0.003366,True,30.47983593606501,69.0,160,100,0.4,0.4,2,inf,121.405524,0.003413,121.408937,True,158,39,8,5,0.002975,True,17.438555425955716,39.0,31,106,0.4,0.4,2,inf,152.195265,0.003376,152.198641,"[[828,687,693,696,698,706,708,709,711,718,726,727,731,737,739,741,751,752,754,759,760,764,766,770,772,773,774,778,780,784,792,800,807,810,814,815,817,819,829,834,835,837,838,840,842,844,845,847,848,849,851,853,856],[827,694,697,719,724,745,781,805,823,824,830],[713,695,722,738,762,787,831],[705],[688],[689],[690],[691],[699],[700],[701],[702],[703],[704],[707],[710],[712],[714],[715],[716],[717],[720],[721],[723],[725],[728],[729],[730],[732],[733],[734],[735],[736],[740],[742],[743],[744],[746],[747],[748],[749],[750],[753],[755],[756],[757],[758],[761],[763],[765],[767],[768],[769],[771],[775],[776],[777],[779],[782],[783],[785],[786],[788],[789],[790],[791],[793],[794],[795],[796],[797],[798],[799],[802],[803],[804],[806],[808],[809],[811],[812],[813],[816],[818],[820],[821],[822],[825],[826],[832],[833],[836],[839],[841],[843],[846],[850],[852],[854],[855]]","[[828,687,688,697,698,708,724,726,731,751,760,766,772,781,792,800,814,817,819,820,823,827,829,834,838,840,842,844,847,853],[705,703,715,718,720,738,748,758,759,761,762,763,764,770,773,778,780,787,799,831,835,836,849],[713,695,696,752,774,810,815,830,845],[745,706],[824,693,728],[689],[690],[691],[699],[700],[701],[702],[704],[707],[709],[710],[711],[712],[714],[716],[717],[721],[722],[723],[725],[727],[729],[730],[732],[733],[734],[735],[736],[737],[739],[740],[741],[742],[743],[744],[746],[747],[749],[750],[753],[754],[755],[756],[757],[765],[767],[768],[769],[771],[775],[776],[777],[779],[782],[783],[785],[786],[788],[789],[790],[791],[793],[794],[795],[796],[797],[798],[802],[803],[804],[806],[807],[808],[809],[811],[812],[813],[816],[818],[821],[822],[825],[826],[832],[833],[837],[839],[841],[843],[846],[848],[850],[851],[852],[854],[855],[856],[784],[719],[694],[805]]"
686,168,3,1338,1649.13,,826.5,0.4,836,938.71,,494.5,True,107,58,8,5,0.003366,True,30.47983593606501,69.0,160,100,0.4,0.4,2,inf,121.405524,0.003413,121.408937,True,158,38,8,5,0.003186,True,17.260986737992614,37.0,139,110,0.4,0.4,2,inf,122.750326,0.003388,122.753714,"[[828,687,693,696,698,706,708,709,711,718,726,727,731,737,739,741,751,752,754,759,760,764,766,770,772,773,774,778,780,784,792,800,807,810,814,815,817,819,829,834,835,837,838,840,842,844,845,847,848,849,851,853,856],[827,694,697,719,724,745,781,805,823,824,830],[713,695,722,738,762,787,831],[705],[688],[689],[690],[691],[699],[700],[701],[702],[703],[704],[707],[710],[712],[714],[715],[716],[717],[720],[721],[723],[725],[728],[729],[730],[732],[733],[734],[735],[736],[740],[742],[743],[744],[746],[747],[748],[749],[750],[753],[755],[756],[757],[758],[761],[763],[765],[767],[768],[769],[771],[775],[776],[777],[779],[782],[783],[785],[786],[788],[789],[790],[791],[793],[794],[795],[796],[797],[798],[799],[802],[803],[804],[806],[808],[809],[811],[812],[813],[816],[818],[820],[821],[822],[825],[826],[832],[833],[836],[839],[841],[843],[846],[850],[852],[854],[855]]","[[705,693,706,715,718,720,737,738,748,754,755,759,761,770,778,781,787,803,809,810,814,820,827,831,836,842,844,845,849],[752,688,695,713,719,766,805,815,824,828,830,834,853],[760,694,697,724,784,800,823],[747,687,765,769,807,856],[745,696,762,829],[774,819],[728,741,764],[739,780],[847],[731],[772],[698],[726],[689],[690],[691],[699],[700],[701],[702],[703],[704],[707],[708],[709],[710],[711],[712],[714],[716],[717],[721],[722],[723],[725],[727],[729],[730],[732],[733],[734],[735],[736],[740],[742],[743],[744],[746],[749],[750],[751],[753],[756],[757],[758],[763],[767],[768],[771],[773],[775],[776],[777],[779],[782],[783],[785],[786],[788],[789],[790],[791],[792],[793],[794],[795],[796],[797],[798],[799],[802],[804],[806],[808],[811],[812],[813],[816],[817],[818],[821],[822],[825],[826],[832],[833],[835],[837],[838],[839],[841],[843],[846],[848],[850],[851],[852],[854],[855],[840]]"
686,168,4,1338,1649.13,,826.5,0.4,842,916.04,,488.5,True,107,58,8,5,0.003366,True,30.47983593606501,69.0,160,100,0.4,0.4,2,inf,121.405524,0.003413,121.408937,True,160,44,8,5,0.003083,True,17.28016489903837,37.0,25,116,0.4,0.4,2,inf,137.761407,0.003338,137.764745,"[[828,687,693,696,698,706,708,709,711,718,726,727,731,737,739,741,751,752,754,759,760,764,766,770,772,773,774,778,780,784,792,800,807,810,814,815,817,819,829,834,835,837,838,840,842,844,845,847,848,849,851,853,856],[827,694,697,719,724,745,781,805,823,824,830],[713,695,722,738,762,787,831],[705],[688],[689],[690],[691],[699],[700],[701],[702],[703],[704],[707],[710],[712],[714],[715],[716],[717],[720],[721],[723],[725],[728],[729],[730],[732],[733],[734],[735],[736],[740],[742],[743],[744],[746],[747],[748],[749],[750],[753],[755],[756],[757],[758],[761],[763],[765],[767],[768],[769],[771],[775],[776],[777],[779],[782],[783],[785],[786],[788],[789],[790],[791],[793],[794],[795],[796],[797],[798],[799],[802],[803],[804],[806],[808],[809],[811],[812],[813],[816],[818],[820],[821],[822],[825],[826],[832],[833],[836],[839],[841],[843],[846],[850],[852],[854],[855]]","[[828,693,696,698,709,718,723,726,731,739,752,760,764,766,769,770,779,780,792,797,807,810,814,817,819,826,835,842,845,846,847,851,853,856],[705,706,722,737,738,772,781,800,820,834],[824,695,727,754,823,840,848],[745,751],[838,703,747],[708,849],[815],[697],[687],[689],[690],[691],[699],[700],[701],[702],[704],[707],[710],[711],[712],[713],[714],[715],[716],[717],[719],[720],[721],[724],[725],[728],[729],[730],[732],[733],[734],[735],[736],[740],[741],[742],[743],[744],[746],[748],[749],[750],[753],[755],[756],[757],[758],[759],[761],[762],[763],[765],[767],[768],[771],[773],[774],[775],[776],[777],[778],[782],[783],[784],[785],[786],[787],[788],[789],[790],[791],[793],[794],[795],[796],[798],[799],[802],[803],[804],[806],[808],[809],[811],[812],[813],[816],[818],[821],[822],[825],[827],[829],[831],[832],[833],[836],[837],[839],[841],[843],[844],[850],[852],[854],[855],[688],[694],[805],[830]]"
686,168,5,1338,1649.13,,826.5,0.4,829,932.75,,499.5,True,107,58,8,5,0.003366,True,30.47983593606501,69.0,160,100,0.4,0.4,2,inf,121.405524,0.003413,121.408937,True,158,40,8,5,0.002948,True,17.947241024728342,38.0,25,98,0.4,0.4,2,inf,152.985063,0.00331,152.988373,"[[828,687,693,696,698,706,708,709,711,718,726,727,731,737,739,741,751,752,754,759,760,764,766,770,772,773,774,778,780,784,792,800,807,810,814,815,817,819,829,834,835,837,838,840,842,844,845,847,848,849,851,853,856],[827,694,697,719,724,745,781,805,823,824,830],[713,695,722,738,762,787,831],[705],[688],[689],[690],[691],[699],[700],[701],[702],[703],[704],[707],[710],[712],[714],[715],[716],[717],[720],[721],[723],[725],[728],[729],[730],[732],[733],[734],[735],[736],[740],[742],[743],[744],[746],[747],[748],[749],[750],[753],[755],[756],[757],[758],[761],[763],[765],[767],[768],[769],[771],[775],[776],[777],[779],[782],[783],[785],[786],[788],[789],[790],[791],[793],[794],[795],[796],[797],[798],[799],[802],[803],[804],[806],[808],[809],[811],[812],[813],[816],[818],[820],[821],[822],[825],[826],[832],[833],[836],[839],[841],[843],[846],[850],[852],[854],[855]]","[[705,697,703,706,715,718,720,722,731,737,748,755,758,759,760,761,764,770,772,778,780,784,787,799,800,803,807,809,810,827,829,843,844,845,847],[842,694,695,713,719,724,745,752,762,805,814,828,834],[747,687,698,701,708,728,739,774,792,793,831,838,840,848,856],[726,766,781,823,830,853],[738,794],[819,835],[824,688,815],[754,779],[689],[690],[691],[693],[696],[699],[700],[702],[704],[707],[709],[710],[711],[712],[714],[716],[717],[721],[723],[725],[727],[729],[730],[732],[733],[734],[735],[736],[740],[741],[742],[743],[744],[746],[749],[750],[751],[753],[756],[757],[763],[765],[767],[768],[769],[771],[773],[775],[776],[777],[782],[783],[785],[786],[788],[789],[790],[791],[795],[796],[797],[798],[802],[804],[806],[808],[811],[812],[813],[816],[817],[818],[820],[821],[822],[825],[826],[832],[833],[836],[837],[839],[841],[846],[849],[850],[851],[852],[854],[855]]"
686,168,6,1338,1649.13,,826.5,0.4,858,939.02,,496.7500000000009,True,107,58,8,5,0.003366,True,30.47983593606501,69.0,160,100,0.4,0.4,2,inf,121.405524,0.003413,121.408937,True,164,46,8,5,0.00318,True,17.0231307545915,36.0,23,109,0.4,0.4,2,inf,159.593716,0.003337,159.597053,"[[828,687,693,696,698,706,708,709,711,718,726,727,731,737,739,741,751,752,754,759,760,764,766,770,772,773,774,778,780,784,792,800,807,810,814,815,817,819,829,834,835,837,838,840,842,844,845,847,848,849,851,853,856],[827,694,697,719,724,745,781,805,823,824,830],[713,695,722,738,762,787,831],[705],[688],[689],[690],[691],[699],[700],[701],[702],[703],[704],[707],[710],[712],[714],[715],[716],[717],[720],[721],[723],[725],[728],[729],[730],[732],[733],[734],[735],[736],[740],[742],[743],[744],[746],[747],[748],[749],[750],[753],[755],[756],[757],[758],[761],[763],[765],[767],[768],[769],[771],[775],[776],[777],[779],[782],[783],[785],[786],[788],[789],[790],[791],[793],[794],[795],[796],[797],[798],[799],[802],[803],[804],[806],[808],[809],[811],[812],[813],[816],[818],[820],[821],[822],[825],[826],[832],[833],[836],[839],[841],[843],[846],[850],[852],[854],[855]]","[[828,687,693,698,708,709,711,723,728,739,741,751,754,759,769,770,772,774,778,780,792,797,800,810,814,817,819,820,823,826,830,835,838,844,845,856],[719,706,727,731,734,737,760,762,840,842,848,853],[713,695,696,701,726,766,834],[847,694,705,745,752,805,824],[764,781],[689],[690],[691],[699],[700],[702],[703],[704],[707],[710],[712],[714],[715],[716],[717],[718],[720],[721],[722],[724],[725],[729],[730],[732],[733],[735],[736],[738],[740],[742],[743],[744],[746],[747],[748],[749],[750],[753],[755],[756],[757],[758],[761],[763],[765],[767],[768],[771],[773],[775],[776],[777],[779],[782],[783],[784],[785],[786],[787],[788],[789],[790],[791],[793],[794],[795],[796],[798],[799],[802],[803],[804],[806],[807],[808],[809],[811],[812],[813],[815],[816],[818],[821],[822],[825],[827],[829],[831],[832],[833],[836],[837],[839],[841],[843],[846],[849],[850],[851],[852],[854],[855],[688],[697]]"
686,168,7,1338,1649.13,,826.5,0.4,847,936.05,,502.609375,True,107,58,8,5,0.003366,True,30.47983593606501,69.0,160,100,0.4,0.4,2,inf,121.405524,0.003413,121.408937,True,157,43,8,5,0.002987,True,18.54278453183732,40.0,25,95,0.4,0.4,2,inf,118.599745,0.003316,118.603061,"[[828,687,693,696,698,706,708,709,711,718,726,727,731,737,739,741,751,752,754,759,760,764,766,770,772,773,774,778,780,784,792,800,807,810,814,815,817,819,829,834,835,837,838,840,842,844,845,847,848,849,851,853,856],[827,694,697,719,724,745,781,805,823,824,830],[713,695,722,738,762,787,831],[705],[688],[689],[690],[691],[699],[700],[701],[702],[703],[704],[707],[710],[712],[714],[715],[716],[717],[720],[721],[723],[725],[728],[729],[730],[732],[733],[734],[735],[736],[740],[742],[743],[744],[746],[747],[748],[749],[750],[753],[755],[756],[757],[758],[761],[763],[765],[767],[768],[769],[771],[775],[776],[777],[779],[782],[783],[785],[786],[788],[789],[790],[791],[793],[794],[795],[796],[797],[798],[799],[802],[803],[804],[806],[808],[809],[811],[812],[813],[816],[818],[820],[821],[822],[825],[826],[832],[833],[836],[839],[841],[843],[846],[850],[852],[854],[855]]","[[828,693,696,697,698,706,708,711,724,728,731,739,741,745,751,759,760,764,766,773,778,779,807,810,817,820,824,829,834,835,838,842,845,847,849,853],[705,726,762,770,772,787,814,819,827,831,844],[747,687,701,716,718,754,758,763,765,769,793,797,803,804,809,840,848,856],[752,694,713,719,823],[688,723,727,774,780],[815,695,830],[800,805],[781],[689],[690],[691],[699],[700],[702],[703],[704],[707],[709],[710],[712],[714],[715],[717],[720],[721],[722],[725],[729],[730],[732],[733],[734],[735],[736],[737],[738],[740],[742],[743],[744],[746],[748],[749],[750],[753],[755],[756],[757],[761],[767],[768],[771],[775],[776],[777],[782],[783],[784],[785],[786],[788],[789],[790],[791],[792],[794],[795],[796],[798],[799],[802],[806],[808],[811],[812],[813],[816],[818],[821],[822],[825],[826],[832],[833],[836],[837],[839],[841],[843],[846],[850],[851],[852],[854],[855]]"
686,168,8,1338,1649.13,,826.5,0.4,859,975.38,,517.5,True,107,58,8,5,0.003366,True,30.47983593606501,69.0,160,100,0.4,0.4,2,inf,121.405524,0.003413,121.408937,True,160,43,8,5,0.003383,True,17.767062521650914,39.0,134,94,0.4,0.4,2,inf,133.584088,0.003344,133.587432,"[[828,687,693,696,698,706,708,709,711,718,726,727,731,737,739,741,751,752,754,759,760,764,766,770,772,773,774,778,780,784,792,800,807,810,814,815,817,819,829,834,835,837,838,840,842,844,845,847,848,849,851,853,856],[827,694,697,719,724,745,781,805,823,824,830],[713,695,722,738,762,787,831],[705],[688],[689],[690],[691],[699],[700],[701],[702],[703],[704],[707],[710],[712],[714],[715],[716],[717],[720],[721],[723],[725],[728],[729],[730],[732],[733],[734],[735],[736],[740],[742],[743],[744],[746],[747],[748],[749],[750],[753],[755],[756],[757],[758],[761],[763],[765],[767],[768],[769],[771],[775],[776],[777],[779],[782],[783],[785],[786],[788],[789],[790],[791],[793],[794],[795],[796],[797],[798],[799],[802],[803],[804],[806],[808],[809],[811],[812],[813],[816],[818],[820],[821],[822],[825],[826],[832],[833],[836],[839],[841],[843],[846],[850],[852],[854],[855]]","[[713,701,706,721,722,724,734,738,748,751,760,762,766,772,773,774,777,778,800,810,814,817,829,831,834,845,847,851,853],[828,687,693,696,711,723,726,727,731,739,741,752,759,769,792,815,819,835,838,840,842,844,846,856],[747,703,716,718,730,753,758,765,770,783,793,797,803,804,809,837,849],[705,720,737,754,781,787,843],[728,764],[824],[694],[688],[689],[690],[691],[695],[697],[698],[699],[700],[702],[704],[707],[708],[709],[710],[712],[714],[715],[717],[725],[729],[732],[733],[735],[736],[740],[742],[743],[744],[745],[746],[749],[750],[755],[756],[757],[761],[763],[767],[768],[771],[775],[776],[779],[780],[782],[784],[785],[786],[788],[789],[790],[791],[794],[795],[796],[798],[799],[802],[805],[806],[807],[808],[811],[812],[813],[816],[818],[820],[821],[822],[825],[826],[830],[832],[833],[836],[839],[841],[848],[850],[852],[854],[855],[719],[827],[823]]"
686,168,9,1338,1649.13,,826.5,0.4,818,898.49,,485.6071428571431,True,107,58,8,5,0.003366,True,30.47983593606501,69.0,160,100,0.4,0.4,2,inf,121.405524,0.003413,121.408937,True,159,42,8,5,0.002926,True,18.45996305902998,39.0,31,92,0.4,0.4,2,inf,184.588074,0.003239,184.591313,"[[828,687,693,696,698,706,708,709,711,718,726,727,731,737,739,741,751,752,754,759,760,764,766,770,772,773,774,778,780,784,792,800,807,810,814,815,817,819,829,834,835,837,838,840,842,844,845,847,848,849,851,853,856],[827,694,697,719,724,745,781,805,823,824,830],[713,695,722,738,762,787,831],[705],[688],[689],[690],[691],[699],[700],[701],[702],[703],[704],[707],[710],[712],[714],[715],[716],[717],[720],[721],[723],[725],[728],[729],[730],[732],[733],[734],[735],[736],[740],[742],[743],[744],[746],[747],[748],[749],[750],[753],[755],[756],[757],[758],[761],[763],[765],[767],[768],[769],[771],[775],[776],[777],[779],[782],[783],[785],[786],[788],[789],[790],[791],[793],[794],[795],[796],[797],[798],[799],[802],[803],[804],[806],[808],[809],[811],[812],[813],[816],[818],[820],[821],[822],[825],[826],[832],[833],[836],[839],[841],[843],[846],[850],[852],[854],[855]]","[[713,688,690,693,695,698,706,708,722,731,734,748,751,752,760,762,766,772,778,780,784,787,800,813,814,818,829,830,833,834,844,845,851,853],[828,711,723,726,728,737,754,769,770,773,792,807,810,815,817,819,820,823,826,835,837,838,856],[705,694,718,739,745,755,758,759,764,781,809,847,849],[840,697,747,774,805,824,848],[724,719,842],[687,703],[827],[689],[691],[696],[699],[700],[701],[702],[704],[707],[709],[710],[712],[714],[715],[716],[717],[720],[721],[725],[727],[729],[730],[732],[733],[735],[736],[738],[740],[741],[742],[743],[744],[746],[749],[750],[753],[756],[757],[761],[763],[765],[767],[768],[771],[775],[776],[777],[779],[782],[783],[785],[786],[788],[789],[790],[791],[793],[794],[795],[796],[797],[798],[799],[802],[803],[804],[806],[808],[811],[812],[816],[821],[822],[825],[831],[832],[836],[839],[841],[843],[846],[850],[852],[854],[855]]"
686,168,10,1338,1649.13,,826.5,0.4,810,890.51,,473.83333333333303,True,107,58,8,5,0.003366,True,30.47983593606501,69.0,160,100,0.4,0.4,2,inf,121.405524,0.003413,121.408937,True,160,37,8,5,0.002947,True,16.80754470142802,37.0,25,97,0.4,0.4,2,inf,170.676914,0.003262,170.680176,"[[828,687,693,696,698,706,708,709,711,718,726,727,731,737,739,741,751,752,754,759,760,764,766,770,772,773,774,778,780,784,792,800,807,810,814,815,817,819,829,834,835,837,838,840,842,844,845,847,848,849,851,853,856],[827,694,697,719,724,745,781,805,823,824,830],[713,695,722,738,762,787,831],[705],[688],[689],[690],[691],[699],[700],[701],[702],[703],[704],[707],[710],[712],[714],[715],[716],[717],[720],[721],[723],[725],[728],[729],[730],[732],[733],[734],[735],[736],[740],[742],[743],[744],[746],[747],[748],[749],[750],[753],[755],[756],[757],[758],[761],[763],[765],[767],[768],[769],[771],[775],[776],[777],[779],[782],[783],[785],[786],[788],[789],[790],[791],[793],[794],[795],[796],[797],[798],[799],[802],[803],[804],[806],[808],[809],[811],[812],[813],[816],[818],[820],[821],[822],[825],[826],[832],[833],[836],[839],[841],[843],[846],[850],[852],[854],[855]]","[[828,687,688,698,706,708,709,711,727,737,741,764,772,778,779,792,800,817,823,826,835,840,842,845,846,848,851,856],[705,693,703,715,720,722,728,731,739,758,759,760,762,763,770,787,799,807,809,810,814,820,831,849],[805,695,696,738,754,756,774,815,818,819,829,838,843,844],[773,752,784,853],[713,701,833],[766,830],[824,726,780],[697],[747],[689],[690],[691],[694],[699],[700],[702],[704],[707],[710],[712],[714],[716],[717],[718],[719],[721],[723],[724],[725],[729],[730],[732],[733],[734],[735],[736],[740],[742],[743],[744],[745],[746],[748],[749],[750],[751],[753],[755],[757],[761],[765],[767],[768],[769],[771],[775],[776],[777],[781],[782],[783],[785],[786],[788],[789],[790],[791],[793],[794],[795],[796],[797],[798],[802],[803],[804],[806],[808],[811],[812],[813],[816],[821],[822],[825],[832],[834],[836],[837],[839],[841],[847],[850],[852],[854],[855],[827]]"
686,168,11,1338,1649.13,,826.5,0.4,823,909.57,,488.0,True,107,58,8,5,0.003366,True,30.47983593606501,69.0,160,100,0.4,0.4,2,inf,121.405524,0.003413,121.408937,True,157,38,8,5,0.003096,True,17.534026063801935,42.0,139,114,0.4,0.4,2,inf,127.205729,0.003388,127.209117,"[[828,687,693,696,698,706,708,709,711,718,726,727,731,737,739,741,751,752,754,759,760,764,766,770,772,773,774,778,780,784,792,800,807,810,814,815,817,819,829,834,835,837,838,840,842,844,845,847,848,849,851,853,856],[827,694,697,719,724,745,781,805,823,824,830],[713,695,722,738,762,787,831],[705],[688],[689],[690],[691],[699],[700],[701],[702],[703],[704],[707],[710],[712],[714],[715],[716],[717],[720],[721],[723],[725],[728],[729],[730],[732],[733],[734],[735],[736],[740],[742],[743],[744],[746],[747],[748],[749],[750],[753],[755],[756],[757],[758],[761],[763],[765],[767],[768],[769],[771],[775],[776],[777],[779],[782],[783],[785],[786],[788],[789],[790],[791],[793],[794],[795],[796],[797],[798],[799],[802],[803],[804],[806],[808],[809],[811],[812],[813],[816],[818],[820],[821],[822],[825],[826],[832],[833],[836],[839],[841],[843],[846],[850],[852],[854],[855]]","[[805,688,696,697,703,706,719,726,727,731,737,739,745,760,766,772,781,800,807,810,814,815,823,824,827,829,831,834,840,847,853],[705,693,738,741,748,752,754,764,820,845,849],[713,694,708,762,774,780,784,817,819,848],[773,724,828,842],[728,792,838],[687],[689],[690],[691],[695],[698],[699],[700],[701],[702],[704],[707],[709],[710],[711],[712],[714],[715],[716],[717],[718],[720],[721],[722],[723],[725],[729],[730],[732],[733],[734],[735],[736],[740],[742],[743],[744],[746],[747],[749],[750],[751],[753],[755],[756],[757],[758],[759],[761],[763],[765],[767],[768],[769],[770],[771],[775],[776],[777],[778],[779],[782],[783],[785],[786],[787],[788],[789],[790],[791],[793],[794],[795],[796],[797],[798],[799],[802],[803],[804],[806],[808],[809],[811],[812],[813],[816],[818],[821],[822],[825],[826],[832],[833],[835],[836],[837],[839],[841],[843],[844],[846],[850],[851],[852],[854],[855],[856],[830]]"
686,168,12,1338,1649.13,,826.5,0.4,840,932.46,,497.5,True,107,58,8,5,0.003366,True,30.47983593606501,69.0,160,100,0.4,0.4,2,inf,121.405524,0.003413,121.408937,True,154,36,8,5,0.002975,True,17.41404815090119,30.0,138,105,0.4,0.4,2,inf,134.633172,0.003246,134.636418,"[[828,687,693,696,698,706,708,709,711,718,726,727,731,737,739,741,751,752,754,759,760,764,766,770,772,773,774,778,780,784,792,800,807,810,814,815,817,819,829,834,835,837,838,840,842,844,845,847,848,849,851,853,856],[827,694,697,719,724,745,781,805,823,824,830],[713,695,722,738,762,787,831],[705],[688],[689],[690],[691],[699],[700],[701],[702],[703],[704],[707],[710],[712],[714],[715],[716],[717],[720],[721],[723],[725],[728],[729],[730],[732],[733],[734],[735],[736],[740],[742],[743],[744],[746],[747],[748],[749],[750],[753],[755],[756],[757],[758],[761],[763],[765],[767],[768],[769],[771],[775],[776],[777],[779],[782],[783],[785],[786],[788],[789],[790],[791],[793],[794],[795],[796],[797],[798],[799],[802],[803],[804],[806],[808],[809],[811],[812],[813],[816],[818],[820],[821],[822],[825],[826],[832],[833],[836],[839],[841],[843],[846],[850],[852],[854],[855]]","[[828,688,694,695,696,697,698,706,713,719,724,726,731,745,751,752,760,766,772,773,774,780,781,784,792,800,805,810,814,817,823,824,830,834,842,844,847,853],[705,693,715,718,722,738,739,741,748,754,758,762,763,764,770,778,787,799,803,808,809,835,849],[747,687,848],[777,829],[728,759],[689],[690],[691],[699],[700],[701],[702],[703],[704],[707],[708],[709],[710],[711],[712],[714],[716],[717],[720],[721],[723],[725],[727],[729],[730],[732],[733],[735],[736],[737],[740],[742],[743],[744],[746],[749],[750],[753],[755],[756],[757],[761],[765],[767],[768],[769],[771],[775],[776],[779],[782],[783],[785],[786],[788],[789],[790],[791],[793],[794],[795],[796],[797],[798],[802],[804],[806],[807],[811],[812],[813],[815],[816],[818],[819],[820],[821],[822],[825],[826],[827],[831],[832],[833],[836],[837],[838],[839],[840],[841],[843],[845],[846],[850],[851],[852],[854],[855],[856],[734]]"
686,168,13,1338,1649.13,,826.5,0.4,811,911.18,,488.0,True,107,58,8,5,0.003366,True,30.47983593606501,69.0,160,100,0.4,0.4,2,inf,121.405524,0.003413,121.408937,True,161,41,8,5,0.003404,True,16.81573417244156,37.0,116,120,0.4,0.4,2,inf,148.139797,0.003258,148.143055,"[[828,687,693,696,698,706,708,709,711,718,726,727,731,737,739,741,751,752,754,759,760,764,766,770,772,773,774,778,780,784,792,800,807,810,814,815,817,819,829,834,835,837,838,840,842,844,845,847,848,849,851,853,856],[827,694,697,719,724,745,781,805,823,824,830],[713,695,722,738,762,787,831],[705],[688],[689],[690],[691],[699],[700],[701],[702],[703],[704],[707],[710],[712],[714],[715],[716],[717],[720],[721],[723],[725],[728],[729],[730],[732],[733],[734],[735],[736],[740],[742],[743],[744],[746],[747],[748],[749],[750],[753],[755],[756],[757],[758],[761],[763],[765],[767],[768],[769],[771],[775],[776],[777],[779],[782],[783],[785],[786],[788],[789],[790],[791],[793],[794],[795],[796],[797],[798],[799],[802],[803],[804],[806],[808],[809],[811],[812],[813],[816],[818],[820],[821],[822],[825],[826],[832],[833],[836],[839],[841],[843],[846],[850],[852],[854],[855]]","[[828,693,694,696,698,703,706,709,726,727,731,745,752,754,760,766,770,778,784,807,814,830,834,838,842,845,847,853,856],[713,688,762,772,774,780,810,815,819,844],[781,705,800,805,823,824,827],[773,719,724,829],[840,708,747],[697],[739],[687],[689],[690],[691],[695],[699],[700],[701],[702],[704],[707],[710],[711],[712],[714],[715],[716],[717],[718],[720],[721],[722],[723],[725],[728],[729],[730],[732],[733],[734],[735],[736],[737],[738],[740],[741],[742],[743],[744],[746],[748],[749],[750],[751],[753],[755],[756],[757],[758],[759],[761],[763],[764],[765],[767],[768],[769],[771],[775],[776],[777],[779],[782],[783],[785],[786],[787],[788],[789],[790],[791],[792],[793],[794],[795],[796],[797],[798],[799],[802],[803],[804],[806],[808],[809],[811],[812],[813],[816],[817],[818],[820],[821],[822],[825],[826],[831],[832],[833],[835],[836],[837],[839],[841],[843],[846],[848],[849],[850],[851],[852],[854],[855]]"
686,168,14,1338,1649.13,,826.5,0.4,845,918.54,,494.5,True,107,58,8,5,0.003366,True,30.47983593606501,69.0,160,100,0.4,0.4,2,inf,121.405524,0.003413,121.408937,True,157,46,8,5,0.003358,True,18.192395450391885,38.0,31,101,0.4,0.4,2,inf,137.108041,0.003173,137.111214,"[[828,687,693,696,698,706,708,709,711,718,726,727,731,737,739,741,751,752,754,759,760,764,766,770,772,773,774,778,780,784,792,800,807,810,814,815,817,819,829,834,835,837,838,840,842,844,845,847,848,849,851,853,856],[827,694,697,719,724,745,781,805,823,824,830],[713,695,722,738,762,787,831],[705],[688],[689],[690],[691],[699],[700],[701],[702],[703],[704],[707],[710],[712],[714],[715],[716],[717],[720],[721],[723],[725],[728],[729],[730],[732],[733],[734],[735],[736],[740],[742],[743],[744],[746],[747],[748],[749],[750],[753],[755],[756],[757],[758],[761],[763],[765],[767],[768],[769],[771],[775],[776],[777],[779],[782],[783],[785],[786],[788],[789],[790],[791],[793],[794],[795],[796],[797],[798],[799],[802],[803],[804],[806],[808],[809],[811],[812],[813],[816],[818],[820],[821],[822],[825],[826],[832],[833],[836],[839],[841],[843],[846],[850],[852],[854],[855]]","[[828,693,694,696,697,703,708,709,718,724,727,731,737,741,759,760,764,766,772,773,774,784,800,807,819,824,827,830,834,840,842,844,845,847,849],[747,687,716,728,739,748,753,754,758,763,783,797,803,804,809,815,831,837,838,856],[814,705,719,745,752,781,805,810,829,853],[823,726,820],[688,695,792],[787,713],[689],[690],[691],[698],[699],[700],[701],[702],[704],[706],[707],[710],[711],[712],[714],[715],[717],[720],[721],[722],[723],[725],[729],[730],[732],[733],[734],[735],[736],[738],[740],[742],[743],[744],[746],[749],[750],[751],[755],[756],[757],[761],[762],[765],[767],[768],[769],[770],[771],[775],[776],[777],[778],[779],[780],[782],[785],[786],[788],[789],[790],[791],[793],[794],[795],[796],[798],[799],[802],[806],[808],[811],[812],[813],[816],[817],[818],[821],[822],[825],[826],[832],[833],[835],[836],[839],[841],[843],[846],[848],[850],[851],[852],[854],[855]]"
686,168,15,1338,1649.13,,826.5,0.4,867,967.83,,517.75,True,107,58,8,5,0.003366,True,30.47983593606501,69.0,160,100,0.4,0.4,2,inf,121.405524,0.003413,121.408937,True,157,42,8,5,0.002936,True,18.23084712084402,41.0,17,120,0.4,0.4,2,inf,134.010235,0.003347,134.013582,"[[828,687,693,696,698,706,708,709,711,718,726,727,731,737,739,741,751,752,754,759,760,764,766,770,772,773,774,778,780,784,792,800,807,810,814,815,817,819,829,834,835,837,838,840,842,844,845,847,848,849,851,853,856],[827,694,697,719,724,745,781,805,823,824,830],[713,695,722,738,762,787,831],[705],[688],[689],[690],[691],[699],[700],[701],[702],[703],[704],[707],[710],[712],[714],[715],[716],[717],[720],[721],[723],[725],[728],[729],[730],[732],[733],[734],[735],[736],[740],[742],[743],[744],[746],[747],[748],[749],[750],[753],[755],[756],[757],[758],[761],[763],[765],[767],[768],[769],[771],[775],[776],[777],[779],[782],[783],[785],[786],[788],[789],[790],[791],[793],[794],[795],[796],[797],[798],[799],[802],[803],[804],[806],[808],[809],[811],[812],[813],[816],[818],[820],[821],[822],[825],[826],[832],[833],[836],[839],[841],[843],[846],[850],[852],[854],[855]]","[[828,694,696,697,703,706,708,718,724,726,731,741,764,772,773,774,778,779,780,784,800,805,815,819,827,829,834,838,840,845,847],[713,693,698,738,748,752,760,766,824,853],[705,745,810,814,842],[695,719,830],[747,754],[688,751],[728,759],[823],[781],[687],[689],[690],[691],[699],[700],[701],[702],[704],[707],[709],[710],[711],[712],[714],[715],[716],[717],[720],[721],[722],[723],[725],[727],[729],[730],[732],[733],[734],[735],[736],[737],[739],[740],[742],[743],[744],[746],[749],[750],[753],[755],[756],[757],[758],[761],[762],[763],[765],[767],[768],[769],[770],[771],[775],[776],[777],[782],[783],[785],[786],[787],[788],[789],[790],[791],[792],[793],[794],[795],[796],[797],[798],[799],[802],[803],[804],[806],[807],[808],[809],[811],[812],[813],[816],[817],[818],[820],[821],[822],[825],[826],[831],[832],[833],[835],[836],[837],[839],[841],[843],[844],[846],[848],[849],[850],[851],[852],[854],[855],[856]]"
686,168,16,1338,1649.13,,826.5,0.4,802,904.96,,481.5,True,107,58,8,5,0.003366,True,30.47983593606501,69.0,160,100,0.4,0.4,2,inf,121.405524,0.003413,121.408937,True,159,46,8,5,0.002913,True,17.5919490062009,39.0,135,121,0.4,0.4,2,inf,151.373857,0.003241,151.377098,"[[828,687,693,696,698,706,708,709,711,718,726,727,731,737,739,741,751,752,754,759,760,764,766,770,772,773,774,778,780,784,792,800,807,810,814,815,817,819,829,834,835,837,838,840,842,844,845,847,848,849,851,853,856],[827,694,697,719,724,745,781,805,823,824,830],[713,695,722,738,762,787,831],[705],[688],[689],[690],[691],[699],[700],[701],[702],[703],[704],[707],[710],[712],[714],[715],[716],[717],[720],[721],[723],[725],[728],[729],[730],[732],[733],[734],[735],[736],[740],[742],[743],[744],[746],[747],[748],[749],[750],[753],[755],[756],[757],[758],[761],[763],[765],[767],[768],[769],[771],[775],[776],[777],[779],[782],[783],[785],[786],[788],[789],[790],[791],[793],[794],[795],[796],[797],[798],[799],[802],[803],[804],[806],[808],[809],[811],[812],[813],[816],[818],[820],[821],[822],[825],[826],[832],[833],[836],[839],[841],[843],[846],[850],[852],[854],[855]]","[[828,693,694,703,706,718,726,727,731,737,741,752,754,760,764,766,773,778,779,780,792,810,814,815,819,823,827,829,830,834,837,838,840,848,853],[713,695,696,734,845],[784,705,719,781,842],[698,747],[800,697,745,805],[687,820],[724],[688],[689],[690],[691],[699],[700],[701],[702],[704],[707],[708],[709],[710],[711],[712],[714],[715],[716],[717],[720],[721],[722],[723],[725],[729],[730],[732],[733],[735],[736],[738],[739],[740],[742],[743],[744],[746],[748],[749],[750],[751],[753],[755],[756],[757],[758],[759],[761],[762],[763],[765],[767],[768],[769],[770],[771],[772],[774],[775],[776],[777],[782],[783],[785],[786],[787],[788],[789],[790],[791],[793],[794],[795],[796],[797],[798],[799],[802],[803],[804],[806],[807],[808],[809],[811],[812],[813],[816],[817],[818],[821],[822],[825],[826],[831],[832],[833],[835],[836],[839],[841],[843],[844],[846],[847],[849],[850],[851],[852],[854],[855],[856],[728],[824]]"
686,168,17,1338,1649.13,,826.5,0.4,819,882.29,,472.5,True,107,58,8,5,0.003366,True,30.47983593606501,69.0,160,100,0.4,0.4,2,inf,121.405524,0.003413,121.408937,True,162,42,8,5,0.002956,True,16.803841429064008,38.0,25,117,0.4,0.4,2,inf,150.966602,0.003245,150.969847,"[[828,687,693,696,698,706,708,709,711,718,726,727,731,737,739,741,751,752,754,759,760,764,766,770,772,773,774,778,780,784,792,800,807,810,814,815,817,819,829,834,835,837,838,840,842,844,845,847,848,849,851,853,856],[827,694,697,719,724,745,781,805,823,824,830],[713,695,722,738,762,787,831],[705],[688],[689],[690],[691],[699],[700],[701],[702],[703],[704],[707],[710],[712],[714],[715],[716],[717],[720],[721],[723],[725],[728],[729],[730],[732],[733],[734],[735],[736],[740],[742],[743],[744],[746],[747],[748],[749],[750],[753],[755],[756],[757],[758],[761],[763],[765],[767],[768],[769],[771],[775],[776],[777],[779],[782],[783],[785],[786],[788],[789],[790],[791],[793],[794],[795],[796],[797],[798],[799],[802],[803],[804],[806],[808],[809],[811],[812],[813],[816],[818],[820],[821],[822],[825],[826],[832],[833],[836],[839],[841],[843],[846],[850],[852],[854],[855]]","[[828,688,693,696,698,706,709,724,731,745,751,752,760,772,774,778,781,784,800,810,814,815,817,829,837,840,842,844,845,848,853],[713,695,708,762,766,773,819,847],[834,697,705,719,726,805,824],[703,718,728,764,807],[823,754,780],[747,856],[827,830],[687],[689],[690],[691],[699],[700],[701],[702],[704],[707],[710],[711],[712],[714],[715],[716],[717],[720],[721],[722],[723],[725],[727],[729],[730],[732],[733],[734],[735],[736],[737],[738],[739],[740],[741],[742],[743],[744],[746],[748],[749],[750],[753],[755],[756],[757],[758],[759],[761],[763],[765],[767],[768],[769],[770],[771],[775],[776],[777],[779],[782],[783],[785],[786],[787],[788],[789],[790],[791],[792],[793],[794],[795],[796],[797],[798],[799],[802],[803],[804],[806],[808],[809],[811],[812],[813],[816],[818],[820],[821],[822],[825],[826],[831],[832],[833],[835],[836],[838],[839],[841],[843],[846],[849],[850],[851],[852],[854],[855],[694]]"
686,168,18,1338,1649.13,,826.5,0.4,806,907.42,,483.0,True,107,58,8,5,0.003366,True,30.47983593606501,69.0,160,100,0.4,0.4,2,inf,121.405524,0.003413,121.408937,True,165,41,8,5,0.00302,True,16.385800231945566,38.0,139,122,0.4,0.4,2,inf,122.19264,0.00326,122.1959,"[[828,687,693,696,698,706,708,709,711,718,726,727,731,737,739,741,751,752,754,759,760,764,766,770,772,773,774,778,780,784,792,800,807,810,814,815,817,819,829,834,835,837,838,840,842,844,845,847,848,849,851,853,856],[827,694,697,719,724,745,781,805,823,824,830],[713,695,722,738,762,787,831],[705],[688],[689],[690],[691],[699],[700],[701],[702],[703],[704],[707],[710],[712],[714],[715],[716],[717],[720],[721],[723],[725],[728],[729],[730],[732],[733],[734],[735],[736],[740],[742],[743],[744],[746],[747],[748],[749],[750],[753],[755],[756],[757],[758],[761],[763],[765],[767],[768],[769],[771],[775],[776],[777],[779],[782],[783],[785],[786],[788],[789],[790],[791],[793],[794],[795],[796],[797],[798],[799],[802],[803],[804],[806],[808],[809],[811],[812],[813],[816],[818],[820],[821],[822],[825],[826],[832],[833],[836],[839],[841],[843],[846],[850],[852],[854],[855]]","[[805,696,706,715,726,727,728,731,737,738,752,754,761,764,766,772,774,792,807,810,814,819,823,831,834,844],[842,694,695,697,705,711,713,719,745,760,853],[824,709,773,780,830,835,847],[784,781,827],[770,849],[838,840],[747,828],[815],[724],[687],[688],[689],[690],[691],[693],[698],[699],[700],[701],[702],[703],[704],[707],[708],[710],[712],[714],[716],[717],[718],[720],[721],[722],[723],[725],[729],[730],[732],[733],[734],[735],[736],[739],[740],[741],[742],[743],[744],[746],[748],[749],[750],[751],[753],[755],[756],[757],[758],[759],[762],[763],[765],[767],[768],[769],[771],[775],[776],[777],[778],[779],[782],[783],[785],[786],[787],[788],[789],[790],[791],[793],[794],[795],[796],[797],[798],[799],[800],[802],[803],[804],[806],[808],[809],[811],[812],[813],[816],[817],[818],[820],[821],[822],[825],[826],[829],[832],[833],[836],[837],[839],[841],[843],[845],[846],[848],[850],[851],[852],[854],[855],[856]]"
686,168,19,1338,1649.13,,826.5,0.4,866,939.98,,500.83333333333485,True,107,58,8,5,0.003366,True,30.47983593606501,69.0,160,100,0.4,0.4,2,inf,121.405524,0.003413,121.408937,True,156,41,8,5,0.003115,True,17.9937330298815,38.0,31,103,0.4,0.4,2,inf,131.524306,0.003792,131.528098,"[[828,687,693,696,698,706,708,709,711,718,726,727,731,737,739,741,751,752,754,759,760,764,766,770,772,773,774,778,780,784,792,800,807,810,814,815,817,819,829,834,835,837,838,840,842,844,845,847,848,849,851,853,856],[827,694,697,719,724,745,781,805,823,824,830],[713,695,722,738,762,787,831],[705],[688],[689],[690],[691],[699],[700],[701],[702],[703],[704],[707],[710],[712],[714],[715],[716],[717],[720],[721],[723],[725],[728],[729],[730],[732],[733],[734],[735],[736],[740],[742],[743],[744],[746],[747],[748],[749],[750],[753],[755],[756],[757],[758],[761],[763],[765],[767],[768],[769],[771],[775],[776],[777],[779],[782],[783],[785],[786],[788],[789],[790],[791],[793],[794],[795],[796],[797],[798],[799],[802],[803],[804],[806],[808],[809],[811],[812],[813],[816],[818],[820],[821],[822],[825],[826],[832],[833],[836],[839],[841],[843],[846],[850],[852],[854],[855]]","[[828,693,696,698,723,726,739,751,752,760,766,772,773,784,792,797,800,812,815,817,819,820,824,829,835,838,840,842,844,845,847,848,849,853,856],[713,701,706,708,722,731,734,762,774,810,831,834],[705,720,737,748,754,755,764,770,778,809,814,836],[724,688,694,697,781,823,827,830],[718,703,805],[687],[689],[690],[691],[695],[699],[700],[702],[704],[707],[709],[710],[711],[712],[714],[715],[716],[717],[721],[725],[727],[728],[729],[730],[732],[733],[735],[736],[738],[740],[741],[742],[743],[744],[745],[746],[747],[749],[750],[753],[756],[757],[758],[759],[761],[763],[765],[767],[768],[769],[771],[775],[776],[777],[779],[780],[782],[783],[785],[786],[787],[788],[789],[790],[791],[793],[794],[795],[796],[798],[799],[802],[803],[804],[806],[807],[808],[811],[813],[816],[818],[821],[822],[825],[826],[832],[833],[837],[839],[841],[843],[846],[850],[851],[852],[854],[855],[719]]"
686,168,20,1338,1649.13,,826.5,0.4,844,918.77,,489.0,True,107,58,8,5,0.003366,True,30.47983593606501,69.0,160,100,0.4,0.4,2,inf,121.405524,0.003413,121.408937,True,157,37,8,5,0.0032,True,17.362820661186387,40.0,31,122,0.4,0.4,2,inf,120.556243,0.00341,120.559653,"[[828,687,693,696,698,706,708,709,711,718,726,727,731,737,739,741,751,752,754,759,760,764,766,770,772,773,774,778,780,784,792,800,807,810,814,815,817,819,829,834,835,837,838,840,842,844,845,847,848,849,851,853,856],[827,694,697,719,724,745,781,805,823,824,830],[713,695,722,738,762,787,831],[705],[688],[689],[690],[691],[699],[700],[701],[702],[703],[704],[707],[710],[712],[714],[715],[716],[717],[720],[721],[723],[725],[728],[729],[730],[732],[733],[734],[735],[736],[740],[742],[743],[744],[746],[747],[748],[749],[750],[753],[755],[756],[757],[758],[761],[763],[765],[767],[768],[769],[771],[775],[776],[777],[779],[782],[783],[785],[786],[788],[789],[790],[791],[793],[794],[795],[796],[797],[798],[799],[802],[803],[804],[806],[808],[809],[811],[812],[813],[816],[818],[820],[821],[822],[825],[826],[832],[833],[836],[839],[841],[843],[846],[850],[852],[854],[855]]","[[805,688,697,706,726,728,731,734,737,752,760,762,766,772,781,800,807,815,817,819,824,827,829,834,840,843,844,853],[773,694,713,719,724,784,810,842,847],[828,693,698,745,774,814,849],[703,764,820],[780,705,747,823],[687],[689],[690],[691],[696],[699],[700],[701],[702],[704],[707],[708],[709],[710],[711],[712],[714],[715],[716],[717],[718],[720],[721],[722],[723],[725],[727],[729],[730],[732],[733],[735],[736],[738],[739],[740],[741],[742],[743],[744],[746],[748],[749],[750],[751],[753],[754],[755],[756],[757],[758],[759],[761],[763],[765],[767],[768],[769],[770],[771],[775],[776],[777],[778],[779],[782],[783],[785],[786],[787],[788],[789],[790],[791],[792],[793],[794],[795],[796],[797],[798],[799],[802],[803],[804],[806],[808],[809],[811],[812],[813],[816],[818],[821],[822],[825],[826],[830],[831],[832],[833],[835],[836],[837],[838],[839],[841],[845],[846],[848],[850],[851],[852],[854],[855],[856],[695]]"
686,168,21,1338,1649.13,,826.5,0.4,865,942.46,,502.5,True,107,58,8,5,0.003366,True,30.47983593606501,69.0,160,100,0.4,0.4,2,inf,121.405524,0.003413,121.408937,True,160,45,8,5,0.003158,True,17.71857716813377,39.0,17,118,0.4,0.4,2,inf,166.18577,0.003403,166.189173,"[[828,687,693,696,698,706,708,709,711,718,726,727,731,737,739,741,751,752,754,759,760,764,766,770,772,773,774,778,780,784,792,800,807,810,814,815,817,819,829,834,835,837,838,840,842,844,845,847,848,849,851,853,856],[827,694,697,719,724,745,781,805,823,824,830],[713,695,722,738,762,787,831],[705],[688],[689],[690],[691],[699],[700],[701],[702],[703],[704],[707],[710],[712],[714],[715],[716],[717],[720],[721],[723],[725],[728],[729],[730],[732],[733],[734],[735],[736],[740],[742],[743],[744],[746],[747],[748],[749],[750],[753],[755],[756],[757],[758],[761],[763],[765],[767],[768],[769],[771],[775],[776],[777],[779],[782],[783],[785],[786],[788],[789],[790],[791],[793],[794],[795],[796],[797],[798],[799],[802],[803],[804],[806],[808],[809],[811],[812],[813],[816],[818],[820],[821],[822],[825],[826],[832],[833],[836],[839],[841],[843],[846],[850],[852],[854],[855]]","[[828,687,693,706,708,718,719,731,741,754,759,760,764,772,774,780,784,810,815,820,823,824,826,834,835,844,848,849,853,856],[713,698,726,745,748,762,777,787,794,814,829,831,845,847],[728,705,739,773],[752,805,827,842],[696,694],[830,697],[688],[689],[690],[691],[695],[699],[700],[701],[702],[703],[704],[707],[709],[710],[711],[712],[714],[715],[716],[717],[720],[721],[722],[723],[725],[727],[729],[730],[732],[733],[734],[735],[736],[737],[738],[740],[742],[743],[744],[746],[749],[750],[751],[753],[755],[756],[757],[758],[761],[763],[765],[766],[767],[768],[769],[770],[771],[775],[776],[778],[779],[781],[782],[783],[785],[786],[788],[789],[790],[791],[792],[793],[795],[796],[797],[798],[799],[800],[802],[803],[804],[806],[807],[808],[809],[811],[812],[813],[816],[817],[818],[819],[821],[822],[825],[832],[833],[836],[837],[838],[839],[840],[841],[843],[846],[850],[851],[852],[854],[855],[724],[747]]"
686,168,22,1338,1649.13,,826.5,0.4,801,899.03,,484.75,True,107,58,8,5,0.003366,True,30.47983593606501,69.0,160,100,0.4,0.4,2,inf,121.405524,0.003413,121.408937,True,164,44,8,5,0.003016,True,17.104717105383866,35.0,116,103,0.4,0.4,2,inf,176.663528,0.00331,176.666838,"[[828,687,693,696,698,706,708,709,711,718,726,727,731,737,739,741,751,752,754,759,760,764,766,770,772,773,774,778,780,784,792,800,807,810,814,815,817,819,829,834,835,837,838,840,842,844,845,847,848,849,851,853,856],[827,694,697,719,724,745,781,805,823,824,830],[713,695,722,738,762,787,831],[705],[688],[689],[690],[691],[699],[700],[701],[702],[703],[704],[707],[710],[712],[714],[715],[716],[717],[720],[721],[723],[725],[728],[729],[730],[732],[733],[734],[735],[736],[740],[742],[743],[744],[746],[747],[748],[749],[750],[753],[755],[756],[757],[758],[761],[763],[765],[767],[768],[769],[771],[775],[776],[777],[779],[782],[783],[785],[786],[788],[789],[790],[791],[793],[794],[795],[796],[797],[798],[799],[802],[803],[804],[806],[808],[809],[811],[812],[813],[816],[818],[820],[821],[822],[825],[826],[832],[833],[836],[839],[841],[843],[846],[850],[852],[854],[855]]","[[828,687,688,693,696,706,708,711,718,723,726,727,741,751,760,769,770,773,778,779,797,800,807,810,812,823,826,835,837,844,845,848,853,856],[731,694,697,705,713,724,745,752,766,781,784,827,834],[824,737,754,780,820,847],[764,703,728,787],[747,698,701,739,748,763,765,793,803,809,840],[814,805,842],[719],[815],[830],[689],[690],[691],[695],[699],[700],[702],[704],[707],[709],[710],[712],[714],[715],[716],[717],[720],[721],[722],[725],[729],[730],[732],[733],[734],[735],[736],[738],[740],[742],[743],[744],[746],[749],[750],[753],[755],[756],[757],[758],[759],[761],[762],[767],[768],[771],[772],[774],[775],[776],[777],[782],[783],[785],[786],[788],[789],[790],[791],[792],[794],[795],[796],[798],[799],[802],[804],[806],[808],[811],[813],[816],[817],[818],[819],[821],[822],[825],[829],[831],[832],[833],[836],[838],[839],[841],[843],[846],[849],[850],[851],[852],[854],[855]]"
686,168,23,1338,1649.13,,826.5,0.4,814,907.69,,487.5,True,107,58,8,5,0.003366,True,30.47983593606501,69.0,160,100,0.4,0.4,2,inf,121.405524,0.003413,121.408937,True,161,46,8,5,0.003279,True,17.541053954045555,39.0,31,120,0.4,0.4,2,inf,171.55072,0.003338,171.554058,"[[828,687,693,696,698,706,708,709,711,718,726,727,731,737,739,741,751,752,754,759,760,764,766,770,772,773,774,778,780,784,792,800,807,810,814,815,817,819,829,834,835,837,838,840,842,844,845,847,848,849,851,853,856],[827,694,697,719,724,745,781,805,823,824,830],[713,695,722,738,762,787,831],[705],[688],[689],[690],[691],[699],[700],[701],[702],[703],[704],[707],[710],[712],[714],[715],[716],[717],[720],[721],[723],[725],[728],[729],[730],[732],[733],[734],[735],[736],[740],[742],[743],[744],[746],[747],[748],[749],[750],[753],[755],[756],[757],[758],[761],[763],[765],[767],[768],[769],[771],[775],[776],[777],[779],[782],[783],[785],[786],[788],[789],[790],[791],[793],[794],[795],[796],[797],[798],[799],[802],[803],[804],[806],[808],[809],[811],[812],[813],[816],[818],[820],[821],[822],[825],[826],[832],[833],[836],[839],[841],[843],[846],[850],[852],[854],[855]]","[[828,693,708,711,718,726,727,731,737,741,751,752,754,760,766,770,772,792,807,810,817,819,823,826,827,835,837,838,845,847,849,853],[705,706,764,773,781,784,824,831,842],[719,745,834,840],[747,803,809],[713,774,805,829],[694,724],[688],[687],[689],[690],[691],[695],[696],[697],[698],[699],[700],[701],[702],[704],[707],[709],[710],[712],[714],[715],[716],[717],[720],[721],[722],[723],[725],[728],[729],[730],[732],[733],[734],[735],[736],[738],[739],[740],[742],[743],[744],[746],[748],[749],[750],[753],[755],[756],[757],[758],[759],[761],[762],[763],[765],[767],[768],[769],[771],[775],[776],[777],[778],[779],[780],[782],[783],[785],[786],[787],[788],[789],[790],[791],[793],[794],[795],[796],[797],[798],[799],[802],[804],[806],[808],[811],[812],[813],[814],[815],[816],[818],[820],[821],[822],[825],[830],[832],[833],[836],[839],[841],[843],[844],[846],[848],[850],[851],[852],[854],[855],[856],[703],[800]]"
686,168,24,1338,1649.13,,826.5,0.4,814,903.45,,475.25,True,107,58,8,5,0.003366,True,30.47983593606501,69.0,160,100,0.4,0.4,2,inf,121.405524,0.003413,121.408937,True,157,43,8,5,0.00308,True,18.008729219752812,41.0,139,99,0.4,0.4,2,inf,146.558005,0.003318,146.561323,"[[828,687,693,696,698,706,708,709,711,718,726,727,731,737,739,741,751,752,754,759,760,764,766,770,772,773,774,778,780,784,792,800,807,810,814,815,817,819,829,834,835,837,838,840,842,844,845,847,848,849,851,853,856],[827,694,697,719,724,745,781,805,823,824,830],[713,695,722,738,762,787,831],[705],[688],[689],[690],[691],[699],[700],[701],[702],[703],[704],[707],[710],[712],[714],[715],[716],[717],[720],[721],[723],[725],[728],[729],[730],[732],[733],[734],[735],[736],[740],[742],[743],[744],[746],[747],[748],[749],[750],[753],[755],[756],[757],[758],[761],[763],[765],[767],[768],[769],[771],[775],[776],[777],[779],[782],[783],[785],[786],[788],[789],[790],[791],[793],[794],[795],[796],[797],[798],[799],[802],[803],[804],[806],[808],[809],[811],[812],[813],[816],[818],[820],[821],[822],[825],[826],[832],[833],[836],[839],[841],[843],[846],[850],[852],[854],[855]]","[[719,688,694,695,696,697,703,706,708,718,726,727,731,737,760,762,766,772,773,774,784,800,810,815,817,820,823,827,830,834,840,842,847,853],[705,693,720,722,739,741,748,754,758,759,763,764,770,787,803,808,809,814,819,831,835,843,844,845,849],[828,698,709,711,752,792,848],[838,728,747],[781,745,805,824],[724,713],[687],[689],[690],[691],[699],[700],[701],[702],[704],[707],[710],[712],[714],[715],[716],[717],[721],[723],[725],[729],[730],[732],[733],[734],[735],[736],[738],[740],[742],[743],[744],[746],[749],[750],[751],[753],[755],[756],[757],[761],[765],[767],[768],[769],[771],[775],[776],[777],[778],[779],[780],[782],[783],[785],[786],[788],[789],[790],[791],[793],[794],[795],[796],[797],[798],[799],[802],[804],[806],[807],[811],[812],[813],[816],[818],[821],[822],[825],[826],[829],[832],[833],[836],[837],[839],[841],[846],[850],[851],[852],[854],[855],[856]]"
686,168,25,1338,1649.13,,826.5,0.4,827,916.9,,494.25,True,107,58,8,5,0.003366,True,30.47983593606501,69.0,160,100,0.4,0.4,2,inf,121.405524,0.003413,121.408937,True,162,43,8,5,0.002942,True,17.02519394034596,37.0,116,104,0.4,0.4,2,inf,142.47426,0.003318,142.477578,"[[828,687,693,696,698,706,708,709,711,718,726,727,731,737,739,741,751,752,754,759,760,764,766,770,772,773,774,778,780,784,792,800,807,810,814,815,817,819,829,834,835,837,838,840,842,844,845,847,848,849,851,853,856],[827,694,697,719,724,745,781,805,823,824,830],[713,695,722,738,762,787,831],[705],[688],[689],[690],[691],[699],[700],[701],[702],[703],[704],[707],[710],[712],[714],[715],[716],[717],[720],[721],[723],[725],[728],[729],[730],[732],[733],[734],[735],[736],[740],[742],[743],[744],[746],[747],[748],[749],[750],[753],[755],[756],[757],[758],[761],[763],[765],[767],[768],[769],[771],[775],[776],[777],[779],[782],[783],[785],[786],[788],[789],[790],[791],[793],[794],[795],[796],[797],[798],[799],[802],[803],[804],[806],[808],[809],[811],[812],[813],[816],[818],[820],[821],[822],[825],[826],[832],[833],[836],[839],[841],[843],[846],[850],[852],[854],[855]]","[[713,693,695,696,701,706,708,722,731,751,752,772,773,774,781,784,814,817,829,834,840,842,848,851,853],[705,703,715,720,748,758,759,763,764,770,787,799,800,803,807,808,809,835,836,844,845,849],[828,687,697,718,726,727,728,754,766,810,815,819,830,838,847],[724,719,827],[737,820],[745,760],[747,797],[805],[694],[823],[688],[689],[690],[691],[698],[699],[700],[702],[704],[707],[709],[710],[711],[712],[714],[716],[717],[721],[723],[725],[729],[730],[732],[733],[734],[735],[736],[738],[739],[740],[741],[742],[743],[744],[746],[749],[750],[753],[755],[756],[757],[761],[762],[765],[767],[768],[769],[771],[775],[776],[777],[778],[779],[780],[782],[783],[785],[786],[788],[789],[790],[791],[792],[793],[794],[795],[796],[798],[802],[804],[806],[811],[812],[813],[816],[818],[821],[822],[824],[825],[826],[831],[832],[833],[837],[839],[841],[843],[846],[850],[852],[854],[855],[856]]"
686,168,26,1338,1649.13,,826.5,0.4,847,938.77,,506.0000000000009,True,107,58,8,5,0.003366,True,30.47983593606501,69.0,160,100,0.4,0.4,2,inf,121.405524,0.003413,121.408937,True,160,48,8,5,0.002923,True,17.38961655291358,35.0,116,98,0.4,0.4,2,inf,155.093255,0.003286,155.096541,"[[828,687,693,696,698,706,708,709,711,718,726,727,731,737,739,741,751,752,754,759,760,764,766,770,772,773,774,778,780,784,792,800,807,810,814,815,817,819,829,834,835,837,838,840,842,844,845,847,848,849,851,853,856],[827,694,697,719,724,745,781,805,823,824,830],[713,695,722,738,762,787,831],[705],[688],[689],[690],[691],[699],[700],[701],[702],[703],[704],[707],[710],[712],[714],[715],[716],[717],[720],[721],[723],[725],[728],[729],[730],[732],[733],[734],[735],[736],[740],[742],[743],[744],[746],[747],[748],[749],[750],[753],[755],[756],[757],[758],[761],[763],[765],[767],[768],[769],[771],[775],[776],[777],[779],[782],[783],[785],[786],[788],[789],[790],[791],[793],[794],[795],[796],[797],[798],[799],[802],[803],[804],[806],[808],[809],[811],[812],[813],[816],[818],[820],[821],[822],[825],[826],[832],[833],[836],[839],[841],[843],[846],[850],[852],[854],[855]]","[[828,693,706,708,709,711,718,719,724,726,739,752,754,759,760,764,766,773,780,781,784,792,800,814,815,823,824,829,830,838,840,842,844,845,847,849,853],[747,698,701,716,741,748,753,758,763,765,783,793,797,803,804,807,819,820,831,837,848,856],[834,694,696,697,705,713,745,827],[805,695,728,772,810,843],[688,734],[703],[687],[689],[690],[691],[699],[700],[702],[704],[707],[710],[712],[714],[715],[717],[720],[721],[722],[723],[725],[727],[729],[730],[731],[732],[733],[735],[736],[737],[738],[740],[742],[743],[744],[746],[749],[750],[751],[755],[756],[757],[761],[762],[767],[768],[769],[770],[771],[774],[775],[776],[777],[778],[779],[782],[785],[786],[787],[788],[789],[790],[791],[794],[795],[796],[798],[799],[802],[806],[808],[809],[811],[812],[813],[816],[817],[818],[821],[822],[825],[826],[832],[833],[835],[836],[839],[841],[846],[850],[851],[852],[854],[855]]"
686,168,27,1338,1649.13,,826.5,0.4,848,937.83,,500.66666666666697,True,107,58,8,5,0.003366,True,30.47983593606501,69.0,160,100,0.4,0.4,2,inf,121.405524,0.003413,121.408937,True,157,42,8,5,0.003034,True,17.75551348130708,39.0,17,117,0.4,0.4,2,inf,175.720119,0.003232,175.723351,"[[828,687,693,696,698,706,708,709,711,718,726,727,731,737,739,741,751,752,754,759,760,764,766,770,772,773,774,778,780,784,792,800,807,810,814,815,817,819,829,834,835,837,838,840,842,844,845,847,848,849,851,853,856],[827,694,697,719,724,745,781,805,823,824,830],[713,695,722,738,762,787,831],[705],[688],[689],[690],[691],[699],[700],[701],[702],[703],[704],[707],[710],[712],[714],[715],[716],[717],[720],[721],[723],[725],[728],[729],[730],[732],[733],[734],[735],[736],[740],[742],[743],[744],[746],[747],[748],[749],[750],[753],[755],[756],[757],[758],[761],[763],[765],[767],[768],[769],[771],[775],[776],[777],[779],[782],[783],[785],[786],[788],[789],[790],[791],[793],[794],[795],[796],[797],[798],[799],[802],[803],[804],[806],[808],[809],[811],[812],[813],[816],[818],[820],[821],[822],[825],[826],[832],[833],[836],[839],[841],[843],[846],[850],[852],[854],[855]]","[[828,693,696,706,708,709,728,737,739,754,759,766,772,773,774,807,814,823,824,837,838,844,845,847,853,856],[713,695,722,726,731,777,784,810,819,831,834,842],[800,705,719,745,760,781,805],[752,694,815,827,829],[703,718,764],[688,727,840],[830,697],[724],[687],[689],[690],[691],[698],[699],[700],[701],[702],[704],[707],[710],[711],[712],[714],[715],[716],[717],[720],[721],[723],[725],[729],[730],[732],[733],[734],[735],[736],[738],[740],[741],[742],[743],[744],[746],[747],[748],[749],[750],[751],[753],[755],[756],[757],[758],[761],[762],[763],[765],[767],[768],[769],[770],[771],[775],[776],[778],[779],[780],[782],[783],[785],[786],[787],[788],[789],[790],[791],[792],[793],[794],[795],[796],[797],[798],[799],[802],[803],[804],[806],[808],[809],[811],[812],[813],[816],[817],[818],[820],[821],[822],[825],[826],[832],[833],[835],[836],[839],[841],[843],[846],[848],[849],[850],[851],[852],[854],[855]]"
686,168,28,1338,1649.13,,826.5,0.4,854,957.86,,509.10000000000036,True,107,58,8,5,0.003366,True,30.47983593606501,69.0,160,100,0.4,0.4,2,inf,121.405524,0.003413,121.408937,True,161,40,8,5,0.003407,True,17.16178705152364,36.0,139,110,0.4,0.4,2,inf,129.734226,0.003175,129.737401,"[[828,687,693,696,698,706,708,709,711,718,726,727,731,737,739,741,751,752,754,759,760,764,766,770,772,773,774,778,780,784,792,800,807,810,814,815,817,819,829,834,835,837,838,840,842,844,845,847,848,849,851,853,856],[827,694,697,719,724,745,781,805,823,824,830],[713,695,722,738,762,787,831],[705],[688],[689],[690],[691],[699],[700],[701],[702],[703],[704],[707],[710],[712],[714],[715],[716],[717],[720],[721],[723],[725],[728],[729],[730],[732],[733],[734],[735],[736],[740],[742],[743],[744],[746],[747],[748],[749],[750],[753],[755],[756],[757],[758],[761],[763],[765],[767],[768],[769],[771],[775],[776],[777],[779],[782],[783],[785],[786],[788],[789],[790],[791],[793],[794],[795],[796],[797],[798],[799],[802],[803],[804],[806],[808],[809],[811],[812],[813],[816],[818],[820],[821],[822],[825],[826],[832],[833],[836],[839],[841],[843],[846],[850],[852],[854],[855]]","[[747,701,703,716,728,739,741,748,753,754,758,763,764,765,769,770,793,797,803,820,831,837,838,848,856],[773,694,705,719,724,731,745,752,781,810,824,834,842,847,853],[766,688,697,713,726,727,760,805,815,828,830],[814,827,829],[696,823,840],[695,734],[687,780],[819,698,708,774],[800,784],[772],[689],[690],[691],[693],[699],[700],[702],[704],[706],[707],[709],[710],[711],[712],[714],[715],[717],[718],[720],[721],[722],[723],[725],[729],[730],[732],[733],[735],[736],[737],[738],[740],[742],[743],[744],[746],[749],[750],[751],[755],[756],[757],[759],[761],[762],[767],[768],[771],[775],[776],[777],[778],[779],[782],[783],[785],[786],[787],[788],[789],[790],[791],[792],[794],[795],[796],[798],[799],[802],[804],[806],[807],[808],[809],[811],[812],[813],[816],[817],[818],[821],[822],[825],[826],[832],[833],[835],[836],[839],[841],[843],[844],[845],[846],[849],[850],[851],[852],[854],[855]]"
686,168,29,1338,1649.13,,826.5,0.4,817,911.49,,483.66666666666697,True,107,58,8,5,0.003366,True,30.47983593606501,69.0,160,100,0.4,0.4,2,inf,121.405524,0.003413,121.408937,True,160,43,8,5,0.003062,True,17.261097530650463,36.0,116,114,0.4,0.4,2,inf,157.581272,0.003286,157.584558,"[[828,687,693,696,698,706,708,709,711,718,726,727,731,737,739,741,751,752,754,759,760,764,766,770,772,773,774,778,780,784,792,800,807,810,814,815,817,819,829,834,835,837,838,840,842,844,845,847,848,849,851,853,856],[827,694,697,719,724,745,781,805,823,824,830],[713,695,722,738,762,787,831],[705],[688],[689],[690],[691],[699],[700],[701],[702],[703],[704],[707],[710],[712],[714],[715],[716],[717],[720],[721],[723],[725],[728],[729],[730],[732],[733],[734],[735],[736],[740],[742],[743],[744],[746],[747],[748],[749],[750],[753],[755],[756],[757],[758],[761],[763],[765],[767],[768],[769],[771],[775],[776],[777],[779],[782],[783],[785],[786],[788],[789],[790],[791],[793],[794],[795],[796],[797],[798],[799],[802],[803],[804],[806],[808],[809],[811],[812],[813],[816],[818],[820],[821],[822],[825],[826],[832],[833],[836],[839],[841],[843],[846],[850],[852],[854],[855]]","[[713,688,694,696,697,701,706,708,724,726,731,734,745,751,752,760,772,774,778,794,800,814,817,819,829,834,840,842,844,845,847,848,851,853],[705,693,715,737,738,764,784,787,810,824],[739,703,747,805,807],[719,695,823,828],[780,754,830],[716,820],[781,762,827],[687],[689],[690],[691],[698],[699],[700],[702],[704],[707],[709],[710],[711],[712],[714],[717],[718],[720],[721],[722],[723],[725],[727],[728],[729],[730],[732],[733],[735],[736],[740],[741],[742],[743],[744],[746],[748],[749],[750],[753],[755],[756],[757],[758],[759],[761],[763],[765],[766],[767],[768],[769],[770],[771],[773],[775],[776],[777],[779],[782],[783],[785],[786],[788],[789],[790],[791],[792],[793],[795],[796],[797],[798],[799],[802],[803],[804],[806],[808],[809],[811],[812],[813],[815],[816],[818],[821],[822],[825],[826],[831],[832],[833],[835],[836],[837],[838],[839],[841],[843],[846],[849],[850],[852],[854],[855],[856]]"
686,168,30,1338,1649.13,,826.5,0.4,863,945.72,,505.5,True,107,58,8,5,0.003366,True,30.47983593606501,69.0,160,100,0.4,0.4,2,inf,121.405524,0.003413,121.408937,True,162,45,8,5,0.003061,True,17.250176427365904,37.0,17,112,0.4,0.4,2,inf,123.154255,0.003175,123.15743,"[[828,687,693,696,698,706,708,709,711,718,726,727,731,737,739,741,751,752,754,759,760,764,766,770,772,773,774,778,780,784,792,800,807,810,814,815,817,819,829,834,835,837,838,840,842,844,845,847,848,849,851,853,856],[827,694,697,719,724,745,781,805,823,824,830],[713,695,722,738,762,787,831],[705],[688],[689],[690],[691],[699],[700],[701],[702],[703],[704],[707],[710],[712],[714],[715],[716],[717],[720],[721],[723],[725],[728],[729],[730],[732],[733],[734],[735],[736],[740],[742],[743],[744],[746],[747],[748],[749],[750],[753],[755],[756],[757],[758],[761],[763],[765],[767],[768],[769],[771],[775],[776],[777],[779],[782],[783],[785],[786],[788],[789],[790],[791],[793],[794],[795],[796],[797],[798],[799],[802],[803],[804],[806],[808],[809],[811],[812],[813],[816],[818],[820],[821],[822],[825],[826],[832],[833],[836],[839],[841],[843],[846],[850],[852],[854],[855]]","[[828,687,698,703,706,708,711,723,726,731,741,759,770,772,773,778,779,792,797,800,810,814,835,837,840,844,845,848,849,851,853,856],[713,695,722,734,752,760,762,766,784,819,829,831],[745,738,755,815,817,842],[847,688,719,805,824],[728,764,838],[724,694,834],[781,827],[780],[689],[690],[691],[693],[696],[697],[699],[700],[701],[702],[704],[705],[707],[709],[710],[712],[714],[715],[716],[717],[718],[720],[721],[725],[727],[729],[730],[732],[733],[735],[736],[737],[739],[740],[742],[743],[744],[746],[747],[748],[749],[750],[751],[753],[754],[756],[757],[758],[761],[763],[765],[767],[768],[769],[771],[775],[776],[777],[782],[783],[785],[786],[787],[788],[789],[790],[791],[793],[794],[795],[796],[798],[799],[802],[803],[804],[806],[807],[808],[809],[811],[812],[813],[816],[818],[820],[821],[822],[823],[825],[826],[830],[832],[833],[836],[839],[841],[843],[846],[850],[852],[854],[855],[774]]"
698,61,1,109,148.42,97.0,94.0,0.05,119,150.47,94.0,91.0,True,61,29,8,5,0.000184,True,10.640256103359992,18.0,26,35,0.4,0.4,2,inf,2.421243,0.000795,2.422038,True,61,29,8,5,0.000176,True,10.4510602524765,25.0,24,37,0.4,0.4,2,inf,3.035705,0.000789,3.036494,"[[828,697,708,747,774,800,819,823,830,840],[856,729,804,811,861,863,869,876,878,882,888,889],[862,865,868],[776,867],[872,874],[873,887],[719,805],[703],[713],[745],[753],[769],[772],[798],[803],[810],[825],[857],[858],[859],[864],[866],[870],[871],[877],[879],[880],[881],[884],[885],[886],[890],[893],[894],[895]]","[[856,729,772,804,811,825,830,861,863,864,869,876,878,882,888,889,893],[828,697,708,747,774,800,819,823,840],[703],[713],[719],[745],[753],[769],[776],[798],[803],[805],[810],[857],[858],[859],[862],[865],[866],[867],[868],[870],[871],[872],[873],[874],[877],[879],[880],[881],[884],[885],[886],[887],[890],[894],[895]]"
698,61,2,109,148.42,97.0,94.0,0.05,116,154.91,94.0,92.5,True,61,29,8,5,0.000184,True,10.640256103359992,18.0,26,35,0.4,0.4,2,inf,2.421243,0.000795,2.422038,True,61,28,8,5,0.000176,True,10.231487143265298,17.0,19,38,0.4,0.4,2,inf,2.892436,0.000916,2.893352,"[[828,697,708,747,774,800,819,823,830,840],[856,729,804,811,861,863,869,876,878,882,888,889],[862,865,868],[776,867],[872,874],[873,887],[719,805],[703],[713],[745],[753],[769],[772],[798],[803],[810],[825],[857],[858],[859],[864],[866],[870],[871],[877],[879],[880],[881],[884],[885],[886],[890],[893],[894],[895]]","[[856,729,804,811,825,861,863,864,869,876,878,882,888,889,893],[828,697,708,747,774,800,819,823,830,840],[703],[713],[719],[745],[753],[769],[772],[776],[798],[803],[805],[810],[857],[858],[859],[862],[865],[866],[867],[868],[870],[871],[872],[873],[874],[877],[879],[880],[881],[884],[885],[886],[887],[890],[894],[895]]"
698,61,3,109,148.42,97.0,94.0,0.05,113,151.96,94.0,92.5,True,61,29,8,5,0.000184,True,10.640256103359992,18.0,26,35,0.4,0.4,2,inf,2.421243,0.000795,2.422038,True,61,28,8,5,0.000185,True,10.20788869920496,18.0,26,42,0.4,0.4,2,inf,3.585098,0.000817,3.585915,"[[828,697,708,747,774,800,819,823,830,840],[856,729,804,811,861,863,869,876,878,882,888,889],[862,865,868],[776,867],[872,874],[873,887],[719,805],[703],[713],[745],[753],[769],[772],[798],[803],[810],[825],[857],[858],[859],[864],[866],[870],[871],[877],[879],[880],[881],[884],[885],[886],[890],[893],[894],[895]]","[[823,697,708,747,774,800,819,828,830,840],[856,729,753,804,811,861,863,882,888,889,893],[876],[703],[713],[719],[745],[769],[772],[776],[798],[803],[805],[810],[825],[857],[858],[859],[862],[864],[865],[866],[867],[868],[869],[870],[871],[872],[873],[874],[877],[878],[879],[880],[881],[884],[885],[886],[887],[890],[894],[895]]"
698,61,4,109,148.42,97.0,94.0,0.05,109,149.37,94.0,91.5,True,61,29,8,5,0.000184,True,10.640256103359992,18.0,26,35,0.4,0.4,2,inf,2.421243,0.000795,2.422038,True,61,29,8,5,0.000157,True,10.448581506493253,21.0,24,39,0.4,0.4,2,inf,2.271469,0.000705,2.272174,"[[828,697,708,747,774,800,819,823,830,840],[856,729,804,811,861,863,869,876,878,882,888,889],[862,865,868],[776,867],[872,874],[873,887],[719,805],[703],[713],[745],[753],[769],[772],[798],[803],[810],[825],[857],[858],[859],[864],[866],[870],[871],[877],[879],[880],[881],[884],[885],[886],[890],[893],[894],[895]]","[[856,729,804,811,830,861,863,869,876,878,882,888,889],[747,697,708,774,800,819,823,828,840],[753,769,890],[703],[713],[719],[745],[772],[776],[798],[803],[805],[810],[825],[857],[858],[859],[862],[864],[865],[866],[867],[868],[870],[871],[872],[873],[874],[877],[879],[880],[881],[884],[885],[886],[887],[893],[894],[895]]"
698,61,5,109,148.42,97.0,94.0,0.05,103,140.53,94.0,84.5,True,61,29,8,5,0.000184,True,10.640256103359992,18.0,26,35,0.4,0.4,2,inf,2.421243,0.000795,2.422038,True,61,26,8,5,0.00018,True,9.465689799492672,18.0,26,39,0.4,0.4,2,inf,2.275334,0.000726,2.27606,"[[828,697,708,747,774,800,819,823,830,840],[856,729,804,811,861,863,869,876,878,882,888,889],[862,865,868],[776,867],[872,874],[873,887],[719,805],[703],[713],[745],[753],[769],[772],[798],[803],[810],[825],[857],[858],[859],[864],[866],[870],[871],[877],[879],[880],[881],[884],[885],[886],[890],[893],[894],[895]]","[[823,697,708,745,747,774,800,810,819,828,830,840],[863,804,856,861,876,878,882,888,889],[811,769,869],[729,753],[703],[713],[719],[772],[776],[798],[803],[805],[825],[857],[858],[859],[862],[864],[865],[866],[867],[868],[870],[871],[872],[873],[874],[877],[879],[880],[881],[884],[885],[886],[887],[890],[893],[894],[895]]"
698,61,6,109,148.42,97.0,94.0,0.05,102,145.58,94.0,90.0,True,61,29,8,5,0.000184,True,10.640256103359992,18.0,26,35,0.4,0.4,2,inf,2.421243,0.000795,2.422038,True,61,27,8,5,0.000153,True,9.98511279279339,16.0,38,35,0.4,0.4,2,inf,2.144578,0.000716,2.145294,"[[828,697,708,747,774,800,819,823,830,840],[856,729,804,811,861,863,869,876,878,882,888,889],[862,865,868],[776,867],[872,874],[873,887],[719,805],[703],[713],[745],[753],[769],[772],[798],[803],[810],[825],[857],[858],[859],[864],[866],[870],[871],[877],[879],[880],[881],[884],[885],[886],[890],[893],[894],[895]]","[[856,729,804,825,861,863,864,869,876,878,882,888,889,893],[747,697,708,713,719,745,774,800,805,819,823,828,830,840],[703],[753],[769],[772],[776],[798],[803],[810],[811],[857],[858],[859],[862],[865],[866],[867],[868],[870],[871],[872],[873],[874],[877],[879],[880],[881],[884],[885],[886],[887],[890],[894],[895]]"
698,61,7,109,148.42,97.0,94.0,0.05,117,152.3,94.0,91.0,True,61,29,8,5,0.000184,True,10.640256103359992,18.0,26,35,0.4,0.4,2,inf,2.421243,0.000795,2.422038,True,61,28,8,5,0.000161,True,10.117559143212885,18.0,26,40,0.4,0.4,2,inf,3.500545,0.00107,3.501615,"[[828,697,708,747,774,800,819,823,830,840],[856,729,804,811,861,863,869,876,878,882,888,889],[862,865,868],[776,867],[872,874],[873,887],[719,805],[703],[713],[745],[753],[769],[772],[798],[803],[810],[825],[857],[858],[859],[864],[866],[870],[871],[877],[879],[880],[881],[884],[885],[886],[890],[893],[894],[895]]","[[708,697,747,774,800,819,823,828,830,840,856],[876,729,804,861,878,882,888,889],[869,769,811],[864,825,893],[703],[713],[719],[745],[772],[776],[798],[803],[805],[810],[857],[858],[859],[862],[863],[865],[866],[867],[868],[870],[871],[872],[873],[874],[877],[879],[880],[881],[884],[885],[886],[887],[890],[894],[895],[753]]"
698,61,8,109,148.42,97.0,94.0,0.05,102,143.69,94.0,88.0,True,61,29,8,5,0.000184,True,10.640256103359992,18.0,26,35,0.4,0.4,2,inf,2.421243,0.000795,2.422038,True,61,26,8,5,0.000158,True,9.60821735759858,17.0,26,40,0.4,0.4,2,inf,2.518881,0.000885,2.519766,"[[828,697,708,747,774,800,819,823,830,840],[856,729,804,811,861,863,869,876,878,882,888,889],[862,865,868],[776,867],[872,874],[873,887],[719,805],[703],[713],[745],[753],[769],[772],[798],[803],[810],[825],[857],[858],[859],[864],[866],[870],[871],[877],[879],[880],[881],[884],[885],[886],[890],[893],[894],[895]]","[[747,697,708,713,774,800,819,823,828,830,840],[888,729,804,856,861,863,876,878,882,889],[869,769,811],[753],[703],[719],[745],[772],[776],[798],[803],[805],[810],[825],[857],[858],[859],[862],[864],[865],[866],[867],[868],[870],[871],[872],[873],[874],[877],[879],[880],[881],[884],[885],[886],[887],[890],[893],[894],[895]]"
698,61,9,109,148.42,97.0,94.0,0.05,97,138.58,94.0,85.5,True,61,29,8,5,0.000184,True,10.640256103359992,18.0,26,35,0.4,0.4,2,inf,2.421243,0.000795,2.422038,True,61,27,8,5,0.000156,True,9.827066555130278,16.0,17,37,0.4,0.4,2,inf,2.753476,0.000737,2.754213,"[[828,697,708,747,774,800,819,823,830,840],[856,729,804,811,861,863,869,876,878,882,888,889],[862,865,868],[776,867],[872,874],[873,887],[719,805],[703],[713],[745],[753],[769],[772],[798],[803],[810],[825],[857],[858],[859],[864],[866],[870],[871],[877],[879],[880],[881],[884],[885],[886],[890],[893],[894],[895]]","[[856,729,804,811,825,861,863,864,876,878,882,888,889,893],[708,697,713,719,747,774,800,819,823,828,830,840],[703],[745],[753],[769],[772],[776],[798],[803],[805],[810],[857],[858],[859],[862],[865],[866],[867],[868],[869],[870],[871],[872],[873],[874],[877],[879],[880],[881],[884],[885],[886],[887],[890],[894],[895]]"
698,61,10,109,148.42,97.0,94.0,0.05,102,144.83,94.0,86.5,True,61,29,8,5,0.000184,True,10.640256103359992,18.0,26,35,0.4,0.4,2,inf,2.421243,0.000795,2.422038,True,61,28,8,5,0.000179,True,10.162919681993115,20.0,26,41,0.4,0.4,2,inf,2.532516,0.000714,2.53323,"[[828,697,708,747,774,800,819,823,830,840],[856,729,804,811,861,863,869,876,878,882,888,889],[862,865,868],[776,867],[872,874],[873,887],[719,805],[703],[713],[745],[753],[769],[772],[798],[803],[810],[825],[857],[858],[859],[864],[866],[870],[871],[877],[879],[880],[881],[884],[885],[886],[890],[893],[894],[895]]","[[747,697,708,774,800,810,819,823,828,830,840],[863,729,804,856,861,876,882,888,889],[869,769,811],[703],[713],[719],[745],[772],[776],[798],[803],[805],[825],[857],[858],[859],[862],[864],[865],[866],[867],[868],[870],[871],[872],[873],[874],[877],[878],[879],[880],[881],[884],[885],[886],[887],[890],[893],[894],[895],[753]]"
698,61,11,109,148.42,97.0,94.0,0.05,110,146.22,94.0,89.0,True,61,29,8,5,0.000184,True,10.640256103359992,18.0,26,35,0.4,0.4,2,inf,2.421243,0.000795,2.422038,True,61,24,8,5,0.000183,True,9.184449688419923,14.0,26,35,0.4,0.4,2,inf,4.257919,0.000854,4.258773,"[[828,697,708,747,774,800,819,823,830,840],[856,729,804,811,861,863,869,876,878,882,888,889],[862,865,868],[776,867],[872,874],[873,887],[719,805],[703],[713],[745],[753],[769],[772],[798],[803],[810],[825],[857],[858],[859],[864],[866],[870],[871],[877],[879],[880],[881],[884],[885],[886],[890],[893],[894],[895]]","[[747,697,708,713,719,745,774,800,805,810,819,823,828,830,840],[863,804,825,856,861,864,876,878,888,889,893],[869,769,811],[703],[729],[753],[772],[776],[798],[803],[857],[858],[859],[862],[865],[866],[867],[868],[870],[871],[872],[873],[874],[877],[879],[880],[881],[882],[884],[885],[886],[887],[890],[894],[895]]"
698,61,12,109,148.42,97.0,94.0,0.05,103,143.68,94.0,88.0,True,61,29,8,5,0.000184,True,10.640256103359992,18.0,26,35,0.4,0.4,2,inf,2.421243,0.000795,2.422038,True,61,27,8,5,0.000158,True,9.703144471290903,17.0,26,41,0.4,0.4,2,inf,2.721032,0.000828,2.72186,"[[828,697,708,747,774,800,819,823,830,840],[856,729,804,811,861,863,869,876,878,882,888,889],[862,865,868],[776,867],[872,874],[873,887],[719,805],[703],[713],[745],[753],[769],[772],[798],[803],[810],[825],[857],[858],[859],[864],[866],[870],[871],[877],[879],[880],[881],[884],[885],[886],[890],[893],[894],[895]]","[[823,697,708,747,774,800,819,828,830,840,856],[889,729,753,804,861,863,876],[811,769,869],[719,805],[713,745],[703],[772],[776],[798],[803],[810],[825],[857],[858],[859],[862],[864],[865],[866],[867],[868],[870],[871],[872],[873],[874],[877],[878],[879],[880],[881],[882],[884],[885],[886],[887],[888],[890],[893],[894],[895]]"
698,61,13,109,148.42,97.0,94.0,0.05,92,138.69,94.0,85.5,True,61,29,8,5,0.000184,True,10.640256103359992,18.0,26,35,0.4,0.4,2,inf,2.421243,0.000795,2.422038,True,61,25,8,5,0.000199,True,9.312465239121817,14.0,3,38,0.4,0.4,2,inf,2.502251,0.000744,2.502995,"[[828,697,708,747,774,800,819,823,830,840],[856,729,804,811,861,863,869,876,878,882,888,889],[862,865,868],[776,867],[872,874],[873,887],[719,805],[703],[713],[745],[753],[769],[772],[798],[803],[810],[825],[857],[858],[859],[864],[866],[870],[871],[877],[879],[880],[881],[884],[885],[886],[890],[893],[894],[895]]","[[823,697,708,747,774,800,819,828,830,840],[856,729,804,811,825,861,863,864,876,878,882,889,893],[769,869,890],[703],[713],[719],[745],[753],[772],[776],[798],[803],[805],[810],[857],[858],[859],[862],[865],[866],[867],[868],[870],[871],[872],[873],[874],[877],[879],[880],[881],[884],[885],[886],[887],[888],[894],[895]]"
698,61,14,109,148.42,97.0,94.0,0.05,109,148.89,94.0,90.5,True,61,29,8,5,0.000184,True,10.640256103359992,18.0,26,35,0.4,0.4,2,inf,2.421243,0.000795,2.422038,True,61,26,8,5,0.000184,True,9.438612963102196,14.0,26,33,0.4,0.4,2,inf,2.627183,0.000697,2.62788,"[[828,697,708,747,774,800,819,823,830,840],[856,729,804,811,861,863,869,876,878,882,888,889],[862,865,868],[776,867],[872,874],[873,887],[719,805],[703],[713],[745],[753],[769],[772],[798],[803],[810],[825],[857],[858],[859],[864],[866],[870],[871],[877],[879],[880],[881],[884],[885],[886],[890],[893],[894],[895]]","[[856,729,804,825,861,863,864,876,878,882,888,889,893],[747,697,708,713,719,745,774,800,805,810,819,823,828,830,840],[811,769,869],[703],[753],[772],[776],[798],[803],[857],[858],[859],[862],[865],[866],[867],[868],[870],[871],[872],[873],[874],[877],[879],[880],[881],[884],[885],[886],[887],[890],[894],[895]]"
698,61,15,109,148.42,97.0,94.0,0.05,104,147.54,94.0,88.5,True,61,29,8,5,0.000184,True,10.640256103359992,18.0,26,35,0.4,0.4,2,inf,2.421243,0.000795,2.422038,True,61,27,8,5,0.000277,True,9.816443987261625,16.0,17,40,0.4,0.4,2,inf,2.288715,0.000672,2.289387,"[[828,697,708,747,774,800,819,823,830,840],[856,729,804,811,861,863,869,876,878,882,888,889],[862,865,868],[776,867],[872,874],[873,887],[719,805],[703],[713],[745],[753],[769],[772],[798],[803],[810],[825],[857],[858],[859],[864],[866],[870],[871],[877],[879],[880],[881],[884],[885],[886],[890],[893],[894],[895]]","[[708,697,747,769,774,800,819,823,828,830,840],[888,729,804,825,856,861,863,864,869,876,882,889],[703],[713],[719],[745],[753],[772],[776],[798],[803],[805],[810],[811],[857],[858],[859],[862],[865],[866],[867],[868],[870],[871],[872],[873],[874],[877],[878],[879],[880],[881],[884],[885],[886],[887],[890],[893],[894],[895]]"
698,61,16,109,148.42,97.0,94.0,0.05,109,150.78,94.0,90.5,True,61,29,8,5,0.000184,True,10.640256103359992,18.0,26,35,0.4,0.4,2,inf,2.421243,0.000795,2.422038,True,61,29,8,5,0.000179,True,10.3239050589127,20.0,26,38,0.4,0.4,2,inf,2.201308,0.000729,2.202037,"[[828,697,708,747,774,800,819,823,830,840],[856,729,804,811,861,863,869,876,878,882,888,889],[862,865,868],[776,867],[872,874],[873,887],[719,805],[703],[713],[745],[753],[769],[772],[798],[803],[810],[825],[857],[858],[859],[864],[866],[870],[871],[877],[879],[880],[881],[884],[885],[886],[890],[893],[894],[895]]","[[823,697,708,713,747,774,800,819,828,830,840],[876,729,804,856,861,863,878,882,888,889],[869,769,811],[864,893],[719,805],[753],[703],[745],[772],[776],[798],[803],[810],[825],[857],[858],[859],[862],[865],[866],[867],[868],[870],[871],[872],[873],[874],[877],[879],[880],[881],[884],[885],[886],[887],[890],[894],[895]]"
698,61,17,109,148.42,97.0,94.0,0.05,102,141.55,94.0,84.0,True,61,29,8,5,0.000184,True,10.640256103359992,18.0,26,35,0.4,0.4,2,inf,2.421243,0.000795,2.422038,True,61,27,8,5,0.000155,True,9.747038082243265,16.0,26,38,0.4,0.4,2,inf,2.4689,0.000712,2.469612,"[[828,697,708,747,774,800,819,823,830,840],[856,729,804,811,861,863,869,876,878,882,888,889],[862,865,868],[776,867],[872,874],[873,887],[719,805],[703],[713],[745],[753],[769],[772],[798],[803],[810],[825],[857],[858],[859],[864],[866],[870],[871],[877],[879],[880],[881],[884],[885],[886],[890],[893],[894],[895]]","[[830,697,708,747,774,800,810,819,823,828,840,856],[729,804,861,876,878,888,889],[805,713,719,745],[769,753,811,869],[703],[772],[776],[798],[803],[825],[857],[858],[859],[862],[863],[864],[865],[866],[867],[868],[870],[871],[872],[873],[874],[877],[879],[880],[881],[882],[884],[885],[886],[887],[890],[893],[894],[895]]"
698,61,18,109,148.42,97.0,94.0,0.05,104,143.88,94.0,90.5,True,61,29,8,5,0.000184,True,10.640256103359992,18.0,26,35,0.4,0.4,2,inf,2.421243,0.000795,2.422038,True,61,28,8,5,0.000182,True,10.13255821037377,18.0,26,42,0.4,0.4,2,inf,2.267468,0.000711,2.268179,"[[828,697,708,747,774,800,819,823,830,840],[856,729,804,811,861,863,869,876,878,882,888,889],[862,865,868],[776,867],[872,874],[873,887],[719,805],[703],[713],[745],[753],[769],[772],[798],[803],[810],[825],[857],[858],[859],[864],[866],[870],[871],[877],[879],[880],[881],[884],[885],[886],[890],[893],[894],[895]]","[[823,697,708,747,774,800,819,828,830,840],[856,729,804,811,861,863,869,876,878,882,889],[753],[703],[713],[719],[745],[769],[772],[776],[798],[803],[805],[810],[825],[857],[858],[859],[862],[864],[865],[866],[867],[868],[870],[871],[872],[873],[874],[877],[879],[880],[881],[884],[885],[886],[887],[888],[890],[893],[894],[895]]"
698,61,19,109,148.42,97.0,94.0,0.05,104,142.41,94.0,87.0,True,61,29,8,5,0.000184,True,10.640256103359992,18.0,26,35,0.4,0.4,2,inf,2.421243,0.000795,2.422038,True,61,25,8,5,0.00018,True,8.977473491147096,13.0,26,35,0.4,0.4,2,inf,3.762435,0.000882,3.763317,"[[828,697,708,747,774,800,819,823,830,840],[856,729,804,811,861,863,869,876,878,882,888,889],[862,865,868],[776,867],[872,874],[873,887],[719,805],[703],[713],[745],[753],[769],[772],[798],[803],[810],[825],[857],[858],[859],[864],[866],[870],[871],[877],[879],[880],[881],[884],[885],[886],[890],[893],[894],[895]]","[[856,729,804,825,861,863,864,876,878,882,888,889,893],[823,697,708,713,719,745,747,774,800,805,828,830,840],[703,880],[811,869],[753],[769],[772],[776],[798],[803],[810],[819],[857],[858],[859],[862],[865],[866],[867],[868],[870],[871],[872],[873],[874],[877],[879],[881],[884],[885],[886],[887],[890],[894],[895]]"
698,61,20,109,148.42,97.0,94.0,0.05,105,143.21,94.0,87.5,True,61,29,8,5,0.000184,True,10.640256103359992,18.0,26,35,0.4,0.4,2,inf,2.421243,0.000795,2.422038,True,61,27,8,5,0.00018,True,9.84342532596174,19.0,26,37,0.4,0.4,2,inf,4.088809,0.000871,4.08968,"[[828,697,708,747,774,800,819,823,830,840],[856,729,804,811,861,863,869,876,878,882,888,889],[862,865,868],[776,867],[872,874],[873,887],[719,805],[703],[713],[745],[753],[769],[772],[798],[803],[810],[825],[857],[858],[859],[864],[866],[870],[871],[877],[879],[880],[881],[884],[885],[886],[890],[893],[894],[895]]","[[719,697,708,747,774,800,810,819,823,828,830,840],[878,804,856,861,863,876,882,888,889],[864,825,893],[811,769,869],[713,745],[703],[729],[753],[772],[776],[798],[803],[805],[857],[858],[859],[862],[865],[866],[867],[868],[870],[871],[872],[873],[874],[877],[879],[880],[881],[884],[885],[886],[887],[890],[894],[895]]"
698,61,21,109,148.42,97.0,94.0,0.05,106,142.37,94.0,85.0,True,61,29,8,5,0.000184,True,10.640256103359992,18.0,26,35,0.4,0.4,2,inf,2.421243,0.000795,2.422038,True,61,28,8,5,0.000152,True,10.098282576566262,16.0,4,36,0.4,0.4,2,inf,3.159791,0.000876,3.160667,"[[828,697,708,747,774,800,819,823,830,840],[856,729,804,811,861,863,869,876,878,882,888,889],[862,865,868],[776,867],[872,874],[873,887],[719,805],[703],[713],[745],[753],[769],[772],[798],[803],[810],[825],[857],[858],[859],[864],[866],[870],[871],[877],[879],[880],[881],[884],[885],[886],[890],[893],[894],[895]]","[[856,729,804,811,825,861,863,864,869,876,878,882,888,889,893],[823,697,708,747,774,800,819,828,830,840],[769,753,890],[703],[713],[719],[745],[772],[776],[798],[803],[805],[810],[857],[858],[859],[862],[865],[866],[867],[868],[870],[871],[872],[873],[874],[877],[879],[880],[881],[884],[885],[886],[887],[894],[895]]"
698,61,22,109,148.42,97.0,94.0,0.05,111,143.83,94.0,88.0,True,61,29,8,5,0.000184,True,10.640256103359992,18.0,26,35,0.4,0.4,2,inf,2.421243,0.000795,2.422038,True,61,27,8,5,0.000156,True,9.969357103233282,16.0,26,40,0.4,0.4,2,inf,2.23603,0.000847,2.236877,"[[828,697,708,747,774,800,819,823,830,840],[856,729,804,811,861,863,869,876,878,882,888,889],[862,865,868],[776,867],[872,874],[873,887],[719,805],[703],[713],[745],[753],[769],[772],[798],[803],[810],[825],[857],[858],[859],[864],[866],[870],[871],[877],[879],[880],[881],[884],[885],[886],[890],[893],[894],[895]]","[[830,697,708,747,774,800,819,823,828,840],[863,729,804,811,856,861,869,876,878,882,888,889],[753,769],[703],[713],[719],[745],[772],[776],[798],[803],[805],[810],[825],[857],[858],[859],[862],[864],[865],[866],[867],[868],[870],[871],[872],[873],[874],[877],[879],[880],[881],[884],[885],[886],[887],[890],[893],[894],[895]]"
698,61,23,109,148.42,97.0,94.0,0.05,106,151.2,94.0,91.0,True,61,29,8,5,0.000184,True,10.640256103359992,18.0,26,35,0.4,0.4,2,inf,2.421243,0.000795,2.422038,True,61,27,8,5,0.000165,True,9.925156786151444,18.0,26,37,0.4,0.4,2,inf,2.297913,0.000664,2.298577,"[[828,697,708,747,774,800,819,823,830,840],[856,729,804,811,861,863,869,876,878,882,888,889],[862,865,868],[776,867],[872,874],[873,887],[719,805],[703],[713],[745],[753],[769],[772],[798],[803],[810],[825],[857],[858],[859],[864],[866],[870],[871],[877],[879],[880],[881],[884],[885],[886],[890],[893],[894],[895]]","[[863,729,753,856,861,876,878,882,888,889],[823,697,708,747,774,800,810,819,828,830,840],[869,769,811],[864,825,893],[719,805],[703],[713],[745],[772],[776],[798],[803],[804],[857],[858],[859],[862],[865],[866],[867],[868],[870],[871],[872],[873],[874],[877],[879],[880],[881],[884],[885],[886],[887],[890],[894],[895]]"
698,61,24,109,148.42,97.0,94.0,0.05,108,143.4,94.0,90.0,True,61,29,8,5,0.000184,True,10.640256103359992,18.0,26,35,0.4,0.4,2,inf,2.421243,0.000795,2.422038,True,61,29,8,5,0.000155,True,10.402315923074251,17.0,26,39,0.4,0.4,2,inf,2.788034,0.00086,2.788894,"[[828,697,708,747,774,800,819,823,830,840],[856,729,804,811,861,863,869,876,878,882,888,889],[862,865,868],[776,867],[872,874],[873,887],[719,805],[703],[713],[745],[753],[769],[772],[798],[803],[810],[825],[857],[858],[859],[864],[866],[870],[871],[877],[879],[880],[881],[884],[885],[886],[890],[893],[894],[895]]","[[856,729,772,804,825,861,863,869,876,878,882,888,889],[823,697,708,747,774,800,819,828,830,840],[753,769],[703],[713],[719],[745],[776],[798],[803],[805],[810],[811],[857],[858],[859],[862],[864],[865],[866],[867],[868],[870],[871],[872],[873],[874],[877],[879],[880],[881],[884],[885],[886],[887],[890],[893],[894],[895]]"
698,61,25,109,148.42,97.0,94.0,0.05,114,145.75,94.0,89.0,True,61,29,8,5,0.000184,True,10.640256103359992,18.0,26,35,0.4,0.4,2,inf,2.421243,0.000795,2.422038,True,61,27,8,5,0.000179,True,9.895754499019123,17.0,26,39,0.4,0.4,2,inf,2.334927,0.000834,2.335761,"[[828,697,708,747,774,800,819,823,830,840],[856,729,804,811,861,863,869,876,878,882,888,889],[862,865,868],[776,867],[872,874],[873,887],[719,805],[703],[713],[745],[753],[769],[772],[798],[803],[810],[825],[857],[858],[859],[864],[866],[870],[871],[877],[879],[880],[881],[884],[885],[886],[890],[893],[894],[895]]","[[823,697,708,747,774,800,819,828,830,840,856],[863,729,804,861,876,882,888,889],[869,769,811],[825,864],[805,713,719],[703],[745],[772],[776],[798],[803],[810],[857],[858],[859],[862],[865],[866],[867],[868],[870],[871],[872],[873],[874],[877],[878],[879],[880],[881],[884],[885],[886],[887],[890],[893],[894],[895],[753]]"
698,61,26,109,148.42,97.0,94.0,0.05,104,151.02,94.0,90.5,True,61,29,8,5,0.000184,True,10.640256103359992,18.0,26,35,0.4,0.4,2,inf,2.421243,0.000795,2.422038,True,61,26,8,5,0.000155,True,9.69835438748449,17.0,10,37,0.4,0.4,2,inf,2.509362,0.000821,2.510183,"[[828,697,708,747,774,800,819,823,830,840],[856,729,804,811,861,863,869,876,878,882,888,889],[862,865,868],[776,867],[872,874],[873,887],[719,805],[703],[713],[745],[753],[769],[772],[798],[803],[810],[825],[857],[858],[859],[864],[866],[870],[871],[877],[879],[880],[881],[884],[885],[886],[890],[893],[894],[895]]","[[823,697,708,747,769,774,800,810,819,828,830,840],[856,729,753,772,804,811,825,861,863,869,876,878,889],[713,805],[703],[719],[745],[776],[798],[803],[857],[858],[859],[862],[864],[865],[866],[867],[868],[870],[871],[872],[873],[874],[877],[879],[880],[881],[882],[884],[885],[886],[887],[888],[890],[893],[894],[895]]"
698,61,27,109,148.42,97.0,94.0,0.05,105,146.41,94.0,90.0,True,61,29,8,5,0.000184,True,10.640256103359992,18.0,26,35,0.4,0.4,2,inf,2.421243,0.000795,2.422038,True,61,27,8,5,0.000158,True,9.719526473333044,17.0,26,39,0.4,0.4,2,inf,2.708136,0.000794,2.70893,"[[828,697,708,747,774,800,819,823,830,840],[856,729,804,811,861,863,869,876,878,882,888,889],[862,865,868],[776,867],[872,874],[873,887],[719,805],[703],[713],[745],[753],[769],[772],[798],[803],[810],[825],[857],[858],[859],[864],[866],[870],[871],[877],[879],[880],[881],[884],[885],[886],[890],[893],[894],[895]]","[[828,697,708,745,747,774,800,805,819,823,830,840,856],[888,804,876,878,882,889],[861,729,753],[811,769,869],[713,719],[703],[772],[776],[798],[803],[810],[825],[857],[858],[859],[862],[863],[864],[865],[866],[867],[868],[870],[871],[872],[873],[874],[877],[879],[880],[881],[884],[885],[886],[887],[890],[893],[894],[895]]"
698,61,28,109,148.42,97.0,94.0,0.05,114,150.81,94.0,91.5,True,61,29,8,5,0.000184,True,10.640256103359992,18.0,26,35,0.4,0.4,2,inf,2.421243,0.000795,2.422038,True,61,28,8,5,0.00016,True,10.198761657838928,25.0,24,38,0.4,0.4,2,inf,2.22558,0.000729,2.226309,"[[828,697,708,747,774,800,819,823,830,840],[856,729,804,811,861,863,869,876,878,882,888,889],[862,865,868],[776,867],[872,874],[873,887],[719,805],[703],[713],[745],[753],[769],[772],[798],[803],[810],[825],[857],[858],[859],[864],[866],[870],[871],[877],[879],[880],[881],[884],[885],[886],[890],[893],[894],[895]]","[[856,729,804,811,825,830,861,863,864,869,876,878,882,888,889,893],[823,697,708,747,774,800,819,828,840],[703],[713],[719],[745],[753],[769],[772],[776],[798],[803],[805],[810],[857],[858],[859],[862],[865],[866],[867],[868],[870],[871],[872],[873],[874],[877],[879],[880],[881],[884],[885],[886],[887],[890],[894],[895]]"
698,61,29,109,148.42,97.0,94.0,0.05,105,145.94,94.0,91.0,True,61,29,8,5,0.000184,True,10.640256103359992,18.0,26,35,0.4,0.4,2,inf,2.421243,0.000795,2.422038,True,61,29,8,5,0.000161,True,10.354526117156347,17.0,19,38,0.4,0.4,2,inf,2.081014,0.0007,2.081714,"[[828,697,708,747,774,800,819,823,830,840],[856,729,804,811,861,863,869,876,878,882,888,889],[862,865,868],[776,867],[872,874],[873,887],[719,805],[703],[713],[745],[753],[769],[772],[798],[803],[810],[825],[857],[858],[859],[864],[866],[870],[871],[877],[879],[880],[881],[884],[885],[886],[890],[893],[894],[895]]","[[823,697,708,747,774,800,819,828,830,840],[863,729,804,811,825,856,861,864,869,876,878,882,888,889,893],[703],[713],[719],[745],[753],[769],[772],[776],[798],[803],[805],[810],[857],[858],[859],[862],[865],[866],[867],[868],[870],[871],[872],[873],[874],[877],[879],[880],[881],[884],[885],[886],[887],[890],[894],[895]]"
698,61,30,109,148.42,97.0,94.0,0.05,116,145.13,94.0,88.5,True,61,29,8,5,0.000184,True,10.640256103359992,18.0,26,35,0.4,0.4,2,inf,2.421243,0.000795,2.422038,True,61,28,8,5,0.000155,True,10.085545495404924,17.0,26,38,0.4,0.4,2,inf,1.976592,0.000713,1.977305,"[[828,697,708,747,774,800,819,823,830,840],[856,729,804,811,861,863,869,876,878,882,888,889],[862,865,868],[776,867],[872,874],[873,887],[719,805],[703],[713],[745],[753],[769],[772],[798],[803],[810],[825],[857],[858],[859],[864],[866],[870],[871],[877],[879],[880],[881],[884],[885],[886],[890],[893],[894],[895]]","[[828,697,708,719,747,774,800,810,819,823,830,840],[729,804,856,861,863,864,869,876,878,882,888,889],[893,825],[703],[713],[745],[753],[769],[772],[776],[798],[803],[805],[811],[857],[858],[859],[862],[865],[866],[867],[868],[870],[871],[872],[873],[874],[877],[879],[880],[881],[884],[885],[886],[887],[890],[894],[895]]"
698,61,1,109,148.42,97.0,94.0,0.15,107,145.83,82.0,84.5,True,61,29,8,5,0.000184,True,10.640256103359992,18.0,26,35,0.4,0.4,2,inf,2.421243,0.000795,2.422038,True,61,28,8,5,0.000185,True,9.685674398950338,22.0,24,37,0.4,0.4,2,inf,2.019073,0.000712,2.019785,"[[828,697,708,747,774,800,819,823,830,840],[856,729,804,811,861,863,869,876,878,882,888,889],[862,865,868],[776,867],[872,874],[873,887],[719,805],[703],[713],[745],[753],[769],[772],[798],[803],[810],[825],[857],[858],[859],[864],[866],[870],[871],[877],[879],[880],[881],[884],[885],[886],[890],[893],[894],[895]]","[[856,729,772,804,825,830,861,863,864,869,876,878,882,888,889,893],[823,697,708,747,774,800,819,828,840],[769,811],[703],[713],[719],[745],[753],[776],[798],[803],[805],[810],[857],[858],[859],[862],[865],[866],[867],[868],[870],[871],[872],[873],[874],[877],[879],[880],[881],[884],[885],[886],[887],[890],[894],[895]]"
698,61,2,109,148.42,97.0,94.0,0.15,116,143.66,82.0,84.5,True,61,29,8,5,0.000184,True,10.640256103359992,18.0,26,35,0.4,0.4,2,inf,2.421243,0.000795,2.422038,True,61,25,8,5,0.000156,True,8.86522749488158,19.0,24,36,0.4,0.4,2,inf,2.348343,0.000772,2.349115,"[[828,697,708,747,774,800,819,823,830,840],[856,729,804,811,861,863,869,876,878,882,888,889],[862,865,868],[776,867],[872,874],[873,887],[719,805],[703],[713],[745],[753],[769],[772],[798],[803],[810],[825],[857],[858],[859],[864],[866],[870],[871],[877],[879],[880],[881],[884],[885],[886],[890],[893],[894],[895]]","[[856,729,804,825,830,861,863,864,876,878,882,888,889,893],[828,697,708,719,745,747,774,800,805,819,823,840],[753,769],[703],[713],[772],[776],[798],[803],[810],[811],[857],[858],[859],[862],[865],[866],[867],[868],[869],[870],[871],[872],[873],[874],[877],[879],[880],[881],[884],[885],[886],[887],[890],[894],[895]]"
698,61,3,109,148.42,97.0,94.0,0.15,103,146.23,82.0,83.0,True,61,29,8,5,0.000184,True,10.640256103359992,18.0,26,35,0.4,0.4,2,inf,2.421243,0.000795,2.422038,True,61,25,8,5,0.000151,True,8.836067068081968,15.0,3,37,0.4,0.4,2,inf,1.96473,0.000675,1.965405,"[[828,697,708,747,774,800,819,823,830,840],[856,729,804,811,861,863,869,876,878,882,888,889],[862,865,868],[776,867],[872,874],[873,887],[719,805],[703],[713],[745],[753],[769],[772],[798],[803],[810],[825],[857],[858],[859],[864],[866],[870],[871],[877],[879],[880],[881],[884],[885],[886],[890],[893],[894],[895]]","[[856,729,753,772,804,825,861,863,864,876,878,882,888,893],[697,708,747,769,774,800,819,823,828,830,840],[719,805],[703],[713],[745],[776],[798],[803],[810],[811],[857],[858],[859],[862],[865],[866],[867],[868],[869],[870],[871],[872],[873],[874],[877],[879],[880],[881],[884],[885],[886],[887],[889],[890],[894],[895]]"
698,61,4,109,148.42,97.0,94.0,0.15,113,142.98,82.0,82.5,True,61,29,8,5,0.000184,True,10.640256103359992,18.0,26,35,0.4,0.4,2,inf,2.421243,0.000795,2.422038,True,61,27,8,5,0.000181,True,9.397771991595416,21.0,24,36,0.4,0.4,2,inf,1.843642,0.000576,1.844218,"[[828,697,708,747,774,800,819,823,830,840],[856,729,804,811,861,863,869,876,878,882,888,889],[862,865,868],[776,867],[872,874],[873,887],[719,805],[703],[713],[745],[753],[769],[772],[798],[803],[810],[825],[857],[858],[859],[864],[866],[870],[871],[877],[879],[880],[881],[884],[885],[886],[890],[893],[894],[895]]","[[856,729,769,772,804,825,830,863,864,869,876,878,882,888,889,893],[774,708,747,823,828,840],[697,713,800,805],[703,819],[753,890],[719],[745],[776],[798],[803],[810],[811],[857],[858],[859],[861],[862],[865],[866],[867],[868],[870],[871],[872],[873],[874],[877],[879],[880],[881],[884],[885],[886],[887],[894],[895]]"
698,61,5,109,148.42,97.0,94.0,0.15,99,132.85,82.0,78.0,True,61,29,8,5,0.000184,True,10.640256103359992,18.0,26,35,0.4,0.4,2,inf,2.421243,0.000795,2.422038,True,61,23,8,5,0.000182,True,8.298855497728749,15.0,17,37,0.4,0.4,2,inf,2.119246,0.000716,2.119962,"[[828,697,708,747,774,800,819,823,830,840],[856,729,804,811,861,863,869,876,878,882,888,889],[862,865,868],[776,867],[872,874],[873,887],[719,805],[703],[713],[745],[753],[769],[772],[798],[803],[810],[825],[857],[858],[859],[864],[866],[870],[871],[877],[879],[880],[881],[884],[885],[886],[890],[893],[894],[895]]","[[856,804,811,861,863,864,869,876,878,882,888,889,893],[828,697,708,713,719,745,747,774,800,819,823,830,840],[753],[703],[729],[769],[772],[776],[798],[803],[805],[810],[825],[857],[858],[859],[862],[865],[866],[867],[868],[870],[871],[872],[873],[874],[877],[879],[880],[881],[884],[885],[886],[887],[890],[894],[895]]"
698,61,6,109,148.42,97.0,94.0,0.15,109,144.17,82.0,84.5,True,61,29,8,5,0.000184,True,10.640256103359992,18.0,26,35,0.4,0.4,2,inf,2.421243,0.000795,2.422038,True,61,26,8,5,0.000152,True,9.207717580318905,20.0,24,41,0.4,0.4,2,inf,1.899088,0.000694,1.899782,"[[828,697,708,747,774,800,819,823,830,840],[856,729,804,811,861,863,869,876,878,882,888,889],[862,865,868],[776,867],[872,874],[873,887],[719,805],[703],[713],[745],[753],[769],[772],[798],[803],[810],[825],[857],[858],[859],[864],[866],[870],[871],[877],[879],[880],[881],[884],[885],[886],[890],[893],[894],[895]]","[[856,729,772,804,825,830,840,861,864,869,876,878,882,889],[828,697,708,747,774,819,823],[719,805],[703],[713],[745],[753],[769],[776],[798],[803],[810],[811],[857],[858],[859],[862],[863],[865],[866],[867],[868],[870],[871],[872],[873],[874],[877],[879],[880],[881],[884],[885],[886],[887],[888],[890],[893],[894],[895],[800]]"
698,61,7,109,148.42,97.0,94.0,0.15,112,144.24,82.0,82.0,True,61,29,8,5,0.000184,True,10.640256103359992,18.0,26,35,0.4,0.4,2,inf,2.421243,0.000795,2.422038,True,61,24,8,5,0.000168,True,8.748832270144803,15.0,26,43,0.4,0.4,2,inf,2.249852,0.000663,2.250515,"[[828,697,708,747,774,800,819,823,830,840],[856,729,804,811,861,863,869,876,878,882,888,889],[862,865,868],[776,867],[872,874],[873,887],[719,805],[703],[713],[745],[753],[769],[772],[798],[803],[810],[825],[857],[858],[859],[864],[866],[870],[871],[877],[879],[880],[881],[884],[885],[886],[890],[893],[894],[895]]","[[823,697,708,747,774,800,819,828,830,840,856],[889,729,753,825,861],[869,769,811],[876,882,888],[703],[713],[719],[745],[772],[776],[798],[803],[804],[805],[810],[857],[858],[859],[862],[863],[864],[865],[866],[867],[868],[870],[871],[872],[873],[874],[877],[878],[879],[880],[881],[884],[885],[886],[887],[890],[893],[894],[895]]"
698,61,8,109,148.42,97.0,94.0,0.15,96,132.06,82.0,71.5,True,61,29,8,5,0.000184,True,10.640256103359992,18.0,26,35,0.4,0.4,2,inf,2.421243,0.000795,2.422038,True,61,23,8,5,0.000178,True,7.978068597590952,13.0,38,35,0.4,0.4,2,inf,2.389515,0.000708,2.390223,"[[828,697,708,747,774,800,819,823,830,840],[856,729,804,811,861,863,869,876,878,882,888,889],[862,865,868],[776,867],[872,874],[873,887],[719,805],[703],[713],[745],[753],[769],[772],[798],[803],[810],[825],[857],[858],[859],[864],[866],[870],[871],[877],[879],[880],[881],[884],[885],[886],[890],[893],[894],[895]]","[[856,729,804,861,863,864,869,876,878,882,888,889,893],[828,697,708,713,719,745,747,769,774,800,805,819,823,830,840],[703],[753],[772],[776],[798],[803],[810],[811],[825],[857],[858],[859],[862],[865],[866],[867],[868],[870],[871],[872],[873],[874],[877],[879],[880],[881],[884],[885],[886],[887],[890],[894],[895]]"
698,61,9,109,148.42,97.0,94.0,0.15,104,134.16,82.0,77.5,True,61,29,8,5,0.000184,True,10.640256103359992,18.0,26,35,0.4,0.4,2,inf,2.421243,0.000795,2.422038,True,61,22,8,5,0.000165,True,8.314356609993688,13.0,19,35,0.4,0.4,2,inf,2.533954,0.000668,2.534622,"[[828,697,708,747,774,800,819,823,830,840],[856,729,804,811,861,863,869,876,878,882,888,889],[862,865,868],[776,867],[872,874],[873,887],[719,805],[703],[713],[745],[753],[769],[772],[798],[803],[810],[825],[857],[858],[859],[864],[866],[870],[871],[877],[879],[880],[881],[884],[885],[886],[890],[893],[894],[895]]","[[856,729,804,811,825,861,863,864,878,882,888,893],[747,697,708,713,719,774,805,819,823,828,830,840],[753,769,889],[800,745,810],[703],[772],[776],[798],[803],[857],[858],[859],[862],[865],[866],[867],[868],[869],[870],[871],[872],[873],[874],[876],[877],[879],[880],[881],[884],[885],[886],[887],[890],[894],[895]]"
698,61,10,109,148.42,97.0,94.0,0.15,115,139.64,82.0,78.0,True,61,29,8,5,0.000184,True,10.640256103359992,18.0,26,35,0.4,0.4,2,inf,2.421243,0.000795,2.422038,True,61,26,8,5,0.000182,True,8.989071313459725,15.0,26,38,0.4,0.4,2,inf,2.031624,0.000736,2.03236,"[[828,697,708,747,774,800,819,823,830,840],[856,729,804,811,861,863,869,876,878,882,888,889],[862,865,868],[776,867],[872,874],[873,887],[719,805],[703],[713],[745],[753],[769],[772],[798],[803],[810],[825],[857],[858],[859],[864],[866],[870],[871],[877],[879],[880],[881],[884],[885],[886],[890],[893],[894],[895]]","[[828,697,708,747,753,769,774,800,819,823,830,840,856],[882,729,804,861,876,889],[811,869],[719,713,745,805],[864,825,893],[703],[772],[776],[798],[803],[810],[857],[858],[859],[862],[863],[865],[866],[867],[868],[870],[871],[872],[873],[874],[877],[878],[879],[880],[881],[884],[885],[886],[887],[888],[890],[894],[895]]"
698,61,11,109,148.42,97.0,94.0,0.15,98,130.26,82.0,74.0,True,61,29,8,5,0.000184,True,10.640256103359992,18.0,26,35,0.4,0.4,2,inf,2.421243,0.000795,2.422038,True,61,22,8,5,0.000153,True,8.071360503799134,11.0,26,33,0.4,0.4,2,inf,2.262388,0.000714,2.263102,"[[828,697,708,747,774,800,819,823,830,840],[856,729,804,811,861,863,869,876,878,882,888,889],[862,865,868],[776,867],[872,874],[873,887],[719,805],[703],[713],[745],[753],[769],[772],[798],[803],[810],[825],[857],[858],[859],[864],[866],[870],[871],[877],[879],[880],[881],[884],[885],[886],[890],[893],[894],[895]]","[[747,697,703,708,713,719,745,774,800,805,819,823,828,830,840],[861,804,825,856,863,864,869,876,878,888,889,893],[769,798,811,890],[729],[753],[772],[776],[803],[810],[857],[858],[859],[862],[865],[866],[867],[868],[870],[871],[872],[873],[874],[877],[879],[880],[881],[882],[884],[885],[886],[887],[894],[895]]"
698,61,12,109,148.42,97.0,94.0,0.15,105,137.35,82.0,78.5,True,61,29,8,5,0.000184,True,10.640256103359992,18.0,26,35,0.4,0.4,2,inf,2.421243,0.000795,2.422038,True,61,24,8,5,0.000153,True,8.493780701541004,15.0,26,44,0.4,0.4,2,inf,2.29666,0.000702,2.297362,"[[828,697,708,747,774,800,819,823,830,840],[856,729,804,811,861,863,869,876,878,882,888,889],[862,865,868],[776,867],[872,874],[873,887],[719,805],[703],[713],[745],[753],[769],[772],[798],[803],[810],[825],[857],[858],[859],[864],[866],[870],[871],[877],[879],[880],[881],[884],[885],[886],[890],[893],[894],[895]]","[[830,697,708,747,774,800,819,823,828,840,856],[863,729,804,861,878,889],[869,769,811],[703],[713],[719],[745],[772],[776],[798],[803],[805],[810],[825],[857],[858],[859],[862],[864],[865],[866],[867],[868],[870],[871],[872],[873],[874],[876],[877],[879],[880],[881],[882],[884],[885],[886],[887],[888],[890],[893],[894],[895],[753]]"
698,61,13,109,148.42,97.0,94.0,0.15,87,132.35,82.0,72.5,True,61,29,8,5,0.000184,True,10.640256103359992,18.0,26,35,0.4,0.4,2,inf,2.421243,0.000795,2.422038,True,61,19,8,5,0.000154,True,7.412025201280748,10.0,26,35,0.4,0.4,2,inf,2.925195,0.000887,2.926082,"[[828,697,708,747,774,800,819,823,830,840],[856,729,804,811,861,863,869,876,878,882,888,889],[862,865,868],[776,867],[872,874],[873,887],[719,805],[703],[713],[745],[753],[769],[772],[798],[803],[810],[825],[857],[858],[859],[864],[866],[870],[871],[877],[879],[880],[881],[884],[885],[886],[890],[893],[894],[895]]","[[747,697,708,713,719,745,774,800,805,810,819,823,828,830,840],[856,811,825,861,864,876,878,882,889,893],[769,753,798,869],[863],[703],[729],[772],[776],[803],[804],[857],[858],[859],[862],[865],[866],[867],[868],[870],[871],[872],[873],[874],[877],[879],[880],[881],[884],[885],[886],[887],[888],[890],[894],[895]]"
698,61,14,109,148.42,97.0,94.0,0.15,105,138.93,82.0,80.0,True,61,29,8,5,0.000184,True,10.640256103359992,18.0,26,35,0.4,0.4,2,inf,2.421243,0.000795,2.422038,True,61,23,8,5,0.000152,True,8.365973263320337,14.0,38,35,0.4,0.4,2,inf,2.591767,0.000885,2.592652,"[[828,697,708,747,774,800,819,823,830,840],[856,729,804,811,861,863,869,876,878,882,888,889],[862,865,868],[776,867],[872,874],[873,887],[719,805],[703],[713],[745],[753],[769],[772],[798],[803],[810],[825],[857],[858],[859],[864],[866],[870],[871],[877],[879],[880],[881],[884],[885],[886],[890],[893],[894],[895]]","[[856,729,772,811,825,861,863,864,869,876,878,882,888,893],[747,697,708,713,719,745,805,810,819,823,828,830,840],[800,774],[703],[753],[769],[776],[798],[803],[804],[857],[858],[859],[862],[865],[866],[867],[868],[870],[871],[872],[873],[874],[877],[879],[880],[881],[884],[885],[886],[887],[889],[890],[894],[895]]"
698,61,15,109,148.42,97.0,94.0,0.15,92,133.27,82.0,74.5,True,61,29,8,5,0.000184,True,10.640256103359992,18.0,26,35,0.4,0.4,2,inf,2.421243,0.000795,2.422038,True,61,22,8,5,0.000159,True,8.000668360257649,14.0,3,38,0.4,0.4,2,inf,2.488511,0.000792,2.489303,"[[828,697,708,747,774,800,819,823,830,840],[856,729,804,811,861,863,869,876,878,882,888,889],[862,865,868],[776,867],[872,874],[873,887],[719,805],[703],[713],[745],[753],[769],[772],[798],[803],[810],[825],[857],[858],[859],[864],[866],[870],[871],[877],[879],[880],[881],[884],[885],[886],[890],[893],[894],[895]]","[[828,697,708,747,769,774,800,819,823,830,840],[856,729,753,772,804,811,861,864,869,876,889],[703,880],[713,745],[719,805],[863],[776],[798],[803],[810],[825],[857],[858],[859],[862],[865],[866],[867],[868],[870],[871],[872],[873],[874],[877],[878],[879],[881],[882],[884],[885],[886],[887],[888],[890],[893],[894],[895]]"
698,61,16,109,148.42,97.0,94.0,0.15,111,135.7,82.0,76.0,True,61,29,8,5,0.000184,True,10.640256103359992,18.0,26,35,0.4,0.4,2,inf,2.421243,0.000795,2.422038,True,61,24,8,5,0.000155,True,8.541793416373778,13.0,26,39,0.4,0.4,2,inf,2.70359,0.000697,2.704287,"[[828,697,708,747,774,800,819,823,830,840],[856,729,804,811,861,863,869,876,878,882,888,889],[862,865,868],[776,867],[872,874],[873,887],[719,805],[703],[713],[745],[753],[769],[772],[798],[803],[810],[825],[857],[858],[859],[864],[866],[870],[871],[877],[879],[880],[881],[884],[885],[886],[890],[893],[894],[895]]","[[823,697,708,713,747,753,769,774,800,819,828,830,840,856],[863,804,861,876,878,888],[805,719,745,810],[811,869],[703],[729],[772],[776],[798],[803],[825],[857],[858],[859],[862],[864],[865],[866],[867],[868],[870],[871],[872],[873],[874],[877],[879],[880],[881],[882],[884],[885],[886],[887],[889],[890],[893],[894],[895]]"
698,61,17,109,148.42,97.0,94.0,0.15,105,135.69,82.0,76.5,True,61,29,8,5,0.000184,True,10.640256103359992,18.0,26,35,0.4,0.4,2,inf,2.421243,0.000795,2.422038,True,61,26,8,5,0.000178,True,8.841876120270811,13.0,26,40,0.4,0.4,2,inf,3.154708,0.000817,3.155525,"[[828,697,708,747,774,800,819,823,830,840],[856,729,804,811,861,863,869,876,878,882,888,889],[862,865,868],[776,867],[872,874],[873,887],[719,805],[703],[713],[745],[753],[769],[772],[798],[803],[810],[825],[857],[858],[859],[864],[866],[870],[871],[877],[879],[880],[881],[884],[885],[886],[890],[893],[894],[895]]","[[823,697,708,747,753,769,774,800,810,819,828,830,840,856],[719,713,745,805],[888,729,804,861,878],[811,869],[772],[776],[798],[803],[825],[857],[858],[859],[862],[863],[864],[865],[866],[867],[868],[870],[871],[872],[873],[874],[876],[877],[879],[880],[881],[882],[884],[885],[886],[887],[889],[890],[893],[894],[895],[703]]"
698,61,18,109,148.42,97.0,94.0,0.15,102,138.61,82.0,79.25,True,61,29,8,5,0.000184,True,10.640256103359992,18.0,26,35,0.4,0.4,2,inf,2.421243,0.000795,2.422038,True,61,24,8,5,0.00018,True,8.504735506342561,13.0,17,34,0.4,0.4,2,inf,2.222906,0.000872,2.223778,"[[828,697,708,747,774,800,819,823,830,840],[856,729,804,811,861,863,869,876,878,882,888,889],[862,865,868],[776,867],[872,874],[873,887],[719,805],[703],[713],[745],[753],[769],[772],[798],[803],[810],[825],[857],[858],[859],[864],[866],[870],[871],[877],[879],[880],[881],[884],[885],[886],[890],[893],[894],[895]]","[[856,729,804,811,825,861,863,864,876,878,882,888,889,893],[823,697,708,713,719,747,774,800,810,819,828,830,840],[753,769,890],[703],[745],[772],[776],[798],[803],[805],[857],[858],[859],[862],[865],[866],[867],[868],[869],[870],[871],[872],[873],[874],[877],[879],[880],[881],[884],[885],[886],[887],[894],[895]]"
698,61,19,109,148.42,97.0,94.0,0.15,107,132.89,82.0,73.5,True,61,29,8,5,0.000184,True,10.640256103359992,18.0,26,35,0.4,0.4,2,inf,2.421243,0.000795,2.422038,True,61,24,8,5,0.000177,True,8.162961842535427,14.0,2,33,0.4,0.4,2,inf,2.577943,0.000694,2.578637,"[[828,697,708,747,774,800,819,823,830,840],[856,729,804,811,861,863,869,876,878,882,888,889],[862,865,868],[776,867],[872,874],[873,887],[719,805],[703],[713],[745],[753],[769],[772],[798],[803],[810],[825],[857],[858],[859],[864],[866],[870],[871],[877],[879],[880],[881],[884],[885],[886],[890],[893],[894],[895]]","[[856,729,804,811,825,861,863,864,876,878,882,888,889,893],[823,697,713,719,745,747,774,800,805,810,819,828,830,840],[703,880],[769,869],[708],[753],[772],[776],[798],[803],[857],[858],[859],[862],[865],[866],[867],[868],[870],[871],[872],[873],[874],[877],[879],[881],[884],[885],[886],[887],[890],[894],[895]]"
698,61,20,109,148.42,97.0,94.0,0.15,99,133.2,82.0,78.5,True,61,29,8,5,0.000184,True,10.640256103359992,18.0,26,35,0.4,0.4,2,inf,2.421243,0.000795,2.422038,True,61,25,8,5,0.000151,True,8.679141502937908,14.0,26,40,0.4,0.4,2,inf,2.269294,0.000725,2.270019,"[[828,697,708,747,774,800,819,823,830,840],[856,729,804,811,861,863,869,876,878,882,888,889],[862,865,868],[776,867],[872,874],[873,887],[719,805],[703],[713],[745],[753],[769],[772],[798],[803],[810],[825],[857],[858],[859],[864],[866],[870],[871],[877],[879],[880],[881],[884],[885],[886],[890],[893],[894],[895]]","[[828,697,708,719,747,774,800,810,811,819,823,830,840,856],[876,825,863,878,882,888,889],[769,869],[713,745],[703],[729],[753],[772],[776],[798],[803],[804],[805],[857],[858],[859],[861],[862],[864],[865],[866],[867],[868],[870],[871],[872],[873],[874],[877],[879],[880],[881],[884],[885],[886],[887],[890],[893],[894],[895]]"
698,61,21,109,148.42,97.0,94.0,0.15,98,132.59,82.0,75.0,True,61,29,8,5,0.000184,True,10.640256103359992,18.0,26,35,0.4,0.4,2,inf,2.421243,0.000795,2.422038,True,61,25,8,5,0.000162,True,8.94036736575773,14.0,3,38,0.4,0.4,2,inf,2.168051,0.000674,2.168725,"[[828,697,708,747,774,800,819,823,830,840],[856,729,804,811,861,863,869,876,878,882,888,889],[862,865,868],[776,867],[872,874],[873,887],[719,805],[703],[713],[745],[753],[769],[772],[798],[803],[810],[825],[857],[858],[859],[864],[866],[870],[871],[877],[879],[880],[881],[884],[885],[886],[890],[893],[894],[895]]","[[747,697,708,774,800,805,819,823,828,830,840],[856,729,772,811,861,864,869,876,878,882,888,889,893],[753,769],[703],[713],[719],[745],[776],[798],[803],[804],[810],[825],[857],[858],[859],[862],[863],[865],[866],[867],[868],[870],[871],[872],[873],[874],[877],[879],[880],[881],[884],[885],[886],[887],[890],[894],[895]]"
698,61,22,109,148.42,97.0,94.0,0.15,108,136.13,82.0,77.0,True,61,29,8,5,0.000184,True,10.640256103359992,18.0,26,35,0.4,0.4,2,inf,2.421243,0.000795,2.422038,True,61,24,8,5,0.000158,True,8.63433925268784,14.0,26,42,0.4,0.4,2,inf,2.185056,0.000754,2.18581,"[[828,697,708,747,774,800,819,823,830,840],[856,729,804,811,861,863,869,876,878,882,888,889],[862,865,868],[776,867],[872,874],[873,887],[719,805],[703],[713],[745],[753],[769],[772],[798],[803],[810],[825],[857],[858],[859],[864],[866],[870],[871],[877],[879],[880],[881],[884],[885],[886],[890],[893],[894],[895]]","[[823,697,708,719,747,774,800,810,819,828,830,840,856],[878,863,876,882,888,889],[753,861],[713,745],[703],[729],[772],[776],[798],[803],[804],[805],[811],[825],[857],[858],[859],[862],[864],[865],[866],[867],[868],[869],[870],[871],[872],[873],[874],[877],[879],[880],[881],[884],[885],[886],[887],[890],[893],[894],[895],[769]]"
698,61,23,109,148.42,97.0,94.0,0.15,109,143.84,82.0,85.5,True,61,29,8,5,0.000184,True,10.640256103359992,18.0,26,35,0.4,0.4,2,inf,2.421243,0.000795,2.422038,True,61,24,8,5,0.000157,True,8.518806311487253,15.0,26,40,0.4,0.4,2,inf,2.240362,0.000744,2.241106,"[[828,697,708,747,774,800,819,823,830,840],[856,729,804,811,861,863,869,876,878,882,888,889],[862,865,868],[776,867],[872,874],[873,887],[719,805],[703],[713],[745],[753],[769],[772],[798],[803],[810],[825],[857],[858],[859],[864],[866],[870],[871],[877],[879],[880],[881],[884],[885],[886],[890],[893],[894],[895]]","[[819,697,708,747,774,800,823,828,830,840,856],[889,729,861,863,876,878,888],[719,713,745,805],[869,769,811],[753],[703],[772],[776],[798],[803],[804],[810],[825],[857],[858],[859],[862],[864],[865],[866],[867],[868],[870],[871],[872],[873],[874],[877],[879],[880],[881],[882],[884],[885],[886],[887],[890],[893],[894],[895]]"
698,61,24,109,148.42,97.0,94.0,0.15,117,145.19,82.0,85.5,True,61,29,8,5,0.000184,True,10.640256103359992,18.0,26,35,0.4,0.4,2,inf,2.421243,0.000795,2.422038,True,61,26,8,5,0.000152,True,9.274364554838913,16.0,19,33,0.4,0.4,2,inf,2.846458,0.000924,2.847382,"[[828,697,708,747,774,800,819,823,830,840],[856,729,804,811,861,863,869,876,878,882,888,889],[862,865,868],[776,867],[872,874],[873,887],[719,805],[703],[713],[745],[753],[769],[772],[798],[803],[810],[825],[857],[858],[859],[864],[866],[870],[871],[877],[879],[880],[881],[884],[885],[886],[890],[893],[894],[895]]","[[856,729,753,811,825,861,863,864,869,876,878,882,888,889,893],[747,697,713,719,745,774,800,805,810,819,823,828,830,840],[769,890],[703],[708],[772],[776],[798],[803],[804],[857],[858],[859],[862],[865],[866],[867],[868],[870],[871],[872],[873],[874],[877],[879],[880],[881],[884],[885],[886],[887],[894],[895]]"
698,61,25,109,148.42,97.0,94.0,0.15,94,133.53,82.0,76.5,True,61,29,8,5,0.000184,True,10.640256103359992,18.0,26,35,0.4,0.4,2,inf,2.421243,0.000795,2.422038,True,61,25,8,5,0.000158,True,8.682250337048808,15.0,19,33,0.4,0.4,2,inf,2.797317,0.000676,2.797993,"[[828,697,708,747,774,800,819,823,830,840],[856,729,804,811,861,863,869,876,878,882,888,889],[862,865,868],[776,867],[872,874],[873,887],[719,805],[703],[713],[745],[753],[769],[772],[798],[803],[810],[825],[857],[858],[859],[864],[866],[870],[871],[877],[879],[880],[881],[884],[885],[886],[890],[893],[894],[895]]","[[856,729,753,804,811,825,861,863,864,869,876,882,888,889,893],[823,697,708,747,774,800,819,828,830,840],[769,890],[810,713,719,745,805],[703],[772],[776],[798],[803],[857],[858],[859],[862],[865],[866],[867],[868],[870],[871],[872],[873],[874],[877],[878],[879],[880],[881],[884],[885],[886],[887],[894],[895]]"
698,61,26,109,148.42,97.0,94.0,0.15,107,140.12,82.0,77.5,True,61,29,8,5,0.000184,True,10.640256103359992,18.0,26,35,0.4,0.4,2,inf,2.421243,0.000795,2.422038,True,61,24,8,5,0.000166,True,8.610703983822257,14.0,26,39,0.4,0.4,2,inf,2.721804,0.000706,2.72251,"[[828,697,708,747,774,800,819,823,830,840],[856,729,804,811,861,863,869,876,878,882,888,889],[862,865,868],[776,867],[872,874],[873,887],[719,805],[703],[713],[745],[753],[769],[772],[798],[803],[810],[825],[857],[858],[859],[864],[866],[870],[871],[877],[879],[880],[881],[884],[885],[886],[890],[893],[894],[895]]","[[708,697,747,753,769,774,800,819,823,828,830,840,856],[861,729,863,876,878,889],[719,713,805],[864,825,893],[869,811],[810],[703],[745],[772],[776],[798],[803],[804],[857],[858],[859],[862],[865],[866],[867],[868],[870],[871],[872],[873],[874],[877],[879],[880],[881],[882],[884],[885],[886],[887],[888],[890],[894],[895]]"
698,61,27,109,148.42,97.0,94.0,0.15,114,146.11,82.0,86.5,True,61,29,8,5,0.000184,True,10.640256103359992,18.0,26,35,0.4,0.4,2,inf,2.421243,0.000795,2.422038,True,61,26,8,5,0.00019,True,9.048899330112393,16.0,26,41,0.4,0.4,2,inf,2.340804,0.000711,2.341515,"[[828,697,708,747,774,800,819,823,830,840],[856,729,804,811,861,863,869,876,878,882,888,889],[862,865,868],[776,867],[872,874],[873,887],[719,805],[703],[713],[745],[753],[769],[772],[798],[803],[810],[825],[857],[858],[859],[864],[866],[870],[871],[877],[879],[880],[881],[884],[885],[886],[890],[893],[894],[895]]","[[830,697,708,747,774,800,805,819,823,828,840,856],[729,753,804,861,882,888,889],[811,769],[719,713,745],[703],[772],[776],[798],[803],[810],[825],[857],[858],[859],[862],[863],[864],[865],[866],[867],[868],[869],[870],[871],[872],[873],[874],[876],[877],[878],[879],[880],[881],[884],[885],[886],[887],[890],[893],[894],[895]]"
698,61,28,109,148.42,97.0,94.0,0.15,114,139.61,82.0,81.0,True,61,29,8,5,0.000184,True,10.640256103359992,18.0,26,35,0.4,0.4,2,inf,2.421243,0.000795,2.422038,True,61,24,8,5,0.000159,True,8.483234647584071,12.0,20,32,0.4,0.4,2,inf,2.273369,0.000684,2.274053,"[[828,697,708,747,774,800,819,823,830,840],[856,729,804,811,861,863,869,876,878,882,888,889],[862,865,868],[776,867],[872,874],[873,887],[719,805],[703],[713],[745],[753],[769],[772],[798],[803],[810],[825],[857],[858],[859],[864],[866],[870],[871],[877],[879],[880],[881],[884],[885],[886],[890],[893],[894],[895]]","[[856,729,804,825,861,863,864,876,878,882,888,889,893],[747,697,708,713,719,745,774,800,805,810,823,828,830,840],[769,798,811,869,890],[703],[753],[772],[776],[803],[857],[858],[859],[862],[865],[866],[867],[868],[870],[871],[872],[873],[874],[877],[879],[880],[881],[884],[885],[886],[887],[894],[895],[819]]"
698,61,29,109,148.42,97.0,94.0,0.15,101,139.57,82.0,80.5,True,61,29,8,5,0.000184,True,10.640256103359992,18.0,26,35,0.4,0.4,2,inf,2.421243,0.000795,2.422038,True,61,27,8,5,0.000155,True,9.37342793991261,16.0,17,38,0.4,0.4,2,inf,2.192951,0.000626,2.193577,"[[828,697,708,747,774,800,819,823,830,840],[856,729,804,811,861,863,869,876,878,882,888,889],[862,865,868],[776,867],[872,874],[873,887],[719,805],[703],[713],[745],[753],[769],[772],[798],[803],[810],[825],[857],[858],[859],[864],[866],[870],[871],[877],[879],[880],[881],[884],[885],[886],[890],[893],[894],[895]]","[[856,729,811,825,861,863,864,869,876,878,882,888,889,893],[697,708,747,774,800,819,823,828,830,840],[753,769],[703],[713],[719],[745],[772],[776],[798],[803],[804],[805],[810],[857],[858],[859],[862],[865],[866],[867],[868],[870],[871],[872],[873],[874],[877],[879],[880],[881],[884],[885],[886],[887],[890],[894],[895]]"
698,61,30,109,148.42,97.0,94.0,0.15,108,135.75,82.0,78.0,True,61,29,8,5,0.000184,True,10.640256103359992,18.0,26,35,0.4,0.4,2,inf,2.421243,0.000795,2.422038,True,61,22,8,5,0.000152,True,8.130832596445881,15.0,17,38,0.4,0.4,2,inf,3.060841,0.000973,3.061814,"[[828,697,708,747,774,800,819,823,830,840],[856,729,804,811,861,863,869,876,878,882,888,889],[862,865,868],[776,867],[872,874],[873,887],[719,805],[703],[713],[745],[753],[769],[772],[798],[803],[810],[825],[857],[858],[859],[864],[866],[870],[871],[877],[879],[880],[881],[884],[885],[886],[890],[893],[894],[895]]","[[823,697,708,719,747,774,800,810,819,828,830,840],[889,729,753,825,856,861,863,869,876,878,882,888],[769,811],[703],[713],[745],[772],[776],[798],[803],[804],[805],[857],[858],[859],[862],[864],[865],[866],[867],[868],[870],[871],[872],[873],[874],[877],[879],[880],[881],[884],[885],[886],[887],[890],[893],[894],[895]]"
698,61,1,109,148.42,97.0,94.0,0.25,101,132.58,72.0,74.0,True,61,29,8,5,0.000184,True,10.640256103359992,18.0,26,35,0.4,0.4,2,inf,2.421243,0.000795,2.422038,True,61,26,8,5,0.000172,True,8.48733950736118,16.0,25,37,0.4,0.4,2,inf,2.368754,0.00071,2.369464,"[[828,697,708,747,774,800,819,823,830,840],[856,729,804,811,861,863,869,876,878,882,888,889],[862,865,868],[776,867],[872,874],[873,887],[719,805],[703],[713],[745],[753],[769],[772],[798],[803],[810],[825],[857],[858],[859],[864],[866],[870],[871],[877],[879],[880],[881],[884],[885],[886],[890],[893],[894],[895]]","[[856,729,772,804,825,840,861,863,864,869,876,878,882,888,889],[823,697,708,713,747,774,819,828,830],[769,811],[800,810],[703],[745],[753],[776],[798],[803],[805],[857],[858],[859],[862],[865],[866],[867],[868],[870],[871],[872],[873],[874],[877],[879],[880],[881],[884],[885],[886],[887],[890],[893],[894],[895],[719]]"
698,61,2,109,148.42,97.0,94.0,0.25,102,129.8,72.0,73.5,True,61,29,8,5,0.000184,True,10.640256103359992,18.0,26,35,0.4,0.4,2,inf,2.421243,0.000795,2.422038,True,61,24,8,5,0.00015,True,7.9961055181976315,14.0,17,37,0.4,0.4,2,inf,2.555252,0.00068,2.555932,"[[828,697,708,747,774,800,819,823,830,840],[856,729,804,811,861,863,869,876,878,882,888,889],[862,865,868],[776,867],[872,874],[873,887],[719,805],[703],[713],[745],[753],[769],[772],[798],[803],[810],[825],[857],[858],[859],[864],[866],[870],[871],[877],[879],[880],[881],[884],[885],[886],[890],[893],[894],[895]]","[[856,729,804,825,861,863,864,876,878,882,888,889,893],[828,697,708,719,747,769,774,800,819,823,830,840],[811,869],[703],[713],[745],[753],[772],[776],[798],[803],[805],[810],[857],[858],[859],[862],[865],[866],[867],[868],[870],[871],[872],[873],[874],[877],[879],[880],[881],[884],[885],[886],[887],[890],[894],[895]]"
698,61,3,109,148.42,97.0,94.0,0.25,96,130.65,72.0,71.5,True,61,29,8,5,0.000184,True,10.640256103359992,18.0,26,35,0.4,0.4,2,inf,2.421243,0.000795,2.422038,True,61,23,8,5,0.000156,True,7.668458882082068,13.0,1,35,0.4,0.4,2,inf,2.207561,0.000688,2.208249,"[[828,697,708,747,774,800,819,823,830,840],[856,729,804,811,861,863,869,876,878,882,888,889],[862,865,868],[776,867],[872,874],[873,887],[719,805],[703],[713],[745],[753],[769],[772],[798],[803],[810],[825],[857],[858],[859],[864],[866],[870],[871],[877],[879],[880],[881],[884],[885],[886],[890],[893],[894],[895]]","[[856,703,729,753,772,804,811,825,861,863,864,876,878,882,888],[828,697,708,747,769,774,819,823,830,840],[805,713,719,800],[745],[776],[798],[803],[810],[857],[858],[859],[862],[865],[866],[867],[868],[869],[870],[871],[872],[873],[874],[877],[879],[880],[881],[884],[885],[886],[887],[889],[890],[893],[894],[895]]"
698,61,4,109,148.42,97.0,94.0,0.25,98,131.36,72.0,71.5,True,61,29,8,5,0.000184,True,10.640256103359992,18.0,26,35,0.4,0.4,2,inf,2.421243,0.000795,2.422038,True,61,25,8,5,0.000155,True,8.223104240484394,14.0,9,32,0.4,0.4,2,inf,1.985356,0.000825,1.986181,"[[828,697,708,747,774,800,819,823,830,840],[856,729,804,811,861,863,869,876,878,882,888,889],[862,865,868],[776,867],[872,874],[873,887],[719,805],[703],[713],[745],[753],[769],[772],[798],[803],[810],[825],[857],[858],[859],[864],[866],[870],[871],[877],[879],[880],[881],[884],[885],[886],[890],[893],[894],[895]]","[[856,729,753,769,804,825,863,864,869,876,878,882,888,889,893],[823,697,708,713,719,745,747,774,800,805,810,828,830,840],[811,890],[703,819],[772],[776],[798],[803],[857],[858],[859],[861],[862],[865],[866],[867],[868],[870],[871],[872],[873],[874],[877],[879],[880],[881],[884],[885],[886],[887],[894],[895]]"
698,61,5,109,148.42,97.0,94.0,0.25,95,119.64,72.0,63.5,True,61,29,8,5,0.000184,True,10.640256103359992,18.0,26,35,0.4,0.4,2,inf,2.421243,0.000795,2.422038,True,61,20,8,5,0.000184,True,6.98644592124137,10.0,38,39,0.4,0.4,2,inf,2.145036,0.000954,2.14599,"[[828,697,708,747,774,800,819,823,830,840],[856,729,804,811,861,863,869,876,878,882,888,889],[862,865,868],[776,867],[872,874],[873,887],[719,805],[703],[713],[745],[753],[769],[772],[798],[803],[810],[825],[857],[858],[859],[864],[866],[870],[871],[877],[879],[880],[881],[884],[885],[886],[890],[893],[894],[895]]","[[856,804,811,861,863,864,869,878,882,888,889,893],[828,697,708,713,719,747,774,800,805,819,823,830],[703],[729],[745],[753],[769],[772],[776],[798],[803],[810],[825],[857],[858],[859],[862],[865],[866],[867],[868],[870],[871],[872],[873],[874],[876],[877],[879],[880],[881],[884],[885],[886],[887],[890],[894],[895],[840]]"
698,61,6,109,148.42,97.0,94.0,0.25,103,131.52,72.0,73.5,True,61,29,8,5,0.000184,True,10.640256103359992,18.0,26,35,0.4,0.4,2,inf,2.421243,0.000795,2.422038,True,61,22,8,5,0.000156,True,7.421425240104449,11.0,17,40,0.4,0.4,2,inf,2.155786,0.000811,2.156597,"[[828,697,708,747,774,800,819,823,830,840],[856,729,804,811,861,863,869,876,878,882,888,889],[862,865,868],[776,867],[872,874],[873,887],[719,805],[703],[713],[745],[753],[769],[772],[798],[803],[810],[825],[857],[858],[859],[864],[866],[870],[871],[877],[879],[880],[881],[884],[885],[886],[890],[893],[894],[895]]","[[697,708,719,747,753,774,800,810,819,823,825,828,830,840,856],[729,861,882,888,889],[745,805],[713,772],[870,881],[703],[769],[776],[798],[803],[804],[811],[857],[858],[859],[862],[863],[864],[865],[866],[867],[868],[869],[871],[872],[873],[874],[876],[877],[878],[879],[880],[884],[885],[886],[887],[890],[893],[894],[895]]"
698,61,7,109,148.42,97.0,94.0,0.25,110,131.1,72.0,70.5,True,61,29,8,5,0.000184,True,10.640256103359992,18.0,26,35,0.4,0.4,2,inf,2.421243,0.000795,2.422038,True,61,22,8,5,0.000182,True,7.611485983556396,14.0,9,34,0.4,0.4,2,inf,2.446088,0.000703,2.446791,"[[828,697,708,747,774,800,819,823,830,840],[856,729,804,811,861,863,869,876,878,882,888,889],[862,865,868],[776,867],[872,874],[873,887],[719,805],[703],[713],[745],[753],[769],[772],[798],[803],[810],[825],[857],[858],[859],[864],[866],[870],[871],[877],[879],[880],[881],[884],[885],[886],[890],[893],[894],[895]]","[[856,703,729,769,772,811,825,861,869,876,878,882,888,889,893],[747,708,713,719,745,800,805,810,819,823,828,830,840],[753,890],[774],[776],[798],[803],[804],[857],[858],[859],[862],[863],[864],[865],[866],[867],[868],[870],[871],[872],[873],[874],[877],[879],[880],[881],[884],[885],[886],[887],[894],[895],[697]]"
698,61,8,109,148.42,97.0,94.0,0.25,91,117.08,72.0,58.0,True,61,29,8,5,0.000184,True,10.640256103359992,18.0,26,35,0.4,0.4,2,inf,2.421243,0.000795,2.422038,True,61,17,8,5,0.000152,True,5.814203057239649,11.0,4,39,0.4,0.4,2,inf,2.292818,0.000748,2.293566,"[[828,697,708,747,774,800,819,823,830,840],[856,729,804,811,861,863,869,876,878,882,888,889],[862,865,868],[776,867],[872,874],[873,887],[719,805],[703],[713],[745],[753],[769],[772],[798],[803],[810],[825],[857],[858],[859],[864],[866],[870],[871],[877],[879],[880],[881],[884],[885],[886],[890],[893],[894],[895]]","[[819,697,708,713,747,774,805,823,828,830,840],[804,856,861,869,876,878,882,888,889],[810,719,745,800],[729,753],[703],[769],[772],[776],[798],[803],[811],[825],[857],[858],[859],[862],[863],[864],[865],[866],[867],[868],[870],[871],[872],[873],[874],[877],[879],[880],[881],[884],[885],[886],[887],[890],[893],[894],[895]]"
698,61,9,109,148.42,97.0,94.0,0.25,97,121.21,72.0,69.5,True,61,29,8,5,0.000184,True,10.640256103359992,18.0,26,35,0.4,0.4,2,inf,2.421243,0.000795,2.422038,True,61,20,8,5,0.000181,True,7.27644787647054,12.0,19,37,0.4,0.4,2,inf,2.399039,0.000682,2.399721,"[[828,697,708,747,774,800,819,823,830,840],[856,729,804,811,861,863,869,876,878,882,888,889],[862,865,868],[776,867],[872,874],[873,887],[719,805],[703],[713],[745],[753],[769],[772],[798],[803],[810],[825],[857],[858],[859],[864],[866],[870],[871],[877],[879],[880],[881],[884],[885],[886],[890],[893],[894],[895]]","[[828,697,708,713,719,745,747,774,800,805,819,823,830,840],[856,729,804,811,825,861,863,864,878,882,888],[753,889],[703],[769],[772],[776],[798],[803],[810],[857],[858],[859],[862],[865],[866],[867],[868],[869],[870],[871],[872],[873],[874],[876],[877],[879],[880],[881],[884],[885],[886],[887],[890],[893],[894],[895]]"
698,61,10,109,148.42,97.0,94.0,0.25,101,121.63,72.0,67.5,True,61,29,8,5,0.000184,True,10.640256103359992,18.0,26,35,0.4,0.4,2,inf,2.421243,0.000795,2.422038,True,61,23,8,5,0.000182,True,7.985430380973584,12.0,10,36,0.4,0.4,2,inf,3.467637,0.000761,3.468398,"[[828,697,708,747,774,800,819,823,830,840],[856,729,804,811,861,863,869,876,878,882,888,889],[862,865,868],[776,867],[872,874],[873,887],[719,805],[703],[713],[745],[753],[769],[772],[798],[803],[810],[825],[857],[858],[859],[864],[866],[870],[871],[877],[879],[880],[881],[884],[885],[886],[890],[893],[894],[895]]","[[747,697,708,769,774,800,805,810,819,823,828,830,840],[856,729,772,804,825,861,864,869,876,882,889,893],[713,719],[753,890],[703],[745],[776],[798],[803],[811],[857],[858],[859],[862],[863],[865],[866],[867],[868],[870],[871],[872],[873],[874],[877],[878],[879],[880],[881],[884],[885],[886],[887],[888],[894],[895]]"
698,61,11,109,148.42,97.0,94.0,0.25,91,118.94,72.0,59.5,True,61,29,8,5,0.000184,True,10.640256103359992,18.0,26,35,0.4,0.4,2,inf,2.421243,0.000795,2.422038,True,61,21,8,5,0.000178,True,7.196339221814956,12.0,10,32,0.4,0.4,2,inf,2.63183,0.000725,2.632555,"[[828,697,708,747,774,800,819,823,830,840],[856,729,804,811,861,863,869,876,878,882,888,889],[862,865,868],[776,867],[872,874],[873,887],[719,805],[703],[713],[745],[753],[769],[772],[798],[803],[810],[825],[857],[858],[859],[864],[866],[870],[871],[877],[879],[880],[881],[884],[885],[886],[890],[893],[894],[895]]","[[856,772,804,825,861,863,864,869,876,878,888,889,893],[747,697,708,713,745,774,800,803,805,819,823,828,830,840,880],[769,753,798,811],[703],[719],[729],[776],[810],[857],[858],[859],[862],[865],[866],[867],[868],[870],[871],[872],[873],[874],[877],[879],[881],[882],[884],[885],[886],[887],[890],[894],[895]]"
698,61,12,109,148.42,97.0,94.0,0.25,94,125.92,72.0,67.0,True,61,29,8,5,0.000184,True,10.640256103359992,18.0,26,35,0.4,0.4,2,inf,2.421243,0.000795,2.422038,True,61,24,8,5,0.00015,True,7.751903018875736,12.0,10,40,0.4,0.4,2,inf,2.48912,0.000721,2.489841,"[[828,697,708,747,774,800,819,823,830,840],[856,729,804,811,861,863,869,876,878,882,888,889],[862,865,868],[776,867],[872,874],[873,887],[719,805],[703],[713],[745],[753],[769],[772],[798],[803],[810],[825],[857],[858],[859],[864],[866],[870],[871],[877],[879],[880],[881],[884],[885],[886],[890],[893],[894],[895]]","[[830,697,747,774,800,819,823,828,840],[856,708,729,753,769,772,804,811,825,861,863,869,878,889],[703],[713],[719],[745],[776],[798],[803],[805],[810],[857],[858],[859],[862],[864],[865],[866],[867],[868],[870],[871],[872],[873],[874],[876],[877],[879],[880],[881],[882],[884],[885],[886],[887],[890],[893],[894],[895],[888]]"
698,61,13,109,148.42,97.0,94.0,0.25,79,119.46,72.0,64.5,True,61,29,8,5,0.000184,True,10.640256103359992,18.0,26,35,0.4,0.4,2,inf,2.421243,0.000795,2.422038,True,61,17,8,5,0.000154,True,6.700743279527327,9.0,26,36,0.4,0.4,2,inf,2.838303,0.000865,2.839168,"[[828,697,708,747,774,800,819,823,830,840],[856,729,804,811,861,863,869,876,878,882,888,889],[862,865,868],[776,867],[872,874],[873,887],[719,805],[703],[713],[745],[753],[769],[772],[798],[803],[810],[825],[857],[858],[859],[864],[866],[870],[871],[877],[879],[880],[881],[884],[885],[886],[890],[893],[894],[895]]","[[774,697,708,713,719,745,747,800,805,819,823,828,830,840],[856,811,825,861,864,876,878,889,893],[769,753,798,869],[880,703],[729],[772],[776],[803],[804],[810],[857],[858],[859],[862],[863],[865],[866],[867],[868],[870],[871],[872],[873],[874],[877],[879],[881],[882],[884],[885],[886],[887],[888],[890],[894],[895]]"
698,61,14,109,148.42,97.0,94.0,0.25,104,127.08,72.0,71.0,True,61,29,8,5,0.000184,True,10.640256103359992,18.0,26,35,0.4,0.4,2,inf,2.421243,0.000795,2.422038,True,61,21,8,5,0.000152,True,7.486359787624397,11.0,11,34,0.4,0.4,2,inf,2.989541,0.000863,2.990404,"[[828,697,708,747,774,800,819,823,830,840],[856,729,804,811,861,863,869,876,878,882,888,889],[862,865,868],[776,867],[872,874],[873,887],[719,805],[703],[713],[745],[753],[769],[772],[798],[803],[810],[825],[857],[858],[859],[864],[866],[870],[871],[877],[879],[880],[881],[884],[885],[886],[890],[893],[894],[895]]","[[856,729,825,861,863,864,869,876,878,882,888,893],[747,697,708,713,719,745,805,810,819,828,830,840],[769,753,798,811],[800,774,823],[703],[772],[776],[803],[804],[857],[858],[859],[862],[865],[866],[867],[868],[870],[871],[872],[873],[874],[877],[879],[880],[881],[884],[885],[886],[887],[889],[890],[894],[895]]"
698,61,15,109,148.42,97.0,94.0,0.25,96,122.9,72.0,68.5,True,61,29,8,5,0.000184,True,10.640256103359992,18.0,26,35,0.4,0.4,2,inf,2.421243,0.000795,2.422038,True,61,20,8,5,0.00016,True,7.151372244949698,13.0,3,41,0.4,0.4,2,inf,3.019042,0.000843,3.019885,"[[828,697,708,747,774,800,819,823,830,840],[856,729,804,811,861,863,869,876,878,882,888,889],[862,865,868],[776,867],[872,874],[873,887],[719,805],[703],[713],[745],[753],[769],[772],[798],[803],[810],[825],[857],[858],[859],[864],[866],[870],[871],[877],[879],[880],[881],[884],[885],[886],[890],[893],[894],[895]]","[[697,708,747,753,769,774,800,819,823,828,830,840,856],[889,804,861,863,876],[719,703,713,805],[811,869],[729],[745],[772],[776],[798],[803],[810],[825],[857],[858],[859],[862],[865],[866],[867],[868],[870],[871],[872],[873],[874],[877],[878],[879],[880],[881],[882],[884],[885],[886],[887],[888],[890],[893],[894],[895],[864]]"
698,61,16,109,148.42,97.0,94.0,0.25,100,123.97,72.0,67.5,True,61,29,8,5,0.000184,True,10.640256103359992,18.0,26,35,0.4,0.4,2,inf,2.421243,0.000795,2.422038,True,61,23,8,5,0.000151,True,7.708490888307784,11.0,4,38,0.4,0.4,2,inf,2.428024,0.000856,2.42888,"[[828,697,708,747,774,800,819,823,830,840],[856,729,804,811,861,863,869,876,878,882,888,889],[862,865,868],[776,867],[872,874],[873,887],[719,805],[703],[713],[745],[753],[769],[772],[798],[803],[810],[825],[857],[858],[859],[864],[866],[870],[871],[877],[879],[880],[881],[884],[885],[886],[890],[893],[894],[895]]","[[697,703,708,713,747,753,772,774,800,819,823,828,830,840,856],[805,719,745,810],[876,804,863,878,888],[811,769,869],[729],[776],[798],[803],[825],[857],[858],[859],[861],[862],[864],[865],[866],[867],[868],[870],[871],[872],[873],[874],[877],[879],[880],[881],[882],[884],[885],[886],[887],[889],[890],[893],[894],[895]]"
698,61,17,109,148.42,97.0,94.0,0.25,99,125.01,72.0,67.5,True,61,29,8,5,0.000184,True,10.640256103359992,18.0,26,35,0.4,0.4,2,inf,2.421243,0.000795,2.422038,True,61,24,8,5,0.000182,True,7.915027747184195,13.0,3,39,0.4,0.4,2,inf,2.918468,0.000864,2.919332,"[[828,697,708,747,774,800,819,823,830,840],[856,729,804,811,861,863,869,876,878,882,888,889],[862,865,868],[776,867],[872,874],[873,887],[719,805],[703],[713],[745],[753],[769],[772],[798],[803],[810],[825],[857],[858],[859],[864],[866],[870],[871],[877],[879],[880],[881],[884],[885],[886],[890],[893],[894],[895]]","[[708,697,703,747,772,774,800,805,810,811,819,823,828,830,840,856],[861,729,878,888],[713,719],[769,869],[803,880],[886,889],[745],[753],[776],[798],[804],[825],[857],[858],[859],[862],[863],[864],[865],[866],[867],[868],[870],[871],[872],[873],[874],[876],[877],[879],[881],[882],[884],[885],[887],[890],[893],[894],[895]]"
698,61,18,109,148.42,97.0,94.0,0.25,103,125.86,72.0,67.0,True,61,29,8,5,0.000184,True,10.640256103359992,18.0,26,35,0.4,0.4,2,inf,2.421243,0.000795,2.422038,True,61,23,8,5,0.000153,True,7.726766907998662,11.0,9,36,0.4,0.4,2,inf,3.226816,0.000837,3.227653,"[[828,697,708,747,774,800,819,823,830,840],[856,729,804,811,861,863,869,876,878,882,888,889],[862,865,868],[776,867],[872,874],[873,887],[719,805],[703],[713],[745],[753],[769],[772],[798],[803],[810],[825],[857],[858],[859],[864],[866],[870],[871],[877],[879],[880],[881],[884],[885],[886],[890],[893],[894],[895]]","[[856,729,811,825,861,863,864,876,878,882,888,889,893],[823,697,708,713,719,747,774,800,805,810,819,828,830,840],[703],[745],[753],[772],[776],[798],[803],[804],[857],[858],[859],[862],[865],[866],[867],[868],[869],[870],[871],[872],[873],[874],[877],[879],[880],[881],[884],[885],[886],[887],[890],[894],[895],[769]]"
698,61,19,109,148.42,97.0,94.0,0.25,100,123.72,72.0,66.75,True,61,29,8,5,0.000184,True,10.640256103359992,18.0,26,35,0.4,0.4,2,inf,2.421243,0.000795,2.422038,True,61,21,8,5,0.000162,True,7.027449639351714,12.0,19,32,0.4,0.4,2,inf,3.286499,0.000689,3.287188,"[[828,697,708,747,774,800,819,823,830,840],[856,729,804,811,861,863,869,876,878,882,888,889],[862,865,868],[776,867],[872,874],[873,887],[719,805],[703],[713],[745],[753],[769],[772],[798],[803],[810],[825],[857],[858],[859],[864],[866],[870],[871],[877],[879],[880],[881],[884],[885],[886],[890],[893],[894],[895]]","[[856,729,811,825,861,863,864,869,876,878,882,888,889,893],[823,697,708,713,719,745,747,774,800,805,810,819,828,830,840],[703,880],[753,890],[769],[772],[776],[798],[803],[804],[857],[858],[859],[862],[865],[866],[867],[868],[870],[871],[872],[873],[874],[877],[879],[881],[884],[885],[886],[887],[894],[895]]"
698,61,20,109,148.42,97.0,94.0,0.25,95,122.41,72.0,63.5,True,61,29,8,5,0.000184,True,10.640256103359992,18.0,26,35,0.4,0.4,2,inf,2.421243,0.000795,2.422038,True,61,23,8,5,0.000179,True,7.651384338561323,13.0,26,40,0.4,0.4,2,inf,3.391216,0.000719,3.391935,"[[828,697,708,747,774,800,819,823,830,840],[856,729,804,811,861,863,869,876,878,882,888,889],[862,865,868],[776,867],[872,874],[873,887],[719,805],[703],[713],[745],[753],[769],[772],[798],[803],[810],[825],[857],[858],[859],[864],[866],[870],[871],[877],[879],[880],[881],[884],[885],[886],[890],[893],[894],[895]]","[[823,697,708,719,747,753,774,800,810,819,828,830,840,856],[878,863,876,888,889],[825,864],[769,869],[805,713,880],[811],[703],[729],[745],[772],[776],[798],[803],[804],[857],[858],[859],[861],[862],[865],[866],[867],[868],[870],[871],[872],[873],[874],[877],[879],[881],[882],[884],[885],[886],[887],[890],[893],[894],[895]]"
698,61,21,109,148.42,97.0,94.0,0.25,97,126.34,72.0,66.0,True,61,29,8,5,0.000184,True,10.640256103359992,18.0,26,35,0.4,0.4,2,inf,2.421243,0.000795,2.422038,True,61,23,8,5,0.000154,True,7.989949261434856,14.0,1,37,0.4,0.4,2,inf,2.879141,0.000839,2.87998,"[[828,697,708,747,774,800,819,823,830,840],[856,729,804,811,861,863,869,876,878,882,888,889],[862,865,868],[776,867],[872,874],[873,887],[719,805],[703],[713],[745],[753],[769],[772],[798],[803],[810],[825],[857],[858],[859],[864],[866],[870],[871],[877],[879],[880],[881],[884],[885],[886],[890],[893],[894],[895]]","[[747,697,708,774,800,805,819,823,828,830,840],[856,703,729,772,811,825,864,869,876,878,882,888,889,893],[719,745],[713],[753],[776],[798],[803],[804],[810],[857],[858],[859],[861],[862],[863],[865],[866],[867],[868],[870],[871],[872],[873],[874],[877],[879],[880],[881],[884],[885],[886],[887],[890],[894],[895],[769]]"
698,61,22,109,148.42,97.0,94.0,0.25,109,129.91,72.0,69.0,True,61,29,8,5,0.000184,True,10.640256103359992,18.0,26,35,0.4,0.4,2,inf,2.421243,0.000795,2.422038,True,61,23,8,5,0.000152,True,7.960423043357136,17.0,26,38,0.4,0.4,2,inf,3.957072,0.000905,3.957977,"[[828,697,708,747,774,800,819,823,830,840],[856,729,804,811,861,863,869,876,878,882,888,889],[862,865,868],[776,867],[872,874],[873,887],[719,805],[703],[713],[745],[753],[769],[772],[798],[803],[810],[825],[857],[858],[859],[864],[866],[870],[871],[877],[879],[880],[881],[884],[885],[886],[890],[893],[894],[895]]","[[830,697,708,719,747,769,774,800,810,819,823,828,840],[863,856,876,878,882,888,893],[861,729,753,804,889],[805,880],[703],[713],[745],[772],[776],[798],[803],[811],[825],[857],[858],[859],[862],[864],[865],[866],[867],[868],[869],[870],[871],[872],[873],[874],[877],[879],[881],[884],[885],[886],[887],[890],[894],[895]]"
698,61,23,109,148.42,97.0,94.0,0.25,99,131.38,72.0,71.5,True,61,29,8,5,0.000184,True,10.640256103359992,18.0,26,35,0.4,0.4,2,inf,2.421243,0.000795,2.422038,True,61,21,8,5,0.000154,True,7.091924051097731,13.0,25,37,0.4,0.4,2,inf,3.138555,0.000806,3.139361,"[[828,697,708,747,774,800,819,823,830,840],[856,729,804,811,861,863,869,876,878,882,888,889],[862,865,868],[776,867],[872,874],[873,887],[719,805],[703],[713],[745],[753],[769],[772],[798],[803],[810],[825],[857],[858],[859],[864],[866],[870],[871],[877],[879],[880],[881],[884],[885],[886],[890],[893],[894],[895]]","[[856,729,753,840,861,863,869,876,878,888,889,893],[774,708,713,719,745,747,800,805,810,819,823,828,830],[769,811],[697],[703],[772],[776],[798],[803],[804],[825],[857],[858],[859],[862],[864],[865],[866],[867],[868],[870],[871],[872],[873],[874],[877],[879],[880],[881],[882],[884],[885],[886],[887],[890],[894],[895]]"
698,61,24,109,148.42,97.0,94.0,0.25,104,132.53,72.0,72.0,True,61,29,8,5,0.000184,True,10.640256103359992,18.0,26,35,0.4,0.4,2,inf,2.421243,0.000795,2.422038,True,61,25,8,5,0.000179,True,8.340514920737796,15.0,26,38,0.4,0.4,2,inf,3.223113,0.000679,3.223792,"[[828,697,708,747,774,800,819,823,830,840],[856,729,804,811,861,863,869,876,878,882,888,889],[862,865,868],[776,867],[872,874],[873,887],[719,805],[703],[713],[745],[753],[769],[772],[798],[803],[810],[825],[857],[858],[859],[864],[866],[870],[871],[877],[879],[880],[881],[884],[885],[886],[890],[893],[894],[895]]","[[747,697,708,745,774,800,805,810,819,823,828,830,840],[876,729,753,825,856,861,863,878,882,888,889],[769,811],[703],[713],[719],[772],[776],[798],[803],[804],[857],[858],[859],[862],[864],[865],[866],[867],[868],[869],[870],[871],[872],[873],[874],[877],[879],[880],[881],[884],[885],[886],[887],[890],[893],[894],[895]]"
698,61,25,109,148.42,97.0,94.0,0.25,95,120.43,72.0,68.5,True,61,29,8,5,0.000184,True,10.640256103359992,18.0,26,35,0.4,0.4,2,inf,2.421243,0.000795,2.422038,True,61,24,8,5,0.000188,True,7.8018662864746045,14.0,19,34,0.4,0.4,2,inf,3.828369,0.000917,3.829286,"[[828,697,708,747,774,800,819,823,830,840],[856,729,804,811,861,863,869,876,878,882,888,889],[862,865,868],[776,867],[872,874],[873,887],[719,805],[703],[713],[745],[753],[769],[772],[798],[803],[810],[825],[857],[858],[859],[864],[866],[870],[871],[877],[879],[880],[881],[884],[885],[886],[890],[893],[894],[895]]","[[856,729,753,804,811,825,861,863,864,869,876,882,888,889,893],[823,697,708,713,719,747,800,805,819,828,830,840],[769,890],[745,810],[703],[772],[776],[798],[803],[857],[858],[859],[862],[865],[866],[867],[868],[870],[871],[872],[873],[874],[877],[878],[879],[880],[881],[884],[885],[886],[887],[894],[895],[774]]"
698,61,26,109,148.42,97.0,94.0,0.25,94,124.51,72.0,64.0,True,61,29,8,5,0.000184,True,10.640256103359992,18.0,26,35,0.4,0.4,2,inf,2.421243,0.000795,2.422038,True,61,18,8,5,0.000183,True,6.37707248679984,11.0,26,39,0.4,0.4,2,inf,2.39694,0.000719,2.397659,"[[828,697,708,747,774,800,819,823,830,840],[856,729,804,811,861,863,869,876,878,882,888,889],[862,865,868],[776,867],[872,874],[873,887],[719,805],[703],[713],[745],[753],[769],[772],[798],[803],[810],[825],[857],[858],[859],[864],[866],[870],[871],[877],[879],[880],[881],[884],[885],[886],[890],[893],[894],[895]]","[[823,697,708,719,747,774,800,819,828,830,840,856],[713,745,805,810],[869,769,811],[864,825,893],[878,863,876],[889,729,861],[703],[753],[772],[776],[798],[803],[804],[857],[858],[859],[862],[865],[866],[867],[868],[870],[871],[872],[873],[874],[877],[879],[880],[881],[882],[884],[885],[886],[887],[888],[890],[894],[895]]"
698,61,27,109,148.42,97.0,94.0,0.25,110,138.3,72.0,76.5,True,61,29,8,5,0.000184,True,10.640256103359992,18.0,26,35,0.4,0.4,2,inf,2.421243,0.000795,2.422038,True,61,25,8,5,0.000203,True,8.311900852426406,14.0,4,41,0.4,0.4,2,inf,2.617334,0.000839,2.618173,"[[828,697,708,747,774,800,819,823,830,840],[856,729,804,811,861,863,869,876,878,882,888,889],[862,865,868],[776,867],[872,874],[873,887],[719,805],[703],[713],[745],[753],[769],[772],[798],[803],[810],[825],[857],[858],[859],[864],[866],[870],[871],[877],[879],[880],[881],[884],[885],[886],[890],[893],[894],[895]]","[[823,697,708,747,753,774,800,805,810,819,828,830,840,856,861,882],[729,804,876,888,889],[864,893],[703],[713],[719],[745],[769],[772],[776],[798],[803],[811],[825],[857],[858],[859],[862],[863],[865],[866],[867],[868],[869],[870],[871],[872],[873],[874],[877],[878],[879],[880],[881],[884],[885],[886],[887],[890],[894],[895]]"
698,61,28,109,148.42,97.0,94.0,0.25,105,128.01,72.0,78.0,True,61,29,8,5,0.000184,True,10.640256103359992,18.0,26,35,0.4,0.4,2,inf,2.421243,0.000795,2.422038,True,61,24,8,5,0.000156,True,7.761556715666157,12.0,26,35,0.4,0.4,2,inf,2.98267,0.000902,2.983572,"[[828,697,708,747,774,800,819,823,830,840],[856,729,804,811,861,863,869,876,878,882,888,889],[862,865,868],[776,867],[872,874],[873,887],[719,805],[703],[713],[745],[753],[769],[772],[798],[803],[810],[825],[857],[858],[859],[864],[866],[870],[871],[877],[879],[880],[881],[884],[885],[886],[890],[893],[894],[895]]","[[856,729,804,825,861,863,864,876,878,882,888,889,893],[747,708,713,719,745,805,819,823,828,830,840],[769,811,869],[800,774,810],[697],[703],[753],[772],[776],[798],[803],[857],[858],[859],[862],[865],[866],[867],[868],[870],[871],[872],[873],[874],[877],[879],[880],[881],[884],[885],[886],[887],[890],[894],[895]]"
698,61,29,109,148.42,97.0,94.0,0.25,93,131.07,72.0,72.83333333333303,True,61,29,8,5,0.000184,True,10.640256103359992,18.0,26,35,0.4,0.4,2,inf,2.421243,0.000795,2.422038,True,61,24,8,5,0.000181,True,8.252254741528184,14.0,17,39,0.4,0.4,2,inf,2.383434,0.000693,2.384127,"[[828,697,708,747,774,800,819,823,830,840],[856,729,804,811,861,863,869,876,878,882,888,889],[862,865,868],[776,867],[872,874],[873,887],[719,805],[703],[713],[745],[753],[769],[772],[798],[803],[810],[825],[857],[858],[859],[864],[866],[870],[871],[877],[879],[880],[881],[884],[885],[886],[890],[893],[894],[895]]","[[697,708,747,753,800,819,823,828,830,840],[856,729,811,825,861,864,869,876,878,882,888,889],[805,713,719],[769],[703],[745],[772],[774],[776],[798],[803],[804],[810],[857],[858],[859],[862],[863],[865],[866],[867],[868],[870],[871],[872],[873],[874],[877],[879],[880],[881],[884],[885],[886],[887],[890],[893],[894],[895]]"
698,61,30,109,148.42,97.0,94.0,0.25,98,119,72.0,68.0,True,61,29,8,5,0.000184,True,10.640256103359992,18.0,26,35,0.4,0.4,2,inf,2.421243,0.000795,2.422038,True,61,19,8,5,0.000181,True,6.923270193055955,12.0,26,40,0.4,0.4,2,inf,2.004129,0.000878,2.005007,"[[828,697,708,747,774,800,819,823,830,840],[856,729,804,811,861,863,869,876,878,882,888,889],[862,865,868],[776,867],[872,874],[873,887],[719,805],[703],[713],[745],[753],[769],[772],[798],[803],[810],[825],[857],[858],[859],[864],[866],[870],[871],[877],[879],[880],[881],[884],[885],[886],[890],[893],[894],[895]]","[[708,697,719,747,774,800,819,823,828,830,840,856],[889,729,861,869,876,878,882,888],[713,805,810],[769,811],[703],[745],[753],[772],[776],[798],[803],[804],[825],[857],[858],[859],[862],[863],[864],[865],[866],[867],[868],[870],[871],[872],[873],[874],[877],[879],[880],[881],[884],[885],[886],[887],[890],[893],[894],[895]]"
698,61,1,109,148.42,97.0,94.0,0.4,87,106.85,53.0,56.0,True,61,29,8,5,0.000184,True,10.640256103359992,18.0,26,35,0.4,0.4,2,inf,2.421243,0.000795,2.422038,True,61,23,8,5,0.000181,True,6.780167819182915,12.0,26,41,0.4,0.4,2,inf,2.249165,0.000681,2.249846,"[[828,697,708,747,774,800,819,823,830,840],[856,729,804,811,861,863,869,876,878,882,888,889],[862,865,868],[776,867],[872,874],[873,887],[719,805],[703],[713],[745],[753],[769],[772],[798],[803],[810],[825],[857],[858],[859],[864],[866],[870],[871],[877],[879],[880],[881],[884],[885],[886],[890],[893],[894],[895]]","[[823,697,708,713,719,747,774,800,804,828,830,840,856,861,876],[864,825],[869,769],[819,703,753],[863,882],[745,805],[772],[729],[776],[798],[803],[810],[811],[857],[858],[859],[862],[865],[866],[867],[868],[870],[871],[872],[873],[874],[877],[878],[879],[880],[881],[884],[885],[886],[887],[888],[889],[890],[893],[894],[895]]"
698,61,2,109,148.42,97.0,94.0,0.4,90,104.98,53.0,60.0,True,61,29,8,5,0.000184,True,10.640256103359992,18.0,26,35,0.4,0.4,2,inf,2.421243,0.000795,2.422038,True,61,22,8,5,0.000182,True,6.43707683763143,10.0,25,36,0.4,0.4,2,inf,2.53868,0.000671,2.539351,"[[828,697,708,747,774,800,819,823,830,840],[856,729,804,811,861,863,869,876,878,882,888,889],[862,865,868],[776,867],[872,874],[873,887],[719,805],[703],[713],[745],[753],[769],[772],[798],[803],[810],[825],[857],[858],[859],[864],[866],[870],[871],[877],[879],[880],[881],[884],[885],[886],[890],[893],[894],[895]]","[[856,729,804,810,825,840,861,863,878,882,888,889,893],[828,697,747,774,800,819,823,830],[805,713,719,745],[769,708,753],[811,869],[703],[772],[776],[798],[803],[857],[858],[859],[862],[864],[865],[866],[867],[868],[870],[871],[872],[873],[874],[876],[877],[879],[880],[881],[884],[885],[886],[887],[890],[894],[895]]"
698,61,3,109,148.42,97.0,94.0,0.4,86,102.58,53.0,48.5,True,61,29,8,5,0.000184,True,10.640256103359992,18.0,26,35,0.4,0.4,2,inf,2.421243,0.000795,2.422038,True,61,17,8,5,0.000156,True,5.4437152861054185,11.0,8,36,0.4,0.4,2,inf,2.205001,0.000694,2.205695,"[[828,697,708,747,774,800,819,823,830,840],[856,729,804,811,861,863,869,876,878,882,888,889],[862,865,868],[776,867],[872,874],[873,887],[719,805],[703],[713],[745],[753],[769],[772],[798],[803],[810],[825],[857],[858],[859],[864],[866],[870],[871],[877],[879],[880],[881],[884],[885],[886],[890],[893],[894],[895]]","[[856,703,747,753,772,774,811,819,825,830,861,863,864,878,888],[719,697,713,745,800,805,810,823,840],[804,729,876],[828,708],[769],[776],[798],[803],[857],[858],[859],[862],[865],[866],[867],[868],[869],[870],[871],[872],[873],[874],[877],[879],[880],[881],[882],[884],[885],[886],[887],[889],[890],[893],[894],[895]]"
698,61,4,109,148.42,97.0,94.0,0.4,81,103.04,53.0,58.5,True,61,29,8,5,0.000184,True,10.640256103359992,18.0,26,35,0.4,0.4,2,inf,2.421243,0.000795,2.422038,True,61,20,8,5,0.000179,True,5.9771743846219625,10.0,9,36,0.4,0.4,2,inf,2.403719,0.000903,2.404622,"[[828,697,708,747,774,800,819,823,830,840],[856,729,804,811,861,863,869,876,878,882,888,889],[862,865,868],[776,867],[872,874],[873,887],[719,805],[703],[713],[745],[753],[769],[772],[798],[803],[810],[825],[857],[858],[859],[864],[866],[870],[871],[877],[879],[880],[881],[884],[885],[886],[890],[893],[894],[895]]","[[856,729,753,769,804,811,825,863,864,869,878,882,888,889,893],[823,713,719,747,774,805,830],[828,697,708,800,840],[745,810],[703],[772],[776],[798],[803],[819],[857],[858],[859],[861],[862],[865],[866],[867],[868],[870],[871],[872],[873],[874],[876],[877],[879],[880],[881],[884],[885],[886],[887],[890],[894],[895]]"
698,61,5,109,148.42,97.0,94.0,0.4,88,102.59,53.0,52.5,True,61,29,8,5,0.000184,True,10.640256103359992,18.0,26,35,0.4,0.4,2,inf,2.421243,0.000795,2.422038,True,61,16,8,5,0.000154,True,5.247598691338544,10.0,17,40,0.4,0.4,2,inf,3.245861,0.001105,3.246966,"[[828,697,708,747,774,800,819,823,830,840],[856,729,804,811,861,863,869,876,878,882,888,889],[862,865,868],[776,867],[872,874],[873,887],[719,805],[703],[713],[745],[753],[769],[772],[798],[803],[810],[825],[857],[858],[859],[864],[866],[870],[871],[877],[879],[880],[881],[884],[885],[886],[890],[893],[894],[895]]","[[823,697,708,713,747,774,800,828,830,840],[856,769,811,861,863,869,878,882,889,893],[719,805,819],[804,876],[729],[703],[745],[753],[772],[776],[798],[803],[810],[825],[857],[858],[859],[862],[864],[865],[866],[867],[868],[870],[871],[872],[873],[874],[877],[879],[880],[881],[884],[885],[886],[887],[888],[890],[894],[895]]"
698,61,6,109,148.42,97.0,94.0,0.4,89,106.13,53.0,55.0,True,61,29,8,5,0.000184,True,10.640256103359992,18.0,26,35,0.4,0.4,2,inf,2.421243,0.000795,2.422038,True,61,20,8,5,0.000154,True,5.971115890780073,9.0,9,42,0.4,0.4,2,inf,2.675338,0.000903,2.676241,"[[828,697,708,747,774,800,819,823,830,840],[856,729,804,811,861,863,869,876,878,882,888,889],[862,865,868],[776,867],[872,874],[873,887],[719,805],[703],[713],[745],[753],[769],[772],[798],[803],[810],[825],[857],[858],[859],[864],[866],[870],[871],[877],[879],[880],[881],[884],[885],[886],[890],[893],[894],[895]]","[[819,697,708,719,747,753,774,800,823,828,830,840,856,861,876,889],[810,745,805],[888,729],[825,864],[703],[713],[769],[772],[776],[798],[803],[804],[811],[857],[858],[859],[862],[863],[865],[866],[867],[868],[869],[870],[871],[872],[873],[874],[877],[878],[879],[880],[881],[882],[884],[885],[886],[887],[890],[893],[894],[895]]"
698,61,7,109,148.42,97.0,94.0,0.4,96,110.96,53.0,57.0,True,61,29,8,5,0.000184,True,10.640256103359992,18.0,26,35,0.4,0.4,2,inf,2.421243,0.000795,2.422038,True,61,19,8,5,0.000191,True,6.04357647862745,11.0,24,39,0.4,0.4,2,inf,2.439305,0.000681,2.439986,"[[828,697,708,747,774,800,819,823,830,840],[856,729,804,811,861,863,869,876,878,882,888,889],[862,865,868],[776,867],[872,874],[873,887],[719,805],[703],[713],[745],[753],[769],[772],[798],[803],[810],[825],[857],[858],[859],[864],[866],[870],[871],[877],[879],[880],[881],[884],[885],[886],[890],[893],[894],[895]]","[[856,729,811,825,830,861,869,876,878,882,888,889,893],[708,697,713,747,800,819,823,828,840],[753,890],[774,805],[703],[745],[769],[772],[776],[798],[803],[804],[810],[857],[858],[859],[862],[863],[864],[865],[866],[867],[868],[870],[871],[872],[873],[874],[877],[879],[880],[881],[884],[885],[886],[887],[894],[895],[719]]"
698,61,8,109,148.42,97.0,94.0,0.4,75,94.67,53.0,41.5,True,61,29,8,5,0.000184,True,10.640256103359992,18.0,26,35,0.4,0.4,2,inf,2.421243,0.000795,2.422038,True,61,16,8,5,0.000182,True,4.801490113299737,8.0,2,39,0.4,0.4,2,inf,3.008075,0.000863,3.008938,"[[828,697,708,747,774,800,819,823,830,840],[856,729,804,811,861,863,869,876,878,882,888,889],[862,865,868],[776,867],[872,874],[873,887],[719,805],[703],[713],[745],[753],[769],[772],[798],[803],[810],[825],[857],[858],[859],[864],[866],[870],[871],[877],[879],[880],[881],[884],[885],[886],[890],[893],[894],[895]]","[[856,708,753,804,861,869,876,878,882,888,889],[774,697,713,719,747,800,805,810,819,823,828,830,840],[863],[703],[729],[745],[769],[772],[776],[798],[803],[811],[825],[857],[858],[859],[862],[864],[865],[866],[867],[868],[870],[871],[872],[873],[874],[877],[879],[880],[881],[884],[885],[886],[887],[890],[893],[894],[895]]"
698,61,9,109,148.42,97.0,94.0,0.4,77,101.99,53.0,57.5,True,61,29,8,5,0.000184,True,10.640256103359992,18.0,26,35,0.4,0.4,2,inf,2.421243,0.000795,2.422038,True,61,17,8,5,0.000154,True,5.843773536319269,11.0,26,37,0.4,0.4,2,inf,3.129459,0.000814,3.130273,"[[828,697,708,747,774,800,819,823,830,840],[856,729,804,811,861,863,869,876,878,882,888,889],[862,865,868],[776,867],[872,874],[873,887],[719,805],[703],[713],[745],[753],[769],[772],[798],[803],[810],[825],[857],[858],[859],[864],[866],[870],[871],[877],[879],[880],[881],[884],[885],[886],[890],[893],[894],[895]]","[[823,708,719,747,774,805,810,819,828,830,840],[888,804,856,861,863,864,878],[697,713,745,772,800,890],[753,729,769,889],[703],[776],[798],[803],[811],[825],[857],[858],[859],[862],[865],[866],[867],[868],[869],[870],[871],[872],[873],[874],[876],[877],[879],[880],[881],[882],[884],[885],[886],[887],[893],[894],[895]]"
698,61,10,109,148.42,97.0,94.0,0.4,83,95.94,53.0,49.5,True,61,29,8,5,0.000184,True,10.640256103359992,18.0,26,35,0.4,0.4,2,inf,2.421243,0.000795,2.422038,True,61,15,8,5,0.000191,True,5.168499392560256,9.0,4,41,0.4,0.4,2,inf,2.736922,0.000739,2.737661,"[[828,697,708,747,774,800,819,823,830,840],[856,729,804,811,861,863,869,876,878,882,888,889],[862,865,868],[776,867],[872,874],[873,887],[719,805],[703],[713],[745],[753],[769],[772],[798],[803],[810],[825],[857],[858],[859],[864],[866],[870],[871],[877],[879],[880],[881],[884],[885],[886],[890],[893],[894],[895]]","[[747,697,708,713,769,774,800,805,810,819,823,828,830,840,856],[889,703,729,804,869,882,888],[719],[745],[753],[772],[776],[798],[803],[811],[825],[857],[858],[859],[861],[862],[863],[864],[865],[866],[867],[868],[870],[871],[872],[873],[874],[876],[877],[878],[879],[880],[881],[884],[885],[886],[887],[890],[893],[894],[895]]"
698,61,11,109,148.42,97.0,94.0,0.4,69,97.46,53.0,44.5,True,61,29,8,5,0.000184,True,10.640256103359992,18.0,26,35,0.4,0.4,2,inf,2.421243,0.000795,2.422038,True,61,16,8,5,0.000154,True,5.169860475353395,10.0,21,32,0.4,0.4,2,inf,2.829754,0.000827,2.830581,"[[828,697,708,747,774,800,819,823,830,840],[856,729,804,811,861,863,869,876,878,882,888,889],[862,865,868],[776,867],[872,874],[873,887],[719,805],[703],[713],[745],[753],[769],[772],[798],[803],[810],[825],[857],[858],[859],[864],[866],[870],[871],[877],[879],[880],[881],[884],[885],[886],[890],[893],[894],[895]]","[[856,703,804,823,825,861,863,864,876,878,888,889],[828,697,708,713,719,745,747,774,800,803,805,819,830,840],[769,753,798,811,869],[729,882],[772],[776],[810],[857],[858],[859],[862],[865],[866],[867],[868],[870],[871],[872],[873],[874],[877],[879],[880],[881],[884],[885],[886],[887],[890],[893],[894],[895]]"
698,61,12,109,148.42,97.0,94.0,0.4,90,104.4,53.0,51.5,True,61,29,8,5,0.000184,True,10.640256103359992,18.0,26,35,0.4,0.4,2,inf,2.421243,0.000795,2.422038,True,61,18,8,5,0.000158,True,5.68187816843034,10.0,26,42,0.4,0.4,2,inf,3.144986,0.001298,3.146284,"[[828,697,708,747,774,800,819,823,830,840],[856,729,804,811,861,863,869,876,878,882,888,889],[862,865,868],[776,867],[872,874],[873,887],[719,805],[703],[713],[745],[753],[769],[772],[798],[803],[810],[825],[857],[858],[859],[864],[866],[870],[871],[877],[879],[880],[881],[884],[885],[886],[890],[893],[894],[895]]","[[774,697,708,747,800,805,819,823,828,830,840,856,861],[729,804,863,876,878,888,889],[769,753],[703],[713],[719],[745],[772],[776],[798],[803],[810],[811],[825],[857],[858],[859],[862],[864],[865],[866],[867],[868],[869],[870],[871],[872],[873],[874],[877],[879],[880],[881],[882],[884],[885],[886],[887],[890],[893],[894],[895]]"
698,61,13,109,148.42,97.0,94.0,0.4,83,102.36,53.0,52.0,True,61,29,8,5,0.000184,True,10.640256103359992,18.0,26,35,0.4,0.4,2,inf,2.421243,0.000795,2.422038,True,61,15,8,5,0.000159,True,5.002274966616637,8.0,1,38,0.4,0.4,2,inf,2.968073,0.00083,2.968904,"[[828,697,708,747,774,800,819,823,830,840],[856,729,804,811,861,863,869,876,878,882,888,889],[862,865,868],[776,867],[872,874],[873,887],[719,805],[703],[713],[745],[753],[769],[772],[798],[803],[810],[825],[857],[858],[859],[864],[866],[870],[871],[877],[879],[880],[881],[884],[885],[886],[890],[893],[894],[895]]","[[747,697,708,713,719,745,774,800,805,819,823,828,830,840],[856,703,825,861,864,876,878,889,893],[729,753],[769,890],[772],[776],[798],[803],[804],[810],[811],[857],[858],[859],[862],[863],[865],[866],[867],[868],[869],[870],[871],[872],[873],[874],[877],[879],[880],[881],[882],[884],[885],[886],[887],[888],[894],[895]]"
698,61,14,109,148.42,97.0,94.0,0.4,87,101.48,53.0,54.0,True,61,29,8,5,0.000184,True,10.640256103359992,18.0,26,35,0.4,0.4,2,inf,2.421243,0.000795,2.422038,True,61,17,8,5,0.000162,True,5.370477430771454,10.0,17,39,0.4,0.4,2,inf,2.934007,0.000931,2.934938,"[[828,697,708,747,774,800,819,823,830,840],[856,729,804,811,861,863,869,876,878,882,888,889],[862,865,868],[776,867],[872,874],[873,887],[719,805],[703],[713],[745],[753],[769],[772],[798],[803],[810],[825],[857],[858],[859],[864],[866],[870],[871],[877],[879],[880],[881],[884],[885],[886],[890],[893],[894],[895]]","[[856,729,819,825,861,863,864,876,878,882,888],[697,708,713,719,745,747,769,800,810,823,828,830,840],[703],[753],[772],[774],[776],[798],[803],[804],[805],[811],[857],[858],[859],[862],[865],[866],[867],[868],[869],[870],[871],[872],[873],[874],[877],[879],[880],[881],[884],[885],[886],[887],[889],[890],[893],[894],[895]]"
698,61,15,109,148.42,97.0,94.0,0.4,90,107.17,53.0,54.0,True,61,29,8,5,0.000184,True,10.640256103359992,18.0,26,35,0.4,0.4,2,inf,2.421243,0.000795,2.422038,True,61,18,8,5,0.000159,True,5.992725480830615,13.0,25,39,0.4,0.4,2,inf,2.231882,0.000657,2.232539,"[[828,697,708,747,774,800,819,823,830,840],[856,729,804,811,861,863,869,876,878,882,888,889],[862,865,868],[776,867],[872,874],[873,887],[719,805],[703],[713],[745],[753],[769],[772],[798],[803],[810],[825],[857],[858],[859],[864],[866],[870],[871],[877],[879],[880],[881],[884],[885],[886],[890],[893],[894],[895]]","[[856,703,753,772,804,810,823,825,840,861,863,864,869],[697,708,747,769,800,819,828,830],[719,713,774,805],[729],[745],[776],[798],[803],[811],[857],[858],[859],[862],[865],[866],[867],[868],[870],[871],[872],[873],[874],[876],[877],[878],[879],[880],[881],[882],[884],[885],[886],[887],[888],[889],[890],[893],[894],[895]]"
698,61,16,109,148.42,97.0,94.0,0.4,81,99.73,53.0,49.5,True,61,29,8,5,0.000184,True,10.640256103359992,18.0,26,35,0.4,0.4,2,inf,2.421243,0.000795,2.422038,True,61,16,8,5,0.000172,True,5.374033572458368,10.0,26,37,0.4,0.4,2,inf,2.631462,0.00088,2.632342,"[[828,697,708,747,774,800,819,823,830,840],[856,729,804,811,861,863,869,876,878,882,888,889],[862,865,868],[776,867],[872,874],[873,887],[719,805],[703],[713],[745],[753],[769],[772],[798],[803],[810],[825],[857],[858],[859],[864],[866],[870],[871],[877],[879],[880],[881],[884],[885],[886],[890],[893],[894],[895]]","[[747,697,703,708,719,800,819,823,828,830,840],[804,774,856,863,876,878,888],[805,745,810,880],[811,769],[753,729,861,889,890],[713],[772],[776],[798],[803],[825],[857],[858],[859],[862],[864],[865],[866],[867],[868],[869],[870],[871],[872],[873],[874],[877],[879],[881],[882],[884],[885],[886],[887],[893],[894],[895]]"
698,61,17,109,148.42,97.0,94.0,0.4,79,101.06,53.0,52.5,True,61,29,8,5,0.000184,True,10.640256103359992,18.0,26,35,0.4,0.4,2,inf,2.421243,0.000795,2.422038,True,61,20,8,5,0.000164,True,5.938642363772693,10.0,0,36,0.4,0.4,2,inf,1.982515,0.000659,1.983174,"[[828,697,708,747,774,800,819,823,830,840],[856,729,804,811,861,863,869,876,878,882,888,889],[862,865,868],[776,867],[872,874],[873,887],[719,805],[703],[713],[745],[753],[769],[772],[798],[803],[810],[825],[857],[858],[859],[864],[866],[870],[871],[877],[879],[880],[881],[884],[885],[886],[890],[893],[894],[895]]","[[856,697,703,708,729,772,774,800,810,811,823,825,828,830,888],[819,747,753,805,840],[889,804,863,876],[713,719,745],[769,869],[803,880],[776],[798],[857],[858],[859],[861],[862],[864],[865],[866],[867],[868],[870],[871],[872],[873],[874],[877],[878],[879],[881],[882],[884],[885],[886],[887],[890],[893],[894],[895]]"
698,61,18,109,148.42,97.0,94.0,0.4,91,108.66,53.0,55.5,True,61,29,8,5,0.000184,True,10.640256103359992,18.0,26,35,0.4,0.4,2,inf,2.421243,0.000795,2.422038,True,61,19,8,5,0.000222,True,5.907008815114702,11.0,11,36,0.4,0.4,2,inf,2.14856,0.000721,2.149281,"[[828,697,708,747,774,800,819,823,830,840],[856,729,804,811,861,863,869,876,878,882,888,889],[862,865,868],[776,867],[872,874],[873,887],[719,805],[703],[713],[745],[753],[769],[772],[798],[803],[810],[825],[857],[858],[859],[864],[866],[870],[871],[877],[879],[880],[881],[884],[885],[886],[890],[893],[894],[895]]","[[856,729,774,811,825,861,863,864,878,882,888,889,893],[828,713,719,745,800,810,819,823,830],[697,708,747,753,769],[840,805],[703],[772],[776],[798],[803],[804],[857],[858],[859],[862],[865],[866],[867],[868],[869],[870],[871],[872],[873],[874],[876],[877],[879],[880],[881],[884],[885],[886],[887],[890],[894],[895]]"
698,61,19,109,148.42,97.0,94.0,0.4,87,105.89,53.0,54.5,True,61,29,8,5,0.000184,True,10.640256103359992,18.0,26,35,0.4,0.4,2,inf,2.421243,0.000795,2.422038,True,61,16,8,5,0.000164,True,5.607900830622784,10.0,8,38,0.4,0.4,2,inf,1.840221,0.00057,1.840791,"[[828,697,708,747,774,800,819,823,830,840],[856,729,804,811,861,863,869,876,878,882,888,889],[862,865,868],[776,867],[872,874],[873,887],[719,805],[703],[713],[745],[753],[769],[772],[798],[803],[810],[825],[857],[858],[859],[864],[866],[870],[871],[877],[879],[880],[881],[884],[885],[886],[890],[893],[894],[895]]","[[823,697,708,713,747,774,800,819,828,830,840,880],[856,753,825,861,864,876,878,888,889,893],[805,719,745,810],[703],[729],[769],[772],[776],[798],[803],[804],[811],[857],[858],[859],[862],[863],[865],[866],[867],[868],[869],[870],[871],[872],[873],[874],[877],[879],[881],[882],[884],[885],[886],[887],[890],[894],[895]]"
698,61,20,109,148.42,97.0,94.0,0.4,80,96.81,53.0,44.5,True,61,29,8,5,0.000184,True,10.640256103359992,18.0,26,35,0.4,0.4,2,inf,2.421243,0.000795,2.422038,True,61,18,8,5,0.000161,True,5.568596508654373,12.0,26,36,0.4,0.4,2,inf,3.404358,0.000871,3.405229,"[[828,697,708,747,774,800,819,823,830,840],[856,729,804,811,861,863,869,876,878,882,888,889],[862,865,868],[776,867],[872,874],[873,887],[719,805],[703],[713],[745],[753],[769],[772],[798],[803],[810],[825],[857],[858],[859],[864],[866],[870],[871],[877],[879],[880],[881],[884],[885],[886],[890],[893],[894],[895]]","[[774,697,708,719,747,800,805,819,823,828,830,840,856,880],[863,703,876,878,882,888,889],[713,745,810],[753,769,861],[890,811,869],[729],[772],[776],[798],[803],[804],[825],[857],[858],[859],[862],[864],[865],[866],[867],[868],[870],[871],[872],[873],[874],[877],[879],[881],[884],[885],[886],[887],[893],[894],[895]]"
698,61,21,109,148.42,97.0,94.0,0.4,85,105.35,53.0,51.0,True,61,29,8,5,0.000184,True,10.640256103359992,18.0,26,35,0.4,0.4,2,inf,2.421243,0.000795,2.422038,True,61,19,8,5,0.000181,True,6.103489114342267,15.0,7,36,0.4,0.4,2,inf,4.37417,0.001019,4.375189,"[[828,697,708,747,774,800,819,823,830,840],[856,729,804,811,861,863,869,876,878,882,888,889],[862,865,868],[776,867],[872,874],[873,887],[719,805],[703],[713],[745],[753],[769],[772],[798],[803],[810],[825],[857],[858],[859],[864],[866],[870],[871],[877],[879],[880],[881],[884],[885],[886],[890],[893],[894],[895]]","[[856,729,747,769,772,811,869,876,878,882,888,889,893],[823,697,708,713,719,745,774,800,805,819,828,830,840,880],[753],[703],[776],[798],[803],[804],[810],[825],[857],[858],[859],[861],[862],[863],[864],[865],[866],[867],[868],[870],[871],[872],[873],[874],[877],[879],[881],[884],[885],[886],[887],[890],[894],[895]]"
698,61,22,109,148.42,97.0,94.0,0.4,91,108.9,53.0,57.5,True,61,29,8,5,0.000184,True,10.640256103359992,18.0,26,35,0.4,0.4,2,inf,2.421243,0.000795,2.422038,True,61,19,8,5,0.000179,True,6.262629085063858,12.0,11,37,0.4,0.4,2,inf,2.22967,0.000727,2.230397,"[[828,697,708,747,774,800,819,823,830,840],[856,729,804,811,861,863,869,876,878,882,888,889],[862,865,868],[776,867],[872,874],[873,887],[719,805],[703],[713],[745],[753],[769],[772],[798],[803],[810],[825],[857],[858],[859],[864],[866],[870],[871],[877],[879],[880],[881],[884],[885],[886],[890],[893],[894],[895]]","[[856,774,811,861,863,864,869,876,882,888,889,893],[747,697,703,713,719,745,800,805,810,823,828,830],[819,708,840],[729],[753],[772],[776],[798],[803],[804],[825],[857],[858],[859],[862],[865],[866],[867],[868],[870],[871],[872],[873],[874],[877],[878],[879],[880],[881],[884],[885],[886],[887],[890],[894],[895],[769]]"
698,61,23,109,148.42,97.0,94.0,0.4,79,100.1,53.0,52.0,True,61,29,8,5,0.000184,True,10.640256103359992,18.0,26,35,0.4,0.4,2,inf,2.421243,0.000795,2.422038,True,61,15,8,5,0.000186,True,5.154757508023469,8.0,26,37,0.4,0.4,2,inf,2.066237,0.000886,2.067123,"[[828,697,708,747,774,800,819,823,830,840],[856,729,804,811,861,863,869,876,878,882,888,889],[862,865,868],[776,867],[872,874],[873,887],[719,805],[703],[713],[745],[753],[769],[772],[798],[803],[810],[825],[857],[858],[859],[864],[866],[870],[871],[877],[879],[880],[881],[884],[885],[886],[890],[893],[894],[895]]","[[828,697,708,713,719,745,747,774,800,805,819,823,830,840],[856,729,863,869,876,878,888,893],[769,811,890],[753,861,889],[703],[772],[776],[798],[803],[804],[810],[825],[857],[858],[859],[862],[864],[865],[866],[867],[868],[870],[871],[872],[873],[874],[877],[879],[880],[881],[882],[884],[885],[886],[887],[894],[895]]"
698,61,24,109,148.42,97.0,94.0,0.4,96,112.15,53.0,60.0,True,61,29,8,5,0.000184,True,10.640256103359992,18.0,26,35,0.4,0.4,2,inf,2.421243,0.000795,2.422038,True,61,20,8,5,0.000183,True,6.201274077904389,12.0,11,38,0.4,0.4,2,inf,3.596681,0.000873,3.597554,"[[828,697,708,747,774,800,819,823,830,840],[856,729,804,811,861,863,869,876,878,882,888,889],[862,865,868],[776,867],[872,874],[873,887],[719,805],[703],[713],[745],[753],[769],[772],[798],[803],[810],[825],[857],[858],[859],[864],[866],[870],[871],[877],[879],[880],[881],[884],[885],[886],[890],[893],[894],[895]]","[[805,697,703,708,745,747,810,819,823,828,830,840],[856,729,753,772,774,800,811,825,869,876,878,882,889],[713],[719],[769],[776],[798],[803],[804],[857],[858],[859],[861],[862],[863],[864],[865],[866],[867],[868],[870],[871],[872],[873],[874],[877],[879],[880],[881],[884],[885],[886],[887],[888],[890],[893],[894],[895]]"
698,61,25,109,148.42,97.0,94.0,0.4,89,102.93,53.0,54.5,True,61,29,8,5,0.000184,True,10.640256103359992,18.0,26,35,0.4,0.4,2,inf,2.421243,0.000795,2.422038,True,61,20,8,5,0.000183,True,6.009981494130447,10.0,3,37,0.4,0.4,2,inf,2.790138,0.000858,2.790996,"[[828,697,708,747,774,800,819,823,830,840],[856,729,804,811,861,863,869,876,878,882,888,889],[862,865,868],[776,867],[872,874],[873,887],[719,805],[703],[713],[745],[753],[769],[772],[798],[803],[810],[825],[857],[858],[859],[864],[866],[870],[871],[877],[879],[880],[881],[884],[885],[886],[890],[893],[894],[895]]","[[856,729,753,804,825,861,863,864,869,876,888,889],[819,697,708,747,823,828,830,840],[805,713,719,774,800],[769,811],[745,810],[703],[772],[776],[798],[803],[857],[858],[859],[862],[865],[866],[867],[868],[870],[871],[872],[873],[874],[877],[878],[879],[880],[881],[882],[884],[885],[886],[887],[890],[893],[894],[895]]"
698,61,26,109,148.42,97.0,94.0,0.4,77,100.29,53.0,47.0,True,61,29,8,5,0.000184,True,10.640256103359992,18.0,26,35,0.4,0.4,2,inf,2.421243,0.000795,2.422038,True,61,14,8,5,0.000157,True,4.475722706349813,8.0,3,35,0.4,0.4,2,inf,2.295902,0.000879,2.296781,"[[828,697,708,747,774,800,819,823,830,840],[856,729,804,811,861,863,869,876,878,882,888,889],[862,865,868],[776,867],[872,874],[873,887],[719,805],[703],[713],[745],[753],[769],[772],[798],[803],[810],[825],[857],[858],[859],[864],[866],[870],[871],[877],[879],[880],[881],[884],[885],[886],[890],[893],[894],[895]]","[[823,697,703,708,719,747,774,800,805,819,828,830,840],[889,729,861,876,882,888],[856,753,811,864,869,893],[804,863,878,886],[713,745],[769],[772],[776],[798],[803],[810],[825],[857],[858],[859],[862],[865],[866],[867],[868],[870],[871],[872],[873],[874],[877],[879],[880],[881],[884],[885],[887],[890],[894],[895]]"
698,61,27,109,148.42,97.0,94.0,0.4,94,111.51,53.0,60.25,True,61,29,8,5,0.000184,True,10.640256103359992,18.0,26,35,0.4,0.4,2,inf,2.421243,0.000795,2.422038,True,61,18,8,5,0.000184,True,5.740779632184786,9.0,5,42,0.4,0.4,2,inf,2.663314,0.000812,2.664126,"[[828,697,708,747,774,800,819,823,830,840],[856,729,804,811,861,863,869,876,878,882,888,889],[862,865,868],[776,867],[872,874],[873,887],[719,805],[703],[713],[745],[753],[769],[772],[798],[803],[810],[825],[857],[858],[859],[864],[866],[870],[871],[877],[879],[880],[881],[884],[885],[886],[890],[893],[894],[895]]","[[823,697,708,713,747,772,774,800,805,819,828,830,840,856],[878,861,889],[719,703,745,810],[769,811],[729],[753],[776],[798],[803],[804],[825],[857],[858],[859],[862],[863],[864],[865],[866],[867],[868],[869],[870],[871],[872],[873],[874],[876],[877],[879],[880],[881],[882],[884],[885],[886],[887],[888],[890],[893],[894],[895]]"
698,61,28,109,148.42,97.0,94.0,0.4,87,102.63,53.0,57.625000000000114,True,61,29,8,5,0.000184,True,10.640256103359992,18.0,26,35,0.4,0.4,2,inf,2.421243,0.000795,2.422038,True,61,18,8,5,0.000156,True,5.764738737120754,10.0,14,37,0.4,0.4,2,inf,2.30441,0.000712,2.305122,"[[828,697,708,747,774,800,819,823,830,840],[856,729,804,811,861,863,869,876,878,882,888,889],[862,865,868],[776,867],[872,874],[873,887],[719,805],[703],[713],[745],[753],[769],[772],[798],[803],[810],[825],[857],[858],[859],[864],[866],[870],[871],[877],[879],[880],[881],[884],[885],[886],[890],[893],[894],[895]]","[[856,708,729,800,804,811,825,863,864,878,888,889,893],[828,713,745,747,772,774,805,819,830,840],[697,753],[703,880],[876,886],[769],[719],[776],[798],[803],[810],[823],[857],[858],[859],[861],[862],[865],[866],[867],[868],[869],[870],[871],[872],[873],[874],[877],[879],[881],[882],[884],[885],[887],[890],[894],[895]]"
698,61,29,109,148.42,97.0,94.0,0.4,81,108.23,53.0,55.0,True,61,29,8,5,0.000184,True,10.640256103359992,18.0,26,35,0.4,0.4,2,inf,2.421243,0.000795,2.422038,True,61,22,8,5,0.000162,True,6.790712354695049,14.0,23,35,0.4,0.4,2,inf,2.612904,0.000704,2.613608,"[[828,697,708,747,774,800,819,823,830,840],[856,729,804,811,861,863,869,876,878,882,888,889],[862,865,868],[776,867],[872,874],[873,887],[719,805],[703],[713],[745],[753],[769],[772],[798],[803],[810],[825],[857],[858],[859],[864],[866],[870],[871],[877],[879],[880],[881],[884],[885],[886],[890],[893],[894],[895]]","[[856,729,769,810,811,825,828,840,861,864,869,876,878,882,888,889],[800,697,713,747,774,819,823,830],[805,703,719,880],[708,753],[745],[772],[776],[798],[803],[804],[857],[858],[859],[862],[863],[865],[866],[867],[868],[870],[871],[872],[873],[874],[877],[879],[881],[884],[885],[886],[887],[890],[893],[894],[895]]"
698,61,30,109,148.42,97.0,94.0,0.4,82,94.63,53.0,46.5,True,61,29,8,5,0.000184,True,10.640256103359992,18.0,26,35,0.4,0.4,2,inf,2.421243,0.000795,2.422038,True,61,14,8,5,0.000159,True,4.539519102779457,8.0,25,38,0.4,0.4,2,inf,2.477031,0.000716,2.477747,"[[828,697,708,747,774,800,819,823,830,840],[856,729,804,811,861,863,869,876,878,882,888,889],[862,865,868],[776,867],[872,874],[873,887],[719,805],[703],[713],[745],[753],[769],[772],[798],[803],[810],[825],[857],[858],[859],[864],[866],[870],[871],[877],[879],[880],[881],[884],[885],[886],[890],[893],[894],[895]]","[[800,708,713,719,747,774,805,810,819,823,828,830],[888,856,861,869,876,878,889],[729,804,863,882],[697,840],[811,769],[753,890],[703],[745],[772],[776],[798],[803],[825],[857],[858],[859],[862],[864],[865],[866],[867],[868],[870],[871],[872],[873],[874],[877],[879],[880],[881],[884],[885],[886],[887],[893],[894],[895]]"
1684,786,1,12574,14232.68,,,0.05,,,,,True,382,239,8,5,0.291831,,,,,,,,,,,,,True,401,218,8,5,0.293931,,,,,,,,,,,,,,
1684,786,2,12574,14232.68,,,0.05,,,,,True,382,239,8,5,0.291831,,,,,,,,,,,,,True,396,214,8,5,0.294427,,,,,,,,,,,,,,
1684,786,3,12574,14232.68,,,0.05,,,,,True,382,239,8,5,0.291831,,,,,,,,,,,,,True,395,220,8,5,0.290816,,,,,,,,,,,,,,
1684,786,4,12574,14232.68,,,0.05,,,,,True,382,239,8,5,0.291831,,,,,,,,,,,,,True,397,218,8,5,0.290455,,,,,,,,,,,,,,
1684,786,5,12574,14232.68,,,0.05,,,,,True,382,239,8,5,0.291831,,,,,,,,,,,,,True,395,218,8,5,0.293723,,,,,,,,,,,,,,
1684,786,6,12574,14232.68,,,0.05,,,,,True,382,239,8,5,0.291831,,,,,,,,,,,,,True,395,225,8,5,0.295374,,,,,,,,,,,,,,
1684,786,7,12574,14232.68,,,0.05,,,,,True,382,239,8,5,0.291831,,,,,,,,,,,,,True,397,219,8,5,0.290717,,,,,,,,,,,,,,
1684,786,8,12574,14232.68,,,0.05,,,,,True,382,239,8,5,0.291831,,,,,,,,,,,,,True,398,218,8,5,0.290031,,,,,,,,,,,,,,
1684,786,9,12574,14232.68,,,0.05,,,,,True,382,239,8,5,0.291831,,,,,,,,,,,,,True,393,223,8,5,0.290034,,,,,,,,,,,,,,
1684,786,10,12574,14232.68,,,0.05,,,,,True,382,239,8,5,0.291831,,,,,,,,,,,,,True,395,220,8,5,0.287456,,,,,,,,,,,,,,
1684,786,11,12574,14232.68,,,0.05,,,,,True,382,239,8,5,0.291831,,,,,,,,,,,,,True,405,218,8,5,0.289403,,,,,,,,,,,,,,
1684,786,12,12574,14232.68,,,0.05,,,,,True,382,239,8,5,0.291831,,,,,,,,,,,,,True,399,217,8,5,0.291189,,,,,,,,,,,,,,
1684,786,13,12574,14232.68,,,0.05,,,,,True,382,239,8,5,0.291831,,,,,,,,,,,,,True,395,215,8,5,0.29321,,,,,,,,,,,,,,
1684,786,14,12574,14232.68,,,0.05,,,,,True,382,239,8,5,0.291831,,,,,,,,,,,,,True,401,209,8,5,0.292327,,,,,,,,,,,,,,
1684,786,15,12574,14232.68,,,0.05,,,,,True,382,239,8,5,0.291831,,,,,,,,,,,,,True,392,224,8,5,0.292542,,,,,,,,,,,,,,
1684,786,16,12574,14232.68,,,0.05,,,,,True,382,239,8,5,0.291831,,,,,,,,,,,,,True,395,219,8,5,0.293853,,,,,,,,,,,,,,
1684,786,17,12574,14232.68,,,0.05,,,,,True,382,239,8,5,0.291831,,,,,,,,,,,,,True,397,218,8,5,0.293519,,,,,,,,,,,,,,
1684,786,18,12574,14232.68,,,0.05,,,,,True,382,239,8,5,0.291831,,,,,,,,,,,,,True,396,220,8,5,0.292223,,,,,,,,,,,,,,
1684,786,19,12574,14232.68,,,0.05,,,,,True,382,239,8,5,0.291831,,,,,,,,,,,,,True,397,215,8,5,0.292928,,,,,,,,,,,,,,
1684,786,20,12574,14232.68,,,0.05,,,,,True,382,239,8,5,0.291831,,,,,,,,,,,,,True,393,218,8,5,0.403453,,,,,,,,,,,,,,
1684,786,21,12574,14232.68,,,0.05,,,,,True,382,239,8,5,0.291831,,,,,,,,,,,,,True,398,218,8,5,0.293151,,,,,,,,,,,,,,
1684,786,22,12574,14232.68,,,0.05,,,,,True,382,239,8,5,0.291831,,,,,,,,,,,,,True,393,219,8,5,0.29239,,,,,,,,,,,,,,
1684,786,23,12574,14232.68,,,0.05,,,,,True,382,239,8,5,0.291831,,,,,,,,,,,,,True,400,217,8,5,0.291986,,,,,,,,,,,,,,
1684,786,24,12574,14232.68,,,0.05,,,,,True,382,239,8,5,0.291831,,,,,,,,,,,,,True,397,224,8,5,0.315231,,,,,,,,,,,,,,
1684,786,25,12574,14232.68,,,0.05,,,,,True,382,239,8,5,0.291831,,,,,,,,,,,,,True,402,212,8,5,0.299681,,,,,,,,,,,,,,
1684,786,26,12574,14232.68,,,0.05,,,,,True,382,239,8,5,0.291831,,,,,,,,,,,,,True,402,217,8,5,0.29872,,,,,,,,,,,,,,
1684,786,27,12574,14232.68,,,0.05,,,,,True,382,239,8,5,0.291831,,,,,,,,,,,,,True,395,222,8,5,0.322599,,,,,,,,,,,,,,
1684,786,28,12574,14232.68,,,0.05,,,,,True,382,239,8,5,0.291831,,,,,,,,,,,,,True,397,223,8,5,0.30087,,,,,,,,,,,,,,
1684,786,29,12574,14232.68,,,0.05,,,,,True,382,239,8,5,0.291831,,,,,,,,,,,,,True,401,210,8,5,0.292946,,,,,,,,,,,,,,
1684,786,30,12574,14232.68,,,0.05,,,,,True,382,239,8,5,0.291831,,,,,,,,,,,,,True,396,217,8,5,0.292791,,,,,,,,,,,,,,
1684,786,1,12574,14232.68,,,0.15,,,,,True,382,239,8,5,0.291831,,,,,,,,,,,,,True,434,178,8,5,0.289855,,,,,,,,,,,,,,
1684,786,2,12574,14232.68,,,0.15,,,,,True,382,239,8,5,0.291831,,,,,,,,,,,,,True,437,175,8,5,0.291171,,,,,,,,,,,,,,
1684,786,3,12574,14232.68,,,0.15,,,,,True,382,239,8,5,0.291831,,,,,,,,,,,,,True,430,180,8,5,0.289932,,,,,,,,,,,,,,
1684,786,4,12574,14232.68,,,0.15,,,,,True,382,239,8,5,0.291831,,,,,,,,,,,,,True,444,172,8,5,0.321889,,,,,,,,,,,,,,
1684,786,5,12574,14232.68,,,0.15,,,,,True,382,239,8,5,0.291831,,,,,,,,,,,,,True,441,174,8,5,0.289917,,,,,,,,,,,,,,
1684,786,6,12574,14232.68,,,0.15,,,,,True,382,239,8,5,0.291831,,,,,,,,,,,,,True,435,178,8,5,0.289577,,,,,,,,,,,,,,
1684,786,7,12574,14232.68,,,0.15,,,,,True,382,239,8,5,0.291831,,,,,,,,,,,,,True,432,181,8,5,0.300877,,,,,,,,,,,,,,
1684,786,8,12574,14232.68,,,0.15,,,,,True,382,239,8,5,0.291831,,,,,,,,,,,,,True,440,172,8,5,0.291768,,,,,,,,,,,,,,
1684,786,9,12574,14232.68,,,0.15,,,,,True,382,239,8,5,0.291831,,,,,,,,,,,,,True,439,180,8,5,0.291173,,,,,,,,,,,,,,
1684,786,10,12574,14232.68,,,0.15,,,,,True,382,239,8,5,0.291831,,,,,,,,,,,,,True,443,166,8,5,0.300274,,,,,,,,,,,,,,
1684,786,11,12574,14232.68,,,0.15,,,,,True,382,239,8,5,0.291831,,,,,,,,,,,,,True,440,174,8,5,0.292049,,,,,,,,,,,,,,
1684,786,12,12574,14232.68,,,0.15,,,,,True,382,239,8,5,0.291831,,,,,,,,,,,,,True,439,171,8,5,0.34937,,,,,,,,,,,,,,
1684,786,13,12574,14232.68,,,0.15,,,,,True,382,239,8,5,0.291831,,,,,,,,,,,,,True,444,168,8,5,0.290252,,,,,,,,,,,,,,
1684,786,14,12574,14232.68,,,0.15,,,,,True,382,239,8,5,0.291831,,,,,,,,,,,,,True,444,167,8,5,0.291432,,,,,,,,,,,,,,
1684,786,15,12574,14232.68,,,0.15,,,,,True,382,239,8,5,0.291831,,,,,,,,,,,,,True,438,178,8,5,0.291533,,,,,,,,,,,,,,
1684,786,16,12574,14232.68,,,0.15,,,,,True,382,239,8,5,0.291831,,,,,,,,,,,,,True,433,174,8,5,0.292863,,,,,,,,,,,,,,
1684,786,17,12574,14232.68,,,0.15,,,,,True,382,239,8,5,0.291831,,,,,,,,,,,,,True,438,184,8,5,0.325569,,,,,,,,,,,,,,
1684,786,18,12574,14232.68,,,0.15,,,,,True,382,239,8,5,0.291831,,,,,,,,,,,,,True,439,179,8,5,0.29209,,,,,,,,,,,,,,
1684,786,19,12574,14232.68,,,0.15,,,,,True,382,239,8,5,0.291831,,,,,,,,,,,,,True,443,165,8,5,0.304033,,,,,,,,,,,,,,
1684,786,20,12574,14232.68,,,0.15,,,,,True,382,239,8,5,0.291831,,,,,,,,,,,,,True,439,174,8,5,0.383305,,,,,,,,,,,,,,
1684,786,21,12574,14232.68,,,0.15,,,,,True,382,239,8,5,0.291831,,,,,,,,,,,,,True,442,171,8,5,0.301604,,,,,,,,,,,,,,
1684,786,22,12574,14232.68,,,0.15,,,,,True,382,239,8,5,0.291831,,,,,,,,,,,,,True,437,172,8,5,0.288396,,,,,,,,,,,,,,
1684,786,23,12574,14232.68,,,0.15,,,,,True,382,239,8,5,0.291831,,,,,,,,,,,,,True,434,180,8,5,0.304728,,,,,,,,,,,,,,
1684,786,24,12574,14232.68,,,0.15,,,,,True,382,239,8,5,0.291831,,,,,,,,,,,,,True,434,183,8,5,0.298234,,,,,,,,,,,,,,
1684,786,25,12574,14232.68,,,0.15,,,,,True,382,239,8,5,0.291831,,,,,,,,,,,,,True,432,176,8,5,0.302725,,,,,,,,,,,,,,
1684,786,26,12574,14232.68,,,0.15,,,,,True,382,239,8,5,0.291831,,,,,,,,,,,,,True,429,182,8,5,0.293075,,,,,,,,,,,,,,
1684,786,27,12574,14232.68,,,0.15,,,,,True,382,239,8,5,0.291831,,,,,,,,,,,,,True,440,176,8,5,0.298695,,,,,,,,,,,,,,
1684,786,28,12574,14232.68,,,0.15,,,,,True,382,239,8,5,0.291831,,,,,,,,,,,,,True,437,175,8,5,0.400363,,,,,,,,,,,,,,
1684,786,29,12574,14232.68,,,0.15,,,,,True,382,239,8,5,0.291831,,,,,,,,,,,,,True,436,179,8,5,0.294316,,,,,,,,,,,,,,
1684,786,30,12574,14232.68,,,0.15,,,,,True,382,239,8,5,0.291831,,,,,,,,,,,,,True,437,188,8,5,0.303809,,,,,,,,,,,,,,
1684,786,1,12574,14232.68,,,0.25,,,,,True,382,239,8,5,0.291831,,,,,,,,,,,,,True,479,143,8,5,0.290173,,,,,,,,,,,,,,
1684,786,2,12574,14232.68,,,0.25,,,,,True,382,239,8,5,0.291831,,,,,,,,,,,,,True,486,139,8,5,0.292008,,,,,,,,,,,,,,
1684,786,3,12574,14232.68,,,0.25,,,,,True,382,239,8,5,0.291831,,,,,,,,,,,,,True,483,142,8,5,0.295314,,,,,,,,,,,,,,
1684,786,4,12574,14232.68,,,0.25,,,,,True,382,239,8,5,0.291831,,,,,,,,,,,,,True,488,135,8,5,0.377481,,,,,,,,,,,,,,
1684,786,5,12574,14232.68,,,0.25,,,,,True,382,239,8,5,0.291831,,,,,,,,,,,,,True,481,141,8,5,0.29452,,,,,,,,,,,,,,
1684,786,6,12574,14232.68,,,0.25,,,,,True,382,239,8,5,0.291831,,,,,,,,,,,,,True,485,142,8,5,0.290128,,,,,,,,,,,,,,
1684,786,7,12574,14232.68,,,0.25,,,,,True,382,239,8,5,0.291831,,,,,,,,,,,,,True,487,144,8,5,0.301936,,,,,,,,,,,,,,
1684,786,8,12574,14232.68,,,0.25,,,,,True,382,239,8,5,0.291831,,,,,,,,,,,,,True,485,148,8,5,0.315778,,,,,,,,,,,,,,
1684,786,9,12574,14232.68,,,0.25,,,,,True,382,239,8,5,0.291831,,,,,,,,,,,,,True,492,147,8,5,0.316768,,,,,,,,,,,,,,
1684,786,10,12574,14232.68,,,0.25,,,,,True,382,239,8,5,0.291831,,,,,,,,,,,,,True,498,138,8,5,0.292824,,,,,,,,,,,,,,
1684,786,11,12574,14232.68,,,0.25,,,,,True,382,239,8,5,0.291831,,,,,,,,,,,,,True,490,138,8,5,0.286642,,,,,,,,,,,,,,
1684,786,12,12574,14232.68,,,0.25,,,,,True,382,239,8,5,0.291831,,,,,,,,,,,,,True,488,134,8,5,0.285592,,,,,,,,,,,,,,
1684,786,13,12574,14232.68,,,0.25,,,,,True,382,239,8,5,0.291831,,,,,,,,,,,,,True,486,137,8,5,0.384306,,,,,,,,,,,,,,
1684,786,14,12574,14232.68,,,0.25,,,,,True,382,239,8,5,0.291831,,,,,,,,,,,,,True,496,133,8,5,0.324345,,,,,,,,,,,,,,
1684,786,15,12574,14232.68,,,0.25,,,,,True,382,239,8,5,0.291831,,,,,,,,,,,,,True,483,147,8,5,0.287999,,,,,,,,,,,,,,
1684,786,16,12574,14232.68,,,0.25,,,,,True,382,239,8,5,0.291831,,,,,,,,,,,,,True,486,142,8,5,0.29043,,,,,,,,,,,,,,
1684,786,17,12574,14232.68,,,0.25,,,,,True,382,239,8,5,0.291831,,,,,,,,,,,,,True,495,151,8,5,0.284817,,,,,,,,,,,,,,
1684,786,18,12574,14232.68,,,0.25,,,,,True,382,239,8,5,0.291831,,,,,,,,,,,,,True,494,136,8,5,0.287672,,,,,,,,,,,,,,
1684,786,19,12574,14232.68,,,0.25,,,,,True,382,239,8,5,0.291831,,,,,,,,,,,,,True,489,135,8,5,0.290476,,,,,,,,,,,,,,
1684,786,20,12574,14232.68,,,0.25,,,,,True,382,239,8,5,0.291831,,,,,,,,,,,,,True,487,137,8,5,0.298956,,,,,,,,,,,,,,
1684,786,21,12574,14232.68,,,0.25,,,,,True,382,239,8,5,0.291831,,,,,,,,,,,,,True,476,141,8,5,0.369715,,,,,,,,,,,,,,
1684,786,22,12574,14232.68,,,0.25,,,,,True,382,239,8,5,0.291831,,,,,,,,,,,,,True,488,143,8,5,0.290463,,,,,,,,,,,,,,
1684,786,23,12574,14232.68,,,0.25,,,,,True,382,239,8,5,0.291831,,,,,,,,,,,,,True,490,142,8,5,0.334443,,,,,,,,,,,,,,
1684,786,24,12574,14232.68,,,0.25,,,,,True,382,239,8,5,0.291831,,,,,,,,,,,,,True,482,148,8,5,0.301081,,,,,,,,,,,,,,
1684,786,25,12574,14232.68,,,0.25,,,,,True,382,239,8,5,0.291831,,,,,,,,,,,,,True,482,142,8,5,0.29465,,,,,,,,,,,,,,
1684,786,26,12574,14232.68,,,0.25,,,,,True,382,239,8,5,0.291831,,,,,,,,,,,,,True,480,142,8,5,0.289354,,,,,,,,,,,,,,
1684,786,27,12574,14232.68,,,0.25,,,,,True,382,239,8,5,0.291831,,,,,,,,,,,,,True,494,135,8,5,0.287909,,,,,,,,,,,,,,
1684,786,28,12574,14232.68,,,0.25,,,,,True,382,239,8,5,0.291831,,,,,,,,,,,,,True,480,147,8,5,0.29257,,,,,,,,,,,,,,
1684,786,29,12574,14232.68,,,0.25,,,,,True,382,239,8,5,0.291831,,,,,,,,,,,,,True,485,137,8,5,0.293109,,,,,,,,,,,,,,
1684,786,30,12574,14232.68,,,0.25,,,,,True,382,239,8,5,0.291831,,,,,,,,,,,,,True,488,141,8,5,0.288655,,,,,,,,,,,,,,
1684,786,1,12574,14232.68,,,0.4,,,,,True,382,239,8,5,0.291831,,,,,,,,,,,,,True,564,74,8,5,0.285025,,,,,,,,,,,,,,
1684,786,2,12574,14232.68,,,0.4,,,,,True,382,239,8,5,0.291831,,,,,,,,,,,,,True,576,96,8,5,0.284671,,,,,,,,,,,,,,
1684,786,3,12574,14232.68,,,0.4,,,,,True,382,239,8,5,0.291831,,,,,,,,,,,,,True,563,94,8,5,0.369924,,,,,,,,,,,,,,
1684,786,4,12574,14232.68,,,0.4,,,,,True,382,239,8,5,0.291831,,,,,,,,,,,,,True,565,90,8,5,0.287467,,,,,,,,,,,,,,
1684,786,5,12574,14232.68,,,0.4,,,,,True,382,239,8,5,0.291831,,,,,,,,,,,,,True,567,79,8,5,0.283577,,,,,,,,,,,,,,
1684,786,6,12574,14232.68,,,0.4,,,,,True,382,239,8,5,0.291831,,,,,,,,,,,,,True,574,96,8,5,0.2844,,,,,,,,,,,,,,
1684,786,7,12574,14232.68,,,0.4,,,,,True,382,239,8,5,0.291831,,,,,,,,,,,,,True,560,79,8,5,0.293419,,,,,,,,,,,,,,
1684,786,8,12574,14232.68,,,0.4,,,,,True,382,239,8,5,0.291831,,,,,,,,,,,,,True,558,93,8,5,0.28584,,,,,,,,,,,,,,
1684,786,9,12574,14232.68,,,0.4,,,,,True,382,239,8,5,0.291831,,,,,,,,,,,,,True,565,98,8,5,0.285281,,,,,,,,,,,,,,
1684,786,10,12574,14232.68,,,0.4,,,,,True,382,239,8,5,0.291831,,,,,,,,,,,,,True,580,78,8,5,0.285932,,,,,,,,,,,,,,
1684,786,11,12574,14232.68,,,0.4,,,,,True,382,239,8,5,0.291831,,,,,,,,,,,,,True,574,73,8,5,0.283677,,,,,,,,,,,,,,
1684,786,12,12574,14232.68,,,0.4,,,,,True,382,239,8,5,0.291831,,,,,,,,,,,,,True,565,75,8,5,0.287339,,,,,,,,,,,,,,
1684,786,13,12574,14232.68,,,0.4,,,,,True,382,239,8,5,0.291831,,,,,,,,,,,,,True,568,110,8,5,0.285766,,,,,,,,,,,,,,
1684,786,14,12574,14232.68,,,0.4,,,,,True,382,239,8,5,0.291831,,,,,,,,,,,,,True,566,102,8,5,0.326485,,,,,,,,,,,,,,
1684,786,15,12574,14232.68,,,0.4,,,,,True,382,239,8,5,0.291831,,,,,,,,,,,,,True,566,79,8,5,0.286901,,,,,,,,,,,,,,
1684,786,16,12574,14232.68,,,0.4,,,,,True,382,239,8,5,0.291831,,,,,,,,,,,,,True,559,99,8,5,0.284936,,,,,,,,,,,,,,
1684,786,17,12574,14232.68,,,0.4,,,,,True,382,239,8,5,0.291831,,,,,,,,,,,,,True,574,99,8,5,0.291144,,,,,,,,,,,,,,
1684,786,18,12574,14232.68,,,0.4,,,,,True,382,239,8,5,0.291831,,,,,,,,,,,,,True,567,77,8,5,0.366439,,,,,,,,,,,,,,
1684,786,19,12574,14232.68,,,0.4,,,,,True,382,239,8,5,0.291831,,,,,,,,,,,,,True,559,96,8,5,0.284207,,,,,,,,,,,,,,
1684,786,20,12574,14232.68,,,0.4,,,,,True,382,239,8,5,0.291831,,,,,,,,,,,,,True,569,93,8,5,0.285318,,,,,,,,,,,,,,
1684,786,21,12574,14232.68,,,0.4,,,,,True,382,239,8,5,0.291831,,,,,,,,,,,,,True,564,72,8,5,0.283719,,,,,,,,,,,,,,
1684,786,22,12574,14232.68,,,0.4,,,,,True,382,239,8,5,0.291831,,,,,,,,,,,,,True,564,101,8,5,0.283602,,,,,,,,,,,,,,
1684,786,23,12574,14232.68,,,0.4,,,,,True,382,239,8,5,0.291831,,,,,,,,,,,,,True,564,89,8,5,0.338942,,,,,,,,,,,,,,
1684,786,24,12574,14232.68,,,0.4,,,,,True,382,239,8,5,0.291831,,,,,,,,,,,,,True,577,77,8,5,0.334535,,,,,,,,,,,,,,
1684,786,25,12574,14232.68,,,0.4,,,,,True,382,239,8,5,0.291831,,,,,,,,,,,,,True,564,79,8,5,0.284806,,,,,,,,,,,,,,
1684,786,26,12574,14232.68,,,0.4,,,,,True,382,239,8,5,0.291831,,,,,,,,,,,,,True,570,78,8,5,0.286565,,,,,,,,,,,,,,
1684,786,27,12574,14232.68,,,0.4,,,,,True,382,239,8,5,0.291831,,,,,,,,,,,,,True,574,73,8,5,0.284939,,,,,,,,,,,,,,
1684,786,28,12574,14232.68,,,0.4,,,,,True,382,239,8,5,0.291831,,,,,,,,,,,,,True,565,90,8,5,0.295571,,,,,,,,,,,,,,
1684,786,29,12574,14232.68,,,0.4,,,,,True,382,239,8,5,0.291831,,,,,,,,,,,,,True,578,86,8,5,0.286485,,,,,,,,,,,,,,
1684,786,30,12574,14232.68,,,0.4,,,,,True,382,239,8,5,0.291831,,,,,,,,,,,,,True,569,69,8,5,0.284648,,,,,,,,,,,,,,
1912,747,1,17389,21577.51,,,0.05,,,,,True,185,579,8,5,0.275939,,,,,,,,,,,,,True,191,549,8,5,0.27522,,,,,,,,,,,,,,
1912,747,2,17389,21577.51,,,0.05,,,,,True,185,579,8,5,0.275939,,,,,,,,,,,,,True,193,543,8,5,0.295205,,,,,,,,,,,,,,
1912,747,3,17389,21577.51,,,0.05,,,,,True,185,579,8,5,0.275939,,,,,,,,,,,,,True,196,537,8,5,0.373082,,,,,,,,,,,,,,
1912,747,4,17389,21577.51,,,0.05,,,,,True,185,579,8,5,0.275939,,,,,,,,,,,,,True,194,538,8,5,0.280322,,,,,,,,,,,,,,
1912,747,5,17389,21577.51,,,0.05,,,,,True,185,579,8,5,0.275939,,,,,,,,,,,,,True,193,544,8,5,0.284244,,,,,,,,,,,,,,
1912,747,6,17389,21577.51,,,0.05,,,,,True,185,579,8,5,0.275939,,,,,,,,,,,,,True,196,541,8,5,0.27858,,,,,,,,,,,,,,
1912,747,7,17389,21577.51,,,0.05,,,,,True,185,579,8,5,0.275939,,,,,,,,,,,,,True,190,553,8,5,0.313904,,,,,,,,,,,,,,
1912,747,8,17389,21577.51,,,0.05,,,,,True,185,579,8,5,0.275939,,,,,,,,,,,,,True,190,551,8,5,0.280083,,,,,,,,,,,,,,
1912,747,9,17389,21577.51,,,0.05,,,,,True,185,579,8,5,0.275939,,,,,,,,,,,,,True,190,545,8,5,0.287915,,,,,,,,,,,,,,
1912,747,10,17389,21577.51,,,0.05,,,,,True,185,579,8,5,0.275939,,,,,,,,,,,,,True,196,546,8,5,0.279308,,,,,,,,,,,,,,
1912,747,11,17389,21577.51,,,0.05,,,,,True,185,579,8,5,0.275939,,,,,,,,,,,,,True,193,552,8,5,0.340009,,,,,,,,,,,,,,
1912,747,12,17389,21577.51,,,0.05,,,,,True,185,579,8,5,0.275939,,,,,,,,,,,,,True,191,556,8,5,0.352576,,,,,,,,,,,,,,
1912,747,13,17389,21577.51,,,0.05,,,,,True,185,579,8,5,0.275939,,,,,,,,,,,,,True,196,552,8,5,0.30533,,,,,,,,,,,,,,
1912,747,14,17389,21577.51,,,0.05,,,,,True,185,579,8,5,0.275939,,,,,,,,,,,,,True,188,546,8,5,0.279079,,,,,,,,,,,,,,
1912,747,15,17389,21577.51,,,0.05,,,,,True,185,579,8,5,0.275939,,,,,,,,,,,,,True,194,542,8,5,0.276517,,,,,,,,,,,,,,
1912,747,16,17389,21577.51,,,0.05,,,,,True,185,579,8,5,0.275939,,,,,,,,,,,,,True,193,548,8,5,0.275469,,,,,,,,,,,,,,
1912,747,17,17389,21577.51,,,0.05,,,,,True,185,579,8,5,0.275939,,,,,,,,,,,,,True,194,546,8,5,0.287585,,,,,,,,,,,,,,
1912,747,18,17389,21577.51,,,0.05,,,,,True,185,579,8,5,0.275939,,,,,,,,,,,,,True,194,547,8,5,0.306659,,,,,,,,,,,,,,
1912,747,19,17389,21577.51,,,0.05,,,,,True,185,579,8,5,0.275939,,,,,,,,,,,,,True,192,549,8,5,0.308823,,,,,,,,,,,,,,
1912,747,20,17389,21577.51,,,0.05,,,,,True,185,579,8,5,0.275939,,,,,,,,,,,,,True,194,537,8,5,0.294391,,,,,,,,,,,,,,
1912,747,21,17389,21577.51,,,0.05,,,,,True,185,579,8,5,0.275939,,,,,,,,,,,,,True,194,543,8,5,0.275198,,,,,,,,,,,,,,
1912,747,22,17389,21577.51,,,0.05,,,,,True,185,579,8,5,0.275939,,,,,,,,,,,,,True,189,554,8,5,0.274661,,,,,,,,,,,,,,
1912,747,23,17389,21577.51,,,0.05,,,,,True,185,579,8,5,0.275939,,,,,,,,,,,,,True,196,540,8,5,0.376853,,,,,,,,,,,,,,
1912,747,24,17389,21577.51,,,0.05,,,,,True,185,579,8,5,0.275939,,,,,,,,,,,,,True,194,539,8,5,0.27626,,,,,,,,,,,,,,
1912,747,25,17389,21577.51,,,0.05,,,,,True,185,579,8,5,0.275939,,,,,,,,,,,,,True,197,534,8,5,0.276613,,,,,,,,,,,,,,
1912,747,26,17389,21577.51,,,0.05,,,,,True,185,579,8,5,0.275939,,,,,,,,,,,,,True,195,536,8,5,0.313578,,,,,,,,,,,,,,
1912,747,27,17389,21577.51,,,0.05,,,,,True,185,579,8,5,0.275939,,,,,,,,,,,,,True,193,549,8,5,0.287819,,,,,,,,,,,,,,
1912,747,28,17389,21577.51,,,0.05,,,,,True,185,579,8,5,0.275939,,,,,,,,,,,,,True,193,542,8,5,0.279809,,,,,,,,,,,,,,
1912,747,29,17389,21577.51,,,0.05,,,,,True,185,579,8,5,0.275939,,,,,,,,,,,,,True,190,541,8,5,0.345266,,,,,,,,,,,,,,
1912,747,30,17389,21577.51,,,0.05,,,,,True,185,579,8,5,0.275939,,,,,,,,,,,,,True,196,540,8,5,0.282398,,,,,,,,,,,,,,
1912,747,1,17389,21577.51,,,0.15,,,,,True,185,579,8,5,0.275939,,,,,,,,,,,,,True,222,471,8,5,0.293672,,,,,,,,,,,,,,
1912,747,2,17389,21577.51,,,0.15,,,,,True,185,579,8,5,0.275939,,,,,,,,,,,,,True,223,482,8,5,0.272047,,,,,,,,,,,,,,
1912,747,3,17389,21577.51,,,0.15,,,,,True,185,579,8,5,0.275939,,,,,,,,,,,,,True,221,477,8,5,0.328951,,,,,,,,,,,,,,
1912,747,4,17389,21577.51,,,0.15,,,,,True,185,579,8,5,0.275939,,,,,,,,,,,,,True,216,473,8,5,0.293083,,,,,,,,,,,,,,
1912,747,5,17389,21577.51,,,0.15,,,,,True,185,579,8,5,0.275939,,,,,,,,,,,,,True,223,478,8,5,0.273133,,,,,,,,,,,,,,
1912,747,6,17389,21577.51,,,0.15,,,,,True,185,579,8,5,0.275939,,,,,,,,,,,,,True,217,482,8,5,0.269025,,,,,,,,,,,,,,
1912,747,7,17389,21577.51,,,0.15,,,,,True,185,579,8,5,0.275939,,,,,,,,,,,,,True,221,488,8,5,0.272009,,,,,,,,,,,,,,
1912,747,8,17389,21577.51,,,0.15,,,,,True,185,579,8,5,0.275939,,,,,,,,,,,,,True,227,474,8,5,0.270424,,,,,,,,,,,,,,
1912,747,9,17389,21577.51,,,0.15,,,,,True,185,579,8,5,0.275939,,,,,,,,,,,,,True,224,474,8,5,0.272261,,,,,,,,,,,,,,
1912,747,10,17389,21577.51,,,0.15,,,,,True,185,579,8,5,0.275939,,,,,,,,,,,,,True,227,472,8,5,0.269772,,,,,,,,,,,,,,
1912,747,11,17389,21577.51,,,0.15,,,,,True,185,579,8,5,0.275939,,,,,,,,,,,,,True,221,481,8,5,0.291988,,,,,,,,,,,,,,
1912,747,12,17389,21577.51,,,0.15,,,,,True,185,579,8,5,0.275939,,,,,,,,,,,,,True,219,482,8,5,0.283241,,,,,,,,,,,,,,
1912,747,13,17389,21577.51,,,0.15,,,,,True,185,579,8,5,0.275939,,,,,,,,,,,,,True,216,486,8,5,0.295258,,,,,,,,,,,,,,
1912,747,14,17389,21577.51,,,0.15,,,,,True,185,579,8,5,0.275939,,,,,,,,,,,,,True,212,478,8,5,0.359658,,,,,,,,,,,,,,
1912,747,15,17389,21577.51,,,0.15,,,,,True,185,579,8,5,0.275939,,,,,,,,,,,,,True,228,473,8,5,0.299932,,,,,,,,,,,,,,
1912,747,16,17389,21577.51,,,0.15,,,,,True,185,579,8,5,0.275939,,,,,,,,,,,,,True,221,480,8,5,0.274398,,,,,,,,,,,,,,
1912,747,17,17389,21577.51,,,0.15,,,,,True,185,579,8,5,0.275939,,,,,,,,,,,,,True,216,466,8,5,0.272391,,,,,,,,,,,,,,
1912,747,18,17389,21577.51,,,0.15,,,,,True,185,579,8,5,0.275939,,,,,,,,,,,,,True,222,480,8,5,0.300322,,,,,,,,,,,,,,
1912,747,19,17389,21577.51,,,0.15,,,,,True,185,579,8,5,0.275939,,,,,,,,,,,,,True,217,479,8,5,0.272938,,,,,,,,,,,,,,
1912,747,20,17389,21577.51,,,0.15,,,,,True,185,579,8,5,0.275939,,,,,,,,,,,,,True,216,468,8,5,0.280717,,,,,,,,,,,,,,
1912,747,21,17389,21577.51,,,0.15,,,,,True,185,579,8,5,0.275939,,,,,,,,,,,,,True,220,479,8,5,0.273441,,,,,,,,,,,,,,
1912,747,22,17389,21577.51,,,0.15,,,,,True,185,579,8,5,0.275939,,,,,,,,,,,,,True,219,473,8,5,0.28553,,,,,,,,,,,,,,
1912,747,23,17389,21577.51,,,0.15,,,,,True,185,579,8,5,0.275939,,,,,,,,,,,,,True,228,469,8,5,0.275641,,,,,,,,,,,,,,
1912,747,24,17389,21577.51,,,0.15,,,,,True,185,579,8,5,0.275939,,,,,,,,,,,,,True,221,480,8,5,0.353014,,,,,,,,,,,,,,
1912,747,25,17389,21577.51,,,0.15,,,,,True,185,579,8,5,0.275939,,,,,,,,,,,,,True,220,469,8,5,0.292637,,,,,,,,,,,,,,
1912,747,26,17389,21577.51,,,0.15,,,,,True,185,579,8,5,0.275939,,,,,,,,,,,,,True,220,465,8,5,0.269465,,,,,,,,,,,,,,
1912,747,27,17389,21577.51,,,0.15,,,,,True,185,579,8,5,0.275939,,,,,,,,,,,,,True,222,474,8,5,0.270366,,,,,,,,,,,,,,
1912,747,28,17389,21577.51,,,0.15,,,,,True,185,579,8,5,0.275939,,,,,,,,,,,,,True,220,468,8,5,0.270604,,,,,,,,,,,,,,
1912,747,29,17389,21577.51,,,0.15,,,,,True,185,579,8,5,0.275939,,,,,,,,,,,,,True,215,473,8,5,0.274443,,,,,,,,,,,,,,
1912,747,30,17389,21577.51,,,0.15,,,,,True,185,579,8,5,0.275939,,,,,,,,,,,,,True,217,472,8,5,0.272396,,,,,,,,,,,,,,
1912,747,1,17389,21577.51,,,0.25,,,,,True,185,579,8,5,0.275939,,,,,,,,,,,,,True,252,375,8,5,0.312028,,,,,,,,,,,,,,
1912,747,2,17389,21577.51,,,0.25,,,,,True,185,579,8,5,0.275939,,,,,,,,,,,,,True,252,419,8,5,0.28053,,,,,,,,,,,,,,
1912,747,3,17389,21577.51,,,0.25,,,,,True,185,579,8,5,0.275939,,,,,,,,,,,,,True,254,380,8,5,0.267405,,,,,,,,,,,,,,
1912,747,4,17389,21577.51,,,0.25,,,,,True,185,579,8,5,0.275939,,,,,,,,,,,,,True,252,398,8,5,0.311175,,,,,,,,,,,,,,
1912,747,5,17389,21577.51,,,0.25,,,,,True,185,579,8,5,0.275939,,,,,,,,,,,,,True,254,413,8,5,0.270237,,,,,,,,,,,,,,
1912,747,6,17389,21577.51,,,0.25,,,,,True,185,579,8,5,0.275939,,,,,,,,,,,,,True,251,438,8,5,0.290008,,,,,,,,,,,,,,
1912,747,7,17389,21577.51,,,0.25,,,,,True,185,579,8,5,0.275939,,,,,,,,,,,,,True,252,406,8,5,0.345352,,,,,,,,,,,,,,
1912,747,8,17389,21577.51,,,0.25,,,,,True,185,579,8,5,0.275939,,,,,,,,,,,,,True,253,375,8,5,0.27891,,,,,,,,,,,,,,
1912,747,9,17389,21577.51,,,0.25,,,,,True,185,579,8,5,0.275939,,,,,,,,,,,,,True,255,369,8,5,0.27027,,,,,,,,,,,,,,
1912,747,10,17389,21577.51,,,0.25,,,,,True,185,579,8,5,0.275939,,,,,,,,,,,,,True,253,376,8,5,0.268519,,,,,,,,,,,,,,
1912,747,11,17389,21577.51,,,0.25,,,,,True,185,579,8,5,0.275939,,,,,,,,,,,,,True,246,411,8,5,0.272332,,,,,,,,,,,,,,
1912,747,12,17389,21577.51,,,0.25,,,,,True,185,579,8,5,0.275939,,,,,,,,,,,,,True,246,419,8,5,0.2792,,,,,,,,,,,,,,
1912,747,13,17389,21577.51,,,0.25,,,,,True,185,579,8,5,0.275939,,,,,,,,,,,,,True,243,420,8,5,0.356798,,,,,,,,,,,,,,
1912,747,14,17389,21577.51,,,0.25,,,,,True,185,579,8,5,0.275939,,,,,,,,,,,,,True,248,422,8,5,0.274159,,,,,,,,,,,,,,
1912,747,15,17389,21577.51,,,0.25,,,,,True,185,579,8,5,0.275939,,,,,,,,,,,,,True,256,340,8,5,0.271203,,,,,,,,,,,,,,
1912,747,16,17389,21577.51,,,0.25,,,,,True,185,579,8,5,0.275939,,,,,,,,,,,,,True,251,412,8,5,0.271571,,,,,,,,,,,,,,
1912,747,17,17389,21577.51,,,0.25,,,,,True,185,579,8,5,0.275939,,,,,,,,,,,,,True,247,399,8,5,0.28384,,,,,,,,,,,,,,
1912,747,18,17389,21577.51,,,0.25,,,,,True,185,579,8,5,0.275939,,,,,,,,,,,,,True,253,375,8,5,0.290495,,,,,,,,,,,,,,
1912,747,19,17389,21577.51,,,0.25,,,,,True,185,579,8,5,0.275939,,,,,,,,,,,,,True,253,381,8,5,0.268562,,,,,,,,,,,,,,
1912,747,20,17389,21577.51,,,0.25,,,,,True,185,579,8,5,0.275939,,,,,,,,,,,,,True,253,421,8,5,0.304789,,,,,,,,,,,,,,
1912,747,21,17389,21577.51,,,0.25,,,,,True,185,579,8,5,0.275939,,,,,,,,,,,,,True,253,406,8,5,0.363237,,,,,,,,,,,,,,
1912,747,22,17389,21577.51,,,0.25,,,,,True,185,579,8,5,0.275939,,,,,,,,,,,,,True,252,391,8,5,0.314957,,,,,,,,,,,,,,
1912,747,23,17389,21577.51,,,0.25,,,,,True,185,579,8,5,0.275939,,,,,,,,,,,,,True,258,380,8,5,0.26863,,,,,,,,,,,,,,
1912,747,24,17389,21577.51,,,0.25,,,,,True,185,579,8,5,0.275939,,,,,,,,,,,,,True,251,401,8,5,0.280919,,,,,,,,,,,,,,
1912,747,25,17389,21577.51,,,0.25,,,,,True,185,579,8,5,0.275939,,,,,,,,,,,,,True,250,408,8,5,0.284719,,,,,,,,,,,,,,
1912,747,26,17389,21577.51,,,0.25,,,,,True,185,579,8,5,0.275939,,,,,,,,,,,,,True,257,376,8,5,0.298713,,,,,,,,,,,,,,
1912,747,27,17389,21577.51,,,0.25,,,,,True,185,579,8,5,0.275939,,,,,,,,,,,,,True,253,381,8,5,0.270644,,,,,,,,,,,,,,
1912,747,28,17389,21577.51,,,0.25,,,,,True,185,579,8,5,0.275939,,,,,,,,,,,,,True,257,397,8,5,0.398259,,,,,,,,,,,,,,
1912,747,29,17389,21577.51,,,0.25,,,,,True,185,579,8,5,0.275939,,,,,,,,,,,,,True,251,417,8,5,0.277093,,,,,,,,,,,,,,
1912,747,30,17389,21577.51,,,0.25,,,,,True,185,579,8,5,0.275939,,,,,,,,,,,,,True,251,400,8,5,0.27213,,,,,,,,,,,,,,
1912,747,1,17389,21577.51,,,0.4,,,,,True,185,579,8,5,0.275939,,,,,,,,,,,,,True,319,264,8,5,0.268434,,,,,,,,,,,,,,
1912,747,2,17389,21577.51,,,0.4,,,,,True,185,579,8,5,0.275939,,,,,,,,,,,,,True,315,259,8,5,0.273059,,,,,,,,,,,,,,
1912,747,3,17389,21577.51,,,0.4,,,,,True,185,579,8,5,0.275939,,,,,,,,,,,,,True,320,254,8,5,0.295901,,,,,,,,,,,,,,
1912,747,4,17389,21577.51,,,0.4,,,,,True,185,579,8,5,0.275939,,,,,,,,,,,,,True,303,276,8,5,0.261759,,,,,,,,,,,,,,
1912,747,5,17389,21577.51,,,0.4,,,,,True,185,579,8,5,0.275939,,,,,,,,,,,,,True,315,267,8,5,0.350538,,,,,,,,,,,,,,
1912,747,6,17389,21577.51,,,0.4,,,,,True,185,579,8,5,0.275939,,,,,,,,,,,,,True,310,253,8,5,0.264033,,,,,,,,,,,,,,
1912,747,7,17389,21577.51,,,0.4,,,,,True,185,579,8,5,0.275939,,,,,,,,,,,,,True,325,263,8,5,0.267935,,,,,,,,,,,,,,
1912,747,8,17389,21577.51,,,0.4,,,,,True,185,579,8,5,0.275939,,,,,,,,,,,,,True,314,283,8,5,0.336633,,,,,,,,,,,,,,
1912,747,9,17389,21577.51,,,0.4,,,,,True,185,579,8,5,0.275939,,,,,,,,,,,,,True,315,276,8,5,0.26894,,,,,,,,,,,,,,
1912,747,10,17389,21577.51,,,0.4,,,,,True,185,579,8,5,0.275939,,,,,,,,,,,,,True,322,279,8,5,0.305461,,,,,,,,,,,,,,
1912,747,11,17389,21577.51,,,0.4,,,,,True,185,579,8,5,0.275939,,,,,,,,,,,,,True,315,248,8,5,0.344467,,,,,,,,,,,,,,
1912,747,12,17389,21577.51,,,0.4,,,,,True,185,579,8,5,0.275939,,,,,,,,,,,,,True,305,288,8,5,0.27172,,,,,,,,,,,,,,
1912,747,13,17389,21577.51,,,0.4,,,,,True,185,579,8,5,0.275939,,,,,,,,,,,,,True,307,292,8,5,0.288266,,,,,,,,,,,,,,
1912,747,14,17389,21577.51,,,0.4,,,,,True,185,579,8,5,0.275939,,,,,,,,,,,,,True,313,254,8,5,0.270366,,,,,,,,,,,,,,
1912,747,15,17389,21577.51,,,0.4,,,,,True,185,579,8,5,0.275939,,,,,,,,,,,,,True,328,260,8,5,0.273415,,,,,,,,,,,,,,
1912,747,16,17389,21577.51,,,0.4,,,,,True,185,579,8,5,0.275939,,,,,,,,,,,,,True,349,278,8,5,0.265803,,,,,,,,,,,,,,
1912,747,17,17389,21577.51,,,0.4,,,,,True,185,579,8,5,0.275939,,,,,,,,,,,,,True,312,255,8,5,0.263889,,,,,,,,,,,,,,
1912,747,18,17389,21577.51,,,0.4,,,,,True,185,579,8,5,0.275939,,,,,,,,,,,,,True,344,253,8,5,0.27375,,,,,,,,,,,,,,
1912,747,19,17389,21577.51,,,0.4,,,,,True,185,579,8,5,0.275939,,,,,,,,,,,,,True,318,254,8,5,0.36221,,,,,,,,,,,,,,
1912,747,20,17389,21577.51,,,0.4,,,,,True,185,579,8,5,0.275939,,,,,,,,,,,,,True,339,259,8,5,0.267064,,,,,,,,,,,,,,
1912,747,21,17389,21577.51,,,0.4,,,,,True,185,579,8,5,0.275939,,,,,,,,,,,,,True,320,257,8,5,0.291735,,,,,,,,,,,,,,
1912,747,22,17389,21577.51,,,0.4,,,,,True,185,579,8,5,0.275939,,,,,,,,,,,,,True,321,266,8,5,0.273362,,,,,,,,,,,,,,
1912,747,23,17389,21577.51,,,0.4,,,,,True,185,579,8,5,0.275939,,,,,,,,,,,,,True,335,256,8,5,0.278585,,,,,,,,,,,,,,
1912,747,24,17389,21577.51,,,0.4,,,,,True,185,579,8,5,0.275939,,,,,,,,,,,,,True,329,262,8,5,0.265149,,,,,,,,,,,,,,
1912,747,25,17389,21577.51,,,0.4,,,,,True,185,579,8,5,0.275939,,,,,,,,,,,,,True,331,252,8,5,0.264804,,,,,,,,,,,,,,
1912,747,26,17389,21577.51,,,0.4,,,,,True,185,579,8,5,0.275939,,,,,,,,,,,,,True,308,251,8,5,0.450822,,,,,,,,,,,,,,
1912,747,27,17389,21577.51,,,0.4,,,,,True,185,579,8,5,0.275939,,,,,,,,,,,,,True,312,249,8,5,0.277025,,,,,,,,,,,,,,
1912,747,28,17389,21577.51,,,0.4,,,,,True,185,579,8,5,0.275939,,,,,,,,,,,,,True,334,249,8,5,0.515929,,,,,,,,,,,,,,
1912,747,29,17389,21577.51,,,0.4,,,,,True,185,579,8,5,0.275939,,,,,,,,,,,,,True,324,275,8,5,0.340661,,,,,,,,,,,,,,
1912,747,30,17389,21577.51,,,0.4,,,,,True,185,579,8,5,0.275939,,,,,,,,,,,,,True,321,252,8,5,0.299635,,,,,,,,,,,,,,
3437,534,1,3959,4505.17,,,0.05,,,,,True,394,83,8,5,0.135671,,,,,,,,,,,,,True,409,74,8,5,0.103561,,,,,,,,,,,,,,
3437,534,2,3959,4505.17,,,0.05,,,,,True,394,83,8,5,0.135671,,,,,,,,,,,,,True,411,77,8,5,0.093936,,,,,,,,,,,,,,
3437,534,3,3959,4505.17,,,0.05,,,,,True,394,83,8,5,0.135671,,,,,,,,,,,,,True,407,74,8,5,0.106482,,,,,,,,,,,,,,
3437,534,4,3959,4505.17,,,0.05,,,,,True,394,83,8,5,0.135671,,,,,,,,,,,,,True,410,70,8,5,0.100398,,,,,,,,,,,,,,
3437,534,5,3959,4505.17,,,0.05,,,,,True,394,83,8,5,0.135671,,,,,,,,,,,,,True,410,70,8,5,0.089336,,,,,,,,,,,,,,
3437,534,6,3959,4505.17,,,0.05,,,,,True,394,83,8,5,0.135671,,,,,,,,,,,,,True,405,79,8,5,0.161986,,,,,,,,,,,,,,
3437,534,7,3959,4505.17,,,0.05,,,,,True,394,83,8,5,0.135671,,,,,,,,,,,,,True,408,80,8,5,0.105068,,,,,,,,,,,,,,
3437,534,8,3959,4505.17,,,0.05,,,,,True,394,83,8,5,0.135671,,,,,,,,,,,,,True,406,75,8,5,0.089985,,,,,,,,,,,,,,
3437,534,9,3959,4505.17,,,0.05,,,,,True,394,83,8,5,0.135671,,,,,,,,,,,,,True,402,81,8,5,0.109897,,,,,,,,,,,,,,
3437,534,10,3959,4505.17,,,0.05,,,,,True,394,83,8,5,0.135671,,,,,,,,,,,,,True,408,75,8,5,0.105454,,,,,,,,,,,,,,
3437,534,11,3959,4505.17,,,0.05,,,,,True,394,83,8,5,0.135671,,,,,,,,,,,,,True,407,80,8,5,0.090405,,,,,,,,,,,,,,
3437,534,12,3959,4505.17,,,0.05,,,,,True,394,83,8,5,0.135671,,,,,,,,,,,,,True,405,74,8,5,0.093655,,,,,,,,,,,,,,
3437,534,13,3959,4505.17,,,0.05,,,,,True,394,83,8,5,0.135671,,,,,,,,,,,,,True,407,76,8,5,0.093903,,,,,,,,,,,,,,
3437,534,14,3959,4505.17,,,0.05,,,,,True,394,83,8,5,0.135671,,,,,,,,,,,,,True,410,70,8,5,0.149254,,,,,,,,,,,,,,
3437,534,15,3959,4505.17,,,0.05,,,,,True,394,83,8,5,0.135671,,,,,,,,,,,,,True,405,79,8,5,0.106075,,,,,,,,,,,,,,
3437,534,16,3959,4505.17,,,0.05,,,,,True,394,83,8,5,0.135671,,,,,,,,,,,,,True,403,75,8,5,0.089764,,,,,,,,,,,,,,
3437,534,17,3959,4505.17,,,0.05,,,,,True,394,83,8,5,0.135671,,,,,,,,,,,,,True,404,79,8,5,0.091282,,,,,,,,,,,,,,
3437,534,18,3959,4505.17,,,0.05,,,,,True,394,83,8,5,0.135671,,,,,,,,,,,,,True,406,75,8,5,0.09012,,,,,,,,,,,,,,
3437,534,19,3959,4505.17,,,0.05,,,,,True,394,83,8,5,0.135671,,,,,,,,,,,,,True,412,74,8,5,0.092384,,,,,,,,,,,,,,
3437,534,20,3959,4505.17,,,0.05,,,,,True,394,83,8,5,0.135671,,,,,,,,,,,,,True,407,77,8,5,0.134882,,,,,,,,,,,,,,
3437,534,21,3959,4505.17,,,0.05,,,,,True,394,83,8,5,0.135671,,,,,,,,,,,,,True,402,78,8,5,0.106142,,,,,,,,,,,,,,
3437,534,22,3959,4505.17,,,0.05,,,,,True,394,83,8,5,0.135671,,,,,,,,,,,,,True,405,78,8,5,0.105459,,,,,,,,,,,,,,
3437,534,23,3959,4505.17,,,0.05,,,,,True,394,83,8,5,0.135671,,,,,,,,,,,,,True,409,72,8,5,0.09889,,,,,,,,,,,,,,
3437,534,24,3959,4505.17,,,0.05,,,,,True,394,83,8,5,0.135671,,,,,,,,,,,,,True,407,79,8,5,0.091883,,,,,,,,,,,,,,
3437,534,25,3959,4505.17,,,0.05,,,,,True,394,83,8,5,0.135671,,,,,,,,,,,,,True,404,76,8,5,0.090748,,,,,,,,,,,,,,
3437,534,26,3959,4505.17,,,0.05,,,,,True,394,83,8,5,0.135671,,,,,,,,,,,,,True,410,77,8,5,0.105363,,,,,,,,,,,,,,
3437,534,27,3959,4505.17,,,0.05,,,,,True,394,83,8,5,0.135671,,,,,,,,,,,,,True,405,75,8,5,0.104122,,,,,,,,,,,,,,
3437,534,28,3959,4505.17,,,0.05,,,,,True,394,83,8,5,0.135671,,,,,,,,,,,,,True,408,76,8,5,0.100694,,,,,,,,,,,,,,
3437,534,29,3959,4505.17,,,0.05,,,,,True,394,83,8,5,0.135671,,,,,,,,,,,,,True,408,76,8,5,0.130979,,,,,,,,,,,,,,
3437,534,30,3959,4505.17,,,0.05,,,,,True,394,83,8,5,0.135671,,,,,,,,,,,,,True,406,78,8,5,0.106454,,,,,,,,,,,,,,
3437,534,1,3959,4505.17,,,0.15,,,,,True,394,83,8,5,0.135671,,,,,,,,,,,,,True,444,63,8,5,0.127695,,,,,,,,,,,,,,
3437,534,2,3959,4505.17,,,0.15,,,,,True,394,83,8,5,0.135671,,,,,,,,,,,,,True,452,63,8,5,0.105546,,,,,,,,,,,,,,
3437,534,3,3959,4505.17,,,0.15,,,,,True,394,83,8,5,0.135671,,,,,,,,,,,,,True,446,65,8,5,0.105675,,,,,,,,,,,,,,
3437,534,4,3959,4505.17,,,0.15,,,,,True,394,83,8,5,0.135671,,,,,,,,,,,,,True,440,58,8,5,0.089263,,,,,,,,,,,,,,
3437,534,5,3959,4505.17,,,0.15,,,,,True,394,83,8,5,0.135671,,,,,,,,,,,,,True,449,60,8,5,0.091269,,,,,,,,,,,,,,
3437,534,6,3959,4505.17,,,0.15,,,,,True,394,83,8,5,0.135671,,,,,,,,,,,,,True,448,63,8,5,0.093005,,,,,,,,,,,,,,
3437,534,7,3959,4505.17,,,0.15,,,,,True,394,83,8,5,0.135671,,,,,,,,,,,,,True,443,62,8,5,0.090038,,,,,,,,,,,,,,
3437,534,8,3959,4505.17,,,0.15,,,,,True,394,83,8,5,0.135671,,,,,,,,,,,,,True,438,59,8,5,0.091418,,,,,,,,,,,,,,
3437,534,9,3959,4505.17,,,0.15,,,,,True,394,83,8,5,0.135671,,,,,,,,,,,,,True,445,69,8,5,0.096892,,,,,,,,,,,,,,
3437,534,10,3959,4505.17,,,0.15,,,,,True,394,83,8,5,0.135671,,,,,,,,,,,,,True,441,63,8,5,0.131324,,,,,,,,,,,,,,
3437,534,11,3959,4505.17,,,0.15,,,,,True,394,83,8,5,0.135671,,,,,,,,,,,,,True,441,66,8,5,0.104017,,,,,,,,,,,,,,
3437,534,12,3959,4505.17,,,0.15,,,,,True,394,83,8,5,0.135671,,,,,,,,,,,,,True,441,59,8,5,0.106679,,,,,,,,,,,,,,
3437,534,13,3959,4505.17,,,0.15,,,,,True,394,83,8,5,0.135671,,,,,,,,,,,,,True,435,61,8,5,0.091325,,,,,,,,,,,,,,
3437,534,14,3959,4505.17,,,0.15,,,,,True,394,83,8,5,0.135671,,,,,,,,,,,,,True,443,61,8,5,0.09075,,,,,,,,,,,,,,
3437,534,15,3959,4505.17,,,0.15,,,,,True,394,83,8,5,0.135671,,,,,,,,,,,,,True,443,60,8,5,0.091934,,,,,,,,,,,,,,
3437,534,16,3959,4505.17,,,0.15,,,,,True,394,83,8,5,0.135671,,,,,,,,,,,,,True,433,61,8,5,0.089954,,,,,,,,,,,,,,
3437,534,17,3959,4505.17,,,0.15,,,,,True,394,83,8,5,0.135671,,,,,,,,,,,,,True,444,62,8,5,0.092826,,,,,,,,,,,,,,
3437,534,18,3959,4505.17,,,0.15,,,,,True,394,83,8,5,0.135671,,,,,,,,,,,,,True,440,67,8,5,0.090312,,,,,,,,,,,,,,
3437,534,19,3959,4505.17,,,0.15,,,,,True,394,83,8,5,0.135671,,,,,,,,,,,,,True,442,60,8,5,0.132522,,,,,,,,,,,,,,
3437,534,20,3959,4505.17,,,0.15,,,,,True,394,83,8,5,0.135671,,,,,,,,,,,,,True,443,58,8,5,0.148935,,,,,,,,,,,,,,
3437,534,21,3959,4505.17,,,0.15,,,,,True,394,83,8,5,0.135671,,,,,,,,,,,,,True,441,61,8,5,0.104442,,,,,,,,,,,,,,
3437,534,22,3959,4505.17,,,0.15,,,,,True,394,83,8,5,0.135671,,,,,,,,,,,,,True,442,65,8,5,0.089346,,,,,,,,,,,,,,
3437,534,23,3959,4505.17,,,0.15,,,,,True,394,83,8,5,0.135671,,,,,,,,,,,,,True,448,59,8,5,0.092789,,,,,,,,,,,,,,
3437,534,24,3959,4505.17,,,0.15,,,,,True,394,83,8,5,0.135671,,,,,,,,,,,,,True,446,61,8,5,0.092905,,,,,,,,,,,,,,
3437,534,25,3959,4505.17,,,0.15,,,,,True,394,83,8,5,0.135671,,,,,,,,,,,,,True,444,67,8,5,0.091871,,,,,,,,,,,,,,
3437,534,26,3959,4505.17,,,0.15,,,,,True,394,83,8,5,0.135671,,,,,,,,,,,,,True,437,62,8,5,0.094471,,,,,,,,,,,,,,
3437,534,27,3959,4505.17,,,0.15,,,,,True,394,83,8,5,0.135671,,,,,,,,,,,,,True,449,66,8,5,0.093161,,,,,,,,,,,,,,
3437,534,28,3959,4505.17,,,0.15,,,,,True,394,83,8,5,0.135671,,,,,,,,,,,,,True,442,62,8,5,0.104395,,,,,,,,,,,,,,
3437,534,29,3959,4505.17,,,0.15,,,,,True,394,83,8,5,0.135671,,,,,,,,,,,,,True,448,62,8,5,0.089915,,,,,,,,,,,,,,
3437,534,30,3959,4505.17,,,0.15,,,,,True,394,83,8,5,0.135671,,,,,,,,,,,,,True,441,64,8,5,0.097279,,,,,,,,,,,,,,
3437,534,1,3959,4505.17,,,0.25,,,,,True,394,83,8,5,0.135671,,,,,,,,,,,,,True,479,58,8,5,0.20575,,,,,,,,,,,,,,
3437,534,2,3959,4505.17,,,0.25,,,,,True,394,83,8,5,0.135671,,,,,,,,,,,,,True,477,59,8,5,0.102333,,,,,,,,,,,,,,
3437,534,3,3959,4505.17,,,0.25,,,,,True,394,83,8,5,0.135671,,,,,,,,,,,,,True,475,56,8,5,0.088296,,,,,,,,,,,,,,
3437,534,4,3959,4505.17,,,0.25,,,,,True,394,83,8,5,0.135671,,,,,,,,,,,,,True,470,49,8,5,0.09171,,,,,,,,,,,,,,
3437,534,5,3959,4505.17,,,0.25,,,,,True,394,83,8,5,0.135671,,,,,,,,,,,,,True,478,57,8,5,0.096465,,,,,,,,,,,,,,
3437,534,6,3959,4505.17,,,0.25,,,,,True,394,83,8,5,0.135671,,,,,,,,,,,,,True,480,61,8,5,0.104617,,,,,,,,,,,,,,
3437,534,7,3959,4505.17,,,0.25,,,,,True,394,83,8,5,0.135671,,,,,,,,,,,,,True,480,58,8,5,0.102389,,,,,,,,,,,,,,
3437,534,8,3959,4505.17,,,0.25,,,,,True,394,83,8,5,0.135671,,,,,,,,,,,,,True,478,57,8,5,0.094667,,,,,,,,,,,,,,
3437,534,9,3959,4505.17,,,0.25,,,,,True,394,83,8,5,0.135671,,,,,,,,,,,,,True,474,58,8,5,0.092055,,,,,,,,,,,,,,
3437,534,10,3959,4505.17,,,0.25,,,,,True,394,83,8,5,0.135671,,,,,,,,,,,,,True,477,60,8,5,0.092113,,,,,,,,,,,,,,
3437,534,11,3959,4505.17,,,0.25,,,,,True,394,83,8,5,0.135671,,,,,,,,,,,,,True,472,53,8,5,0.142341,,,,,,,,,,,,,,
3437,534,12,3959,4505.17,,,0.25,,,,,True,394,83,8,5,0.135671,,,,,,,,,,,,,True,472,53,8,5,0.103713,,,,,,,,,,,,,,
3437,534,13,3959,4505.17,,,0.25,,,,,True,394,83,8,5,0.135671,,,,,,,,,,,,,True,485,60,8,5,0.090542,,,,,,,,,,,,,,
3437,534,14,3959,4505.17,,,0.25,,,,,True,394,83,8,5,0.135671,,,,,,,,,,,,,True,471,57,8,5,0.091288,,,,,,,,,,,,,,
3437,534,15,3959,4505.17,,,0.25,,,,,True,394,83,8,5,0.135671,,,,,,,,,,,,,True,478,57,8,5,0.090346,,,,,,,,,,,,,,
3437,534,16,3959,4505.17,,,0.25,,,,,True,394,83,8,5,0.135671,,,,,,,,,,,,,True,478,62,8,5,0.0902,,,,,,,,,,,,,,
3437,534,17,3959,4505.17,,,0.25,,,,,True,394,83,8,5,0.135671,,,,,,,,,,,,,True,478,61,8,5,0.094551,,,,,,,,,,,,,,
3437,534,18,3959,4505.17,,,0.25,,,,,True,394,83,8,5,0.135671,,,,,,,,,,,,,True,470,55,8,5,0.134582,,,,,,,,,,,,,,
3437,534,19,3959,4505.17,,,0.25,,,,,True,394,83,8,5,0.135671,,,,,,,,,,,,,True,468,51,8,5,0.105097,,,,,,,,,,,,,,
3437,534,20,3959,4505.17,,,0.25,,,,,True,394,83,8,5,0.135671,,,,,,,,,,,,,True,476,55,8,5,0.10417,,,,,,,,,,,,,,
3437,534,21,3959,4505.17,,,0.25,,,,,True,394,83,8,5,0.135671,,,,,,,,,,,,,True,475,56,8,5,0.091767,,,,,,,,,,,,,,
3437,534,22,3959,4505.17,,,0.25,,,,,True,394,83,8,5,0.135671,,,,,,,,,,,,,True,474,61,8,5,0.132737,,,,,,,,,,,,,,
3437,534,23,3959,4505.17,,,0.25,,,,,True,394,83,8,5,0.135671,,,,,,,,,,,,,True,477,57,8,5,0.104136,,,,,,,,,,,,,,
3437,534,24,3959,4505.17,,,0.25,,,,,True,394,83,8,5,0.135671,,,,,,,,,,,,,True,484,56,8,5,0.088974,,,,,,,,,,,,,,
3437,534,25,3959,4505.17,,,0.25,,,,,True,394,83,8,5,0.135671,,,,,,,,,,,,,True,471,64,8,5,0.092368,,,,,,,,,,,,,,
3437,534,26,3959,4505.17,,,0.25,,,,,True,394,83,8,5,0.135671,,,,,,,,,,,,,True,468,57,8,5,0.091232,,,,,,,,,,,,,,
3437,534,27,3959,4505.17,,,0.25,,,,,True,394,83,8,5,0.135671,,,,,,,,,,,,,True,473,58,8,5,0.091628,,,,,,,,,,,,,,
3437,534,28,3959,4505.17,,,0.25,,,,,True,394,83,8,5,0.135671,,,,,,,,,,,,,True,486,60,8,5,0.089351,,,,,,,,,,,,,,
3437,534,29,3959,4505.17,,,0.25,,,,,True,394,83,8,5,0.135671,,,,,,,,,,,,,True,476,62,8,5,0.091091,,,,,,,,,,,,,,
3437,534,30,3959,4505.17,,,0.25,,,,,True,394,83,8,5,0.135671,,,,,,,,,,,,,True,480,59,8,5,0.090269,,,,,,,,,,,,,,
3437,534,1,3959,4505.17,,,0.4,,,,,True,394,83,8,5,0.135671,,,,,,,,,,,,,True,517,66,8,5,0.093241,,,,,,,,,,,,,,
3437,534,2,3959,4505.17,,,0.4,,,,,True,394,83,8,5,0.135671,,,,,,,,,,,,,True,520,58,8,5,0.1413,,,,,,,,,,,,,,
3437,534,3,3959,4505.17,,,0.4,,,,,True,394,83,8,5,0.135671,,,,,,,,,,,,,True,515,59,8,5,0.106537,,,,,,,,,,,,,,
3437,534,4,3959,4505.17,,,0.4,,,,,True,394,83,8,5,0.135671,,,,,,,,,,,,,True,512,49,8,5,0.128684,,,,,,,,,,,,,,
3437,534,5,3959,4505.17,,,0.4,,,,,True,394,83,8,5,0.135671,,,,,,,,,,,,,True,516,62,8,5,0.105017,,,,,,,,,,,,,,
3437,534,6,3959,4505.17,,,0.4,,,,,True,394,83,8,5,0.135671,,,,,,,,,,,,,True,523,57,8,5,0.103516,,,,,,,,,,,,,,
3437,534,7,3959,4505.17,,,0.4,,,,,True,394,83,8,5,0.135671,,,,,,,,,,,,,True,518,52,8,5,0.090367,,,,,,,,,,,,,,
3437,534,8,3959,4505.17,,,0.4,,,,,True,394,83,8,5,0.135671,,,,,,,,,,,,,True,515,61,8,5,0.103261,,,,,,,,,,,,,,
3437,534,9,3959,4505.17,,,0.4,,,,,True,394,83,8,5,0.135671,,,,,,,,,,,,,True,516,61,8,5,0.10016,,,,,,,,,,,,,,
3437,534,10,3959,4505.17,,,0.4,,,,,True,394,83,8,5,0.135671,,,,,,,,,,,,,True,521,60,8,5,0.104196,,,,,,,,,,,,,,
3437,534,11,3959,4505.17,,,0.4,,,,,True,394,83,8,5,0.135671,,,,,,,,,,,,,True,508,45,8,5,0.103017,,,,,,,,,,,,,,
3437,534,12,3959,4505.17,,,0.4,,,,,True,394,83,8,5,0.135671,,,,,,,,,,,,,True,519,59,8,5,0.091177,,,,,,,,,,,,,,
3437,534,13,3959,4505.17,,,0.4,,,,,True,394,83,8,5,0.135671,,,,,,,,,,,,,True,514,61,8,5,0.128214,,,,,,,,,,,,,,
3437,534,14,3959,4505.17,,,0.4,,,,,True,394,83,8,5,0.135671,,,,,,,,,,,,,True,512,57,8,5,0.104624,,,,,,,,,,,,,,
3437,534,15,3959,4505.17,,,0.4,,,,,True,394,83,8,5,0.135671,,,,,,,,,,,,,True,524,53,8,5,0.091658,,,,,,,,,,,,,,
3437,534,16,3959,4505.17,,,0.4,,,,,True,394,83,8,5,0.135671,,,,,,,,,,,,,True,521,58,8,5,0.091792,,,,,,,,,,,,,,
3437,534,17,3959,4505.17,,,0.4,,,,,True,394,83,8,5,0.135671,,,,,,,,,,,,,True,522,56,8,5,0.090552,,,,,,,,,,,,,,
3437,534,18,3959,4505.17,,,0.4,,,,,True,394,83,8,5,0.135671,,,,,,,,,,,,,True,515,56,8,5,0.105102,,,,,,,,,,,,,,
3437,534,19,3959,4505.17,,,0.4,,,,,True,394,83,8,5,0.135671,,,,,,,,,,,,,True,516,53,8,5,0.102976,,,,,,,,,,,,,,
3437,534,20,3959,4505.17,,,0.4,,,,,True,394,83,8,5,0.135671,,,,,,,,,,,,,True,515,57,8,5,0.091058,,,,,,,,,,,,,,
3437,534,21,3959,4505.17,,,0.4,,,,,True,394,83,8,5,0.135671,,,,,,,,,,,,,True,514,52,8,5,0.09079,,,,,,,,,,,,,,
3437,534,22,3959,4505.17,,,0.4,,,,,True,394,83,8,5,0.135671,,,,,,,,,,,,,True,518,72,8,5,0.094657,,,,,,,,,,,,,,
3437,534,23,3959,4505.17,,,0.4,,,,,True,394,83,8,5,0.135671,,,,,,,,,,,,,True,514,65,8,5,0.13442,,,,,,,,,,,,,,
3437,534,24,3959,4505.17,,,0.4,,,,,True,394,83,8,5,0.135671,,,,,,,,,,,,,True,513,57,8,5,0.104813,,,,,,,,,,,,,,
3437,534,25,3959,4505.17,,,0.4,,,,,True,394,83,8,5,0.135671,,,,,,,,,,,,,True,516,58,8,5,0.115462,,,,,,,,,,,,,,
3437,534,26,3959,4505.17,,,0.4,,,,,True,394,83,8,5,0.135671,,,,,,,,,,,,,True,510,61,8,5,0.090615,,,,,,,,,,,,,,
3437,534,27,3959,4505.17,,,0.4,,,,,True,394,83,8,5,0.135671,,,,,,,,,,,,,True,513,59,8,5,0.090561,,,,,,,,,,,,,,
3437,534,28,3959,4505.17,,,0.4,,,,,True,394,83,8,5,0.135671,,,,,,,,,,,,,True,523,61,8,5,0.092652,,,,,,,,,,,,,,
3437,534,29,3959,4505.17,,,0.4,,,,,True,394,83,8,5,0.135671,,,,,,,,,,,,,True,516,59,8,5,0.104789,,,,,,,,,,,,,,
3437,534,30,3959,4505.17,,,0.4,,,,,True,394,83,8,5,0.135671,,,,,,,,,,,,,True,518,58,8,5,0.106516,,,,,,,,,,,,,,
3980,52,1,85,117.44,75.0,68.5,0.05,82,113.14,74.0,66.5,True,52,18,8,5,0.000157,True,7.342016808376022,13.0,2,28,0.4,0.4,2,inf,1.127775,0.000624,1.128399,True,52,18,8,5,0.000122,True,7.08784088330884,13.0,2,37,0.4,0.4,2,inf,1.26677,0.000657,1.267427,"[[3990,4007,4016,4025],[4030,3986,3988,3993,4000,4017,4019,4021,4026],[3987,4001,4012,4029],[3997,3994,4009],[4023,3981,4002,4013,4018,4031,4034,4038],[594,4011],[3998],[3983],[3985],[3989],[3991],[3992],[3995],[3996],[3999],[4003],[4004],[4005],[4006],[4014],[4020],[4027],[4028],[4032],[4033],[4036],[4037],[3982]]","[[4030,3986,3988,3993,4000,4003,4017,4019,4021,4026],[3981,3994,3997,3998,4009,4018,4023],[594],[3982],[3983],[3985],[3987],[3989],[3990],[3991],[3992],[3995],[3996],[3999],[4001],[4002],[4004],[4005],[4006],[4007],[4011],[4012],[4013],[4014],[4016],[4020],[4025],[4027],[4028],[4029],[4031],[4032],[4033],[4034],[4036],[4037],[4038]]"
3980,52,2,85,117.44,75.0,68.5,0.05,81,113.93,74.0,65.5,True,52,18,8,5,0.000157,True,7.342016808376022,13.0,2,28,0.4,0.4,2,inf,1.127775,0.000624,1.128399,True,52,17,8,5,0.000134,True,7.073543972897075,12.0,36,36,0.4,0.4,2,inf,1.121226,0.000424,1.12165,"[[3990,4007,4016,4025],[4030,3986,3988,3993,4000,4017,4019,4021,4026],[3987,4001,4012,4029],[3997,3994,4009],[4023,3981,4002,4013,4018,4031,4034,4038],[594,4011],[3998],[3983],[3985],[3989],[3991],[3992],[3995],[3996],[3999],[4003],[4004],[4005],[4006],[4014],[4020],[4027],[4028],[4032],[4033],[4036],[4037],[3982]]","[[4009,3981,3982,3994,3997,4023],[4030,3986,3988,3993,4017,4019,4020,4021,4026],[4013,4031],[3998,4002,4018],[594],[3983],[3985],[3987],[3989],[3990],[3991],[3992],[3995],[3996],[3999],[4000],[4001],[4004],[4005],[4006],[4007],[4011],[4012],[4014],[4016],[4025],[4027],[4028],[4029],[4032],[4033],[4034],[4036],[4037],[4038],[4003]]"
3980,52,3,85,117.44,75.0,68.5,0.05,80,110.72,74.0,65.0,True,52,18,8,5,0.000157,True,7.342016808376022,13.0,2,28,0.4,0.4,2,inf,1.127775,0.000624,1.128399,True,52,18,8,5,0.000126,True,7.095271227533188,12.0,38,38,0.4,0.4,2,inf,1.157803,0.000615,1.158418,"[[3990,4007,4016,4025],[4030,3986,3988,3993,4000,4017,4019,4021,4026],[3987,4001,4012,4029],[3997,3994,4009],[4023,3981,4002,4013,4018,4031,4034,4038],[594,4011],[3998],[3983],[3985],[3989],[3991],[3992],[3995],[3996],[3999],[4003],[4004],[4005],[4006],[4014],[4020],[4027],[4028],[4032],[4033],[4036],[4037],[3982]]","[[4030,3986,3988,3993,4000,4017,4019,4021,4026],[4009,3982,3994,3997,4023],[3998,3981],[4002,4031],[4003],[594],[3983],[3985],[3987],[3989],[3990],[3991],[3992],[3995],[3996],[3999],[4001],[4004],[4005],[4006],[4007],[4011],[4012],[4013],[4014],[4016],[4018],[4020],[4025],[4027],[4028],[4029],[4032],[4033],[4034],[4036],[4037],[4038]]"
3980,52,4,85,117.44,75.0,68.5,0.05,83,114.54,74.0,67.0,True,52,18,8,5,0.000157,True,7.342016808376022,13.0,2,28,0.4,0.4,2,inf,1.127775,0.000624,1.128399,True,52,18,8,5,0.000145,True,7.218975999414965,12.0,17,35,0.4,0.4,2,inf,1.213424,0.000629,1.214053,"[[3990,4007,4016,4025],[4030,3986,3988,3993,4000,4017,4019,4021,4026],[3987,4001,4012,4029],[3997,3994,4009],[4023,3981,4002,4013,4018,4031,4034,4038],[594,4011],[3998],[3983],[3985],[3989],[3991],[3992],[3995],[3996],[3999],[4003],[4004],[4005],[4006],[4014],[4020],[4027],[4028],[4032],[4033],[4036],[4037],[3982]]","[[4030,3986,3988,3993,4000,4003,4017,4019,4021,4026],[3994,3982,3997,4009],[4023,3981,4002,4013,4018,4038],[594],[3983],[3985],[3987],[3989],[3990],[3991],[3992],[3995],[3996],[3998],[3999],[4001],[4004],[4005],[4006],[4007],[4011],[4012],[4014],[4016],[4020],[4025],[4027],[4028],[4029],[4031],[4032],[4033],[4034],[4036],[4037]]"
3980,52,5,85,117.44,75.0,68.5,0.05,81,107.67,74.0,63.0,True,52,18,8,5,0.000157,True,7.342016808376022,13.0,2,28,0.4,0.4,2,inf,1.127775,0.000624,1.128399,True,52,17,8,5,0.000121,True,6.8362940039141975,12.0,38,38,0.4,0.4,2,inf,1.098481,0.000428,1.098909,"[[3990,4007,4016,4025],[4030,3986,3988,3993,4000,4017,4019,4021,4026],[3987,4001,4012,4029],[3997,3994,4009],[4023,3981,4002,4013,4018,4031,4034,4038],[594,4011],[3998],[3983],[3985],[3989],[3991],[3992],[3995],[3996],[3999],[4003],[4004],[4005],[4006],[4014],[4020],[4027],[4028],[4032],[4033],[4036],[4037],[3982]]","[[3997,3982,3994,3998,4009,4023],[4030,3986,3988,4003,4019,4020,4021,4026],[4013,4031,4038],[3981],[594],[3983],[3985],[3987],[3989],[3990],[3991],[3992],[3993],[3995],[3996],[3999],[4000],[4001],[4002],[4004],[4005],[4006],[4007],[4011],[4012],[4014],[4016],[4017],[4025],[4027],[4028],[4029],[4032],[4033],[4034],[4036],[4037],[4018]]"
3980,52,6,85,117.44,75.0,68.5,0.05,86,112.2,74.0,66.5,True,52,18,8,5,0.000157,True,7.342016808376022,13.0,2,28,0.4,0.4,2,inf,1.127775,0.000624,1.128399,True,52,17,8,5,0.000128,True,6.834162286250197,13.0,2,36,0.4,0.4,2,inf,1.184237,0.000595,1.184832,"[[3990,4007,4016,4025],[4030,3986,3988,3993,4000,4017,4019,4021,4026],[3987,4001,4012,4029],[3997,3994,4009],[4023,3981,4002,4013,4018,4031,4034,4038],[594,4011],[3998],[3983],[3985],[3989],[3991],[3992],[3995],[3996],[3999],[4003],[4004],[4005],[4006],[4014],[4020],[4027],[4028],[4032],[4033],[4036],[4037],[3982]]","[[4009,3981,3994,3997,3998,4003,4023],[4030,3986,3988,4000,4017,4019,4020,4021,4026],[4013,4031,4038],[594],[3982],[3983],[3985],[3987],[3989],[3990],[3991],[3992],[3993],[3995],[3996],[3999],[4001],[4002],[4004],[4005],[4006],[4007],[4011],[4012],[4014],[4016],[4018],[4025],[4027],[4028],[4029],[4032],[4033],[4034],[4036],[4037]]"
3980,52,7,85,117.44,75.0,68.5,0.05,81,106.31,74.0,62.5,True,52,18,8,5,0.000157,True,7.342016808376022,13.0,2,28,0.4,0.4,2,inf,1.127775,0.000624,1.128399,True,52,17,8,5,0.000147,True,6.4005385165823645,13.0,27,40,0.4,0.4,2,inf,1.198653,0.0006,1.199253,"[[3990,4007,4016,4025],[4030,3986,3988,3993,4000,4017,4019,4021,4026],[3987,4001,4012,4029],[3997,3994,4009],[4023,3981,4002,4013,4018,4031,4034,4038],[594,4011],[3998],[3983],[3985],[3989],[3991],[3992],[3995],[3996],[3999],[4003],[4004],[4005],[4006],[4014],[4020],[4027],[4028],[4032],[4033],[4036],[4037],[3982]]","[[4030,3986,3988,3993,4000,4003,4009,4017,4021,4026],[3994,3997,4018],[4031,4038],[594],[3981],[3982],[3983],[3985],[3987],[3989],[3990],[3991],[3992],[3995],[3996],[3998],[3999],[4001],[4002],[4004],[4005],[4006],[4007],[4011],[4012],[4013],[4014],[4016],[4019],[4020],[4023],[4025],[4027],[4028],[4029],[4032],[4033],[4034],[4036],[4037]]"
3980,52,8,85,117.44,75.0,68.5,0.05,86,113.75,74.0,66.0,True,52,18,8,5,0.000157,True,7.342016808376022,13.0,2,28,0.4,0.4,2,inf,1.127775,0.000624,1.128399,True,52,17,8,5,0.000152,True,6.717422146183851,13.0,38,37,0.4,0.4,2,inf,1.099375,0.000496,1.099871,"[[3990,4007,4016,4025],[4030,3986,3988,3993,4000,4017,4019,4021,4026],[3987,4001,4012,4029],[3997,3994,4009],[4023,3981,4002,4013,4018,4031,4034,4038],[594,4011],[3998],[3983],[3985],[3989],[3991],[3992],[3995],[3996],[3999],[4003],[4004],[4005],[4006],[4014],[4020],[4027],[4028],[4032],[4033],[4036],[4037],[3982]]","[[4030,3982,3986,3988,3993,4000,4003,4009,4019,4021,4026],[3997,3994,4018],[3981,3998,4023],[4013,4031],[594],[3983],[3985],[3987],[3989],[3990],[3991],[3992],[3995],[3996],[3999],[4001],[4002],[4004],[4005],[4006],[4007],[4011],[4012],[4014],[4016],[4017],[4020],[4025],[4027],[4028],[4029],[4032],[4033],[4034],[4036],[4037],[4038]]"
3980,52,9,85,117.44,75.0,68.5,0.05,80,110.35,74.0,65.0,True,52,18,8,5,0.000157,True,7.342016808376022,13.0,2,28,0.4,0.4,2,inf,1.127775,0.000624,1.128399,True,52,17,8,5,0.000126,True,6.960342696581426,13.0,36,35,0.4,0.4,2,inf,1.800456,0.00068,1.801136,"[[3990,4007,4016,4025],[4030,3986,3988,3993,4000,4017,4019,4021,4026],[3987,4001,4012,4029],[3997,3994,4009],[4023,3981,4002,4013,4018,4031,4034,4038],[594,4011],[3998],[3983],[3985],[3989],[3991],[3992],[3995],[3996],[3999],[4003],[4004],[4005],[4006],[4014],[4020],[4027],[4028],[4032],[4033],[4036],[4037],[3982]]","[[4030,3986,3993,4000,4017,4019,4020,4021,4026],[3997,3981,3994,3998,4009,4018,4023],[4013,4031,4038],[3982,4003],[594],[3983],[3985],[3987],[3988],[3989],[3990],[3991],[3992],[3995],[3996],[3999],[4001],[4002],[4004],[4005],[4006],[4007],[4011],[4012],[4014],[4016],[4025],[4027],[4028],[4029],[4032],[4033],[4034],[4036],[4037]]"
3980,52,10,85,117.44,75.0,68.5,0.05,84,109.93,74.0,66.0,True,52,18,8,5,0.000157,True,7.342016808376022,13.0,2,28,0.4,0.4,2,inf,1.127775,0.000624,1.128399,True,52,17,8,5,0.000127,True,7.045632052975993,13.0,17,34,0.4,0.4,2,inf,1.355716,0.000668,1.356385,"[[3990,4007,4016,4025],[4030,3986,3988,3993,4000,4017,4019,4021,4026],[3987,4001,4012,4029],[3997,3994,4009],[4023,3981,4002,4013,4018,4031,4034,4038],[594,4011],[3998],[3983],[3985],[3989],[3991],[3992],[3995],[3996],[3999],[4003],[4004],[4005],[4006],[4014],[4020],[4027],[4028],[4032],[4033],[4036],[4037],[3982]]","[[4030,3982,3986,3988,3993,3997,4000,4003,4017,4019,4021,4026],[4023,3981,4002,4013,4018,4034,4038],[4009,3994],[3998],[594],[3983],[3985],[3987],[3989],[3990],[3991],[3992],[3995],[3996],[3999],[4001],[4004],[4005],[4006],[4007],[4011],[4012],[4014],[4016],[4020],[4025],[4027],[4028],[4029],[4031],[4032],[4033],[4036],[4037]]"
3980,52,11,85,117.44,75.0,68.5,0.05,78,102.29,74.0,62.0,True,52,18,8,5,0.000157,True,7.342016808376022,13.0,2,28,0.4,0.4,2,inf,1.127775,0.000624,1.128399,True,52,16,8,5,0.000124,True,6.455556043438654,13.0,36,35,0.4,0.4,2,inf,1.473582,0.001163,1.474745,"[[3990,4007,4016,4025],[4030,3986,3988,3993,4000,4017,4019,4021,4026],[3987,4001,4012,4029],[3997,3994,4009],[4023,3981,4002,4013,4018,4031,4034,4038],[594,4011],[3998],[3983],[3985],[3989],[3991],[3992],[3995],[3996],[3999],[4003],[4004],[4005],[4006],[4014],[4020],[4027],[4028],[4032],[4033],[4036],[4037],[3982]]","[[3997,3981,3994,3998,4009,4018,4023],[4030,3986,3988,3993,4000,4003,4019,4020,4021,4026],[4013,4031],[3995,4004],[594],[3982],[3983],[3985],[3987],[3989],[3990],[3991],[3992],[3996],[3999],[4001],[4002],[4005],[4006],[4007],[4011],[4012],[4014],[4016],[4017],[4025],[4027],[4028],[4029],[4032],[4033],[4034],[4036],[4037],[4038]]"
3980,52,12,85,117.44,75.0,68.5,0.05,85,108.96,74.0,63.0,True,52,18,8,5,0.000157,True,7.342016808376022,13.0,2,28,0.4,0.4,2,inf,1.127775,0.000624,1.128399,True,52,16,8,5,0.000129,True,6.6931239147059856,14.0,36,34,0.4,0.4,2,inf,1.149817,0.000594,1.150411,"[[3990,4007,4016,4025],[4030,3986,3988,3993,4000,4017,4019,4021,4026],[3987,4001,4012,4029],[3997,3994,4009],[4023,3981,4002,4013,4018,4031,4034,4038],[594,4011],[3998],[3983],[3985],[3989],[3991],[3992],[3995],[3996],[3999],[4003],[4004],[4005],[4006],[4014],[4020],[4027],[4028],[4032],[4033],[4036],[4037],[3982]]","[[4030,3986,3988,3993,4000,4003,4009,4017,4019,4020,4021],[4023,3981,4002,4013,4018,4031,4034,4038],[3994,3997],[594],[3982],[3983],[3985],[3987],[3989],[3990],[3991],[3992],[3995],[3996],[3998],[3999],[4001],[4004],[4005],[4006],[4007],[4011],[4012],[4014],[4016],[4025],[4026],[4027],[4028],[4029],[4032],[4033],[4036],[4037]]"
3980,52,13,85,117.44,75.0,68.5,0.05,77,104.04,74.0,62.0,True,52,18,8,5,0.000157,True,7.342016808376022,13.0,2,28,0.4,0.4,2,inf,1.127775,0.000624,1.128399,True,52,16,8,5,0.000124,True,6.447483816740535,12.0,36,35,0.4,0.4,2,inf,1.027975,0.000357,1.028332,"[[3990,4007,4016,4025],[4030,3986,3988,3993,4000,4017,4019,4021,4026],[3987,4001,4012,4029],[3997,3994,4009],[4023,3981,4002,4013,4018,4031,4034,4038],[594,4011],[3998],[3983],[3985],[3989],[3991],[3992],[3995],[3996],[3999],[4003],[4004],[4005],[4006],[4014],[4020],[4027],[4028],[4032],[4033],[4036],[4037],[3982]]","[[4009,3982,3994,3997,3998,4003,4018,4023],[4030,3986,3988,3993,4000,4004,4017,4019,4020,4021],[4013,4031],[594],[3981],[3983],[3985],[3987],[3989],[3990],[3991],[3992],[3995],[3996],[3999],[4001],[4002],[4005],[4006],[4007],[4011],[4012],[4014],[4016],[4025],[4026],[4027],[4028],[4029],[4032],[4033],[4034],[4036],[4037],[4038]]"
3980,52,14,85,117.44,75.0,68.5,0.05,82,108.7,74.0,63.5,True,52,18,8,5,0.000157,True,7.342016808376022,13.0,2,28,0.4,0.4,2,inf,1.127775,0.000624,1.128399,True,52,17,8,5,0.000139,True,6.867894630828526,12.0,35,33,0.4,0.4,2,inf,1.033134,0.000362,1.033496,"[[3990,4007,4016,4025],[4030,3986,3988,3993,4000,4017,4019,4021,4026],[3987,4001,4012,4029],[3997,3994,4009],[4023,3981,4002,4013,4018,4031,4034,4038],[594,4011],[3998],[3983],[3985],[3989],[3991],[3992],[3995],[3996],[3999],[4003],[4004],[4005],[4006],[4014],[4020],[4027],[4028],[4032],[4033],[4036],[4037],[3982]]","[[4030,3986,3988,3993,4000,4003,4017,4019,4021,4026],[3997,3981,3982,3994,4009,4023],[4031,4013,4038],[3985,3995],[3998,4002,4018],[594],[3983],[3987],[3989],[3990],[3991],[3992],[3996],[3999],[4001],[4004],[4005],[4006],[4007],[4011],[4012],[4014],[4016],[4020],[4025],[4027],[4028],[4029],[4032],[4033],[4034],[4036],[4037]]"
3980,52,15,85,117.44,75.0,68.5,0.05,83,111.52,74.0,63.0,True,52,18,8,5,0.000157,True,7.342016808376022,13.0,2,28,0.4,0.4,2,inf,1.127775,0.000624,1.128399,True,52,17,8,5,0.000123,True,6.860635893086805,14.0,21,32,0.4,0.4,2,inf,1.142429,0.000367,1.142796,"[[3990,4007,4016,4025],[4030,3986,3988,3993,4000,4017,4019,4021,4026],[3987,4001,4012,4029],[3997,3994,4009],[4023,3981,4002,4013,4018,4031,4034,4038],[594,4011],[3998],[3983],[3985],[3989],[3991],[3992],[3995],[3996],[3999],[4003],[4004],[4005],[4006],[4014],[4020],[4027],[4028],[4032],[4033],[4036],[4037],[3982]]","[[4023,3981,3994,3997,4002,4003,4009,4013,4018,4034,4038],[4030,3986,3988,3993,4000,4017,4019,4020,4021,4026],[4014,4037],[3998],[594],[3982],[3983],[3985],[3987],[3989],[3990],[3991],[3992],[3995],[3996],[3999],[4001],[4004],[4005],[4006],[4007],[4011],[4012],[4016],[4025],[4027],[4028],[4029],[4031],[4032],[4033],[4036]]"
3980,52,16,85,117.44,75.0,68.5,0.05,89,114.29,74.0,65.0,True,52,18,8,5,0.000157,True,7.342016808376022,13.0,2,28,0.4,0.4,2,inf,1.127775,0.000624,1.128399,True,52,18,8,5,0.000142,True,7.029894618212838,13.0,2,34,0.4,0.4,2,inf,1.032821,0.000412,1.033233,"[[3990,4007,4016,4025],[4030,3986,3988,3993,4000,4017,4019,4021,4026],[3987,4001,4012,4029],[3997,3994,4009],[4023,3981,4002,4013,4018,4031,4034,4038],[594,4011],[3998],[3983],[3985],[3989],[3991],[3992],[3995],[3996],[3999],[4003],[4004],[4005],[4006],[4014],[4020],[4027],[4028],[4032],[4033],[4036],[4037],[3982]]","[[4030,3986,3988,3993,3994,3997,4000,4003,4009,4017,4019,4021,4026],[4023,3981,4002,4013,4018,4031,4038],[594],[3983],[3985],[3987],[3989],[3990],[3991],[3992],[3995],[3996],[3998],[3999],[4001],[4004],[4005],[4006],[4007],[4011],[4012],[4014],[4016],[4020],[4025],[4027],[4028],[4029],[4032],[4033],[4034],[4036],[4037],[3982]]"
3980,52,17,85,117.44,75.0,68.5,0.05,78,112.87,74.0,65.5,True,52,18,8,5,0.000157,True,7.342016808376022,13.0,2,28,0.4,0.4,2,inf,1.127775,0.000624,1.128399,True,52,16,8,5,0.000128,True,6.70944645789983,11.0,17,37,0.4,0.4,2,inf,1.383181,0.000661,1.383842,"[[3990,4007,4016,4025],[4030,3986,3988,3993,4000,4017,4019,4021,4026],[3987,4001,4012,4029],[3997,3994,4009],[4023,3981,4002,4013,4018,4031,4034,4038],[594,4011],[3998],[3983],[3985],[3989],[3991],[3992],[3995],[3996],[3999],[4003],[4004],[4005],[4006],[4014],[4020],[4027],[4028],[4032],[4033],[4036],[4037],[3982]]","[[3997,3982,3994,4009,4018,4023],[4030,3986,3988,3993,4003,4017,4026],[4013,4031,4038],[3998,3981,4002],[594],[3983],[3985],[3987],[3989],[3990],[3991],[3992],[3995],[3996],[3999],[4000],[4001],[4004],[4005],[4006],[4007],[4011],[4012],[4014],[4016],[4019],[4020],[4021],[4025],[4027],[4028],[4029],[4032],[4033],[4034],[4036],[4037]]"
3980,52,18,85,117.44,75.0,68.5,0.05,89,113.07,74.0,66.0,True,52,18,8,5,0.000157,True,7.342016808376022,13.0,2,28,0.4,0.4,2,inf,1.127775,0.000624,1.128399,True,52,17,8,5,0.000122,True,6.938761532375036,13.0,2,34,0.4,0.4,2,inf,1.29642,0.000643,1.297063,"[[3990,4007,4016,4025],[4030,3986,3988,3993,4000,4017,4019,4021,4026],[3987,4001,4012,4029],[3997,3994,4009],[4023,3981,4002,4013,4018,4031,4034,4038],[594,4011],[3998],[3983],[3985],[3989],[3991],[3992],[3995],[3996],[3999],[4003],[4004],[4005],[4006],[4014],[4020],[4027],[4028],[4032],[4033],[4036],[4037],[3982]]","[[4030,3986,3988,3994,4000,4017,4019,4021,4026],[4023,3981,4002,4004,4009,4013,4018,4031,4034,4038],[3997,3998],[594],[3982],[3983],[3985],[3987],[3989],[3990],[3991],[3992],[3993],[3995],[3996],[3999],[4001],[4003],[4005],[4006],[4007],[4011],[4012],[4014],[4016],[4020],[4025],[4027],[4028],[4029],[4032],[4033],[4036],[4037]]"
3980,52,19,85,117.44,75.0,68.5,0.05,82,111.23,74.0,64.0,True,52,18,8,5,0.000157,True,7.342016808376022,13.0,2,28,0.4,0.4,2,inf,1.127775,0.000624,1.128399,True,52,16,8,5,0.000111,True,6.699572188390409,14.0,36,34,0.4,0.4,2,inf,1.058862,0.000418,1.05928,"[[3990,4007,4016,4025],[4030,3986,3988,3993,4000,4017,4019,4021,4026],[3987,4001,4012,4029],[3997,3994,4009],[4023,3981,4002,4013,4018,4031,4034,4038],[594,4011],[3998],[3983],[3985],[3989],[3991],[3992],[3995],[3996],[3999],[4003],[4004],[4005],[4006],[4014],[4020],[4027],[4028],[4032],[4033],[4036],[4037],[3982]]","[[4009,3982,3994,3997,4018,4023],[4030,3986,3988,3993,4000,4003,4017,4019,4020,4021,4026],[3998,3981,4002],[4013,4038],[594],[3983],[3985],[3987],[3989],[3990],[3991],[3992],[3995],[3996],[3999],[4001],[4004],[4005],[4006],[4007],[4011],[4012],[4014],[4016],[4025],[4027],[4028],[4029],[4031],[4032],[4033],[4034],[4036],[4037]]"
3980,52,20,85,117.44,75.0,68.5,0.05,86,110,74.0,64.5,True,52,18,8,5,0.000157,True,7.342016808376022,13.0,2,28,0.4,0.4,2,inf,1.127775,0.000624,1.128399,True,52,17,8,5,0.000106,True,6.860537162977343,14.0,21,35,0.4,0.4,2,inf,1.036841,0.000365,1.037206,"[[3990,4007,4016,4025],[4030,3986,3988,3993,4000,4017,4019,4021,4026],[3987,4001,4012,4029],[3997,3994,4009],[4023,3981,4002,4013,4018,4031,4034,4038],[594,4011],[3998],[3983],[3985],[3989],[3991],[3992],[3995],[3996],[3999],[4003],[4004],[4005],[4006],[4014],[4020],[4027],[4028],[4032],[4033],[4036],[4037],[3982]]","[[4023,3981,3994,3995,3997,4002,4003,4009,4013,4018,4038],[4030,3986,3988,3993,4017,4019,4021,4026],[594],[3982],[3983],[3985],[3987],[3989],[3990],[3991],[3992],[3996],[3998],[3999],[4000],[4001],[4004],[4005],[4006],[4007],[4011],[4012],[4014],[4016],[4020],[4025],[4027],[4028],[4029],[4031],[4032],[4033],[4034],[4036],[4037]]"
3980,52,21,85,117.44,75.0,68.5,0.05,78,108.37,74.0,61.5,True,52,18,8,5,0.000157,True,7.342016808376022,13.0,2,28,0.4,0.4,2,inf,1.127775,0.000624,1.128399,True,52,17,8,5,0.000109,True,6.7169271328152025,11.0,17,35,0.4,0.4,2,inf,1.081441,0.000365,1.081806,"[[3990,4007,4016,4025],[4030,3986,3988,3993,4000,4017,4019,4021,4026],[3987,4001,4012,4029],[3997,3994,4009],[4023,3981,4002,4013,4018,4031,4034,4038],[594,4011],[3998],[3983],[3985],[3989],[3991],[3992],[3995],[3996],[3999],[4003],[4004],[4005],[4006],[4014],[4020],[4027],[4028],[4032],[4033],[4036],[4037],[3982]]","[[4030,3982,3986,3988,4003,4009,4017,4019,4021,4026],[4023,3981,4002,4013,4018,4031,4034,4038],[3997,3994],[3998],[594],[3983],[3985],[3987],[3989],[3990],[3991],[3992],[3993],[3995],[3996],[3999],[4000],[4001],[4004],[4005],[4006],[4007],[4011],[4012],[4014],[4016],[4020],[4025],[4027],[4028],[4029],[4032],[4033],[4036],[4037]]"
3980,52,22,85,117.44,75.0,68.5,0.05,77,107.29,74.0,64.0,True,52,18,8,5,0.000157,True,7.342016808376022,13.0,2,28,0.4,0.4,2,inf,1.127775,0.000624,1.128399,True,52,17,8,5,0.00011,True,6.806743796997256,11.0,31,42,0.4,0.4,2,inf,1.065101,0.000374,1.065475,"[[3990,4007,4016,4025],[4030,3986,3988,3993,4000,4017,4019,4021,4026],[3987,4001,4012,4029],[3997,3994,4009],[4023,3981,4002,4013,4018,4031,4034,4038],[594,4011],[3998],[3983],[3985],[3989],[3991],[3992],[3995],[3996],[3999],[4003],[4004],[4005],[4006],[4014],[4020],[4027],[4028],[4032],[4033],[4036],[4037],[3982]]","[[3994,3982,3997,3998,4009,4018,4023,4030],[4031,4002,4013],[3986,4021],[3981],[594],[3983],[3985],[3987],[3988],[3989],[3990],[3991],[3992],[3993],[3995],[3996],[3999],[4000],[4001],[4004],[4005],[4006],[4007],[4011],[4012],[4014],[4016],[4017],[4019],[4020],[4025],[4026],[4027],[4028],[4029],[4032],[4033],[4034],[4036],[4037],[4038],[4003]]"
3980,52,23,85,117.44,75.0,68.5,0.05,82,109.4,74.0,64.0,True,52,18,8,5,0.000157,True,7.342016808376022,13.0,2,28,0.4,0.4,2,inf,1.127775,0.000624,1.128399,True,52,18,8,5,0.000106,True,6.941627870616148,13.0,2,35,0.4,0.4,2,inf,1.007046,0.000361,1.007407,"[[3990,4007,4016,4025],[4030,3986,3988,3993,4000,4017,4019,4021,4026],[3987,4001,4012,4029],[3997,3994,4009],[4023,3981,4002,4013,4018,4031,4034,4038],[594,4011],[3998],[3983],[3985],[3989],[3991],[3992],[3995],[3996],[3999],[4003],[4004],[4005],[4006],[4014],[4020],[4027],[4028],[4032],[4033],[4036],[4037],[3982]]","[[4030,3986,3988,3993,3997,4000,4003,4009,4017,4019,4021,4026],[4023,3981,4013,4018,4031,4034,4038],[594],[3983],[3985],[3987],[3989],[3990],[3991],[3992],[3994],[3995],[3996],[3998],[3999],[4001],[4002],[4004],[4005],[4006],[4007],[4011],[4012],[4014],[4016],[4020],[4025],[4027],[4028],[4029],[4032],[4033],[4036],[4037],[3982]]"
3980,52,24,85,117.44,75.0,68.5,0.05,85,111.56,74.0,65.5,True,52,18,8,5,0.000157,True,7.342016808376022,13.0,2,28,0.4,0.4,2,inf,1.127775,0.000624,1.128399,True,52,17,8,5,0.00011,True,6.931775291667837,13.0,21,35,0.4,0.4,2,inf,1.005005,0.000361,1.005366,"[[3990,4007,4016,4025],[4030,3986,3988,3993,4000,4017,4019,4021,4026],[3987,4001,4012,4029],[3997,3994,4009],[4023,3981,4002,4013,4018,4031,4034,4038],[594,4011],[3998],[3983],[3985],[3989],[3991],[3992],[3995],[3996],[3999],[4003],[4004],[4005],[4006],[4014],[4020],[4027],[4028],[4032],[4033],[4036],[4037],[3982]]","[[4030,3986,3988,3993,4000,4003,4017,4021,4026],[4023,3981,3994,3997,4002,4009,4013,4018,4034,4038],[3982],[594],[3983],[3985],[3987],[3989],[3990],[3991],[3992],[3995],[3996],[3998],[3999],[4001],[4004],[4005],[4006],[4007],[4011],[4012],[4014],[4016],[4019],[4020],[4025],[4027],[4028],[4029],[4031],[4032],[4033],[4036],[4037]]"
3980,52,25,85,117.44,75.0,68.5,0.05,86,112.76,74.0,65.0,True,52,18,8,5,0.000157,True,7.342016808376022,13.0,2,28,0.4,0.4,2,inf,1.127775,0.000624,1.128399,True,52,17,8,5,0.000113,True,6.976517198482229,14.0,14,34,0.4,0.4,2,inf,1.035892,0.000363,1.036255,"[[3990,4007,4016,4025],[4030,3986,3988,3993,4000,4017,4019,4021,4026],[3987,4001,4012,4029],[3997,3994,4009],[4023,3981,4002,4013,4018,4031,4034,4038],[594,4011],[3998],[3983],[3985],[3989],[3991],[3992],[3995],[3996],[3999],[4003],[4004],[4005],[4006],[4014],[4020],[4027],[4028],[4032],[4033],[4036],[4037],[3982]]","[[4030,3986,3988,3993,4003,4017,4019,4021,4026],[4023,3981,3995,3997,3998,4002,4009,4013,4018,4034,4038],[594],[3983],[3985],[3987],[3989],[3990],[3991],[3992],[3996],[3999],[4000],[4001],[4004],[4005],[4006],[4007],[4011],[4012],[4014],[4016],[4020],[4025],[4027],[4028],[4029],[4031],[4032],[4033],[4036],[4037],[3994],[3982]]"
3980,52,26,85,117.44,75.0,68.5,0.05,79,109.66,74.0,65.5,True,52,18,8,5,0.000157,True,7.342016808376022,13.0,2,28,0.4,0.4,2,inf,1.127775,0.000624,1.128399,True,52,17,8,5,0.000122,True,6.72746599712165,11.0,44,41,0.4,0.4,2,inf,1.083397,0.000373,1.083771,"[[3990,4007,4016,4025],[4030,3986,3988,3993,4000,4017,4019,4021,4026],[3987,4001,4012,4029],[3997,3994,4009],[4023,3981,4002,4013,4018,4031,4034,4038],[594,4011],[3998],[3983],[3985],[3989],[3991],[3992],[3995],[3996],[3999],[4003],[4004],[4005],[4006],[4014],[4020],[4027],[4028],[4032],[4033],[4036],[4037],[3982]]","[[3997,3982,3994,3998,4009,4018,4023,4030],[4000,4026],[4013,4031],[3986,4021],[4014,4017],[594],[3981],[3983],[3985],[3987],[3988],[3989],[3990],[3991],[3992],[3993],[3995],[3996],[3999],[4001],[4002],[4003],[4004],[4005],[4006],[4007],[4011],[4012],[4016],[4019],[4020],[4025],[4027],[4028],[4029],[4032],[4033],[4034],[4036],[4037],[4038]]"
3980,52,27,85,117.44,75.0,68.5,0.05,73,108.59,74.0,64.0,True,52,18,8,5,0.000157,True,7.342016808376022,13.0,2,28,0.4,0.4,2,inf,1.127775,0.000624,1.128399,True,52,16,8,5,0.000115,True,6.461717267819138,12.0,36,35,0.4,0.4,2,inf,1.102406,0.000372,1.102779,"[[3990,4007,4016,4025],[4030,3986,3988,3993,4000,4017,4019,4021,4026],[3987,4001,4012,4029],[3997,3994,4009],[4023,3981,4002,4013,4018,4031,4034,4038],[594,4011],[3998],[3983],[3985],[3989],[3991],[3992],[3995],[3996],[3999],[4003],[4004],[4005],[4006],[4014],[4020],[4027],[4028],[4032],[4033],[4036],[4037],[3982]]","[[4030,3986,3988,3993,4000,4003,4017,4020,4021,4026],[3997,3981,3994,3998,4009,4018,4023],[4013,4031,4038],[594],[3982],[3983],[3985],[3987],[3989],[3990],[3991],[3992],[3995],[3996],[3999],[4001],[4002],[4004],[4005],[4006],[4007],[4011],[4012],[4014],[4016],[4019],[4025],[4027],[4028],[4029],[4032],[4033],[4034],[4036],[4037]]"
3980,52,28,85,117.44,75.0,68.5,0.05,87,113.19,74.0,65.0,True,52,18,8,5,0.000157,True,7.342016808376022,13.0,2,28,0.4,0.4,2,inf,1.127775,0.000624,1.128399,True,52,17,8,5,0.000109,True,6.99402856722553,12.0,2,36,0.4,0.4,2,inf,1.090475,0.000428,1.090903,"[[3990,4007,4016,4025],[4030,3986,3988,3993,4000,4017,4019,4021,4026],[3987,4001,4012,4029],[3997,3994,4009],[4023,3981,4002,4013,4018,4031,4034,4038],[594,4011],[3998],[3983],[3985],[3989],[3991],[3992],[3995],[3996],[3999],[4003],[4004],[4005],[4006],[4014],[4020],[4027],[4028],[4032],[4033],[4036],[4037],[3982]]","[[3997,3994,3998,4009,4018,4023],[4030,3986,3988,4000,4003,4017,4019,4021,4026],[4013,4031,4038],[4014,4037],[594],[3981],[3983],[3985],[3987],[3989],[3990],[3991],[3992],[3993],[3995],[3996],[3999],[4001],[4002],[4004],[4005],[4006],[4007],[4011],[4012],[4016],[4020],[4025],[4027],[4028],[4029],[4032],[4033],[4034],[4036],[3982]]"
3980,52,29,85,117.44,75.0,68.5,0.05,75,109.08,74.0,66.0,True,52,18,8,5,0.000157,True,7.342016808376022,13.0,2,28,0.4,0.4,2,inf,1.127775,0.000624,1.128399,True,52,18,8,5,0.000109,True,7.234637953735316,13.0,17,34,0.4,0.4,2,inf,1.09285,0.000417,1.093267,"[[3990,4007,4016,4025],[4030,3986,3988,3993,4000,4017,4019,4021,4026],[3987,4001,4012,4029],[3997,3994,4009],[4023,3981,4002,4013,4018,4031,4034,4038],[594,4011],[3998],[3983],[3985],[3989],[3991],[3992],[3995],[3996],[3999],[4003],[4004],[4005],[4006],[4014],[4020],[4027],[4028],[4032],[4033],[4036],[4037],[3982]]","[[4030,3982,3986,3988,3993,4000,4017,4019,4020,4021,4026],[3997,3994,4009],[4023,3981,4002,4003,4018,4038],[4013,4031],[3998],[594],[3983],[3985],[3987],[3989],[3990],[3991],[3992],[3995],[3996],[3999],[4001],[4004],[4005],[4006],[4007],[4011],[4012],[4014],[4016],[4025],[4027],[4028],[4029],[4032],[4033],[4034],[4036],[4037]]"
3980,52,30,85,117.44,75.0,68.5,0.05,78,105.43,74.0,62.0,True,52,18,8,5,0.000157,True,7.342016808376022,13.0,2,28,0.4,0.4,2,inf,1.127775,0.000624,1.128399,True,52,17,8,5,0.00011,True,6.804227527260844,12.0,51,35,0.4,0.4,2,inf,1.051318,0.000484,1.051802,"[[3990,4007,4016,4025],[4030,3986,3988,3993,4000,4017,4019,4021,4026],[3987,4001,4012,4029],[3997,3994,4009],[4023,3981,4002,4013,4018,4031,4034,4038],[594,4011],[3998],[3983],[3985],[3989],[3991],[3992],[3995],[3996],[3999],[4003],[4004],[4005],[4006],[4014],[4020],[4027],[4028],[4032],[4033],[4036],[4037],[3982]]","[[4030,3982,3988,4003,4017,4019,4021,4026],[4023,3981,3994,3997,3998,4002,4009,4013,4018,4034,4038],[594],[3983],[3985],[3986],[3987],[3989],[3990],[3991],[3992],[3993],[3995],[3996],[3999],[4000],[4001],[4004],[4005],[4006],[4007],[4011],[4012],[4014],[4016],[4020],[4025],[4027],[4028],[4029],[4031],[4032],[4033],[4036],[4037]]"
3980,52,1,85,117.44,75.0,68.5,0.15,74,95.51,67.0,57.5,True,52,18,8,5,0.000157,True,7.342016808376022,13.0,2,28,0.4,0.4,2,inf,1.127775,0.000624,1.128399,True,52,17,8,5,0.000106,True,6.133252402779357,11.0,16,34,0.4,0.4,2,inf,1.208063,0.000628,1.208691,"[[3990,4007,4016,4025],[4030,3986,3988,3993,4000,4017,4019,4021,4026],[3987,4001,4012,4029],[3997,3994,4009],[4023,3981,4002,4013,4018,4031,4034,4038],[594,4011],[3998],[3983],[3985],[3989],[3991],[3992],[3995],[3996],[3999],[4003],[4004],[4005],[4006],[4014],[4020],[4027],[4028],[4032],[4033],[4036],[4037],[3982]]","[[4030,3982,3986,3988,3993,3997,4000,4003,4009,4014,4017,4021,4026],[3981,3994,3998,4018,4023],[4004,4013,4031],[594],[3983],[3985],[3987],[3989],[3990],[3991],[3992],[3995],[3996],[3999],[4001],[4002],[4005],[4006],[4007],[4011],[4012],[4016],[4019],[4020],[4025],[4027],[4028],[4029],[4032],[4033],[4034],[4036],[4037],[4038]]"
3980,52,2,85,117.44,75.0,68.5,0.15,74,97.89,67.0,56.5,True,52,18,8,5,0.000157,True,7.342016808376022,13.0,2,28,0.4,0.4,2,inf,1.127775,0.000624,1.128399,True,52,17,8,5,0.000109,True,6.355993662795366,10.0,17,31,0.4,0.4,2,inf,1.208941,0.000587,1.209528,"[[3990,4007,4016,4025],[4030,3986,3988,3993,4000,4017,4019,4021,4026],[3987,4001,4012,4029],[3997,3994,4009],[4023,3981,4002,4013,4018,4031,4034,4038],[594,4011],[3998],[3983],[3985],[3989],[3991],[3992],[3995],[3996],[3999],[4003],[4004],[4005],[4006],[4014],[4020],[4027],[4028],[4032],[4033],[4036],[4037],[3982]]","[[4030,3982,3986,3988,3993,4000,4018,4019,4020,4021,4026],[4023,3981,4002,4003,4013,4031,4034,4038],[3994,3997,4009],[4014,3985,4037],[594],[3983],[3987],[3989],[3990],[3991],[3992],[3995],[3996],[3998],[3999],[4001],[4005],[4006],[4007],[4011],[4012],[4016],[4017],[4025],[4027],[4028],[4029],[4032],[4033],[4036],[4004]]"
3980,52,3,85,117.44,75.0,68.5,0.15,68,90.44,67.0,55.0,True,52,18,8,5,0.000157,True,7.342016808376022,13.0,2,28,0.4,0.4,2,inf,1.127775,0.000624,1.128399,True,52,16,8,5,0.000143,True,6.056206057745605,11.0,17,31,0.4,0.4,2,inf,1.051052,0.000417,1.051469,"[[3990,4007,4016,4025],[4030,3986,3988,3993,4000,4017,4019,4021,4026],[3987,4001,4012,4029],[3997,3994,4009],[4023,3981,4002,4013,4018,4031,4034,4038],[594,4011],[3998],[3983],[3985],[3989],[3991],[3992],[3995],[3996],[3999],[4003],[4004],[4005],[4006],[4014],[4020],[4027],[4028],[4032],[4033],[4036],[4037],[3982]]","[[4023,3981,3994,3995,3997,4002,4003,4004,4009,4013,4018,4031,4034],[4030,3982,3988,4000,4017,4019,4021,4026],[4014,3986,4037],[3998],[594],[3983],[3985],[3987],[3989],[3990],[3991],[3992],[3993],[3996],[3999],[4001],[4005],[4006],[4007],[4011],[4012],[4016],[4020],[4025],[4027],[4028],[4029],[4032],[4033],[4036],[4038]]"
3980,52,4,85,117.44,75.0,68.5,0.15,75,98,67.0,56.0,True,52,18,8,5,0.000157,True,7.342016808376022,13.0,2,28,0.4,0.4,2,inf,1.127775,0.000624,1.128399,True,52,15,8,5,0.000104,True,5.729158711998528,10.0,16,36,0.4,0.4,2,inf,1.06328,0.000368,1.063648,"[[3990,4007,4016,4025],[4030,3986,3988,3993,4000,4017,4019,4021,4026],[3987,4001,4012,4029],[3997,3994,4009],[4023,3981,4002,4013,4018,4031,4034,4038],[594,4011],[3998],[3983],[3985],[3989],[3991],[3992],[3995],[3996],[3999],[4003],[4004],[4005],[4006],[4014],[4020],[4027],[4028],[4032],[4033],[4036],[4037],[3982]]","[[4023,3981,3997,4002,4003,4009,4013,4018,4034,4038],[4000,3986,4017,4021,4026,4030],[3982,3988,3994],[594],[3983],[3985],[3987],[3989],[3990],[3991],[3992],[3993],[3995],[3996],[3998],[3999],[4001],[4004],[4005],[4006],[4007],[4011],[4012],[4014],[4016],[4019],[4020],[4025],[4027],[4028],[4029],[4031],[4032],[4033],[4036],[4037]]"
3980,52,5,85,117.44,75.0,68.5,0.15,77,97.13,67.0,57.75,True,52,18,8,5,0.000157,True,7.342016808376022,13.0,2,28,0.4,0.4,2,inf,1.127775,0.000624,1.128399,True,52,16,8,5,0.000195,True,6.021371114151263,11.0,2,40,0.4,0.4,2,inf,1.052032,0.000371,1.052403,"[[3990,4007,4016,4025],[4030,3986,3988,3993,4000,4017,4019,4021,4026],[3987,4001,4012,4029],[3997,3994,4009],[4023,3981,4002,4013,4018,4031,4034,4038],[594,4011],[3998],[3983],[3985],[3989],[3991],[3992],[3995],[3996],[3999],[4003],[4004],[4005],[4006],[4014],[4020],[4027],[4028],[4032],[4033],[4036],[4037],[3982]]","[[4023,3981,3994,3997,4003,4009,4018],[4031,4013,4038],[4021,3986,4017],[4020,4004,4030],[594],[3982],[3983],[3985],[3987],[3988],[3989],[3990],[3991],[3992],[3993],[3995],[3996],[3998],[3999],[4000],[4001],[4002],[4005],[4006],[4007],[4011],[4012],[4014],[4016],[4019],[4025],[4026],[4027],[4028],[4029],[4032],[4033],[4034],[4036],[4037]]"
3980,52,6,85,117.44,75.0,68.5,0.15,78,98.48,67.0,58.0,True,52,18,8,5,0.000157,True,7.342016808376022,13.0,2,28,0.4,0.4,2,inf,1.127775,0.000624,1.128399,True,52,14,8,5,0.000136,True,5.779187733089301,11.0,31,37,0.4,0.4,2,inf,1.04525,0.000373,1.045623,"[[3990,4007,4016,4025],[4030,3986,3988,3993,4000,4017,4019,4021,4026],[3987,4001,4012,4029],[3997,3994,4009],[4023,3981,4002,4013,4018,4031,4034,4038],[594,4011],[3998],[3983],[3985],[3989],[3991],[3992],[3995],[3996],[3999],[4003],[4004],[4005],[4006],[4014],[4020],[4027],[4028],[4032],[4033],[4036],[4037],[3982]]","[[3997,3994,3998,4009,4018,4030],[4031,4004,4013,4038],[4023,3981,4002,4003],[3993,3995],[3982,3986,4021,4037],[594],[3983],[3985],[3987],[3988],[3989],[3990],[3991],[3992],[3996],[3999],[4000],[4001],[4005],[4006],[4007],[4011],[4012],[4014],[4016],[4017],[4019],[4020],[4025],[4026],[4027],[4028],[4029],[4032],[4033],[4034],[4036]]"
3980,52,7,85,117.44,75.0,68.5,0.15,71,91.37,67.0,55.750000000000114,True,52,18,8,5,0.000157,True,7.342016808376022,13.0,2,28,0.4,0.4,2,inf,1.127775,0.000624,1.128399,True,52,14,8,5,0.000156,True,5.357125396001327,11.0,2,38,0.4,0.4,2,inf,1.052083,0.000368,1.052451,"[[3990,4007,4016,4025],[4030,3986,3988,3993,4000,4017,4019,4021,4026],[3987,4001,4012,4029],[3997,3994,4009],[4023,3981,4002,4013,4018,4031,4034,4038],[594,4011],[3998],[3983],[3985],[3989],[3991],[3992],[3995],[3996],[3999],[4003],[4004],[4005],[4006],[4014],[4020],[4027],[4028],[4032],[4033],[4036],[4037],[3982]]","[[4030,3986,3988,4000,4003,4017,4021,4026],[3997,3981,3994,3998,4009,4018,4023],[3993,4004],[3982],[594],[3983],[3985],[3987],[3989],[3990],[3991],[3992],[3995],[3996],[3999],[4001],[4002],[4005],[4006],[4007],[4011],[4012],[4013],[4014],[4016],[4019],[4020],[4025],[4027],[4028],[4029],[4031],[4032],[4033],[4034],[4036],[4037],[4038]]"
3980,52,8,85,117.44,75.0,68.5,0.15,79,99.42,67.0,58.0,True,52,18,8,5,0.000157,True,7.342016808376022,13.0,2,28,0.4,0.4,2,inf,1.127775,0.000624,1.128399,True,52,17,8,5,0.000154,True,6.079786503565379,11.0,12,36,0.4,0.4,2,inf,1.014639,0.000386,1.015025,"[[3990,4007,4016,4025],[4030,3986,3988,3993,4000,4017,4019,4021,4026],[3987,4001,4012,4029],[3997,3994,4009],[4023,3981,4002,4013,4018,4031,4034,4038],[594,4011],[3998],[3983],[3985],[3989],[3991],[3992],[3995],[3996],[3999],[4003],[4004],[4005],[4006],[4014],[4020],[4027],[4028],[4032],[4033],[4036],[4037],[3982]]","[[4030,3982,3986,3988,3993,3994,3997,4003,4009,4019,4021,4026],[3998,3981,4002],[4031,4013,4023,4038],[594],[3983],[3985],[3987],[3989],[3990],[3991],[3992],[3995],[3996],[3999],[4000],[4001],[4004],[4005],[4006],[4007],[4011],[4012],[4014],[4016],[4017],[4018],[4020],[4025],[4027],[4028],[4029],[4032],[4033],[4034],[4036],[4037]]"
3980,52,9,85,117.44,75.0,68.5,0.15,75,99.94,67.0,58.75,True,52,18,8,5,0.000157,True,7.342016808376022,13.0,2,28,0.4,0.4,2,inf,1.127775,0.000624,1.128399,True,52,16,8,5,0.000159,True,6.225523357371391,11.0,30,36,0.4,0.4,2,inf,1.073314,0.000386,1.0737,"[[3990,4007,4016,4025],[4030,3986,3988,3993,4000,4017,4019,4021,4026],[3987,4001,4012,4029],[3997,3994,4009],[4023,3981,4002,4013,4018,4031,4034,4038],[594,4011],[3998],[3983],[3985],[3989],[3991],[3992],[3995],[3996],[3999],[4003],[4004],[4005],[4006],[4014],[4020],[4027],[4028],[4032],[4033],[4036],[4037],[3982]]","[[4023,3981,3994,3997,3998,4002,4009,4013,4018,4034],[4030,3986,3993,4000,4017,4020,4021,4026],[594],[3982],[3983],[3985],[3987],[3988],[3989],[3990],[3991],[3992],[3995],[3996],[3999],[4001],[4003],[4004],[4005],[4006],[4007],[4011],[4012],[4014],[4016],[4019],[4025],[4027],[4028],[4029],[4031],[4032],[4033],[4036],[4037],[4038]]"
3980,52,10,85,117.44,75.0,68.5,0.15,77,93.85,67.0,58.0,True,52,18,8,5,0.000157,True,7.342016808376022,13.0,2,28,0.4,0.4,2,inf,1.127775,0.000624,1.128399,True,52,15,8,5,0.000201,True,5.864700192326008,12.0,17,32,0.4,0.4,2,inf,1.232906,0.000362,1.233268,"[[3990,4007,4016,4025],[4030,3986,3988,3993,4000,4017,4019,4021,4026],[3987,4001,4012,4029],[3997,3994,4009],[4023,3981,4002,4013,4018,4031,4034,4038],[594,4011],[3998],[3983],[3985],[3989],[3991],[3992],[3995],[3996],[3999],[4003],[4004],[4005],[4006],[4014],[4020],[4027],[4028],[4032],[4033],[4036],[4037],[3982]]","[[4030,3982,3986,3988,3997,4000,4003,4017,4019,4021,4026],[4023,3981,3994,3995,4002,4004,4013,4018,4034,4038],[3998,4009],[594],[3983],[3985],[3987],[3989],[3990],[3991],[3992],[3993],[3996],[3999],[4001],[4005],[4006],[4007],[4011],[4012],[4014],[4016],[4020],[4025],[4027],[4028],[4029],[4031],[4032],[4033],[4036],[4037]]"
3980,52,11,85,117.44,75.0,68.5,0.15,68,86.03,67.0,53.0,True,52,18,8,5,0.000157,True,7.342016808376022,13.0,2,28,0.4,0.4,2,inf,1.127775,0.000624,1.128399,True,52,16,8,5,0.000165,True,5.908748218376839,10.0,2,33,0.4,0.4,2,inf,1.039866,0.00037,1.040236,"[[3990,4007,4016,4025],[4030,3986,3988,3993,4000,4017,4019,4021,4026],[3987,4001,4012,4029],[3997,3994,4009],[4023,3981,4002,4013,4018,4031,4034,4038],[594,4011],[3998],[3983],[3985],[3989],[3991],[3992],[3995],[3996],[3999],[4003],[4004],[4005],[4006],[4014],[4020],[4027],[4028],[4032],[4033],[4036],[4037],[3982]]","[[4023,3994,3998,4002,4003,4004,4009,4013,4018,4038],[3997,3981,3982],[4030,3986,3988,3993,4000,4020,4021,4026],[3995,4014],[4031],[594],[3983],[3985],[3987],[3989],[3990],[3991],[3992],[3996],[3999],[4001],[4005],[4006],[4007],[4011],[4012],[4016],[4017],[4019],[4025],[4027],[4028],[4029],[4032],[4033],[4034],[4036],[4037]]"
3980,52,12,85,117.44,75.0,68.5,0.15,68,90.41,67.0,53.249999999999886,True,52,18,8,5,0.000157,True,7.342016808376022,13.0,2,28,0.4,0.4,2,inf,1.127775,0.000624,1.128399,True,52,14,8,5,0.00021,True,5.57862469925566,10.0,17,35,0.4,0.4,2,inf,1.096229,0.000376,1.096605,"[[3990,4007,4016,4025],[4030,3986,3988,3993,4000,4017,4019,4021,4026],[3987,4001,4012,4029],[3997,3994,4009],[4023,3981,4002,4013,4018,4031,4034,4038],[594,4011],[3998],[3983],[3985],[3989],[3991],[3992],[3995],[3996],[3999],[4003],[4004],[4005],[4006],[4014],[4020],[4027],[4028],[4032],[4033],[4036],[4037],[3982]]","[[4023,3981,4002,4009,4013,4018,4031,4034],[4030,3986,3988,3993,4000,4003,4017,4019],[3994,3997],[4014,4021,4037],[594],[3982],[3983],[3985],[3987],[3989],[3990],[3991],[3992],[3995],[3996],[3999],[4001],[4004],[4005],[4006],[4007],[4011],[4012],[4016],[4020],[4025],[4027],[4028],[4029],[4032],[4033],[4036],[4038],[4026],[3998]]"
3980,52,13,85,117.44,75.0,68.5,0.15,68,89.13,67.0,54.0,True,52,18,8,5,0.000157,True,7.342016808376022,13.0,2,28,0.4,0.4,2,inf,1.127775,0.000624,1.128399,True,52,14,8,5,0.000199,True,5.403369996943793,10.0,31,34,0.4,0.4,2,inf,1.092075,0.000389,1.092464,"[[3990,4007,4016,4025],[4030,3986,3988,3993,4000,4017,4019,4021,4026],[3987,4001,4012,4029],[3997,3994,4009],[4023,3981,4002,4013,4018,4031,4034,4038],[594,4011],[3998],[3983],[3985],[3989],[3991],[3992],[3995],[3996],[3999],[4003],[4004],[4005],[4006],[4014],[4020],[4027],[4028],[4032],[4033],[4036],[4037],[3982]]","[[3994,3981,3997,3998,4002,4009,4018,4023],[4030,3986,3988,3993,4000,4004,4017,4019,4021],[4013,4031],[3982,4003,4037],[594],[3983],[3985],[3987],[3989],[3990],[3991],[3992],[3995],[3996],[3999],[4001],[4005],[4006],[4007],[4011],[4012],[4016],[4020],[4025],[4026],[4027],[4028],[4029],[4032],[4033],[4034],[4036],[4038],[4014]]"
3980,52,14,85,117.44,75.0,68.5,0.15,78,98.99,67.0,56.5,True,52,18,8,5,0.000157,True,7.342016808376022,13.0,2,28,0.4,0.4,2,inf,1.127775,0.000624,1.128399,True,52,16,8,5,0.000131,True,6.073960168796423,11.0,13,34,0.4,0.4,2,inf,1.125152,0.000453,1.125605,"[[3990,4007,4016,4025],[4030,3986,3988,3993,4000,4017,4019,4021,4026],[3987,4001,4012,4029],[3997,3994,4009],[4023,3981,4002,4013,4018,4031,4034,4038],[594,4011],[3998],[3983],[3985],[3989],[3991],[3992],[3995],[3996],[3999],[4003],[4004],[4005],[4006],[4014],[4020],[4027],[4028],[4032],[4033],[4036],[4037],[3982]]","[[4023,3981,3997,3998,4002,4013,4018,4034,4038],[4030,3986,3988,3994,4000,4003,4009,4019,4021,4026],[3995,4014],[594],[3983],[3985],[3987],[3989],[3990],[3991],[3992],[3993],[3996],[3999],[4001],[4004],[4005],[4006],[4007],[4011],[4012],[4016],[4017],[4020],[4025],[4027],[4028],[4029],[4032],[4033],[4036],[4037],[4031],[3982]]"
3980,52,15,85,117.44,75.0,68.5,0.15,79,97.56,67.0,57.5,True,52,18,8,5,0.000157,True,7.342016808376022,13.0,2,28,0.4,0.4,2,inf,1.127775,0.000624,1.128399,True,52,15,8,5,0.000159,True,6.057588923033322,13.0,2,38,0.4,0.4,2,inf,1.199084,0.000606,1.19969,"[[3990,4007,4016,4025],[4030,3986,3988,3993,4000,4017,4019,4021,4026],[3987,4001,4012,4029],[3997,3994,4009],[4023,3981,4002,4013,4018,4031,4034,4038],[594,4011],[3998],[3983],[3985],[3989],[3991],[3992],[3995],[3996],[3999],[4003],[4004],[4005],[4006],[4014],[4020],[4027],[4028],[4032],[4033],[4036],[4037],[3982]]","[[4023,3981,3997,4002,4003,4004,4009,4038],[4031,4013,4020],[4030,3986,3988,4017,4019,4021],[594],[3982],[3983],[3985],[3987],[3989],[3990],[3991],[3992],[3993],[3994],[3995],[3996],[3998],[3999],[4000],[4001],[4005],[4006],[4007],[4011],[4012],[4014],[4016],[4018],[4025],[4026],[4027],[4028],[4029],[4032],[4033],[4034],[4036],[4037]]"
3980,52,16,85,117.44,75.0,68.5,0.15,82,102.93,67.0,59.5,True,52,18,8,5,0.000157,True,7.342016808376022,13.0,2,28,0.4,0.4,2,inf,1.127775,0.000624,1.128399,True,52,16,8,5,0.000201,True,6.298745495075089,13.0,2,37,0.4,0.4,2,inf,1.125199,0.000604,1.125803,"[[3990,4007,4016,4025],[4030,3986,3988,3993,4000,4017,4019,4021,4026],[3987,4001,4012,4029],[3997,3994,4009],[4023,3981,4002,4013,4018,4031,4034,4038],[594,4011],[3998],[3983],[3985],[3989],[3991],[3992],[3995],[3996],[3999],[4003],[4004],[4005],[4006],[4014],[4020],[4027],[4028],[4032],[4033],[4036],[4037],[3982]]","[[4030,3986,3993,3994,3997,4003,4004,4017,4018,4019,4021,4026],[4031,4013,4023,4027,4038],[4009],[594],[3981],[3983],[3985],[3987],[3988],[3989],[3990],[3991],[3992],[3995],[3996],[3998],[3999],[4000],[4001],[4002],[4005],[4006],[4007],[4011],[4012],[4014],[4016],[4020],[4025],[4028],[4029],[4032],[4033],[4034],[4036],[4037],[3982]]"
3980,52,17,85,117.44,75.0,68.5,0.15,74,100.45,67.0,60.0,True,52,18,8,5,0.000157,True,7.342016808376022,13.0,2,28,0.4,0.4,2,inf,1.127775,0.000624,1.128399,True,52,15,8,5,0.000215,True,5.840214591512512,11.0,38,39,0.4,0.4,2,inf,1.628832,0.00068,1.629512,"[[3990,4007,4016,4025],[4030,3986,3988,3993,4000,4017,4019,4021,4026],[3987,4001,4012,4029],[3997,3994,4009],[4023,3981,4002,4013,4018,4031,4034,4038],[594,4011],[3998],[3983],[3985],[3989],[3991],[3992],[3995],[3996],[3999],[4003],[4004],[4005],[4006],[4014],[4020],[4027],[4028],[4032],[4033],[4036],[4037],[3982]]","[[4030,3986,3988,3993,3997,4003,4017,4018,4026],[4013,4023,4031,4038],[4009,3982,3994],[594],[3981],[3983],[3985],[3987],[3989],[3990],[3991],[3992],[3995],[3996],[3998],[3999],[4000],[4001],[4002],[4004],[4005],[4006],[4007],[4011],[4012],[4014],[4016],[4019],[4020],[4025],[4027],[4028],[4029],[4032],[4033],[4034],[4036],[4037],[4021]]"
3980,52,18,85,117.44,75.0,68.5,0.15,80,97.08,67.0,59.0,True,52,18,8,5,0.000157,True,7.342016808376022,13.0,2,28,0.4,0.4,2,inf,1.127775,0.000624,1.128399,True,52,16,8,5,0.000161,True,5.685205650934859,9.0,21,31,0.4,0.4,2,inf,1.20685,0.000648,1.207498,"[[3990,4007,4016,4025],[4030,3986,3988,3993,4000,4017,4019,4021,4026],[3987,4001,4012,4029],[3997,3994,4009],[4023,3981,4002,4013,4018,4031,4034,4038],[594,4011],[3998],[3983],[3985],[3989],[3991],[3992],[3995],[3996],[3999],[4003],[4004],[4005],[4006],[4014],[4020],[4027],[4028],[4032],[4033],[4036],[4037],[3982]]","[[4030,3982,3986,3988,4000,4003,4017,4019,4021,4026],[4023,3995,4002,4004,4013,4031,4034,4038],[3994,3997,4009],[3998,3981,4005,4014],[594],[3983],[3985],[3987],[3989],[3990],[3991],[3992],[3993],[3996],[3999],[4001],[4006],[4007],[4011],[4012],[4016],[4018],[4020],[4025],[4027],[4028],[4029],[4032],[4033],[4036],[4037]]"
3980,52,19,85,117.44,75.0,68.5,0.15,65,89.33,67.0,52.5,True,52,18,8,5,0.000157,True,7.342016808376022,13.0,2,28,0.4,0.4,2,inf,1.127775,0.000624,1.128399,True,52,13,8,5,0.000163,True,5.398400746785597,10.0,17,36,0.4,0.4,2,inf,1.122591,0.000415,1.123006,"[[3990,4007,4016,4025],[4030,3986,3988,3993,4000,4017,4019,4021,4026],[3987,4001,4012,4029],[3997,3994,4009],[4023,3981,4002,4013,4018,4031,4034,4038],[594,4011],[3998],[3983],[3985],[3989],[3991],[3992],[3995],[3996],[3999],[4003],[4004],[4005],[4006],[4014],[4020],[4027],[4028],[4032],[4033],[4036],[4037],[3982]]","[[3994,3982,3997,4009,4018,4023],[4030,3986,3988,3993,4003,4019,4021,4026],[3998,3981,4002],[4031,4004,4013],[594],[3983],[3985],[3987],[3989],[3990],[3991],[3992],[3995],[3996],[3999],[4000],[4001],[4005],[4006],[4007],[4011],[4012],[4014],[4016],[4017],[4020],[4025],[4027],[4028],[4029],[4032],[4033],[4034],[4036],[4037],[4038]]"
3980,52,20,85,117.44,75.0,68.5,0.15,67,90.66,67.0,55.16666666666674,True,52,18,8,5,0.000157,True,7.342016808376022,13.0,2,28,0.4,0.4,2,inf,1.127775,0.000624,1.128399,True,52,16,8,5,0.000162,True,6.252255833911344,10.0,35,33,0.4,0.4,2,inf,1.106547,0.000356,1.106903,"[[3990,4007,4016,4025],[4030,3986,3988,3993,4000,4017,4019,4021,4026],[3987,4001,4012,4029],[3997,3994,4009],[4023,3981,4002,4013,4018,4031,4034,4038],[594,4011],[3998],[3983],[3985],[3989],[3991],[3992],[3995],[3996],[3999],[4003],[4004],[4005],[4006],[4014],[4020],[4027],[4028],[4032],[4033],[4036],[4037],[3982]]","[[4030,3986,3988,3993,4000,4003,4017,4019,4021,4026],[4023,3981,3995,4002,4009,4034,4038],[3997,3982,3994,3998],[4004,4013],[594],[3983],[3985],[3987],[3989],[3990],[3991],[3992],[3996],[3999],[4001],[4005],[4006],[4007],[4011],[4012],[4014],[4016],[4018],[4020],[4025],[4027],[4028],[4029],[4031],[4032],[4033],[4036],[4037]]"
3980,52,21,85,117.44,75.0,68.5,0.15,69,93.41,67.0,54.5,True,52,18,8,5,0.000157,True,7.342016808376022,13.0,2,28,0.4,0.4,2,inf,1.127775,0.000624,1.128399,True,52,14,8,5,0.000161,True,5.652796361282912,9.0,17,35,0.4,0.4,2,inf,1.143135,0.000364,1.143499,"[[3990,4007,4016,4025],[4030,3986,3988,3993,4000,4017,4019,4021,4026],[3987,4001,4012,4029],[3997,3994,4009],[4023,3981,4002,4013,4018,4031,4034,4038],[594,4011],[3998],[3983],[3985],[3989],[3991],[3992],[3995],[3996],[3999],[4003],[4004],[4005],[4006],[4014],[4020],[4027],[4028],[4032],[4033],[4036],[4037],[3982]]","[[4030,3982,3986,4003,4009,4014,4019,4021,4026],[4023,3981,4002,4013,4018,4034,4038],[3994,3997,3998],[4004,4020],[594],[3983],[3985],[3987],[3988],[3989],[3990],[3991],[3992],[3993],[3995],[3996],[3999],[4000],[4001],[4005],[4006],[4007],[4011],[4012],[4016],[4017],[4025],[4027],[4028],[4029],[4031],[4032],[4033],[4036],[4037]]"
3980,52,22,85,117.44,75.0,68.5,0.15,73,95.33,67.0,56.5,True,52,18,8,5,0.000157,True,7.342016808376022,13.0,2,28,0.4,0.4,2,inf,1.127775,0.000624,1.128399,True,52,16,8,5,0.000195,True,6.156849036016107,11.0,17,39,0.4,0.4,2,inf,1.059485,0.000367,1.059852,"[[3990,4007,4016,4025],[4030,3986,3988,3993,4000,4017,4019,4021,4026],[3987,4001,4012,4029],[3997,3994,4009],[4023,3981,4002,4013,4018,4031,4034,4038],[594,4011],[3998],[3983],[3985],[3989],[3991],[3992],[3995],[3996],[3999],[4003],[4004],[4005],[4006],[4014],[4020],[4027],[4028],[4032],[4033],[4036],[4037],[3982]]","[[4023,3981,3994,4002,4003,4013,4018,4031,4034,4038],[3982,3997,4009,4030],[3986,4021],[594],[3983],[3985],[3987],[3988],[3989],[3990],[3991],[3992],[3993],[3995],[3996],[3998],[3999],[4000],[4001],[4004],[4005],[4006],[4007],[4011],[4012],[4014],[4016],[4017],[4019],[4020],[4025],[4026],[4027],[4028],[4029],[4032],[4033],[4036],[4037]]"
3980,52,23,85,117.44,75.0,68.5,0.15,76,93,67.0,54.0,True,52,18,8,5,0.000157,True,7.342016808376022,13.0,2,28,0.4,0.4,2,inf,1.127775,0.000624,1.128399,True,52,17,8,5,0.000193,True,5.839060845441603,11.0,12,41,0.4,0.4,2,inf,1.009463,0.000373,1.009836,"[[3990,4007,4016,4025],[4030,3986,3988,3993,4000,4017,4019,4021,4026],[3987,4001,4012,4029],[3997,3994,4009],[4023,3981,4002,4013,4018,4031,4034,4038],[594,4011],[3998],[3983],[3985],[3989],[3991],[3992],[3995],[3996],[3999],[4003],[4004],[4005],[4006],[4014],[4020],[4027],[4028],[4032],[4033],[4036],[4037],[3982]]","[[4030,3982,3986,3993,3997,4003,4009,4017,4021,4026],[3994,4019,4023],[594],[3981],[3983],[3985],[3987],[3988],[3989],[3990],[3991],[3992],[3995],[3996],[3998],[3999],[4000],[4001],[4002],[4004],[4005],[4006],[4007],[4011],[4012],[4013],[4014],[4016],[4018],[4020],[4025],[4027],[4028],[4029],[4031],[4032],[4033],[4034],[4036],[4037],[4038]]"
3980,52,24,85,117.44,75.0,68.5,0.15,75,100.59,67.0,57.5,True,52,18,8,5,0.000157,True,7.342016808376022,13.0,2,28,0.4,0.4,2,inf,1.127775,0.000624,1.128399,True,52,15,8,5,0.000221,True,5.939366404862073,13.0,36,31,0.4,0.4,2,inf,1.199393,0.000536,1.199929,"[[3990,4007,4016,4025],[4030,3986,3988,3993,4000,4017,4019,4021,4026],[3987,4001,4012,4029],[3997,3994,4009],[4023,3981,4002,4013,4018,4031,4034,4038],[594,4011],[3998],[3983],[3985],[3989],[3991],[3992],[3995],[3996],[3999],[4003],[4004],[4005],[4006],[4014],[4020],[4027],[4028],[4032],[4033],[4036],[4037],[3982]]","[[4030,3986,3988,3993,3997,4000,4017,4018,4020,4021,4026],[4023,3981,3982,4002,4003,4009,4013,4031,4034,4038],[4014,3985,4037],[594],[3983],[3987],[3989],[3990],[3991],[3992],[3995],[3996],[3998],[3999],[4001],[4004],[4005],[4006],[4007],[4011],[4012],[4016],[4019],[4025],[4027],[4028],[4029],[4032],[4033],[4036],[3994]]"
3980,52,25,85,117.44,75.0,68.5,0.15,78,94.34,67.0,54.0,True,52,18,8,5,0.000157,True,7.342016808376022,13.0,2,28,0.4,0.4,2,inf,1.127775,0.000624,1.128399,True,52,15,8,5,0.000201,True,5.931357351117959,11.0,38,35,0.4,0.4,2,inf,1.156371,0.000617,1.156988,"[[3990,4007,4016,4025],[4030,3986,3988,3993,4000,4017,4019,4021,4026],[3987,4001,4012,4029],[3997,3994,4009],[4023,3981,4002,4013,4018,4031,4034,4038],[594,4011],[3998],[3983],[3985],[3989],[3991],[3992],[3995],[3996],[3999],[4003],[4004],[4005],[4006],[4014],[4020],[4027],[4028],[4032],[4033],[4036],[4037],[3982]]","[[3997,3982,3994,4009,4018],[4030,3986,3988,3993,4000,4003,4017,4019,4026],[4021,3998,4014],[4023,4013,4034,4038],[594],[3981],[3983],[3985],[3987],[3989],[3990],[3991],[3992],[3995],[3996],[3999],[4001],[4002],[4004],[4005],[4006],[4007],[4011],[4012],[4016],[4020],[4025],[4027],[4028],[4029],[4031],[4032],[4033],[4036],[4037]]"
3980,52,26,85,117.44,75.0,68.5,0.15,77,102.02,67.0,60.5,True,52,18,8,5,0.000157,True,7.342016808376022,13.0,2,28,0.4,0.4,2,inf,1.127775,0.000624,1.128399,True,52,17,8,5,0.000188,True,6.445265203933734,13.0,17,40,0.4,0.4,2,inf,1.327571,0.000639,1.32821,"[[3990,4007,4016,4025],[4030,3986,3988,3993,4000,4017,4019,4021,4026],[3987,4001,4012,4029],[3997,3994,4009],[4023,3981,4002,4013,4018,4031,4034,4038],[594,4011],[3998],[3983],[3985],[3989],[3991],[3992],[3995],[3996],[3999],[4003],[4004],[4005],[4006],[4014],[4020],[4027],[4028],[4032],[4033],[4036],[4037],[3982]]","[[4030,3986,3988,3993,3994,4000,4003,4009,4017,4018,4021],[4023,3981,4002],[594],[3983],[3985],[3987],[3989],[3990],[3991],[3992],[3995],[3996],[3998],[3999],[4001],[4004],[4005],[4006],[4007],[4011],[4012],[4013],[4014],[4016],[4019],[4020],[4025],[4026],[4027],[4028],[4029],[4031],[4032],[4033],[4034],[4036],[4037],[4038],[3982],[3997]]"
3980,52,27,85,117.44,75.0,68.5,0.15,74,89.82,67.0,53.5,True,52,18,8,5,0.000157,True,7.342016808376022,13.0,2,28,0.4,0.4,2,inf,1.127775,0.000624,1.128399,True,52,16,8,5,0.000187,True,5.73897511209245,11.0,51,31,0.4,0.4,2,inf,1.301061,0.000676,1.301737,"[[3990,4007,4016,4025],[4030,3986,3988,3993,4000,4017,4019,4021,4026],[3987,4001,4012,4029],[3997,3994,4009],[4023,3981,4002,4013,4018,4031,4034,4038],[594,4011],[3998],[3983],[3985],[3989],[3991],[3992],[3995],[3996],[3999],[4003],[4004],[4005],[4006],[4014],[4020],[4027],[4028],[4032],[4033],[4036],[4037],[3982]]","[[4030,3982,3986,3988,4000,4003,4017,4019,4021,4026],[4023,3981,3994,3997,3998,4002,4009,4018,4038],[4004,3985,3993,4020,4031],[594],[3983],[3987],[3989],[3990],[3991],[3992],[3995],[3996],[3999],[4001],[4005],[4006],[4007],[4011],[4012],[4013],[4014],[4016],[4025],[4027],[4028],[4029],[4032],[4033],[4034],[4036],[4037]]"
3980,52,28,85,117.44,75.0,68.5,0.15,84,98.34,67.0,56.0,True,52,18,8,5,0.000157,True,7.342016808376022,13.0,2,28,0.4,0.4,2,inf,1.127775,0.000624,1.128399,True,52,16,8,5,0.000167,True,6.237449124071433,10.0,35,31,0.4,0.4,2,inf,1.664286,0.000597,1.664883,"[[3990,4007,4016,4025],[4030,3986,3988,3993,4000,4017,4019,4021,4026],[3987,4001,4012,4029],[3997,3994,4009],[4023,3981,4002,4013,4018,4031,4034,4038],[594,4011],[3998],[3983],[3985],[3989],[3991],[3992],[3995],[3996],[3999],[4003],[4004],[4005],[4006],[4014],[4020],[4027],[4028],[4032],[4033],[4036],[4037],[3982]]","[[4023,3981,3994,3997,4003,4009,4013,4018,4034,4038],[4030,3986,3988,3993,4000,4017,4019,4020,4021,4026],[4037,3982,4014],[3998,4002],[594],[3983],[3985],[3987],[3989],[3990],[3991],[3992],[3995],[3996],[3999],[4001],[4004],[4005],[4006],[4007],[4011],[4012],[4016],[4025],[4027],[4028],[4029],[4031],[4032],[4033],[4036]]"
3980,52,29,85,117.44,75.0,68.5,0.15,81,103.15,67.0,60.5,True,52,18,8,5,0.000157,True,7.342016808376022,13.0,2,28,0.4,0.4,2,inf,1.127775,0.000624,1.128399,True,52,18,8,5,0.000261,True,6.916513046713919,13.0,21,30,0.4,0.4,2,inf,1.348425,0.000664,1.349089,"[[3990,4007,4016,4025],[4030,3986,3988,3993,4000,4017,4019,4021,4026],[3987,4001,4012,4029],[3997,3994,4009],[4023,3981,4002,4013,4018,4031,4034,4038],[594,4011],[3998],[3983],[3985],[3989],[3991],[3992],[3995],[3996],[3999],[4003],[4004],[4005],[4006],[4014],[4020],[4027],[4028],[4032],[4033],[4036],[4037],[3982]]","[[4030,3982,3986,3988,3993,4000,4017,4019,4020,4021,4026],[4023,3981,3994,3997,4002,4003,4009,4013,4018,4031,4034,4038],[4014,4037],[594],[3983],[3985],[3987],[3989],[3990],[3991],[3992],[3995],[3996],[3999],[4001],[4004],[4005],[4006],[4007],[4011],[4012],[4016],[4025],[4027],[4028],[4029],[4032],[4033],[4036],[3998]]"
3980,52,30,85,117.44,75.0,68.5,0.15,73,91.9,67.0,55.0,True,52,18,8,5,0.000157,True,7.342016808376022,13.0,2,28,0.4,0.4,2,inf,1.127775,0.000624,1.128399,True,52,15,8,5,0.000158,True,5.96599161116895,12.0,51,32,0.4,0.4,2,inf,1.226209,0.001457,1.227666,"[[3990,4007,4016,4025],[4030,3986,3988,3993,4000,4017,4019,4021,4026],[3987,4001,4012,4029],[3997,3994,4009],[4023,3981,4002,4013,4018,4031,4034,4038],[594,4011],[3998],[3983],[3985],[3989],[3991],[3992],[3995],[3996],[3999],[4003],[4004],[4005],[4006],[4014],[4020],[4027],[4028],[4032],[4033],[4036],[4037],[3982]]","[[4023,3981,3994,3997,3998,4002,4009,4013,4018,4034,4038],[4030,3988,3993,4000,4003,4004,4014,4017,4019,4021,4026],[3982],[594],[3983],[3985],[3986],[3987],[3989],[3990],[3991],[3992],[3995],[3996],[3999],[4001],[4005],[4006],[4007],[4011],[4012],[4016],[4020],[4025],[4027],[4028],[4029],[4031],[4032],[4033],[4036],[4037]]"
3980,52,1,85,117.44,75.0,68.5,0.25,68,85.4,58.0,50.5,True,52,18,8,5,0.000157,True,7.342016808376022,13.0,2,28,0.4,0.4,2,inf,1.127775,0.000624,1.128399,True,52,14,8,5,0.000202,True,5.004528441293204,10.0,37,36,0.4,0.4,2,inf,1.244352,0.001165,1.245517,"[[3990,4007,4016,4025],[4030,3986,3988,3993,4000,4017,4019,4021,4026],[3987,4001,4012,4029],[3997,3994,4009],[4023,3981,4002,4013,4018,4031,4034,4038],[594,4011],[3998],[3983],[3985],[3989],[3991],[3992],[3995],[3996],[3999],[4003],[4004],[4005],[4006],[4014],[4020],[4027],[4028],[4032],[4033],[4036],[4037],[3982]]","[[4030,3986,3994,3997,4000,4003,4009,4018,4019,4021],[4023,3998,4014],[4031,3991,4004,4013,4038],[3982,3988],[594],[3981],[3983],[3985],[3987],[3989],[3990],[3992],[3993],[3995],[3996],[3999],[4001],[4002],[4005],[4006],[4007],[4011],[4012],[4016],[4017],[4020],[4025],[4026],[4027],[4028],[4029],[4032],[4033],[4034],[4036],[4037]]"
3980,52,2,85,117.44,75.0,68.5,0.25,72,86.07,58.0,50.5,True,52,18,8,5,0.000157,True,7.342016808376022,13.0,2,28,0.4,0.4,2,inf,1.127775,0.000624,1.128399,True,52,13,8,5,0.000188,True,5.351727282976514,9.0,2,33,0.4,0.4,2,inf,1.108471,0.000419,1.10889,"[[3990,4007,4016,4025],[4030,3986,3988,3993,4000,4017,4019,4021,4026],[3987,4001,4012,4029],[3997,3994,4009],[4023,3981,4002,4013,4018,4031,4034,4038],[594,4011],[3998],[3983],[3985],[3989],[3991],[3992],[3995],[3996],[3999],[4003],[4004],[4005],[4006],[4014],[4020],[4027],[4028],[4032],[4033],[4036],[4037],[3982]]","[[4023,3981,3994,4003,4009,4013,4034,4038],[4030,3982,3986,3993,4000,4017,4018,4019,4026],[4014,3998,4021,4037],[4004,4020],[594],[3983],[3985],[3987],[3988],[3989],[3990],[3991],[3992],[3995],[3996],[3997],[3999],[4001],[4002],[4005],[4006],[4007],[4011],[4012],[4016],[4025],[4027],[4028],[4029],[4031],[4032],[4033],[4036]]"
3980,52,3,85,117.44,75.0,68.5,0.25,65,81.43,58.0,48.0,True,52,18,8,5,0.000157,True,7.342016808376022,13.0,2,28,0.4,0.4,2,inf,1.127775,0.000624,1.128399,True,52,14,8,5,0.000223,True,5.48661755334815,10.0,2,28,0.4,0.4,2,inf,1.051953,0.000408,1.052361,"[[3990,4007,4016,4025],[4030,3986,3988,3993,4000,4017,4019,4021,4026],[3987,4001,4012,4029],[3997,3994,4009],[4023,3981,4002,4013,4018,4031,4034,4038],[594,4011],[3998],[3983],[3985],[3989],[3991],[3992],[3995],[3996],[3999],[4003],[4004],[4005],[4006],[4014],[4020],[4027],[4028],[4032],[4033],[4036],[4037],[3982]]","[[4023,3981,3995,3997,4002,4004,4009,4013,4031,4034],[4030,3982,3988,3993,4000,4003,4017,4019,4021,4026],[4014,3985,3986,4037,4038],[3998,3994,4018],[594],[3983],[3987],[3989],[3990],[3991],[3992],[3996],[3999],[4001],[4005],[4006],[4007],[4011],[4012],[4016],[4020],[4025],[4027],[4028],[4029],[4032],[4033],[4036]]"
3980,52,4,85,117.44,75.0,68.5,0.25,67,86.79,58.0,49.5,True,52,18,8,5,0.000157,True,7.342016808376022,13.0,2,28,0.4,0.4,2,inf,1.127775,0.000624,1.128399,True,52,15,8,5,0.00016,True,5.123442968261151,8.0,37,33,0.4,0.4,2,inf,1.071717,0.000377,1.072094,"[[3990,4007,4016,4025],[4030,3986,3988,3993,4000,4017,4019,4021,4026],[3987,4001,4012,4029],[3997,3994,4009],[4023,3981,4002,4013,4018,4031,4034,4038],[594,4011],[3998],[3983],[3985],[3989],[3991],[3992],[3995],[3996],[3999],[4003],[4004],[4005],[4006],[4014],[4020],[4027],[4028],[4032],[4033],[4036],[4037],[3982]]","[[4023,3981,4002,4003,4009,4013,4018,4034,4038],[3997,3982,3994,3998],[4017,3986,4000,4014,4026,4030],[4031,3991,4027],[4020,4037],[594],[3983],[3985],[3987],[3988],[3989],[3990],[3992],[3993],[3995],[3996],[3999],[4001],[4004],[4005],[4006],[4007],[4011],[4012],[4016],[4019],[4021],[4025],[4028],[4029],[4032],[4033],[4036]]"
3980,52,5,85,117.44,75.0,68.5,0.25,69,85.81,58.0,49.75,True,52,18,8,5,0.000157,True,7.342016808376022,13.0,2,28,0.4,0.4,2,inf,1.127775,0.000624,1.128399,True,52,14,8,5,0.000174,True,5.252067630121416,10.0,38,36,0.4,0.4,2,inf,1.134593,0.000538,1.135131,"[[3990,4007,4016,4025],[4030,3986,3988,3993,4000,4017,4019,4021,4026],[3987,4001,4012,4029],[3997,3994,4009],[4023,3981,4002,4013,4018,4031,4034,4038],[594,4011],[3998],[3983],[3985],[3989],[3991],[3992],[3995],[3996],[3999],[4003],[4004],[4005],[4006],[4014],[4020],[4027],[4028],[4032],[4033],[4036],[4037],[3982]]","[[3994,3997,4003,4009,4023],[4030,3982,4014,4018],[4021,3986,4000,4017],[4031,4013,4038],[3981,3998],[4019,4026],[3993,4004],[4020,4027],[594],[3983],[3985],[3987],[3988],[3989],[3990],[3991],[3992],[3995],[3996],[3999],[4001],[4002],[4005],[4006],[4007],[4011],[4012],[4016],[4025],[4028],[4029],[4032],[4033],[4034],[4036],[4037]]"
3980,52,6,85,117.44,75.0,68.5,0.25,68,84.94,58.0,49.5,True,52,18,8,5,0.000157,True,7.342016808376022,13.0,2,28,0.4,0.4,2,inf,1.127775,0.000624,1.128399,True,52,13,8,5,0.000155,True,4.876844901981799,9.0,2,41,0.4,0.4,2,inf,1.157929,0.000381,1.15831,"[[3990,4007,4016,4025],[4030,3986,3988,3993,4000,4017,4019,4021,4026],[3987,4001,4012,4029],[3997,3994,4009],[4023,3981,4002,4013,4018,4031,4034,4038],[594,4011],[3998],[3983],[3985],[3989],[3991],[3992],[3995],[3996],[3999],[4003],[4004],[4005],[4006],[4014],[4020],[4027],[4028],[4032],[4033],[4036],[4037],[3982]]","[[4023,3981,3994,4003,4009,4013,4018],[4030,3986,4021,4026],[3997,3998],[3982,4014],[594],[3983],[3985],[3987],[3988],[3989],[3990],[3991],[3992],[3993],[3995],[3996],[3999],[4000],[4001],[4002],[4004],[4005],[4006],[4007],[4011],[4012],[4016],[4017],[4019],[4020],[4025],[4027],[4028],[4029],[4031],[4032],[4033],[4034],[4036],[4037],[4038]]"
3980,52,7,85,117.44,75.0,68.5,0.25,64,81.54,58.0,49.83333333333337,True,52,18,8,5,0.000157,True,7.342016808376022,13.0,2,28,0.4,0.4,2,inf,1.127775,0.000624,1.128399,True,52,14,8,5,0.00019,True,5.092478759937064,11.0,17,40,0.4,0.4,2,inf,1.22856,0.000627,1.229187,"[[3990,4007,4016,4025],[4030,3986,3988,3993,4000,4017,4019,4021,4026],[3987,4001,4012,4029],[3997,3994,4009],[4023,3981,4002,4013,4018,4031,4034,4038],[594,4011],[3998],[3983],[3985],[3989],[3991],[3992],[3995],[3996],[3999],[4003],[4004],[4005],[4006],[4014],[4020],[4027],[4028],[4032],[4033],[4036],[4037],[3982]]","[[4030,3986,3988,4000,4003,4017,4021,4026],[3994,3981,3997,4009],[3993,4004],[3995,4023],[3982],[594],[3983],[3985],[3987],[3989],[3990],[3991],[3992],[3996],[3998],[3999],[4001],[4002],[4005],[4006],[4007],[4011],[4012],[4013],[4014],[4016],[4018],[4019],[4020],[4025],[4027],[4028],[4029],[4031],[4032],[4033],[4034],[4036],[4037],[4038]]"
3980,52,8,85,117.44,75.0,68.5,0.25,70,86.95,58.0,50.0,True,52,18,8,5,0.000157,True,7.342016808376022,13.0,2,28,0.4,0.4,2,inf,1.127775,0.000624,1.128399,True,52,16,8,5,0.000224,True,5.360621068353625,9.0,5,30,0.4,0.4,2,inf,1.980558,0.000885,1.981443,"[[3990,4007,4016,4025],[4030,3986,3988,3993,4000,4017,4019,4021,4026],[3987,4001,4012,4029],[3997,3994,4009],[4023,3981,4002,4013,4018,4031,4034,4038],[594,4011],[3998],[3983],[3985],[3989],[3991],[3992],[3995],[3996],[3999],[4003],[4004],[4005],[4006],[4014],[4020],[4027],[4028],[4032],[4033],[4036],[4037],[3982]]","[[4030,3982,3986,3988,3993,3994,3997,4003,4009,4019,4021,4026],[4014,3995,4017,4023,4037],[3998,3981,4002,4005],[4031,4020,4038],[4004,3985,4013],[594],[3983],[3987],[3989],[3990],[3991],[3992],[3996],[3999],[4000],[4001],[4006],[4007],[4011],[4012],[4016],[4018],[4025],[4027],[4028],[4029],[4032],[4033],[4034],[4036]]"
3980,52,9,85,117.44,75.0,68.5,0.25,64,86.84,58.0,50.5,True,52,18,8,5,0.000157,True,7.342016808376022,13.0,2,28,0.4,0.4,2,inf,1.127775,0.000624,1.128399,True,52,14,8,5,0.000218,True,5.4555693701986625,8.0,2,37,0.4,0.4,2,inf,1.196036,0.000616,1.196652,"[[3990,4007,4016,4025],[4030,3986,3988,3993,4000,4017,4019,4021,4026],[3987,4001,4012,4029],[3997,3994,4009],[4023,3981,4002,4013,4018,4031,4034,4038],[594,4011],[3998],[3983],[3985],[3989],[3991],[3992],[3995],[3996],[3999],[4003],[4004],[4005],[4006],[4014],[4020],[4027],[4028],[4032],[4033],[4036],[4037],[3982]]","[[3997,3981,3994,3998,4009,4018,4019,4023],[4017,3986,4014,4021,4026,4030],[4031,4002,4013],[3993,4004],[594],[3982],[3983],[3985],[3987],[3988],[3989],[3990],[3991],[3992],[3995],[3996],[3999],[4000],[4001],[4003],[4005],[4006],[4007],[4011],[4012],[4016],[4020],[4025],[4027],[4028],[4029],[4032],[4033],[4034],[4036],[4037],[4038]]"
3980,52,10,85,117.44,75.0,68.5,0.25,71,83.09,58.0,51.5,True,52,18,8,5,0.000157,True,7.342016808376022,13.0,2,28,0.4,0.4,2,inf,1.127775,0.000624,1.128399,True,52,15,8,5,0.000343,True,5.3239086888488965,8.0,31,35,0.4,0.4,2,inf,1.598911,0.000761,1.599672,"[[3990,4007,4016,4025],[4030,3986,3988,3993,4000,4017,4019,4021,4026],[3987,4001,4012,4029],[3997,3994,4009],[4023,3981,4002,4013,4018,4031,4034,4038],[594,4011],[3998],[3983],[3985],[3989],[3991],[3992],[3995],[3996],[3999],[4003],[4004],[4005],[4006],[4014],[4020],[4027],[4028],[4032],[4033],[4036],[4037],[3982]]","[[4030,3982,3986,3988,4000,4003,4017,4021,4026],[4018,3981,3994,3997,3998,4009,4023],[4031,594,4013],[3993,3995],[3983],[3985],[3987],[3989],[3990],[3991],[3992],[3996],[3999],[4001],[4002],[4004],[4005],[4006],[4007],[4011],[4012],[4014],[4016],[4019],[4020],[4025],[4027],[4028],[4029],[4032],[4033],[4034],[4036],[4037],[4038]]"
3980,52,11,85,117.44,75.0,68.5,0.25,58,75.09,58.0,44.0,True,52,18,8,5,0.000157,True,7.342016808376022,13.0,2,28,0.4,0.4,2,inf,1.127775,0.000624,1.128399,True,52,14,8,5,0.00023,True,4.924896740569046,10.0,21,31,0.4,0.4,2,inf,1.526309,0.000614,1.526923,"[[3990,4007,4016,4025],[4030,3986,3988,3993,4000,4017,4019,4021,4026],[3987,4001,4012,4029],[3997,3994,4009],[4023,3981,4002,4013,4018,4031,4034,4038],[594,4011],[3998],[3983],[3985],[3989],[3991],[3992],[3995],[3996],[3999],[4003],[4004],[4005],[4006],[4014],[4020],[4027],[4028],[4032],[4033],[4036],[4037],[3982]]","[[4023,3994,3998,4002,4003,4004,4009,4013,4018,4031,4034,4038],[4030,3986,3988,3993,4000,4020,4021,4026],[3995,3985,4014],[3982,3997],[594],[3981],[3983],[3987],[3989],[3990],[3991],[3992],[3996],[3999],[4001],[4005],[4006],[4007],[4011],[4012],[4016],[4017],[4019],[4025],[4027],[4028],[4029],[4032],[4033],[4036],[4037]]"
3980,52,12,85,117.44,75.0,68.5,0.25,57,72.51,58.0,43.25,True,52,18,8,5,0.000157,True,7.342016808376022,13.0,2,28,0.4,0.4,2,inf,1.127775,0.000624,1.128399,True,52,13,8,5,0.000184,True,5.006956845318286,9.0,17,33,0.4,0.4,2,inf,1.168672,0.000422,1.169094,"[[3990,4007,4016,4025],[4030,3986,3988,3993,4000,4017,4019,4021,4026],[3987,4001,4012,4029],[3997,3994,4009],[4023,3981,4002,4013,4018,4031,4034,4038],[594,4011],[3998],[3983],[3985],[3989],[3991],[3992],[3995],[3996],[3999],[4003],[4004],[4005],[4006],[4014],[4020],[4027],[4028],[4032],[4033],[4036],[4037],[3982]]","[[4023,3981,4004,4009,4013,4018,4031,4034],[4030,3982,3988,3993,4000,4003,4017],[3997,3994,3998],[4014,3985,3986,4021,4037],[594],[3983],[3987],[3989],[3990],[3991],[3992],[3995],[3996],[3999],[4001],[4002],[4005],[4006],[4007],[4011],[4012],[4016],[4019],[4020],[4025],[4026],[4027],[4028],[4029],[4032],[4033],[4036],[4038]]"
3980,52,13,85,117.44,75.0,68.5,0.25,60,79.97,58.0,48.25,True,52,18,8,5,0.000157,True,7.342016808376022,13.0,2,28,0.4,0.4,2,inf,1.127775,0.000624,1.128399,True,52,12,8,5,0.000205,True,4.798780008224775,8.0,31,38,0.4,0.4,2,inf,1.16734,0.0006,1.16794,"[[3990,4007,4016,4025],[4030,3986,3988,3993,4000,4017,4019,4021,4026],[3987,4001,4012,4029],[3997,3994,4009],[4023,3981,4002,4013,4018,4031,4034,4038],[594,4011],[3998],[3983],[3985],[3989],[3991],[3992],[3995],[3996],[3999],[4003],[4004],[4005],[4006],[4014],[4020],[4027],[4028],[4032],[4033],[4036],[4037],[3982]]","[[3994,3982,3997,3998,4009,4018,4023],[4030,3986,3988,3993,4000,4004,4021],[4014,3995,4037],[3981],[4017],[594],[3983],[3985],[3987],[3989],[3990],[3991],[3992],[3996],[3999],[4001],[4003],[4005],[4006],[4007],[4011],[4012],[4013],[4016],[4019],[4020],[4025],[4026],[4027],[4028],[4029],[4031],[4032],[4033],[4034],[4036],[4038],[4002]]"
3980,52,14,85,117.44,75.0,68.5,0.25,65,85.45,58.0,49.0,True,52,18,8,5,0.000157,True,7.342016808376022,13.0,2,28,0.4,0.4,2,inf,1.127775,0.000624,1.128399,True,52,16,8,5,0.000187,True,5.438686279973716,10.0,2,41,0.4,0.4,2,inf,1.092374,0.000424,1.092798,"[[3990,4007,4016,4025],[4030,3986,3988,3993,4000,4017,4019,4021,4026],[3987,4001,4012,4029],[3997,3994,4009],[4023,3981,4002,4013,4018,4031,4034,4038],[594,4011],[3998],[3983],[3985],[3989],[3991],[3992],[3995],[3996],[3999],[4003],[4004],[4005],[4006],[4014],[4020],[4027],[4028],[4032],[4033],[4036],[4037],[3982]]","[[4023,3981,3994,3997,3998,4002,4003,4009,4013,4018],[4014,4021],[4031,4038],[594],[3982],[3983],[3985],[3986],[3987],[3988],[3989],[3990],[3991],[3992],[3993],[3995],[3996],[3999],[4000],[4001],[4004],[4005],[4006],[4007],[4011],[4012],[4016],[4017],[4019],[4020],[4025],[4026],[4027],[4028],[4029],[4030],[4032],[4033],[4034],[4036],[4037]]"
3980,52,15,85,117.44,75.0,68.5,0.25,70,84.19,58.0,50.5,True,52,18,8,5,0.000157,True,7.342016808376022,13.0,2,28,0.4,0.4,2,inf,1.127775,0.000624,1.128399,True,52,12,8,5,0.000223,True,5.091175599044182,9.0,31,38,0.4,0.4,2,inf,1.178158,0.000431,1.178589,"[[3990,4007,4016,4025],[4030,3986,3988,3993,4000,4017,4019,4021,4026],[3987,4001,4012,4029],[3997,3994,4009],[4023,3981,4002,4013,4018,4031,4034,4038],[594,4011],[3998],[3983],[3985],[3989],[3991],[3992],[3995],[3996],[3999],[4003],[4004],[4005],[4006],[4014],[4020],[4027],[4028],[4032],[4033],[4036],[4037],[3982]]","[[3997,3982,3994,3998,4009,4023],[4030,3988,4004],[4038,3989,4014],[4031,594,4002,4011,4020],[3986,4017],[3981],[3983],[3985],[3987],[3990],[3991],[3992],[3993],[3995],[3996],[3999],[4000],[4001],[4003],[4005],[4006],[4007],[4012],[4013],[4016],[4018],[4019],[4021],[4025],[4026],[4027],[4028],[4029],[4032],[4033],[4034],[4036],[4037]]"
3980,52,16,85,117.44,75.0,68.5,0.25,77,94.03,58.0,54.0,True,52,18,8,5,0.000157,True,7.342016808376022,13.0,2,28,0.4,0.4,2,inf,1.127775,0.000624,1.128399,True,52,14,8,5,0.000358,True,5.614124103562056,13.0,44,36,0.4,0.4,2,inf,0.988307,0.000365,0.988672,"[[3990,4007,4016,4025],[4030,3986,3988,3993,4000,4017,4019,4021,4026],[3987,4001,4012,4029],[3997,3994,4009],[4023,3981,4002,4013,4018,4031,4034,4038],[594,4011],[3998],[3983],[3985],[3989],[3991],[3992],[3995],[3996],[3999],[4003],[4004],[4005],[4006],[4014],[4020],[4027],[4028],[4032],[4033],[4036],[4037],[3982]]","[[3982,3986,3988,3994,3997,4003,4009,4021,4026],[4031,4004,4013,4023,4027,4038],[4014,3985,3995],[4030,4019],[594],[3981],[3983],[3987],[3989],[3990],[3991],[3992],[3993],[3996],[3998],[3999],[4000],[4001],[4002],[4005],[4006],[4007],[4011],[4012],[4016],[4017],[4018],[4020],[4025],[4028],[4029],[4032],[4033],[4034],[4036],[4037]]"
3980,52,17,85,117.44,75.0,68.5,0.25,70,88.59,58.0,52.5,True,52,18,8,5,0.000157,True,7.342016808376022,13.0,2,28,0.4,0.4,2,inf,1.127775,0.000624,1.128399,True,52,14,8,5,0.000189,True,5.1399483508322845,10.0,33,36,0.4,0.4,2,inf,1.051584,0.000367,1.051951,"[[3990,4007,4016,4025],[4030,3986,3988,3993,4000,4017,4019,4021,4026],[3987,4001,4012,4029],[3997,3994,4009],[4023,3981,4002,4013,4018,4031,4034,4038],[594,4011],[3998],[3983],[3985],[3989],[3991],[3992],[3995],[3996],[3999],[4003],[4004],[4005],[4006],[4014],[4020],[4027],[4028],[4032],[4033],[4036],[4037],[3982]]","[[4030,3993,3994,3997,4003,4009,4017,4018,4019,4026],[4013,4023,4031,4038],[3982,3986,3988,4014,4021],[594],[3981],[3983],[3985],[3987],[3989],[3990],[3991],[3992],[3995],[3996],[3998],[3999],[4000],[4001],[4002],[4004],[4005],[4006],[4007],[4011],[4012],[4016],[4020],[4025],[4027],[4028],[4029],[4032],[4033],[4034],[4036],[4037]]"
3980,52,18,85,117.44,75.0,68.5,0.25,65,83.74,58.0,50.375,True,52,18,8,5,0.000157,True,7.342016808376022,13.0,2,28,0.4,0.4,2,inf,1.127775,0.000624,1.128399,True,52,15,8,5,0.000241,True,5.1734090654051,8.0,14,31,0.4,0.4,2,inf,1.023703,0.0004,1.024103,"[[3990,4007,4016,4025],[4030,3986,3988,3993,4000,4017,4019,4021,4026],[3987,4001,4012,4029],[3997,3994,4009],[4023,3981,4002,4013,4018,4031,4034,4038],[594,4011],[3998],[3983],[3985],[3989],[3991],[3992],[3995],[3996],[3999],[4003],[4004],[4005],[4006],[4014],[4020],[4027],[4028],[4032],[4033],[4036],[4037],[3982]]","[[4030,3982,3986,3988,4000,4003,4017,4019,4021,4026],[4023,3995,4002,4004,4013,4031,4034,4038],[3994,3997,4009],[3985,3993],[3981,3998,4018],[594],[3983],[3987],[3989],[3990],[3991],[3992],[3996],[3999],[4001],[4005],[4006],[4007],[4011],[4012],[4014],[4016],[4020],[4025],[4027],[4028],[4029],[4032],[4033],[4036],[4037]]"
3980,52,19,85,117.44,75.0,68.5,0.25,56,73.88,58.0,42.5,True,52,18,8,5,0.000157,True,7.342016808376022,13.0,2,28,0.4,0.4,2,inf,1.127775,0.000624,1.128399,True,52,12,8,5,0.001193,True,4.327555860874049,6.0,1,30,0.4,0.4,2,inf,1.230605,0.000362,1.230967,"[[3990,4007,4016,4025],[4030,3986,3988,3993,4000,4017,4019,4021,4026],[3987,4001,4012,4029],[3997,3994,4009],[4023,3981,4002,4013,4018,4031,4034,4038],[594,4011],[3998],[3983],[3985],[3989],[3991],[3992],[3995],[3996],[3999],[4003],[4004],[4005],[4006],[4014],[4020],[4027],[4028],[4032],[4033],[4036],[4037],[3982]]","[[4023,3982,3994,3997,3998,4002,4003,4009,4018,4030],[3986,4014,4017,4021],[4004,3993,4013,4020,4038],[3995,3985,4000,4026],[4031,594,4011,4027],[3981],[3983],[3987],[3988],[3989],[3990],[3991],[3992],[3996],[3999],[4001],[4005],[4006],[4007],[4012],[4016],[4019],[4025],[4028],[4029],[4032],[4033],[4034],[4036],[4037]]"
3980,52,20,85,117.44,75.0,68.5,0.25,62,76.27,58.0,46.5,True,52,18,8,5,0.000157,True,7.342016808376022,13.0,2,28,0.4,0.4,2,inf,1.127775,0.000624,1.128399,True,52,14,8,5,0.000203,True,5.51660867469851,9.0,35,34,0.4,0.4,2,inf,1.140899,0.000428,1.141327,"[[3990,4007,4016,4025],[4030,3986,3988,3993,4000,4017,4019,4021,4026],[3987,4001,4012,4029],[3997,3994,4009],[4023,3981,4002,4013,4018,4031,4034,4038],[594,4011],[3998],[3983],[3985],[3989],[3991],[3992],[3995],[3996],[3999],[4003],[4004],[4005],[4006],[4014],[4020],[4027],[4028],[4032],[4033],[4036],[4037],[3982]]","[[4030,3986,3988,3993,4000,4003,4019,4021,4026],[4023,3981,3994,3998,4002,4009,4018,4034,4038],[3982,4014],[4031,4013],[594],[3983],[3985],[3987],[3989],[3990],[3991],[3992],[3995],[3996],[3999],[4001],[4004],[4005],[4006],[4007],[4011],[4012],[4016],[4017],[4020],[4025],[4027],[4028],[4029],[4032],[4033],[4036],[4037],[3997]]"
3980,52,21,85,117.44,75.0,68.5,0.25,58,77.66,58.0,47.25,True,52,18,8,5,0.000157,True,7.342016808376022,13.0,2,28,0.4,0.4,2,inf,1.127775,0.000624,1.128399,True,52,13,8,5,0.000204,True,4.937030724396585,9.0,21,33,0.4,0.4,2,inf,1.462015,0.000623,1.462638,"[[3990,4007,4016,4025],[4030,3986,3988,3993,4000,4017,4019,4021,4026],[3987,4001,4012,4029],[3997,3994,4009],[4023,3981,4002,4013,4018,4031,4034,4038],[594,4011],[3998],[3983],[3985],[3989],[3991],[3992],[3995],[3996],[3999],[4003],[4004],[4005],[4006],[4014],[4020],[4027],[4028],[4032],[4033],[4036],[4037],[3982]]","[[4023,3981,4002,4003,4013,4014,4018,4034,4038],[4009,3982,3994,3997,3998,4019],[4017,3986,4021,4026,4030],[4020,4004,4027],[594],[3983],[3985],[3987],[3988],[3989],[3990],[3991],[3992],[3993],[3995],[3996],[3999],[4000],[4001],[4005],[4006],[4007],[4011],[4012],[4016],[4025],[4028],[4029],[4031],[4032],[4033],[4036],[4037]]"
3980,52,22,85,117.44,75.0,68.5,0.25,67,81.94,58.0,47.75,True,52,18,8,5,0.000157,True,7.342016808376022,13.0,2,28,0.4,0.4,2,inf,1.127775,0.000624,1.128399,True,52,14,8,5,0.00028,True,5.3394419570328475,10.0,44,39,0.4,0.4,2,inf,1.216451,0.000621,1.217072,"[[3990,4007,4016,4025],[4030,3986,3988,3993,4000,4017,4019,4021,4026],[3987,4001,4012,4029],[3997,3994,4009],[4023,3981,4002,4013,4018,4031,4034,4038],[594,4011],[3998],[3983],[3985],[3989],[3991],[3992],[3995],[3996],[3999],[4003],[4004],[4005],[4006],[4014],[4020],[4027],[4028],[4032],[4033],[4036],[4037],[3982]]","[[4023,3981,3994,3998,4003,4018],[4030,3982,3997,4009],[4031,594,4002,4013],[4021,3986,4017],[3983],[3985],[3987],[3988],[3989],[3990],[3991],[3992],[3993],[3995],[3996],[3999],[4000],[4001],[4004],[4005],[4006],[4007],[4011],[4012],[4014],[4016],[4019],[4020],[4025],[4026],[4027],[4028],[4029],[4032],[4033],[4034],[4036],[4037],[4038]]"
3980,52,23,85,117.44,75.0,68.5,0.25,68,82.83,58.0,48.33333333333337,True,52,18,8,5,0.000157,True,7.342016808376022,13.0,2,28,0.4,0.4,2,inf,1.127775,0.000624,1.128399,True,52,16,8,5,0.000226,True,5.11351628966236,9.0,27,40,0.4,0.4,2,inf,1.419878,0.000624,1.420502,"[[3990,4007,4016,4025],[4030,3986,3988,3993,4000,4017,4019,4021,4026],[3987,4001,4012,4029],[3997,3994,4009],[4023,3981,4002,4013,4018,4031,4034,4038],[594,4011],[3998],[3983],[3985],[3989],[3991],[3992],[3995],[3996],[3999],[4003],[4004],[4005],[4006],[4014],[4020],[4027],[4028],[4032],[4033],[4036],[4037],[3982]]","[[4030,3982,3986,3997,4000,4003,4009,4017,4021,4026],[3988,3993],[3994,4019],[4004,4020],[4023],[594],[3981],[3983],[3985],[3987],[3989],[3990],[3991],[3992],[3995],[3996],[3998],[3999],[4001],[4002],[4005],[4006],[4007],[4011],[4012],[4013],[4014],[4016],[4018],[4025],[4027],[4028],[4029],[4031],[4032],[4033],[4034],[4036],[4037],[4038]]"
3980,52,24,85,117.44,75.0,68.5,0.25,66,85.12,58.0,50.0,True,52,18,8,5,0.000157,True,7.342016808376022,13.0,2,28,0.4,0.4,2,inf,1.127775,0.000624,1.128399,True,52,13,8,5,0.000187,True,5.197799997545002,10.0,31,31,0.4,0.4,2,inf,1.330377,0.001452,1.331829,"[[3990,4007,4016,4025],[4030,3986,3988,3993,4000,4017,4019,4021,4026],[3987,4001,4012,4029],[3997,3994,4009],[4023,3981,4002,4013,4018,4031,4034,4038],[594,4011],[3998],[3983],[3985],[3989],[3991],[3992],[3995],[3996],[3999],[4003],[4004],[4005],[4006],[4014],[4020],[4027],[4028],[4032],[4033],[4036],[4037],[3982]]","[[4030,3986,3993,4000,4004,4017,4018,4020,4021,4026],[3998,3981,3997,3999,4002,4005,4009,4019],[4023,4003,4013,4034,4038],[3982,3994],[594],[3983],[3985],[3987],[3988],[3989],[3990],[3991],[3992],[3995],[3996],[4001],[4006],[4007],[4011],[4012],[4014],[4016],[4025],[4027],[4028],[4029],[4031],[4032],[4033],[4036],[4037]]"
3980,52,25,85,117.44,75.0,68.5,0.25,66,79.98,58.0,46.25,True,52,18,8,5,0.000157,True,7.342016808376022,13.0,2,28,0.4,0.4,2,inf,1.127775,0.000624,1.128399,True,52,13,8,5,0.000209,True,4.957245076885141,9.0,45,39,0.4,0.4,2,inf,1.367945,0.000742,1.368687,"[[3990,4007,4016,4025],[4030,3986,3988,3993,4000,4017,4019,4021,4026],[3987,4001,4012,4029],[3997,3994,4009],[4023,3981,4002,4013,4018,4031,4034,4038],[594,4011],[3998],[3983],[3985],[3989],[3991],[3992],[3995],[3996],[3999],[4003],[4004],[4005],[4006],[4014],[4020],[4027],[4028],[4032],[4033],[4036],[4037],[3982]]","[[4030,3986,3997,4003,4017,4019,4026],[4023,4013,4018,4034,4038],[4014,4021],[3994,3982,4009],[594],[3981],[3983],[3985],[3987],[3988],[3989],[3990],[3991],[3992],[3993],[3995],[3996],[3998],[3999],[4000],[4001],[4002],[4004],[4005],[4006],[4007],[4011],[4012],[4016],[4020],[4025],[4027],[4028],[4029],[4031],[4032],[4033],[4036],[4037]]"
3980,52,26,85,117.44,75.0,68.5,0.25,67,82.73,58.0,49.5,True,52,18,8,5,0.000157,True,7.342016808376022,13.0,2,28,0.4,0.4,2,inf,1.127775,0.000624,1.128399,True,52,13,8,5,0.00019,True,4.95516027907141,9.0,33,32,0.4,0.4,2,inf,1.472398,0.000822,1.47322,"[[3990,4007,4016,4025],[4030,3986,3988,3993,4000,4017,4019,4021,4026],[3987,4001,4012,4029],[3997,3994,4009],[4023,3981,4002,4013,4018,4031,4034,4038],[594,4011],[3998],[3983],[3985],[3989],[3991],[3992],[3995],[3996],[3999],[4003],[4004],[4005],[4006],[4014],[4020],[4027],[4028],[4032],[4033],[4036],[4037],[3982]]","[[3998,3981,3994,3997,4009,4018,4023],[4030,3993,4003,4004,4017,4019,4020],[4031,594,3991,4011,4013,4027],[4014,3982,3986,4021],[3983],[3985],[3987],[3988],[3989],[3990],[3992],[3995],[3996],[3999],[4000],[4001],[4002],[4005],[4006],[4007],[4012],[4016],[4025],[4026],[4028],[4029],[4032],[4033],[4034],[4036],[4037],[4038]]"
3980,52,27,85,117.44,75.0,68.5,0.25,64,78.79,58.0,48.0,True,52,18,8,5,0.000157,True,7.342016808376022,13.0,2,28,0.4,0.4,2,inf,1.127775,0.000624,1.128399,True,52,14,8,5,0.000208,True,5.243111517396852,9.0,2,33,0.4,0.4,2,inf,1.671689,0.000818,1.672507,"[[3990,4007,4016,4025],[4030,3986,3988,3993,4000,4017,4019,4021,4026],[3987,4001,4012,4029],[3997,3994,4009],[4023,3981,4002,4013,4018,4031,4034,4038],[594,4011],[3998],[3983],[3985],[3989],[3991],[3992],[3995],[3996],[3999],[4003],[4004],[4005],[4006],[4014],[4020],[4027],[4028],[4032],[4033],[4036],[4037],[3982]]","[[3998,3981,3994,3997,4002,4009,4018,4023],[4030,3986,3988,4000,4003,4017,4020,4021,4026],[3982,4014],[4031,4038],[3993,4004],[3985,3995],[594],[3983],[3987],[3989],[3990],[3991],[3992],[3996],[3999],[4001],[4005],[4006],[4007],[4011],[4012],[4013],[4016],[4019],[4025],[4027],[4028],[4029],[4032],[4033],[4034],[4036],[4037]]"
3980,52,28,85,117.44,75.0,68.5,0.25,68,81.73,58.0,47.5,True,52,18,8,5,0.000157,True,7.342016808376022,13.0,2,28,0.4,0.4,2,inf,1.127775,0.000624,1.128399,True,52,14,8,5,0.000176,True,5.117115682068195,9.0,35,36,0.4,0.4,2,inf,1.143814,0.000508,1.144322,"[[3990,4007,4016,4025],[4030,3986,3988,3993,4000,4017,4019,4021,4026],[3987,4001,4012,4029],[3997,3994,4009],[4023,3981,4002,4013,4018,4031,4034,4038],[594,4011],[3998],[3983],[3985],[3989],[3991],[3992],[3995],[3996],[3999],[4003],[4004],[4005],[4006],[4014],[4020],[4027],[4028],[4032],[4033],[4036],[4037],[3982]]","[[4030,3982,3986,3988,3993,4000,4017,4019,4021,4026],[3994,3997,4009],[4014,3998,4037],[4023,3981,4034,4038],[594],[3983],[3985],[3987],[3989],[3990],[3991],[3992],[3995],[3996],[3999],[4001],[4002],[4003],[4004],[4005],[4006],[4007],[4011],[4012],[4013],[4016],[4018],[4020],[4025],[4027],[4028],[4029],[4031],[4032],[4033],[4036]]"
3980,52,29,85,117.44,75.0,68.5,0.25,73,88.94,58.0,52.5,True,52,18,8,5,0.000157,True,7.342016808376022,13.0,2,28,0.4,0.4,2,inf,1.127775,0.000624,1.128399,True,52,15,8,5,0.000169,True,5.70082524199306,9.0,51,34,0.4,0.4,2,inf,1.364092,0.000748,1.36484,"[[3990,4007,4016,4025],[4030,3986,3988,3993,4000,4017,4019,4021,4026],[3987,4001,4012,4029],[3997,3994,4009],[4023,3981,4002,4013,4018,4031,4034,4038],[594,4011],[3998],[3983],[3985],[3989],[3991],[3992],[3995],[3996],[3999],[4003],[4004],[4005],[4006],[4014],[4020],[4027],[4028],[4032],[4033],[4036],[4037],[3982]]","[[4030,3982,3986,3988,4000,4003,4020,4021,4026],[4023,3981,3994,3995,3998,4013,4018,4038],[4009,3997,4019],[4031,4004],[594],[3983],[3985],[3987],[3989],[3990],[3991],[3992],[3993],[3996],[3999],[4001],[4002],[4005],[4006],[4007],[4011],[4012],[4014],[4016],[4017],[4025],[4027],[4028],[4029],[4032],[4033],[4034],[4036],[4037]]"
3980,52,30,85,117.44,75.0,68.5,0.25,67,82.75,58.0,50.5,True,52,18,8,5,0.000157,True,7.342016808376022,13.0,2,28,0.4,0.4,2,inf,1.127775,0.000624,1.128399,True,52,14,8,5,0.000146,True,5.070105236560556,9.0,17,33,0.4,0.4,2,inf,1.984721,0.000891,1.985612,"[[3990,4007,4016,4025],[4030,3986,3988,3993,4000,4017,4019,4021,4026],[3987,4001,4012,4029],[3997,3994,4009],[4023,3981,4002,4013,4018,4031,4034,4038],[594,4011],[3998],[3983],[3985],[3989],[3991],[3992],[3995],[3996],[3999],[4003],[4004],[4005],[4006],[4014],[4020],[4027],[4028],[4032],[4033],[4036],[4037],[3982]]","[[4030,3982,3988,3993,4003,4009,4014,4017,4019,4021,4026],[4023,3981,4002,4018],[4038,4004,4013,4020,4031],[3994,3997],[3999,3998],[594],[3983],[3985],[3986],[3987],[3989],[3990],[3991],[3992],[3995],[3996],[4000],[4001],[4005],[4006],[4007],[4011],[4012],[4016],[4025],[4027],[4028],[4029],[4032],[4033],[4034],[4036],[4037]]"
3980,52,1,85,117.44,75.0,68.5,0.4,48,57,37.0,33.4375,True,52,18,8,5,0.000157,True,7.342016808376022,13.0,2,28,0.4,0.4,2,inf,1.127775,0.000624,1.128399,True,52,11,8,5,0.000135,True,3.795320654308447,7.0,13,35,0.4,0.4,2,inf,1.062408,0.000425,1.062833,"[[3990,4007,4016,4025],[4030,3986,3988,3993,4000,4017,4019,4021,4026],[3987,4001,4012,4029],[3997,3994,4009],[4023,3981,4002,4013,4018,4031,4034,4038],[594,4011],[3998],[3983],[3985],[3989],[3991],[3992],[3995],[3996],[3999],[4003],[4004],[4005],[4006],[4014],[4020],[4027],[4028],[4032],[4033],[4036],[4037],[3982]]","[[4030,3986,3993,3994,4000,4009,4017,4018,4019],[4023,4002,4003,4031,4034],[3997,3982,3998],[4004,3995,4013,4038],[594],[3983],[3985],[3987],[3988],[3989],[3990],[3991],[3992],[3996],[3999],[4001],[4005],[4006],[4007],[4011],[4012],[4014],[4016],[4020],[4025],[4026],[4027],[4028],[4029],[4032],[4033],[4036],[4037],[4021],[3981]]"
3980,52,2,85,117.44,75.0,68.5,0.4,55,66.24,37.0,39.5,True,52,18,8,5,0.000157,True,7.342016808376022,13.0,2,28,0.4,0.4,2,inf,1.127775,0.000624,1.128399,True,52,13,8,5,0.000148,True,4.540273337462252,8.0,33,37,0.4,0.4,2,inf,1.486863,0.000714,1.487577,"[[3990,4007,4016,4025],[4030,3986,3988,3993,4000,4017,4019,4021,4026],[3987,4001,4012,4029],[3997,3994,4009],[4023,3981,4002,4013,4018,4031,4034,4038],[594,4011],[3998],[3983],[3985],[3989],[3991],[3992],[3995],[3996],[3999],[4003],[4004],[4005],[4006],[4014],[4020],[4027],[4028],[4032],[4033],[4036],[4037],[3982]]","[[4023,3981,3994,3997,4003,4009,4013,4031,4034,4038],[4026,3982,3986,4000,4014,4021,4030],[594],[3983],[3985],[3987],[3988],[3989],[3990],[3991],[3992],[3993],[3995],[3996],[3998],[3999],[4001],[4002],[4004],[4005],[4006],[4007],[4011],[4012],[4016],[4017],[4018],[4019],[4020],[4025],[4027],[4028],[4029],[4032],[4033],[4036],[4037]]"
3980,52,3,85,117.44,75.0,68.5,0.4,49,59.7,37.0,33.25,True,52,18,8,5,0.000157,True,7.342016808376022,13.0,2,28,0.4,0.4,2,inf,1.127775,0.000624,1.128399,True,52,12,8,5,0.000128,True,4.251137483290773,9.0,1,31,0.4,0.4,2,inf,1.539884,0.00064,1.540524,"[[3990,4007,4016,4025],[4030,3986,3988,3993,4000,4017,4019,4021,4026],[3987,4001,4012,4029],[3997,3994,4009],[4023,3981,4002,4013,4018,4031,4034,4038],[594,4011],[3998],[3983],[3985],[3989],[3991],[3992],[3995],[3996],[3999],[4003],[4004],[4005],[4006],[4014],[4020],[4027],[4028],[4032],[4033],[4036],[4037],[3982]]","[[4023,3981,3982,3995,3998,4002,4003,4004,4013,4031,4034],[4030,3988,3993,4000,4009,4017,4021,4026],[4014,3985,3986,4037,4038],[594],[3983],[3987],[3989],[3990],[3991],[3992],[3994],[3996],[3997],[3999],[4001],[4005],[4006],[4007],[4011],[4012],[4016],[4018],[4019],[4020],[4025],[4027],[4028],[4029],[4032],[4033],[4036]]"
3980,52,4,85,117.44,75.0,68.5,0.4,49,62.31,37.0,35.857142857143,True,52,18,8,5,0.000157,True,7.342016808376022,13.0,2,28,0.4,0.4,2,inf,1.127775,0.000624,1.128399,True,52,12,8,5,0.000124,True,4.000037114246524,9.0,44,36,0.4,0.4,2,inf,1.398481,0.0007,1.399181,"[[3990,4007,4016,4025],[4030,3986,3988,3993,4000,4017,4019,4021,4026],[3987,4001,4012,4029],[3997,3994,4009],[4023,3981,4002,4013,4018,4031,4034,4038],[594,4011],[3998],[3983],[3985],[3989],[3991],[3992],[3995],[3996],[3999],[4003],[4004],[4005],[4006],[4014],[4020],[4027],[4028],[4032],[4033],[4036],[4037],[3982]]","[[4023,3981,4002,4003,4009,4014,4018,4038],[4000,4026,4033],[3994,3997],[4004,4020],[4013,4031],[4017,3986,4021],[3988,3995],[3982,3998],[594],[3983],[3985],[3987],[3989],[3990],[3991],[3992],[3993],[3996],[3999],[4001],[4005],[4006],[4007],[4011],[4012],[4016],[4019],[4025],[4027],[4028],[4029],[4030],[4032],[4034],[4036],[4037]]"
3980,52,5,85,117.44,75.0,68.5,0.4,51,62.22,37.0,36.0,True,52,18,8,5,0.000157,True,7.342016808376022,13.0,2,28,0.4,0.4,2,inf,1.127775,0.000624,1.128399,True,52,12,8,5,0.000128,True,3.6958974654678087,6.0,31,30,0.4,0.4,2,inf,1.209522,0.000604,1.210126,"[[3990,4007,4016,4025],[4030,3986,3988,3993,4000,4017,4019,4021,4026],[3987,4001,4012,4029],[3997,3994,4009],[4023,3981,4002,4013,4018,4031,4034,4038],[594,4011],[3998],[3983],[3985],[3989],[3991],[3992],[3995],[3996],[3999],[4003],[4004],[4005],[4006],[4014],[4020],[4027],[4028],[4032],[4033],[4036],[4037],[3982]]","[[3982,3981,3994,3997,3998,4003,4009,4014,4018,4019,4023,4030],[4038,3993,4004,4020,4031],[4000,3992,3995,4026],[3986,4017,4021],[4013,4027],[3996,4002],[594],[3983],[3985],[3987],[3988],[3989],[3990],[3991],[3999],[4001],[4005],[4006],[4007],[4011],[4012],[4016],[4025],[4028],[4029],[4032],[4033],[4034],[4036],[4037]]"
3980,52,6,85,117.44,75.0,68.5,0.4,48,60.09,37.0,35.5,True,52,18,8,5,0.000157,True,7.342016808376022,13.0,2,28,0.4,0.4,2,inf,1.127775,0.000624,1.128399,True,52,11,8,5,0.000124,True,3.987909437888115,8.0,2,39,0.4,0.4,2,inf,1.064053,0.000431,1.064484,"[[3990,4007,4016,4025],[4030,3986,3988,3993,4000,4017,4019,4021,4026],[3987,4001,4012,4029],[3997,3994,4009],[4023,3981,4002,4013,4018,4031,4034,4038],[594,4011],[3998],[3983],[3985],[3989],[3991],[3992],[3995],[3996],[3999],[4003],[4004],[4005],[4006],[4014],[4020],[4027],[4028],[4032],[4033],[4036],[4037],[3982]]","[[4023,3995,4002,4003,4004,4009,4013],[4030,3997,4014,4019,4021,4026],[3994,4018],[3982,3998],[594],[3981],[3983],[3985],[3986],[3987],[3988],[3989],[3990],[3991],[3992],[3993],[3996],[3999],[4000],[4001],[4005],[4006],[4007],[4011],[4012],[4016],[4017],[4020],[4025],[4027],[4028],[4029],[4031],[4032],[4033],[4034],[4036],[4037],[4038]]"
3980,52,7,85,117.44,75.0,68.5,0.4,54,68.11,37.0,41.0,True,52,18,8,5,0.000157,True,7.342016808376022,13.0,2,28,0.4,0.4,2,inf,1.127775,0.000624,1.128399,True,52,13,8,5,0.000129,True,4.4019604986413325,7.0,2,37,0.4,0.4,2,inf,1.013428,0.000366,1.013794,"[[3990,4007,4016,4025],[4030,3986,3988,3993,4000,4017,4019,4021,4026],[3987,4001,4012,4029],[3997,3994,4009],[4023,3981,4002,4013,4018,4031,4034,4038],[594,4011],[3998],[3983],[3985],[3989],[3991],[3992],[3995],[3996],[3999],[4003],[4004],[4005],[4006],[4014],[4020],[4027],[4028],[4032],[4033],[4036],[4037],[3982]]","[[4030,3986,3988,3993,4000,4003,4017,4018,4026],[3998,3981,3994,4014,4023],[3982,4021],[3985,3995],[4004,4020],[594],[3983],[3987],[3989],[3990],[3991],[3992],[3996],[3997],[3999],[4001],[4002],[4005],[4006],[4007],[4009],[4011],[4012],[4013],[4016],[4019],[4025],[4027],[4028],[4029],[4031],[4032],[4033],[4034],[4036],[4037],[4038]]"
3980,52,8,85,117.44,75.0,68.5,0.4,50,62.01,37.0,35.875,True,52,18,8,5,0.000157,True,7.342016808376022,13.0,2,28,0.4,0.4,2,inf,1.127775,0.000624,1.128399,True,52,13,8,5,0.000175,True,4.035717459098857,8.0,2,37,0.4,0.4,2,inf,1.024004,0.000368,1.024372,"[[3990,4007,4016,4025],[4030,3986,3988,3993,4000,4017,4019,4021,4026],[3987,4001,4012,4029],[3997,3994,4009],[4023,3981,4002,4013,4018,4031,4034,4038],[594,4011],[3998],[3983],[3985],[3989],[3991],[3992],[3995],[3996],[3999],[4003],[4004],[4005],[4006],[4014],[4020],[4027],[4028],[4032],[4033],[4036],[4037],[3982]]","[[4030,3986,3988,3997,4000,4009,4014,4019,4021,4026],[3995,3993,4023],[3998,4005],[4004,3985,4013,4031],[594],[3981],[3982],[3983],[3987],[3989],[3990],[3991],[3992],[3994],[3996],[3999],[4001],[4002],[4003],[4006],[4007],[4011],[4012],[4016],[4017],[4018],[4020],[4025],[4027],[4028],[4029],[4032],[4033],[4034],[4036],[4037],[4038]]"
3980,52,9,85,117.44,75.0,68.5,0.4,53,63.9,37.0,37.5,True,52,18,8,5,0.000157,True,7.342016808376022,13.0,2,28,0.4,0.4,2,inf,1.127775,0.000624,1.128399,True,52,11,8,5,0.000134,True,4.19935130554649,8.0,44,34,0.4,0.4,2,inf,0.991189,0.000361,0.99155,"[[3990,4007,4016,4025],[4030,3986,3988,3993,4000,4017,4019,4021,4026],[3987,4001,4012,4029],[3997,3994,4009],[4023,3981,4002,4013,4018,4031,4034,4038],[594,4011],[3998],[3983],[3985],[3989],[3991],[3992],[3995],[3996],[3999],[4003],[4004],[4005],[4006],[4014],[4020],[4027],[4028],[4032],[4033],[4036],[4037],[3982]]","[[4023,3981,3994,3997,3998,4002,4009,4019,4031],[4014,3982,3985,3986,4017,4037,4038],[4021,3988,4000,4026],[4030,3993],[594],[3983],[3987],[3989],[3990],[3991],[3992],[3995],[3996],[3999],[4001],[4003],[4004],[4005],[4006],[4007],[4011],[4012],[4013],[4016],[4018],[4020],[4025],[4027],[4028],[4029],[4032],[4033],[4034],[4036]]"
3980,52,10,85,117.44,75.0,68.5,0.4,45,55.76,37.0,34.25,True,52,18,8,5,0.000157,True,7.342016808376022,13.0,2,28,0.4,0.4,2,inf,1.127775,0.000624,1.128399,True,52,11,8,5,0.00016,True,3.8030890597214846,6.0,16,34,0.4,0.4,2,inf,1.025575,0.000366,1.025941,"[[3990,4007,4016,4025],[4030,3986,3988,3993,4000,4017,4019,4021,4026],[3987,4001,4012,4029],[3997,3994,4009],[4023,3981,4002,4013,4018,4031,4034,4038],[594,4011],[3998],[3983],[3985],[3989],[3991],[3992],[3995],[3996],[3999],[4003],[4004],[4005],[4006],[4014],[4020],[4027],[4028],[4032],[4033],[4036],[4037],[3982]]","[[4030,3982,3986,3988,3997,4017,4019,4021,4026],[3998,3981,3994,4002,4014,4018],[4038,4004,4013],[3985,3995],[4023,4034],[4011,4031],[594],[3983],[3987],[3989],[3990],[3991],[3992],[3993],[3996],[3999],[4000],[4001],[4003],[4005],[4006],[4007],[4009],[4012],[4016],[4020],[4025],[4027],[4028],[4029],[4032],[4033],[4036],[4037]]"
3980,52,11,85,117.44,75.0,68.5,0.4,44,57.86,37.0,32.5,True,52,18,8,5,0.000157,True,7.342016808376022,13.0,2,28,0.4,0.4,2,inf,1.127775,0.000624,1.128399,True,52,12,8,5,0.000129,True,3.856690814732637,7.0,2,38,0.4,0.4,2,inf,1.093943,0.000372,1.094315,"[[3990,4007,4016,4025],[4030,3986,3988,3993,4000,4017,4019,4021,4026],[3987,4001,4012,4029],[3997,3994,4009],[4023,3981,4002,4013,4018,4031,4034,4038],[594,4011],[3998],[3983],[3985],[3989],[3991],[3992],[3995],[3996],[3999],[4003],[4004],[4005],[4006],[4014],[4020],[4027],[4028],[4032],[4033],[4036],[4037],[3982]]","[[4023,3982,3994,4003,4013,4018,4034],[4009,3997,4030],[4004,4031,4038],[3988,3995],[3998,4002],[3986,4017],[4019,4026],[594],[3981],[3983],[3985],[3987],[3989],[3990],[3991],[3992],[3993],[3996],[3999],[4000],[4001],[4005],[4006],[4007],[4011],[4012],[4014],[4016],[4020],[4021],[4025],[4027],[4028],[4029],[4032],[4033],[4036],[4037]]"
3980,52,12,85,117.44,75.0,68.5,0.4,47,61.53,37.0,35.5,True,52,18,8,5,0.000157,True,7.342016808376022,13.0,2,28,0.4,0.4,2,inf,1.127775,0.000624,1.128399,True,52,12,8,5,0.000129,True,4.4258352826133285,8.0,4,32,0.4,0.4,2,inf,1.047715,0.000369,1.048084,"[[3990,4007,4016,4025],[4030,3986,3988,3993,4000,4017,4019,4021,4026],[3987,4001,4012,4029],[3997,3994,4009],[4023,3981,4002,4013,4018,4031,4034,4038],[594,4011],[3998],[3983],[3985],[3989],[3991],[3992],[3995],[3996],[3999],[4003],[4004],[4005],[4006],[4014],[4020],[4027],[4028],[4032],[4033],[4036],[4037],[3982]]","[[4023,3981,3997,4009,4018,4031,4034,4038],[4014,3982,3985,3986,4017,4021,4026,4037],[4030,3988,3993,4000,4003,4019],[4004,4013],[594],[3983],[3987],[3989],[3990],[3991],[3992],[3994],[3995],[3996],[3998],[3999],[4001],[4002],[4005],[4006],[4007],[4011],[4012],[4016],[4020],[4025],[4027],[4028],[4029],[4032],[4033],[4036]]"
3980,52,13,85,117.44,75.0,68.5,0.4,44,59.33,37.0,33.5,True,52,18,8,5,0.000157,True,7.342016808376022,13.0,2,28,0.4,0.4,2,inf,1.127775,0.000624,1.128399,True,52,10,8,5,0.000134,True,3.70028163567023,8.0,31,32,0.4,0.4,2,inf,1.104954,0.000551,1.105505,"[[3990,4007,4016,4025],[4030,3986,3988,3993,4000,4017,4019,4021,4026],[3987,4001,4012,4029],[3997,3994,4009],[4023,3981,4002,4013,4018,4031,4034,4038],[594,4011],[3998],[3983],[3985],[3989],[3991],[3992],[3995],[3996],[3999],[4003],[4004],[4005],[4006],[4014],[4020],[4027],[4028],[4032],[4033],[4036],[4037],[3982]]","[[4030,3986,3993,4000,4004,4014,4021],[3998,3981,3994,4002,4009,4023],[4038,3989,4013,4020],[3985,3995,4037],[4031,3991,4011],[3990,4025],[3982,3997],[4019],[594],[3983],[3987],[3988],[3992],[3996],[3999],[4001],[4003],[4005],[4006],[4007],[4012],[4016],[4017],[4018],[4026],[4027],[4028],[4029],[4032],[4033],[4034],[4036]]"
3980,52,14,85,117.44,75.0,68.5,0.4,50,62.35,37.0,36.49999999999977,True,52,18,8,5,0.000157,True,7.342016808376022,13.0,2,28,0.4,0.4,2,inf,1.127775,0.000624,1.128399,True,52,15,8,5,0.000136,True,4.4363064817881845,8.0,51,36,0.4,0.4,2,inf,1.277662,0.00038,1.278042,"[[3990,4007,4016,4025],[4030,3986,3988,3993,4000,4017,4019,4021,4026],[3987,4001,4012,4029],[3997,3994,4009],[4023,3981,4002,4013,4018,4031,4034,4038],[594,4011],[3998],[3983],[3985],[3989],[3991],[3992],[3995],[3996],[3999],[4003],[4004],[4005],[4006],[4014],[4020],[4027],[4028],[4032],[4033],[4036],[4037],[3982]]","[[4023,3981,3994,3997,3998,4002,4004,4009,4013,4018,4030,4034,4038],[3982,4014,4021,4026],[4031,4020],[594],[3983],[3985],[3986],[3987],[3988],[3989],[3990],[3991],[3992],[3993],[3995],[3996],[3999],[4000],[4001],[4003],[4005],[4006],[4007],[4011],[4012],[4016],[4017],[4019],[4025],[4027],[4028],[4029],[4032],[4033],[4036],[4037]]"
3980,52,15,85,117.44,75.0,68.5,0.4,48,59.2,37.0,36.5,True,52,18,8,5,0.000157,True,7.342016808376022,13.0,2,28,0.4,0.4,2,inf,1.127775,0.000624,1.128399,True,52,9,8,5,0.000133,True,3.4973660138562965,7.0,17,39,0.4,0.4,2,inf,1.049157,0.00037,1.049527,"[[3990,4007,4016,4025],[4030,3986,3988,3993,4000,4017,4019,4021,4026],[3987,4001,4012,4029],[3997,3994,4009],[4023,3981,4002,4013,4018,4031,4034,4038],[594,4011],[3998],[3983],[3985],[3989],[3991],[3992],[3995],[3996],[3999],[4003],[4004],[4005],[4006],[4014],[4020],[4027],[4028],[4032],[4033],[4036],[4037],[3982]]","[[4031,594,4004,4011,4013,4020,4023],[3982,3988,3997,4009],[4038,4014,4027],[3985,3995],[3986,4017],[3981],[3983],[3987],[3989],[3990],[3991],[3992],[3993],[3994],[3996],[3998],[3999],[4000],[4001],[4002],[4003],[4005],[4006],[4007],[4012],[4016],[4018],[4019],[4021],[4025],[4026],[4028],[4029],[4030],[4032],[4033],[4034],[4036],[4037]]"
3980,52,16,85,117.44,75.0,68.5,0.4,59,70.95,37.0,40.625,True,52,18,8,5,0.000157,True,7.342016808376022,13.0,2,28,0.4,0.4,2,inf,1.127775,0.000624,1.128399,True,52,13,8,5,0.000221,True,4.312597344340029,8.0,12,31,0.4,0.4,2,inf,1.115772,0.000672,1.116444,"[[3990,4007,4016,4025],[4030,3986,3988,3993,4000,4017,4019,4021,4026],[3987,4001,4012,4029],[3997,3994,4009],[4023,3981,4002,4013,4018,4031,4034,4038],[594,4011],[3998],[3983],[3985],[3989],[3991],[3992],[3995],[3996],[3999],[4003],[4004],[4005],[4006],[4014],[4020],[4027],[4028],[4032],[4033],[4036],[4037],[3982]]","[[4030,3982,3986,3993,3994,3997,4000,4003,4019,4020,4021,4026],[4023,3981,4002,4009,4013,4018,4034],[4031,4004,4038],[4014,3985,3995],[594],[3983],[3987],[3989],[3990],[3991],[3992],[3996],[3998],[3999],[4001],[4005],[4006],[4007],[4011],[4012],[4016],[4025],[4027],[4028],[4029],[4032],[4033],[4036],[4037],[3988],[4017]]"
3980,52,17,85,117.44,75.0,68.5,0.4,56,66.48,37.0,38.5,True,52,18,8,5,0.000157,True,7.342016808376022,13.0,2,28,0.4,0.4,2,inf,1.127775,0.000624,1.128399,True,52,11,8,5,0.000137,True,4.003074757359307,8.0,14,31,0.4,0.4,2,inf,1.292396,0.000656,1.293052,"[[3990,4007,4016,4025],[4030,3986,3988,3993,4000,4017,4019,4021,4026],[3987,4001,4012,4029],[3997,3994,4009],[4023,3981,4002,4013,4018,4031,4034,4038],[594,4011],[3998],[3983],[3985],[3989],[3991],[3992],[3995],[3996],[3999],[4003],[4004],[4005],[4006],[4014],[4020],[4027],[4028],[4032],[4033],[4036],[4037],[3982]]","[[3982,3986,3988,4014,4017,4021,4026,4030],[4023,3981,3995,3997,4003,4009,4018,4034,4038],[4031,3991,4011],[3998,3994,4019],[4004,4013],[3992,4000],[594],[3983],[3985],[3987],[3989],[3990],[3993],[3996],[3999],[4001],[4002],[4005],[4006],[4007],[4012],[4016],[4020],[4025],[4027],[4028],[4029],[4032],[4033],[4036],[4037]]"
3980,52,18,85,117.44,75.0,68.5,0.4,57,71.84,37.0,41.0,True,52,18,8,5,0.000157,True,7.342016808376022,13.0,2,28,0.4,0.4,2,inf,1.127775,0.000624,1.128399,True,52,13,8,5,0.000129,True,4.084718686680793,7.0,37,30,0.4,0.4,2,inf,1.516778,0.000615,1.517393,"[[3990,4007,4016,4025],[4030,3986,3988,3993,4000,4017,4019,4021,4026],[3987,4001,4012,4029],[3997,3994,4009],[4023,3981,4002,4013,4018,4031,4034,4038],[594,4011],[3998],[3983],[3985],[3989],[3991],[3992],[3995],[3996],[3999],[4003],[4004],[4005],[4006],[4014],[4020],[4027],[4028],[4032],[4033],[4036],[4037],[3982]]","[[4030,3982,3986,3988,3997,4003,4009,4017,4019,4026],[4031,4002,4004,4013,4023,4027,4034,4038],[3998,3981,3999,4018],[3985,3995],[594,3989],[4014,4037],[4021],[3983],[3987],[3990],[3991],[3992],[3993],[3994],[3996],[4000],[4001],[4005],[4006],[4007],[4011],[4012],[4016],[4020],[4025],[4028],[4029],[4032],[4033],[4036]]"
3980,52,19,85,117.44,75.0,68.5,0.4,48,55.61,37.0,31.375,True,52,18,8,5,0.000157,True,7.342016808376022,13.0,2,28,0.4,0.4,2,inf,1.127775,0.000624,1.128399,True,52,10,8,5,0.000125,True,3.27107438056414,5.0,2,31,0.4,0.4,2,inf,1.331931,0.000633,1.332564,"[[3990,4007,4016,4025],[4030,3986,3988,3993,4000,4017,4019,4021,4026],[3987,4001,4012,4029],[3997,3994,4009],[4023,3981,4002,4013,4018,4031,4034,4038],[594,4011],[3998],[3983],[3985],[3989],[3991],[3992],[3995],[3996],[3999],[4003],[4004],[4005],[4006],[4014],[4020],[4027],[4028],[4032],[4033],[4036],[4037],[3982]]","[[4023,3982,3994,3997,3998,4002,4009,4018,4037],[4014,3985,3986,3995,4017,4021],[4004,4013,4020,4038],[3989,3991,4011],[4027,4031],[3981,4019],[4026,4030],[594],[3983],[3987],[3988],[3990],[3992],[3993],[3996],[3999],[4000],[4001],[4003],[4005],[4006],[4007],[4012],[4016],[4025],[4028],[4029],[4032],[4033],[4034],[4036]]"
3980,52,20,85,117.44,75.0,68.5,0.4,52,63.08,37.0,37.5,True,52,18,8,5,0.000157,True,7.342016808376022,13.0,2,28,0.4,0.4,2,inf,1.127775,0.000624,1.128399,True,52,12,8,5,0.000126,True,4.3005620769944475,9.0,37,33,0.4,0.4,2,inf,1.087752,0.000421,1.088173,"[[3990,4007,4016,4025],[4030,3986,3988,3993,4000,4017,4019,4021,4026],[3987,4001,4012,4029],[3997,3994,4009],[4023,3981,4002,4013,4018,4031,4034,4038],[594,4011],[3998],[3983],[3985],[3989],[3991],[3992],[3995],[3996],[3999],[4003],[4004],[4005],[4006],[4014],[4020],[4027],[4028],[4032],[4033],[4036],[4037],[3982]]","[[4023,3981,3994,3998,4002,4009,4018,4034,4038],[4030,3988,3993,4000,4003,4019,4021,4026],[4014,3982,3986],[4031,4020,4027],[594],[3983],[3985],[3987],[3989],[3990],[3991],[3992],[3995],[3996],[3997],[3999],[4001],[4004],[4005],[4006],[4007],[4011],[4012],[4013],[4016],[4017],[4025],[4028],[4029],[4032],[4033],[4036],[4037]]"
3980,52,21,85,117.44,75.0,68.5,0.4,44,52.67,37.0,31.75,True,52,18,8,5,0.000157,True,7.342016808376022,13.0,2,28,0.4,0.4,2,inf,1.127775,0.000624,1.128399,True,52,10,8,5,0.000129,True,3.465882015651371,6.0,27,34,0.4,0.4,2,inf,1.028016,0.000361,1.028377,"[[3990,4007,4016,4025],[4030,3986,3988,3993,4000,4017,4019,4021,4026],[3987,4001,4012,4029],[3997,3994,4009],[4023,3981,4002,4013,4018,4031,4034,4038],[594,4011],[3998],[3983],[3985],[3989],[3991],[3992],[3995],[3996],[3999],[4003],[4004],[4005],[4006],[4014],[4020],[4027],[4028],[4032],[4033],[4036],[4037],[3982]]","[[4030,3982,3986,3997,4009,4017,4021,4026],[4023,3981,3995,4003,4013,4014,4018,4038],[3998,4002,4005,4019],[4020,4037],[3994],[594],[3983],[3985],[3987],[3988],[3989],[3990],[3991],[3992],[3993],[3996],[3999],[4000],[4001],[4004],[4006],[4007],[4011],[4012],[4016],[4025],[4027],[4028],[4029],[4031],[4032],[4033],[4034],[4036]]"
3980,52,22,85,117.44,75.0,68.5,0.4,52,63.03,37.0,36.33333333333337,True,52,18,8,5,0.000157,True,7.342016808376022,13.0,2,28,0.4,0.4,2,inf,1.127775,0.000624,1.128399,True,52,11,8,5,0.000144,True,3.9731905208867633,9.0,44,32,0.4,0.4,2,inf,1.064833,0.000394,1.065227,"[[3990,4007,4016,4025],[4030,3986,3988,3993,4000,4017,4019,4021,4026],[3987,4001,4012,4029],[3997,3994,4009],[4023,3981,4002,4013,4018,4031,4034,4038],[594,4011],[3998],[3983],[3985],[3989],[3991],[3992],[3995],[3996],[3999],[4003],[4004],[4005],[4006],[4014],[4020],[4027],[4028],[4032],[4033],[4036],[4037],[3982]]","[[4023,3981,3994,3997,3998,4009,4018],[4031,594,3991,4002,4011,4013,4027],[4021,3986,4000,4017],[3982,3988,4003],[4004,3993,4030],[4019,4026],[3983],[3985],[3987],[3989],[3990],[3992],[3995],[3996],[3999],[4001],[4005],[4006],[4007],[4012],[4014],[4016],[4020],[4025],[4028],[4029],[4032],[4033],[4034],[4036],[4037],[4038]]"
3980,52,23,85,117.44,75.0,68.5,0.4,54,66.89,37.0,37.5,True,52,18,8,5,0.000157,True,7.342016808376022,13.0,2,28,0.4,0.4,2,inf,1.127775,0.000624,1.128399,True,52,15,8,5,0.000124,True,4.280583083227506,9.0,38,40,0.4,0.4,2,inf,1.958212,0.000792,1.959004,"[[3990,4007,4016,4025],[4030,3986,3988,3993,4000,4017,4019,4021,4026],[3987,4001,4012,4029],[3997,3994,4009],[4023,3981,4002,4013,4018,4031,4034,4038],[594,4011],[3998],[3983],[3985],[3989],[3991],[3992],[3995],[3996],[3999],[4003],[4004],[4005],[4006],[4014],[4020],[4027],[4028],[4032],[4033],[4036],[4037],[3982]]","[[4030,3982,3994,3997,4000,4003,4009,4017,4018,4021,4026],[3988,3993],[4014,3986],[4023],[594],[3981],[3983],[3985],[3987],[3989],[3990],[3991],[3992],[3995],[3996],[3998],[3999],[4001],[4002],[4004],[4005],[4006],[4007],[4011],[4012],[4013],[4016],[4019],[4020],[4025],[4027],[4028],[4029],[4031],[4032],[4033],[4034],[4036],[4037],[4038]]"
3980,52,24,85,117.44,75.0,68.5,0.4,54,64.75,37.0,38.083333333333485,True,52,18,8,5,0.000157,True,7.342016808376022,13.0,2,28,0.4,0.4,2,inf,1.127775,0.000624,1.128399,True,52,10,8,5,0.000126,True,3.696412701180234,7.0,17,34,0.4,0.4,2,inf,1.966237,0.000682,1.966919,"[[3990,4007,4016,4025],[4030,3986,3988,3993,4000,4017,4019,4021,4026],[3987,4001,4012,4029],[3997,3994,4009],[4023,3981,4002,4013,4018,4031,4034,4038],[594,4011],[3998],[3983],[3985],[3989],[3991],[3992],[3995],[3996],[3999],[4003],[4004],[4005],[4006],[4014],[4020],[4027],[4028],[4032],[4033],[4036],[4037],[3982]]","[[4023,4003,4004,4034,4038],[4009,3981,3994,3997],[4017,3983,3986,4000,4014,4030],[3999,3998,4005],[4002,4031],[3985,3993,3995],[4020,4027],[594],[3982],[3987],[3988],[3989],[3990],[3991],[3992],[3996],[4001],[4006],[4007],[4011],[4012],[4013],[4016],[4018],[4019],[4021],[4025],[4026],[4028],[4029],[4032],[4033],[4036],[4037]]"
3980,52,25,85,117.44,75.0,68.5,0.4,55,65.01,37.0,38.21428571428601,True,52,18,8,5,0.000157,True,7.342016808376022,13.0,2,28,0.4,0.4,2,inf,1.127775,0.000624,1.128399,True,52,12,8,5,0.000127,True,4.34648470576635,8.0,2,38,0.4,0.4,2,inf,1.154759,0.000612,1.155371,"[[3990,4007,4016,4025],[4030,3986,3988,3993,4000,4017,4019,4021,4026],[3987,4001,4012,4029],[3997,3994,4009],[4023,3981,4002,4013,4018,4031,4034,4038],[594,4011],[3998],[3983],[3985],[3989],[3991],[3992],[3995],[3996],[3999],[4003],[4004],[4005],[4006],[4014],[4020],[4027],[4028],[4032],[4033],[4036],[4037],[3982]]","[[4030,3986,3994,3997,4009,4017,4019,4026],[4023,4004,4013,4031,4034,4038],[4021,3988,4014],[594],[3981],[3982],[3983],[3985],[3987],[3989],[3990],[3991],[3992],[3993],[3995],[3996],[3998],[3999],[4000],[4001],[4002],[4003],[4005],[4006],[4007],[4011],[4012],[4016],[4018],[4020],[4025],[4027],[4028],[4029],[4032],[4033],[4036],[4037]]"
3980,52,26,85,117.44,75.0,68.5,0.4,51,63.75,37.0,37.499999999999886,True,52,18,8,5,0.000157,True,7.342016808376022,13.0,2,28,0.4,0.4,2,inf,1.127775,0.000624,1.128399,True,52,10,8,5,0.000122,True,3.3802606068513246,7.0,17,35,0.4,0.4,2,inf,1.142386,0.000622,1.143008,"[[3990,4007,4016,4025],[4030,3986,3988,3993,4000,4017,4019,4021,4026],[3987,4001,4012,4029],[3997,3994,4009],[4023,3981,4002,4013,4018,4031,4034,4038],[594,4011],[3998],[3983],[3985],[3989],[3991],[3992],[3995],[3996],[3999],[4003],[4004],[4005],[4006],[4014],[4020],[4027],[4028],[4032],[4033],[4036],[4037],[3982]]","[[4030,3993,3994,3997,4003,4004,4018,4019],[4031,3991,4013,4027,4038],[3998,4009,4023],[3985,3988,3995],[4000,3992,4033],[594],[3981],[3982],[3983],[3986],[3987],[3989],[3990],[3996],[3999],[4001],[4002],[4005],[4006],[4007],[4011],[4012],[4014],[4016],[4017],[4020],[4021],[4025],[4026],[4028],[4029],[4032],[4034],[4036],[4037]]"
3980,52,27,85,117.44,75.0,68.5,0.4,46,57.91,37.0,34.5,True,52,18,8,5,0.000157,True,7.342016808376022,13.0,2,28,0.4,0.4,2,inf,1.127775,0.000624,1.128399,True,52,12,8,5,0.000145,True,3.907632929772004,6.0,36,30,0.4,0.4,2,inf,1.223408,0.000604,1.224012,"[[3990,4007,4016,4025],[4030,3986,3988,3993,4000,4017,4019,4021,4026],[3987,4001,4012,4029],[3997,3994,4009],[4023,3981,4002,4013,4018,4031,4034,4038],[594,4011],[3998],[3983],[3985],[3989],[3991],[3992],[3995],[3996],[3999],[4003],[4004],[4005],[4006],[4014],[4020],[4027],[4028],[4032],[4033],[4036],[4037],[3982]]","[[4030,3982,3986,3988,3993,4017,4020,4021,4026],[3997,3981,3994,3998,4002,4009,4018,4019,4023,4034],[4031,3991,4004,4027,4038],[4014,4037],[594],[3983],[3985],[3987],[3989],[3990],[3992],[3995],[3996],[3999],[4000],[4001],[4003],[4005],[4006],[4007],[4011],[4012],[4013],[4016],[4025],[4028],[4029],[4032],[4033],[4036]]"
3980,52,28,85,117.44,75.0,68.5,0.4,47,58.13,37.0,35.0,True,52,18,8,5,0.000157,True,7.342016808376022,13.0,2,28,0.4,0.4,2,inf,1.127775,0.000624,1.128399,True,52,11,8,5,0.000145,True,3.987131590501992,6.0,17,33,0.4,0.4,2,inf,1.231737,0.000609,1.232346,"[[3990,4007,4016,4025],[4030,3986,3988,3993,4000,4017,4019,4021,4026],[3987,4001,4012,4029],[3997,3994,4009],[4023,3981,4002,4013,4018,4031,4034,4038],[594,4011],[3998],[3983],[3985],[3989],[3991],[3992],[3995],[3996],[3999],[4003],[4004],[4005],[4006],[4014],[4020],[4027],[4028],[4032],[4033],[4036],[4037],[3982]]","[[4030,3982,3986,3988,3993,4000,4014,4021,4026],[4023,3997,4009,4018,4031,4034,4038],[4004,3985,4013,4020],[3992,4017],[3981,3994],[594],[3983],[3987],[3989],[3990],[3991],[3995],[3996],[3998],[3999],[4001],[4002],[4003],[4005],[4006],[4007],[4011],[4012],[4016],[4019],[4025],[4027],[4028],[4029],[4032],[4033],[4036],[4037]]"
3980,52,29,85,117.44,75.0,68.5,0.4,59,69.19,37.0,41.0,True,52,18,8,5,0.000157,True,7.342016808376022,13.0,2,28,0.4,0.4,2,inf,1.127775,0.000624,1.128399,True,52,14,8,5,0.000131,True,4.480973215322163,7.0,23,31,0.4,0.4,2,inf,1.33453,0.000619,1.335149,"[[3990,4007,4016,4025],[4030,3986,3988,3993,4000,4017,4019,4021,4026],[3987,4001,4012,4029],[3997,3994,4009],[4023,3981,4002,4013,4018,4031,4034,4038],[594,4011],[3998],[3983],[3985],[3989],[3991],[3992],[3995],[3996],[3999],[4003],[4004],[4005],[4006],[4014],[4020],[4027],[4028],[4032],[4033],[4036],[4037],[3982]]","[[4030,3982,3988,3994,3997,4000,4003,4009,4021,4026],[4023,3981,3985,3995,4004,4018,4034],[4031,3991,4013],[4014,3986,3998,4037,4038],[3993],[4019],[594],[3983],[3987],[3989],[3990],[3992],[3996],[3999],[4001],[4002],[4005],[4006],[4007],[4011],[4012],[4016],[4017],[4020],[4025],[4027],[4028],[4029],[4032],[4033],[4036]]"
3980,52,30,85,117.44,75.0,68.5,0.4,49,58.48,37.0,36.41666666666663,True,52,18,8,5,0.000157,True,7.342016808376022,13.0,2,28,0.4,0.4,2,inf,1.127775,0.000624,1.128399,True,52,10,8,5,0.000149,True,3.5258213013658315,6.0,16,34,0.4,0.4,2,inf,1.429373,0.000835,1.430208,"[[3990,4007,4016,4025],[4030,3986,3988,3993,4000,4017,4019,4021,4026],[3987,4001,4012,4029],[3997,3994,4009],[4023,3981,4002,4013,4018,4031,4034,4038],[594,4011],[3998],[3983],[3985],[3989],[3991],[3992],[3995],[3996],[3999],[4003],[4004],[4005],[4006],[4014],[4020],[4027],[4028],[4032],[4033],[4036],[4037],[3982]]","[[3982,3986,3988,4003,4014,4017,4021,4026,4030],[3981,3994,3998,4002,4009,4018,4023],[4020,4027],[4038,4004,4013,4031],[594],[3983],[3985],[3987],[3989],[3990],[3991],[3992],[3993],[3995],[3996],[3999],[4000],[4001],[4005],[4006],[4007],[4011],[4012],[4016],[4019],[4025],[4028],[4029],[4032],[4033],[4034],[4036],[4037],[3997]]"
